{"1-SafeMath.bin": 0, "1-owned.bin": 1, "1-tokenRecipient.bin": 1, "1-Token.bin": 1, "1-MindsyncPlatform.bin": 1, "2-ERC20Basic.bin": 0, "2-SafeMath.bin": 0, "2-BasicToken.bin": 0, "2-ERC20.bin": 0, "2-StandardToken.bin": 0, "2-Ownable.bin": 0, "2-Pausable.bin": 0, "2-PausableToken.bin": 0, "2-IRegistry.bin": 0, "2-IBrickblockToken.bin": 0, "2-AccessToken.bin": 0, "3-Token.bin": 0, "3-SafeMath.bin": 0, "3-StandardToken.bin": 0, "3-GRO.bin": 0, "4-BariCoin.bin": 0, "4-Owned.bin": 0, "4-ERC20Interface.bin": 0, "4-IERC20.bin": 0, "4-SafeMath.bin": 0, "4-ERC20Detailed.bin": 1, "4-BIGBOMBv2.bin": 1, "5-SafeMath.bin": 0, "5-Ownable.bin": 0, "5-Pausable.bin": 0, "5-TokenRepository.bin": 0, "5-ERC223Receiver.bin": 0, "5-ERC223Interface.bin": 0, "5-ERC223Token.bin": 0, "5-NAi.bin": 0, "6-LibBytes.bin": 0, "6-ReentrancyGuard.bin": 0, "6-SafeMath.bin": 0, "6-LibConstants.bin": 0, "6-LibEIP712.bin": 0, "6-LibFillResults.bin": 0, "6-LibMath.bin": 0, "6-LibOrder.bin": 0, "6-LibAbiEncoder.bin": 0, "6-IOwnable.bin": 0, "6-IAuthorizable.bin": 0, "6-IAssetProxy.bin": 0, "6-IValidator.bin": 0, "6-IWallet.bin": 0, "6-IExchangeCore.bin": 0, "6-IAssetProxyDispatcher.bin": 0, "6-IMatchOrders.bin": 0, "6-ISignatureValidator.bin": 0, "6-ITransactions.bin": 0, "6-IWrapperFunctions.bin": 0, "6-IExchange.bin": 0, "6-MExchangeCore.bin": 0, "6-MAssetProxyDispatcher.bin": 0, "6-MMatchOrders.bin": 0, "6-MSignatureValidator.bin": 0, "6-MTransactions.bin": 0, "6-MWrapperFunctions.bin": 0, "6-Ownable.bin": 0, "6-MixinExchangeCore.bin": 0, "6-MixinSignatureValidator.bin": 0, "6-MixinWrapperFunctions.bin": 0, "6-MixinTransactions.bin": 0, "6-MixinAssetProxyDispatcher.bin": 0, "6-MixinMatchOrders.bin": 0, "6-Exchange.bin": 0, "7-Ownable.bin": 0, "7-Pausable.bin": 0, "7-IERC20.bin": 0, "7-SafeMath.bin": 0, "7-ERC20Detailed.bin": 1, "7-HYDROGEN.bin": 1, "8-SafeMath.bin": 0, "8-IERC20.bin": 0, "8-ERC20Detailed.bin": 1, "8-BIGBOMBv2.bin": 1, "9-ERC20Basic.bin": 0, "9-SafeERC20.bin": 0, "9-ERC20.bin": 0, "9-Rubixi.bin": 1, "10-SafeMath.bin": 0, "10-Ownable.bin": 0, "10-Helper.bin": 0, "10-LINIX.bin": 0, "11-SafeMath.bin": 0, "11-ItemsInterfaceForEternalStorage.bin": 0, "11-EternalStorage.bin": 0, "12-ERC20.bin": 0, "12-IERC20.bin": 0, "12-SafeMath.bin": 0, "12-ERC20Interface.bin": 1, "12-ApproveAndCallFallBack.bin": 1, "12-Owned.bin": 1, "12-ForTheBlockchain.bin": 1, "13-IERC20.bin": 0, "13-Roles.bin": 0, "13-MinterRole.bin": 0, "13-ERC20.bin": 0, "13-ERC20Mintable.bin": 0, "13-ERC20Capped.bin": 0, "13-SafeMath.bin": 0, "13-PauserRole.bin": 0, "13-Pausable.bin": 0, "13-ERC20Pausable.bin": 0, "13-ERC20Burnable.bin": 0, "13-ERC20Detailed.bin": 0, "13-MTB19.bin": 0, "14-HERC20.bin": 0, "14-SafeMath.bin": 0, "14-ERC20.bin": 0, "14-Ownable.bin": 0, "14-Pausable.bin": 0, "14-Blacklistable.bin": 0, "14-LakesCash.bin": 0, "15-SafeMath.bin": 0, "15-IERC20.bin": 0, "15-ERC20Pistachio.bin": 0, "15-ERC20Burnable.bin": 0, "15-Roles.bin": 0, "15-MinterRole.bin": 0, "15-ERC20Mintable.bin": 0, "15-PauserRole.bin": 0, "15-Pausable.bin": 0, "15-ERC20Chocolate.bin": 0, "16-StockBet.bin": 1, "17-IERC20.bin": 0, "17-SafeMath.bin": 0, "17-ERC20Detailed.bin": 1, "17-BIGBOMBv2.bin": 1, "18-Owned.bin": 1, "18-SafeMath.bin": 0, "18-Token.bin": 1, "18-Staking.bin": 1, "19-SafeMath.bin": 0, "19-ERC20Basic.bin": 0, "19-BasicToken.bin": 0, "19-ERC20.bin": 0, "19-StandardToken.bin": 0, "19-SafeERC20.bin": 0, "19-Owned.bin": 0, "19-TokenVesting.bin": 0, "19-TokenVault.bin": 0, "19-BurnableToken.bin": 0, "19-JEC_Token.bin": 0, "20-Ownable.bin": 1, "20-SafeMath.bin": 0, "20-LollypopToken.bin": 1, "21-Ownable.bin": 0, "21-Claimable.bin": 0, "21-ERC20Basic.bin": 0, "21-ERC20.bin": 0, "21-SafeERC20.bin": 0, "21-CanReclaimToken.bin": 0, "21-OwnableContract.bin": 0, "21-ControllerInterface.bin": 0, "21-Factory.bin": 0, "22-IERC20.bin": 0, "22-ERC20.bin": 0, "22-SafeMath.bin": 0, "22-ERC20Interface.bin": 1, "22-ApproveAndCallFallBack.bin": 1, "22-Owned.bin": 1, "22-ForTheBlockchain.bin": 1, "23-SafeMath.bin": 0, "23-IERC20.bin": 0, "23-ERC20.bin": 1, "23-ERC20Burnable.bin": 1, "23-ERC20Detailed.bin": 1, "23-AGR.bin": 1, "24-SafeMath.bin": 0, "24-IERC20.bin": 0, "24-UBBCToken.bin": 1, "25-SafeMath.bin": 0, "25-ERC20Basic.bin": 0, "25-BasicToken.bin": 0, "25-ERC20.bin": 0, "25-StandardToken.bin": 0, "25-SafeERC20.bin": 0, "25-Owned.bin": 0, "25-TokenVesting.bin": 0, "25-TokenVault.bin": 0, "25-BurnableToken.bin": 0, "25-BKC_Token.bin": 0, "26-Missing.bin": 1, "27-ERC20Interface.bin": 1, "27-AcunarToken.bin": 1, "27-AcunarIEO.bin": 1, "28-tokenRecipient.bin": 0, "28-MD.bin": 1, "29-Owned.bin": 1, "29-SafeMath.bin": 0, "29-Token.bin": 1, "29-Staking.bin": 1, "30-SafeMath.bin": 0, "30-ERC20Basic.bin": 0, "30-BasicToken.bin": 0, "30-BurnableToken.bin": 0, "30-ERC20.bin": 0, "30-StandardToken.bin": 0, "30-Ownable.bin": 0, "30-Pausable.bin": 0, "30-PausableToken.bin": 0, "30-MintableAndPausableToken.bin": 0, "30-TokenUpgrader.bin": 0, "30-UpgradeableToken.bin": 0, "30-Token.bin": 0, "31-SafeMath.bin": 0, "31-IERC20.bin": 0, "31-PHO.bin": 1, "32-Missing.bin": 1, "33-Roles.bin": 0, "33-PauserRole.bin": 0, "33-IERC20.bin": 0, "33-ERC20Detailed.bin": 0, "33-SafeMath.bin": 0, "33-ERC20.bin": 0, "33-Pausable.bin": 0, "33-ERC20Pausable.bin": 0, "33-DeepCloud.bin": 0, "34-SafeMath.bin": 0, "34-IERC20.bin": 0, "34-ERC20Detailed.bin": 0, "34-ERC20.bin": 0, "34-Roles.bin": 0, "34-PauserRole.bin": 0, "34-Pausable.bin": 0, "34-ERC20Pausable.bin": 0, "34-MinterRole.bin": 0, "34-ERC20Mintable.bin": 0, "34-Ownable.bin": 0, "34-IWhitelist.bin": 0, "34-BurnerRole.bin": 0, "34-ERC20Burnable.bin": 0, "34-ERC20Whitelistable.bin": 0, "34-CanReclaimEther.bin": 0, "34-SafeERC20.bin": 0, "34-CanReclaimToken.bin": 0, "34-LeveragedToken.bin": 0, "35-Proxy.bin": 1, "36-ERC20.bin": 0, "36-ERC20Basic.bin": 0, "36-SafeERC20.bin": 0, "36-Wallet.bin": 1, "37-SafeMath.bin": 0, "37-ERC20Basic.bin": 0, "37-ERC20.bin": 0, "37-BasicToken.bin": 0, "37-BurnableToken.bin": 0, "37-StandardToken.bin": 0, "37-Ownable.bin": 0, "37-Pausable.bin": 0, "37-PausableToken.bin": 0, "37-DistributableAndPausableToken.bin": 0, "37-TokenUpgrader.bin": 0, "37-UpgradeableToken.bin": 0, "37-Token.bin": 0, "38-Ownable.bin": 0, "38-IERC20.bin": 0, "38-ERC20Detailed.bin": 0, "38-SafeMath.bin": 0, "38-ERC20.bin": 0, "38-Roles.bin": 0, "38-MinterRole.bin": 0, "38-ERC20Mintable.bin": 0, "38-ERC20Burnable.bin": 0, "38-Loche.bin": 0, "39-ERC20.bin": 0, "39-StandardToken.bin": 0, "39-ERC20Basic.bin": 0, "39-BasicToken.bin": 0, "39-EventMetadata.bin": 1, "39-Operated.bin": 1, "39-ProofHashes.bin": 1, "39-MultiHashWrapper.bin": 1, "39-iFactory.bin": 0, "39-Template.bin": 1, "39-Feed.bin": 1, "40-SafeMath.bin": 0, "40-IERC20.bin": 0, "40-UBBCToken.bin": 1, "41-SafeMath.bin": 0, "41-IERC20.bin": 0, "41-Ownable.bin": 1, "41-ERC20Detailed.bin": 1, "41-DanPanCoin.bin": 1, "42-BasicToken.bin": 0, "42-StandardToken.bin": 0, "42-ERC20.bin": 0, "42-ERC20Basic.bin": 0, "42-IERC20.bin": 0, "42-SafeMath.bin": 0, "42-ERC20Detailed.bin": 1, "42-HYDROGEN.bin": 1, "43-ERC20.bin": 0, "43-IERC20.bin": 0, "43-Phishable.bin": 1, "44-DissolutionToken.bin": 0, "44-ERC20Interface.bin": 0, "44-Owned.bin": 0, "44-IERC20.bin": 0, "44-SafeMath.bin": 0, "44-ERC20Detailed.bin": 1, "44-BIGBOMBv2.bin": 1, "45-SafeMath.bin": 0, "45-owned.bin": 0, "45-tokenRecipient.bin": 0, "45-ParsecTokenERC20.bin": 0, "45-ParsecPresale.bin": 0, "46-SafeMath.bin": 0, "46-WalletEvents.bin": 0, "46-WalletAbi.bin": 0, "46-WalletLibrary.bin": 1, "47-SafeMath.bin": 0, "47-Map.bin": 1, "48-AbstractToken.bin": 0, "48-Token.bin": 0, "48-SafeMath.bin": 0, "48-IERC20.bin": 0, "48-PHO.bin": 1, "49-ERC20Detailed.bin": 0, "49-IERC20.bin": 0, "49-SafeMath.bin": 0, "49-ERC20Interface.bin": 1, "49-ApproveAndCallFallBack.bin": 1, "49-Owned.bin": 1, "49-ForTheBlockchain.bin": 1, "50-Owned.bin": 0, "50-IERC20.bin": 0, "50-SafeMath.bin": 0, "50-Ownable.bin": 1, "50-ERC20Detailed.bin": 1, "50-DanPanCoin.bin": 1, "51-SafeMath.bin": 0, "51-ERC20TokenInterface.bin": 1, "51-ERC20Token.bin": 1, "51-AsseteGram.bin": 1, "52-Ownable.bin": 0, "52-Pausable.bin": 0, "52-SafeMath.bin": 0, "52-ERC20Basic.bin": 0, "52-BasicToken.bin": 0, "52-ERC20.bin": 0, "52-StandardToken.bin": 0, "52-PausableToken.bin": 0, "52-BrickblockToken.bin": 0, "53-ECRecovery.bin": 0, "53-SafeMath.bin": 0, "53-Roles.bin": 0, "53-IERC20.bin": 0, "53-ERC20.bin": 0, "53-Ownable.bin": 0, "53-MinterRole.bin": 0, "53-Mintable.bin": 0, "53-Pausable.bin": 0, "53-Burnable.bin": 0, "53-Lockable.bin": 0, "53-DelegatorRole.bin": 0, "53-Delegatable.bin": 0, "53-TrancheToken.bin": 0, "54-ProofOfExistence.bin": 0, "54-FibonacciBalance.bin": 1, "54-FibonacciLib.bin": 0, "55-SafeMath.bin": 0, "55-Proxy.bin": 1, "56-Ownable.bin": 0, "56-SafeMath.bin": 0, "56-CommunityVesting.bin": 0, "56-EcosystemVesting.bin": 0, "56-SeedPrivateAdvisorVesting.bin": 0, "56-TeamVesting.bin": 0, "56-TokenInterface.bin": 0, "56-Vesting.bin": 0, "57-IERC20.bin": 0, "57-ERC20Detailed.bin": 0, "57-EventMetadata.bin": 1, "57-Operated.bin": 1, "57-ProofHashes.bin": 1, "57-MultiHashWrapper.bin": 1, "57-iFactory.bin": 0, "57-Template.bin": 1, "57-Feed.bin": 1, "58-SafeMath.bin": 0, "58-OwnerHelper.bin": 0, "58-ERC20Interface.bin": 0, "58-LINIXToken.bin": 0, "59-SafeMath.bin": 0, "59-IERC20.bin": 0, "59-ERC20.bin": 1, "59-ERC20Detailed.bin": 1, "59-SimpleSwapCoin.bin": 1, "60-digitalNotary.bin": 1, "61-SafeMath.bin": 0, "61-Roles.bin": 0, "61-CapperRole.bin": 0, "61-PauserRole.bin": 0, "61-Pausable.bin": 0, "61-MinterRole.bin": 0, "61-IERC20.bin": 0, "61-ERC20.bin": 0, "61-ERC20Mintable.bin": 0, "61-ERC20Burnable.bin": 0, "61-ERC20Capped.bin": 0, "61-ERC20Pausable.bin": 0, "61-Ownable.bin": 0, "61-BlueseedsToken.bin": 0, "62-SafeMath.bin": 0, "62-FomoFeast.bin": 1, "63-SafeMath.bin": 0, "63-ItemsInterfaceForEternalStorage.bin": 0, "63-EternalStorage.bin": 0, "64-SafeMath.bin": 0, "64-Ownable.bin": 0, "64-IgfContract.bin": 0, "65-Ownable.bin": 0, "65-Pausable.bin": 0, "65-Destructible.bin": 0, "65-EDCoreInterface.bin": 0, "65-DungeonRunCore.bin": 0, "66-SafeMath.bin": 0, "66-ERC20Basic.bin": 0, "66-ERC20.bin": 0, "66-BasicToken.bin": 0, "66-StandardToken.bin": 0, "66-BBIToken.bin": 0, "67-SafeMath.bin": 0, "67-owned.bin": 1, "67-ERC20Essential.bin": 0, "67-BitpayerDEX.bin": 1, "68-SafeMath.bin": 0, "68-owned.bin": 0, "68-tokenRecipient.bin": 0, "68-ParsecTokenERC20.bin": 0, "68-ParsecCrowdsale.bin": 0, "69-SafeMath.bin": 0, "69-OwnerHelper.bin": 0, "69-ERC20Interface.bin": 0, "69-LINIXToken.bin": 0, "70-SafeMath.bin": 0, "70-Wallet.bin": 1, "71-FAECERC20.bin": 0, "71-SafeMath.bin": 0, "71-FomoFeast.bin": 1, "72-IERC20.bin": 0, "72-PHO.bin": 1, "73-Ownable.bin": 0, "73-Pausable.bin": 0, "73-Destructible.bin": 0, "73-EDCoreInterface.bin": 0, "73-DungeonRunBeta.bin": 0, "74-ERC20Basic.bin": 0, "74-SafeMath.bin": 0, "74-BasicToken.bin": 0, "74-ERC20.bin": 0, "74-StandardToken.bin": 0, "74-StandardTokenExt.bin": 0, "74-BurnableToken.bin": 0, "74-UpgradeAgent.bin": 0, "74-UpgradeableToken.bin": 0, "74-Ownable.bin": 0, "74-ReleasableToken.bin": 0, "74-SafeMathLib.bin": 0, "74-MintableToken.bin": 0, "74-CrowdsaleToken.bin": 0, "74-AnyCoin.bin": 0, "75-ERC20.bin": 0, "75-ERC20Basic.bin": 0, "75-SafeERC20.bin": 0, "75-WalletEvents.bin": 0, "75-WalletAbi.bin": 0, "75-WalletLibrary.bin": 1, "76-Owned.bin": 1, "76-SafeMath.bin": 0, "76-ERC20Interface.bin": 1, "76-ApproveAndCallFallBack.bin": 1, "76-ForTheBlockchain.bin": 1, "77-SafeERC20.bin": 0, "77-ERC20.bin": 0, "77-ERC20Basic.bin": 0, "77-SimpleSuicide.bin": 1, "78-Ownable.bin": 0, "78-ERC20.bin": 0, "78-WithToken.bin": 0, "78-SSPTypeAware.bin": 0, "78-SSPRegistry.bin": 0, "78-PublisherRegistry.bin": 0, "78-DSPTypeAware.bin": 0, "78-DSPRegistry.bin": 0, "78-DepositRegistry.bin": 0, "78-AuditorRegistry.bin": 0, "78-DepositAware.bin": 0, "78-SecurityDepositAware.bin": 0, "78-AuditorRegistrar.bin": 0, "78-DSPRegistrar.bin": 0, "78-PublisherRegistrar.bin": 0, "78-SSPRegistrar.bin": 0, "78-ChannelApi.bin": 0, "78-RegistryProvider.bin": 0, "78-StateChannelListener.bin": 0, "78-PapyrusDAO.bin": 0, "79-SafeMath.bin": 0, "79-CareerOnToken.bin": 1, "80-SafeMath.bin": 0, "80-Ownable.bin": 0, "80-PausableOnce.bin": 0, "80-ERC20Basic.bin": 0, "80-BasicToken.bin": 0, "80-ERC20.bin": 0, "80-StandardToken.bin": 0, "80-InterfaceUpgradeAgent.bin": 0, "80-UpgradableToken.bin": 0, "80-Withdrawable.bin": 0, "80-CtdToken.bin": 0, "81-OperationsVesting.bin": 0, "81-Ownable.bin": 0, "81-Phishable.bin": 1, "82-SafeMath.bin": 0, "82-EventMetadata.bin": 1, "82-Operated.bin": 1, "82-ProofHashes.bin": 1, "82-MultiHashWrapper.bin": 1, "82-iFactory.bin": 0, "82-Template.bin": 1, "82-Feed.bin": 1, "83-Ownable.bin": 0, "83-TokenERC20.bin": 0, "83-CareerOnToken.bin": 1, "84-SafeMath.bin": 0, "84-IERC20.bin": 0, "84-ERC20Detailed.bin": 1, "84-HYDROGEN.bin": 1, "85-SafeMath.bin": 0, "85-WalletEvents.bin": 0, "85-WalletAbi.bin": 0, "85-WalletLibrary.bin": 1, "86-IERC20.bin": 0, "86-SafeMath.bin": 0, "86-ERC20.bin": 0, "86-GrowToken.bin": 0, "87-Ownable.bin": 0, "87-Roles.bin": 0, "87-PauserRole.bin": 0, "87-Pausable.bin": 0, "87-COORole.bin": 0, "87-ReentrancyGuard.bin": 0, "87-SafeMath.bin": 0, "87-KittyBountiesAdmin.bin": 0, "87-KittyCore.bin": 0, "87-KittyBounties.bin": 0, "88-Ownable.bin": 0, "88-SketchMarket.bin": 0, "89-Token.bin": 0, "89-SafeMath.bin": 0, "89-StandardToken.bin": 0, "89-GRO.bin": 0, "90-SafeMath.bin": 0, "90-FomoFeast.bin": 1, "91-SafeMath.bin": 0, "91-Ownable.bin": 0, "91-IErc20.bin": 0, "91-Monetary.bin": 0, "91-IPriceOracle.bin": 0, "91-Require.bin": 0, "91-Math.bin": 0, "91-Time.bin": 0, "91-IMakerOracle.bin": 0, "91-IOasisDex.bin": 0, "91-DaiPriceOracle.bin": 0, "92-Owned.bin": 0, "92-SafeMath.bin": 0, "92-IERC20.bin": 0, "92-ERC20.bin": 1, "92-ERC20Detailed.bin": 1, "92-SimpleSwapCoin.bin": 1, "93-SafeMath.bin": 0, "93-IERC20.bin": 0, "93-ERC20Detailed.bin": 1, "93-BIGBOMBv2.bin": 1, "94-IERC20.bin": 0, "94-ContractBlockChain.bin": 0, "94-Ownable.bin": 0, "94-SafeMath.bin": 0, "94-FibonacciBalance.bin": 1, "94-FibonacciLib.bin": 0, "95-IERC20.bin": 0, "95-Ownable.bin": 0, "95-ERC20.bin": 0, "95-Wallet.bin": 1, "96-SafeMath.bin": 0, "96-IERC20.bin": 0, "96-ERC20Detailed.bin": 1, "96-HYDROGEN.bin": 1, "97-SafeMath.bin": 0, "97-ContractReceiver.bin": 0, "97-PetToken.bin": 0, "98-BasicToken.bin": 0, "98-ERC20Basic.bin": 0, "98-IERC20.bin": 0, "98-SafeMath.bin": 0, "98-ERC20Detailed.bin": 1, "98-BIGBOMBv2.bin": 1, "99-SafeMath.bin": 0, "99-ERC721Interface.bin": 0, "99-ERC20.bin": 0, "99-Ownable.bin": 0, "99-NewAuctionContract.bin": 0, "99-AuctionContract.bin": 0, "100-SafeMath.bin": 0, "100-IERC20.bin": 0, "100-ERC20.bin": 1, "100-ERC20Detailed.bin": 1, "100-SimpleSwapCoin.bin": 1, "101-SafeMath.bin": 0, "101-IERC20.bin": 0, "101-ERC20Detailed.bin": 1, "101-HYDROGEN.bin": 1, "102-SafeMath.bin": 0, "102-Ownable.bin": 0, "102-ERC20Basic.bin": 0, "102-ERC20.bin": 0, "102-DetailedERC20.bin": 0, "102-BasicToken.bin": 0, "102-StandardToken.bin": 0, "102-UnlimitedAllowanceToken.bin": 0, "102-BZRxToken.bin": 0, "102-BZRxTransferProxy.bin": 0, "103-IERC20.bin": 0, "103-PauserRole.bin": 0, "103-Roles.bin": 0, "103-SafeMath.bin": 0, "103-ERC20.bin": 0, "103-MinterRole.bin": 0, "103-ERC20Mintable.bin": 0, "103-ERC20Burnable.bin": 0, "103-Pausable.bin": 0, "103-ERC20Pausable.bin": 0, "103-ERC20Detailed.bin": 0, "103-Ownable.bin": 0, "103-Migrations.bin": 0, "103-ELToken.bin": 0, "104-NokuPricingPlan.bin": 0, "104-Ownable.bin": 0, "104-Pausable.bin": 0, "104-SafeMath.bin": 0, "104-ERC20Basic.bin": 0, "104-ERC20.bin": 0, "104-BurnableERC20.bin": 0, "104-NokuTokenBurner.bin": 0, "104-BasicToken.bin": 0, "104-BurnableToken.bin": 0, "104-DetailedERC20.bin": 0, "104-StandardToken.bin": 0, "104-MintableToken.bin": 0, "104-NokuCustomERC20.bin": 0, "104-NokuCustomERC20Service.bin": 0, "105-IERC20.bin": 0, "105-SafeMath.bin": 0, "105-ERC20.bin": 0, "105-ERC20Detailed.bin": 0, "105-ERC20Burnable.bin": 0, "105-Roles.bin": 0, "105-MinterRole.bin": 0, "105-ERC20Mintable.bin": 0, "105-PauserRole.bin": 0, "105-Pausable.bin": 0, "105-ERC20PartialLock.bin": 0, "105-LXANK.bin": 0, "106-PauserRole.bin": 0, "106-Pausable.bin": 0, "106-SafeMath.bin": 0, "106-FomoFeast.bin": 1, "107-ERC20.bin": 0, "107-IERC20.bin": 0, "107-Wallet.bin": 1, "108-Ownable.bin": 0, "108-LinkedList.bin": 0, "108-ERC20Basic.bin": 0, "108-SafeMath.bin": 0, "108-BasicToken.bin": 0, "108-ERC20.bin": 0, "108-StandardToken.bin": 0, "108-Pausable.bin": 0, "108-PausableToken.bin": 0, "108-BurnableToken.bin": 0, "108-RepublicToken.bin": 0, "108-DarknodeRegistryStore.bin": 0, "109-SafeMath.bin": 0, "109-ERC20TokenInterface.bin": 1, "109-ERC20Token.bin": 1, "109-AsseteGram.bin": 1, "110-ERC20.bin": 0, "110-IERC20.bin": 0, "110-CareerOnToken.bin": 1, "111-SafeMath.bin": 0, "111-Ownable.bin": 0, "111-Roles.bin": 0, "111-MinterRole.bin": 0, "111-ReentrancyGuard.bin": 0, "111-CertificateControllerMock.bin": 0, "111-CertificateController.bin": 0, "111-IERC777TokensRecipient.bin": 0, "111-IERC777TokensSender.bin": 0, "111-IERC1410.bin": 0, "111-IERC777.bin": 0, "111-IERC1400.bin": 0, "111-ERC820Registry.bin": 0, "111-ERC820Client.bin": 0, "111-ERC777.bin": 0, "111-ERC1410.bin": 0, "111-ERC1400.bin": 0, "112-SafeMath.bin": 0, "112-Ownable.bin": 0, "112-Pausable.bin": 0, "112-ERC20Basic.bin": 0, "112-BasicToken.bin": 0, "112-ERC20.bin": 0, "112-StandardToken.bin": 0, "112-PausableToken.bin": 0, "112-CostumeToken.bin": 0, "112-Crowdsale.bin": 0, "113-EventMetadata.bin": 1, "113-Operated.bin": 1, "113-ProofHashes.bin": 1, "113-MultiHashWrapper.bin": 1, "113-iFactory.bin": 0, "113-Template.bin": 1, "113-Feed.bin": 1, "114-SafeMath.bin": 0, "114-IERC20.bin": 0, "114-Ownable.bin": 1, "114-ERC20Detailed.bin": 1, "114-DanPanCoin.bin": 1, "115-SafeMath.bin": 0, "115-ERC20Basic.bin": 0, "115-BasicToken.bin": 0, "115-ERC20.bin": 0, "115-StandardToken.bin": 0, "115-SafeERC20.bin": 0, "115-TokenTimelock.bin": 0, "115-Owned.bin": 0, "115-TokenVault.bin": 0, "115-BurnableToken.bin": 0, "115-IdealCoinToken.bin": 0, "116-AbstractToken.bin": 0, "116-Owned.bin": 0, "116-SafeMath.bin": 0, "116-StandardToken.bin": 0, "116-Token.bin": 0, "116-GenesisCryptoTechnology.bin": 0, "117-SafeMath.bin": 0, "117-Ownable.bin": 0, "117-IERC20.bin": 0, "117-ERC20.bin": 0, "117-ERC20Detailed.bin": 0, "117-HatchToken.bin": 0, "118-Ownable.bin": 0, "118-Roles.bin": 0, "118-RBAC.bin": 0, "118-SafeMath.bin": 0, "118-ERC20Basic.bin": 0, "118-ERC20.bin": 0, "118-BasicToken.bin": 0, "118-StandardToken.bin": 0, "118-Pausable.bin": 0, "118-PausableToken.bin": 0, "118-BlackListToken.bin": 0, "118-TwoPhaseToken.bin": 0, "118-UpgradedStandardToken.bin": 0, "118-WithToken.bin": 0, "119-SafeMath.bin": 0, "119-ERC20Interface.bin": 0, "119-admined.bin": 0, "119-ICO.bin": 0, "120-IERC20.bin": 0, "120-ERC20.bin": 0, "120-CareerOnToken.bin": 1, "121-ICashToken.bin": 0, "121-ERC20Interface.bin": 0, "121-CareerOnToken.bin": 1, "122-SafeMath.bin": 0, "122-EventMetadata.bin": 1, "122-Operated.bin": 1, "122-ProofHashes.bin": 1, "122-MultiHashWrapper.bin": 1, "122-iFactory.bin": 0, "122-Template.bin": 1, "122-Feed.bin": 1, "123-SafeMath.bin": 0, "123-Ownable.bin": 0, "123-ERC20Basic.bin": 0, "123-BasicToken.bin": 0, "123-BurnableToken.bin": 0, "123-DescriptiveToken.bin": 0, "123-MintableToken.bin": 0, "123-CappedMintableToken.bin": 0, "123-ERC20.bin": 0, "123-StandardToken.bin": 0, "123-ReleasableToken.bin": 0, "123-OnLiveToken.bin": 0, "124-Ownable.bin": 0, "124-Pausable.bin": 0, "124-Destructible.bin": 0, "124-EDCoreInterface.bin": 0, "124-DungeonRunAlpha.bin": 0, "125-SafeMath.bin": 0, "125-ERC20.bin": 0, "125-ReserveToken.bin": 0, "125-EtherDelta.bin": 0, "126-SafeMath.bin": 0, "126-Roles.bin": 0, "126-PauserRole.bin": 0, "126-Pausable.bin": 0, "126-Ownable.bin": 0, "126-KittyBountiesAdmin.bin": 0, "126-KittyCore.bin": 0, "126-KittyBounties.bin": 0, "127-SafeMath.bin": 0, "127-IERC20.bin": 0, "127-ERC20Detailed.bin": 1, "127-HYDROGEN.bin": 1, "128-ERC20.bin": 0, "128-SafeMath.bin": 0, "128-StandardToken.bin": 0, "128-BurnableToken.bin": 0, "128-UpgradeAgent.bin": 0, "128-UpgradeableToken.bin": 0, "128-Ownable.bin": 0, "128-ReleasableToken.bin": 0, "128-SafeMathLib.bin": 0, "128-MintableToken.bin": 0, "128-CrowdsaleToken.bin": 0, "128-BurnableCrowdsaleToken.bin": 0, "129-IConnections.bin": 0, "129-Connections.bin": 0, "130-CREDITCoins.bin": 0, "130-CREDITS.bin": 0, "130-Ownable.bin": 0, "130-ContractSendCreditCoins.bin": 0, "130-SimpleSuicide.bin": 1, "131-SafeMath.bin": 0, "131-ERC20Basic.bin": 0, "131-BasicToken.bin": 0, "131-ERC20.bin": 0, "131-StandardToken.bin": 0, "131-SafeERC20.bin": 0, "131-Owned.bin": 0, "131-TokenVesting.bin": 0, "131-TokenVault.bin": 0, "131-BurnableToken.bin": 0, "131-BKB_Token.bin": 0, "132-SafeMath.bin": 0, "132-Roles.bin": 0, "132-PauserRole.bin": 0, "132-AdministratorRole.bin": 0, "132-Ownable.bin": 0, "132-Pausable.bin": 0, "132-IERC20.bin": 0, "132-ERC20.bin": 0, "132-ERC20Detailed.bin": 0, "132-ETMToken.bin": 0, "133-SafeMath.bin": 0, "133-ERC20Basic.bin": 0, "133-BasicToken.bin": 0, "133-ERC20.bin": 0, "133-StandardToken.bin": 0, "133-SafeERC20.bin": 0, "133-Owned.bin": 0, "133-TokenVesting.bin": 0, "133-TokenVault.bin": 0, "133-BurnableToken.bin": 0, "133-ZTC_Token.bin": 0, "134-RTCoinInterface.bin": 0, "134-ERC20Interface.bin": 0, "134-SafeMath.bin": 0, "134-Stake.bin": 0, "135-ICashToken.bin": 0, "135-ERC20Interface.bin": 0, "135-CareerOnToken.bin": 1, "136-SafeMath.bin": 0, "136-Ownable.bin": 0, "136-ERC20Basic.bin": 0, "136-ERC20.bin": 0, "136-DetailedERC20.bin": 0, "136-BasicToken.bin": 0, "136-StandardToken.bin": 0, "136-UnlimitedAllowanceToken.bin": 0, "136-BZRxToken.bin": 0, "136-BZRxTransferProxy.bin": 0, "137-Ownable.bin": 0, "137-HYPRO.bin": 0, "137-SafeMath.bin": 0, "138-Regatta.bin": 0, "139-SafeMath.bin": 0, "139-Ownable.bin": 0, "139-Helper.bin": 0, "139-LNX.bin": 0, "140-LibBytes.bin": 0, "140-ReentrancyGuard.bin": 0, "140-SafeMath.bin": 0, "140-LibConstants.bin": 0, "140-LibEIP712.bin": 0, "140-LibFillResults.bin": 0, "140-LibMath.bin": 0, "140-LibOrder.bin": 0, "140-LibAbiEncoder.bin": 0, "140-IOwnable.bin": 0, "140-IAuthorizable.bin": 0, "140-IAssetProxy.bin": 0, "140-IValidator.bin": 0, "140-IWallet.bin": 0, "140-IExchangeCore.bin": 0, "140-IAssetProxyDispatcher.bin": 0, "140-IMatchOrders.bin": 0, "140-ISignatureValidator.bin": 0, "140-ITransactions.bin": 0, "140-IWrapperFunctions.bin": 0, "140-IExchange.bin": 0, "140-MExchangeCore.bin": 0, "140-MAssetProxyDispatcher.bin": 0, "140-MMatchOrders.bin": 0, "140-MSignatureValidator.bin": 0, "140-MTransactions.bin": 0, "140-MWrapperFunctions.bin": 0, "140-Ownable.bin": 0, "140-MixinExchangeCore.bin": 0, "140-MixinSignatureValidator.bin": 0, "140-MixinWrapperFunctions.bin": 0, "140-MixinTransactions.bin": 0, "140-MixinAssetProxyDispatcher.bin": 0, "140-MixinMatchOrders.bin": 0, "140-Exchange.bin": 0, "141-SafeMath.bin": 0, "141-ERC20.bin": 0, "141-FiatContract.bin": 0, "141-TestFiatContract.bin": 0, "141-SocialActivityToken.bin": 0, "142-SafeMath.bin": 0, "142-OwnerHelper.bin": 0, "142-ERC20Interface.bin": 0, "142-VantaToken.bin": 0, "143-AbstractToken.bin": 0, "143-Owned.bin": 0, "143-SafeMath.bin": 0, "143-StandardToken.bin": 0, "143-BurnableToken.bin": 0, "143-Token.bin": 0, "143-InmediateToken.bin": 0, "144-SafeMath.bin": 0, "144-Ownable.bin": 0, "144-ERC20Basic.bin": 0, "144-ERC20.bin": 0, "144-SafeERC20.bin": 0, "144-Crowdsale.bin": 0, "144-TimedCrowdsale.bin": 0, "144-FinalizableCrowdsale.bin": 0, "144-BasicToken.bin": 0, "144-StandardToken.bin": 0, "144-MintableToken.bin": 0, "144-MintedCrowdsale.bin": 0, "144-Pausable.bin": 0, "144-RealtyReturnsTokenInterface.bin": 0, "144-PausableToken.bin": 0, "144-RealtyReturnsToken.bin": 0, "144-LockTokenAllocation.bin": 0, "144-RealtyReturnsTokenCrowdsale.bin": 0, "145-Ownable.bin": 0, "145-Administratable.bin": 0, "145-IERC20.bin": 0, "145-SafeMath.bin": 0, "145-ERC20.bin": 0, "145-ERC20Burnable.bin": 0, "145-Whitelistable.bin": 0, "145-Freezable.bin": 0, "145-TimeLockable.bin": 0, "145-BLUCON.bin": 0, "145-Migrations.bin": 0, "146-SafeMath.bin": 0, "146-FomoFeast.bin": 1, "147-Pausable.bin": 0, "147-Ownable.bin": 0, "147-CareerOnToken.bin": 1, "148-SafeMath.bin": 0, "148-ERC20Basic.bin": 0, "148-BasicToken.bin": 0, "148-ERC20.bin": 0, "148-StandardToken.bin": 0, "148-SafeERC20.bin": 0, "148-Owned.bin": 0, "148-TokenVesting.bin": 0, "148-TokenVault.bin": 0, "148-BurnableToken.bin": 0, "148-WKA_Token.bin": 0, "149-SafeMath.bin": 0, "149-ERC20Interface.bin": 1, "149-Owned.bin": 1, "149-ExclusivePlatform.bin": 1, "150-Pausable.bin": 0, "150-PauserRole.bin": 0, "150-SafeMath.bin": 0, "150-IERC20.bin": 0, "150-ERC20.bin": 1, "150-ERC20Detailed.bin": 1, "150-SimpleSwapCoin.bin": 1, "151-SafeMath.bin": 0, "151-Ownable.bin": 0, "151-Finalizable.bin": 0, "151-IToken.bin": 0, "151-TokenReceivable.bin": 0, "151-EventDefinitions.bin": 0, "151-Token.bin": 0, "151-Controller.bin": 0, "151-PreSale.bin": 0, "151-Ledger.bin": 0, "152-ECRecovery.bin": 0, "152-SigningLogic.bin": 0, "152-ERC20Basic.bin": 0, "152-ERC20.bin": 0, "152-SafeMath.bin": 0, "152-SafeERC20.bin": 0, "152-TokenEscrowMarketplace.bin": 0, "152-Initializable.bin": 0, "152-AttestationLogic.bin": 0, "153-AbstractToken.bin": 0, "153-Owned.bin": 0, "153-SafeMath.bin": 0, "153-StandardToken.bin": 0, "153-Token.bin": 0, "153-GenesisCryptoTechnology.bin": 0, "154-Pool.bin": 0, "154-SafeMath.bin": 0, "154-RigoToken.bin": 0, "154-DragoRegistry.bin": 0, "154-Inflation.bin": 0, "154-ReentrancyGuard.bin": 0, "154-ProofOfPerformanceFace.bin": 0, "154-ProofOfPerformance.bin": 0, "155-SafeMath.bin": 0, "155-IERC20.bin": 0, "155-ERC20.bin": 0, "155-Roles.bin": 0, "155-MinterRole.bin": 0, "155-ERC20Mintable.bin": 0, "155-ERC20Burnable.bin": 0, "155-TuneTradeToken.bin": 0, "155-WhitelistAdminRole.bin": 0, "155-WhitelistedRole.bin": 0, "155-TeamRole.bin": 0, "155-SafeERC20.bin": 0, "155-SwapContract.bin": 0, "156-SafeMath.bin": 0, "156-ItemsInterfaceForEternalStorage.bin": 0, "156-EternalStorage.bin": 0, "157-ECRecovery.bin": 0, "157-Roles.bin": 0, "157-SafeMath.bin": 0, "157-IERC20.bin": 0, "157-ERC20.bin": 0, "157-Ownable.bin": 0, "157-MinterRole.bin": 0, "157-Mintable.bin": 0, "157-Pausable.bin": 0, "157-Burnable.bin": 0, "157-Lockable.bin": 0, "157-DelegatorRole.bin": 0, "157-Delegatable.bin": 0, "157-TrustShoreToken.bin": 0, "158-SafeMath.bin": 0, "158-Ownable.bin": 0, "158-ERC20.bin": 0, "158-StandardToken.bin": 0, "158-EIForceCoin.bin": 0, "159-ERC20.bin": 0, "159-StandardToken.bin": 0, "159-SafeMath.bin": 0, "159-owned.bin": 1, "159-ethBank.bin": 1, "160-SafeMath.bin": 0, "160-Roles.bin": 0, "160-RBAC.bin": 0, "160-RBACWithAdmin.bin": 0, "160-Ownable.bin": 0, "160-ERC20Basic.bin": 0, "160-BasicToken.bin": 0, "160-ERC20.bin": 0, "160-DetailedERC20.bin": 0, "160-StandardToken.bin": 0, "160-ERC865.bin": 0, "160-ERC865Token.bin": 0, "160-BeepToken.bin": 0, "161-IERC165.bin": 0, "161-ERC165.bin": 0, "161-IERC721.bin": 0, "161-IERC721Receiver.bin": 0, "161-SafeMath.bin": 0, "161-Address.bin": 0, "161-FormSI060719.bin": 0, "162-SafeMath.bin": 0, "162-IERC20.bin": 0, "162-PHO.bin": 1, "163-ETHPlay.bin": 0, "163-ERC20.bin": 0, "163-PauserRole.bin": 0, "163-IERC20.bin": 0, "163-ERC20Mintable.bin": 0, "163-Pausable.bin": 0, "163-ERC20Burnable.bin": 0, "163-ERC20Pausable.bin": 0, "163-MinterRole.bin": 0, "163-SafeMath.bin": 0, "163-owned.bin": 1, "163-ethBank.bin": 1, "164-SafeMath.bin": 0, "164-Roles.bin": 0, "164-PauserRole.bin": 0, "164-Pausable.bin": 0, "164-Ownable.bin": 0, "164-KittyBountiesAdmin.bin": 0, "164-KittyCore.bin": 0, "164-KittyBounties.bin": 0, "165-SafeMath.bin": 0, "165-OwnerHelper.bin": 0, "165-ERC20Interface.bin": 0, "165-ITAMToken.bin": 0, "166-SafeMath.bin": 0, "166-Ownable.bin": 0, "166-ERC20Basic.bin": 0, "166-ERC20.bin": 0, "166-DetailedERC20.bin": 0, "166-BasicToken.bin": 0, "166-StandardToken.bin": 0, "166-UnlimitedAllowanceToken.bin": 0, "166-BZRxToken.bin": 0, "166-BZRxTransferProxy.bin": 0, "167-Token.bin": 0, "167-StandardToken.bin": 0, "167-HumanStandardToken.bin": 0, "167-StandardBounties.bin": 0, "168-Unprotected.bin": 1, "169-DissolutionToken.bin": 0, "169-ERC20Interface.bin": 0, "169-Owned.bin": 0, "169-owned.bin": 1, "169-tokenRecipient.bin": 1, "169-Token.bin": 1, "169-SafeMath.bin": 0, "169-MindsyncPlatform.bin": 1, "170-Rubixi.bin": 1, "171-ICO.bin": 0, "171-Ownable.bin": 0, "171-SafeMath.bin": 0, "171-IERC20.bin": 0, "171-ERC20.bin": 1, "171-ERC20Detailed.bin": 1, "171-SaveWon.bin": 1, "172-IERC20.bin": 0, "172-SafeMath.bin": 0, "172-ERC20.bin": 0, "172-Roles.bin": 0, "172-MinterRole.bin": 0, "172-ERC20Mintable.bin": 0, "172-ERC20Capped.bin": 0, "172-ERC20Burnable.bin": 0, "172-ERC20Detailed.bin": 0, "172-PauserRole.bin": 0, "172-Pausable.bin": 0, "172-ERC20Pausable.bin": 0, "172-Eraswap.bin": 0, "173-SafeMath.bin": 0, "173-IERC20.bin": 0, "173-ERC20.bin": 1, "173-ERC20Detailed.bin": 1, "173-SimpleSwapCoin.bin": 1, "174-IAccounting.bin": 0, "174-IAccountingFactory.bin": 0, "174-IERC20.bin": 0, "174-IDisputer.bin": 0, "174-FeeWindow.bin": 0, "174-Universe.bin": 0, "174-ReportingParticipant.bin": 0, "174-Market.bin": 0, "174-IDisputerFactory.bin": 0, "174-ICrowdsourcerParent.bin": 0, "174-ICrowdsourcer.bin": 0, "174-DisputerParams.bin": 0, "174-Crowdsourcer.bin": 0, "174-CrowdsourcerFactory.bin": 0, "175-Ownable.bin": 0, "175-Rubixi.bin": 1, "176-AbstractToken.bin": 0, "176-Owned.bin": 0, "176-SafeMath.bin": 0, "176-StandardToken.bin": 0, "176-Token.bin": 0, "176-NexoToken.bin": 0, "177-IERC20.bin": 0, "177-ERC20.bin": 0, "177-SafeMath.bin": 0, "177-owned.bin": 1, "177-ethBank.bin": 1, "178-SafeMath.bin": 0, "178-FomoFeast.bin": 1, "179-SafeMath.bin": 0, "179-Ownable.bin": 0, "179-ERC20Basic.bin": 0, "179-ERC20.bin": 0, "179-SafeERC20.bin": 0, "179-Crowdsale.bin": 0, "179-TimedCrowdsale.bin": 0, "179-FinalizableCrowdsale.bin": 0, "179-BasicToken.bin": 0, "179-StandardToken.bin": 0, "179-MintableToken.bin": 0, "179-MintedCrowdsale.bin": 0, "179-Pausable.bin": 0, "179-RealtyReturnsTokenInterface.bin": 0, "179-PausableToken.bin": 0, "179-RealtyReturnsToken.bin": 0, "179-LockTokenAllocation.bin": 0, "179-RealtyReturnsTokenCrowdsale.bin": 0, "180-SafeMath.bin": 0, "180-CareerOnToken.bin": 1, "181-SafeMath.bin": 0, "181-ItemsInterfaceForEternalStorage.bin": 0, "181-EternalStorage.bin": 0, "182-SafeMath.bin": 0, "182-IERC20.bin": 0, "182-ERC20.bin": 1, "182-ERC20Detailed.bin": 1, "182-SaveWon.bin": 1, "183-Ownable.bin": 0, "183-Pausable.bin": 0, "183-Destructible.bin": 0, "183-EDCoreInterface.bin": 0, "183-DungeonRunAlpha.bin": 0, "184-TAMCContract.bin": 1, "185-SafeMath.bin": 0, "185-Roles.bin": 0, "185-PauserRole.bin": 0, "185-Pausable.bin": 0, "185-Ownable.bin": 0, "185-KittyBountiesAdmin.bin": 0, "185-KittyCore.bin": 0, "185-KittyBounties.bin": 0, "186-Owned.bin": 0, "186-IERC20.bin": 0, "186-SafeMath.bin": 0, "186-ERC20Detailed.bin": 1, "186-HYDROGEN.bin": 1, "187-ERC20Detailed.bin": 0, "187-IERC20.bin": 0, "187-SafeMath.bin": 0, "187-ERC20Interface.bin": 1, "187-ApproveAndCallFallBack.bin": 1, "187-Owned.bin": 1, "187-ForTheBlockchain.bin": 1, "188-SafeMath.bin": 0, "188-database.bin": 0, "188-topl_database_lib.bin": 0, "188-iconiq_presale.bin": 0, "189-SafeMath.bin": 0, "189-SimpleSuicide.bin": 1, "190-Address.bin": 0, "190-Ownable.bin": 0, "190-ContractManager.bin": 0, "191-SafeMath.bin": 0, "191-database.bin": 0, "192-Ownable.bin": 0, "192-SafeMath.bin": 0, "192-ERC20Basic.bin": 0, "192-BasicToken.bin": 0, "192-ERC20.bin": 0, "192-StandardToken.bin": 0, "192-BurnableToken.bin": 0, "192-Pausable.bin": 0, "192-GiftToken.bin": 0, "192-Whitelist.bin": 0, "192-GiftCrowdsale.bin": 0, "193-BasicToken.bin": 0, "193-ERC20Basic.bin": 0, "193-Rubixi.bin": 1, "194-SafeMath.bin": 0, "194-owned.bin": 1, "194-tokenRecipient.bin": 0, "194-TokenERC20.bin": 1, "194-AZT.bin": 1, "195-SafeMath.bin": 0, "195-Ownable.bin": 0, "195-Pausable.bin": 0, "195-ERC20Basic.bin": 0, "195-BasicToken.bin": 0, "195-ERC20.bin": 0, "195-StandardToken.bin": 0, "195-PausableToken.bin": 0, "195-RefundVault.bin": 0, "195-PallyCoin.bin": 0, "195-Crowdsale.bin": 0, "196-SafeMath.bin": 0, "196-database.bin": 0, "196-topl_database_lib.bin": 0, "196-arbits_presale.bin": 0, "197-ERC20Basic.bin": 0, "197-ERC20.bin": 0, "197-SafeMath.bin": 0, "197-SafeERC20.bin": 0, "197-Crowdsale.bin": 0, "197-TimedCrowdsale.bin": 0, "197-CappedCrowdsale.bin": 0, "197-BasicToken.bin": 0, "197-StandardToken.bin": 0, "197-Ownable.bin": 0, "197-MintableToken.bin": 0, "197-MintedCrowdsale.bin": 0, "197-DetailedERC20.bin": 0, "197-Pausable.bin": 0, "197-PausableToken.bin": 0, "197-LoonieToken.bin": 0, "197-LoonieCrowdsale.bin": 0, "198-SafeMath.bin": 0, "198-ERC20Token.bin": 0, "198-UnlockGmi.bin": 0, "199-Crowdsale.bin": 0, "199-SafeMath.bin": 0, "199-Ownable.bin": 0, "199-ERC20Basic.bin": 0, "199-ERC20.bin": 0, "199-SafeERC20.bin": 0, "199-QuinadsCrowdsale.bin": 0, "200-SafeMath.bin": 0, "200-IERC20.bin": 0, "200-UBBCToken.bin": 1, "201-SafeMath.bin": 0, "201-ERC20Interface.bin": 1, "201-ApproveAndCallFallBack.bin": 1, "201-Owned.bin": 1, "201-QurasToken.bin": 1, "202-InGRedientToken.bin": 0, "202-ERC20Interface.bin": 0, "202-Owned.bin": 0, "202-IERC20.bin": 0, "202-PHO.bin": 1, "203-SafeMath.bin": 0, "203-IERC20.bin": 0, "203-ERC20Detailed.bin": 1, "203-HYDROGEN.bin": 1, "204-SafeMath.bin": 0, "204-owned.bin": 1, "204-tokenRecipient.bin": 0, "204-TokenERC20.bin": 1, "204-AZT.bin": 1, "205-ERC20Pistachio.bin": 0, "205-IERC20.bin": 0, "205-SafeMath.bin": 0, "205-owned.bin": 1, "205-ethBank.bin": 1, "206-SafeMath.bin": 0, "206-ERC20Interface.bin": 1, "206-ApproveAndCallFallBack.bin": 1, "206-Owned.bin": 1, "206-ForTheBlockchain.bin": 1, "207-Crowdsale.bin": 0, "207-Phishable.bin": 1, "208-SafeMath.bin": 0, "208-ERC721Interface.bin": 0, "208-ERC20.bin": 0, "208-Ownable.bin": 0, "208-NewAuctionContract.bin": 0, "208-ArconaMarketplaceContract.bin": 0, "209-Ownable.bin": 0, "209-ERC20_Interface.bin": 0, "209-RC20.bin": 0, "209-CareerOnToken.bin": 1, "210-IAccessPolicy.bin": 0, "210-IAccessControlled.bin": 0, "210-StandardRoles.bin": 0, "210-AccessControlled.bin": 0, "210-IMigrationTarget.bin": 0, "210-MigrationTarget.bin": 0, "210-EuroTokenMigrationTarget.bin": 0, "210-IMigrationSource.bin": 0, "210-MigrationSource.bin": 0, "210-AccessRoles.bin": 0, "210-IBasicToken.bin": 0, "210-Reclaimable.bin": 0, "210-ITokenMetadata.bin": 0, "210-TokenMetadata.bin": 0, "210-IERC20Allowance.bin": 0, "210-IERC20Token.bin": 0, "210-IERC677Callback.bin": 0, "210-IERC677Allowance.bin": 0, "210-IERC677Token.bin": 0, "210-Math.bin": 0, "210-BasicToken.bin": 0, "210-StandardToken.bin": 0, "210-EuroToken.bin": 0, "211-Wallet.bin": 1, "212-AbstractToken.bin": 0, "212-Token.bin": 0, "212-SafeMath.bin": 0, "212-Rubixi.bin": 1, "213-SimpleSuicide.bin": 1, "214-IERC20.bin": 0, "214-SafeMath.bin": 0, "214-ERC20Detailed.bin": 1, "214-HYDROGEN.bin": 1, "215-SafeMath.bin": 0, "215-IERC20.bin": 0, "215-PHO.bin": 1, "216-ERC20Interface.bin": 1, "216-IERC20Interface.bin": 1, "216-RaffleToken.bin": 0, "216-SafeMath.bin": 0, "216-RaffleTokenExchange.bin": 1, "217-Moloch.bin": 0, "217-IERC20.bin": 0, "217-Ownable.bin": 0, "217-GuildBank.bin": 0, "217-SafeMath.bin": 0, "218-SafeMath.bin": 0, "218-ERC20.bin": 0, "218-SATCoin.bin": 0, "219-ERC20.bin": 0, "219-IERC20.bin": 0, "219-EventMetadata.bin": 1, "219-Operated.bin": 1, "219-ProofHashes.bin": 1, "219-MultiHashWrapper.bin": 1, "219-iFactory.bin": 0, "219-Template.bin": 1, "219-Feed.bin": 1, "220-Ownable.bin": 0, "220-IERC20.bin": 0, "220-ERC20Detailed.bin": 0, "220-SafeMath.bin": 0, "220-ERC20.bin": 0, "220-Roles.bin": 0, "220-MinterRole.bin": 0, "220-ERC20Mintable.bin": 0, "220-ERC20Burnable.bin": 0, "220-Athlon.bin": 0, "221-HRKD.bin": 0, "221-WalletEvents.bin": 0, "221-WalletAbi.bin": 0, "221-WalletLibrary.bin": 1, "222-Ownable.bin": 0, "222-Roles.bin": 0, "222-RBAC.bin": 0, "222-SafeMath.bin": 0, "222-ERC20Basic.bin": 0, "222-ERC20.bin": 0, "222-BasicToken.bin": 0, "222-StandardToken.bin": 0, "222-Pausable.bin": 0, "222-PausableToken.bin": 0, "222-BlackListToken.bin": 0, "222-TwoPhaseToken.bin": 0, "222-UpgradedStandardToken.bin": 0, "222-WitToken.bin": 0, "223-SafeMathLib.bin": 0, "223-Ownable.bin": 0, "223-Haltable.bin": 0, "223-PricingStrategy.bin": 0, "223-FinalizeAgent.bin": 0, "223-ERC20.bin": 0, "223-FractionalERC20.bin": 0, "223-Crowdsale.bin": 0, "223-SafeMath.bin": 0, "223-StandardToken.bin": 0, "223-UpgradeAgent.bin": 0, "223-UpgradeableToken.bin": 0, "223-ReleasableToken.bin": 0, "223-MintableToken.bin": 0, "223-CrowdsaleToken.bin": 0, "223-MysteriumPricing.bin": 0, "223-MysteriumTokenDistribution.bin": 0, "224-SafeMath.bin": 0, "224-ItemsInterfaceForEternalStorage.bin": 0, "224-EternalStorage.bin": 0, "225-Wallet.bin": 1, "226-Ownable.bin": 0, "226-Pausable.bin": 0, "226-SafeMath.bin": 0, "226-ERC20Basic.bin": 0, "226-BasicToken.bin": 0, "226-ERC20.bin": 0, "226-StandardToken.bin": 0, "226-MintableToken.bin": 0, "226-StarCoin.bin": 0, "226-InvestorWhiteList.bin": 0, "226-StarCoinPreSale.bin": 0, "227-SafeMath.bin": 0, "227-owned.bin": 1, "227-tokenRecipient.bin": 1, "227-Token.bin": 1, "227-MindsyncPlatform.bin": 1, "228-Ownable.bin": 1, "228-IERC20.bin": 0, "228-SafeMath.bin": 0, "228-ERC20Detailed.bin": 1, "228-DanPanCoin.bin": 1, "229-Token.bin": 1, "229-SafeMath.bin": 0, "229-StableDEX.bin": 1, "230-SafeMath.bin": 0, "230-IERC20.bin": 0, "230-ERC20.bin": 1, "230-ERC20Detailed.bin": 1, "230-SimpleSwapCoin.bin": 1, "231-MultiOwnable.bin": 1, "231-TestContract.bin": 0, "232-DragonFarmer.bin": 0, "232-WalletEvents.bin": 0, "232-WalletAbi.bin": 0, "232-WalletLibrary.bin": 1, "233-SafeMath.bin": 0, "233-IERC20.bin": 0, "233-ERC20.bin": 1, "233-ERC20Burnable.bin": 1, "233-ERC20Detailed.bin": 1, "233-AGR.bin": 1, "234-IERC20.bin": 0, "234-ERC20Detailed.bin": 0, "234-SafeMath.bin": 0, "234-ERC20.bin": 0, "234-ERC20Burnable.bin": 0, "234-Ownable.bin": 0, "234-Roles.bin": 0, "234-PauserRole.bin": 0, "234-Pausable.bin": 0, "234-MinterRole.bin": 0, "234-WhitelistAdminRole.bin": 0, "234-WhitelistedRole.bin": 0, "234-InvictusWhitelist.bin": 0, "234-C10Token.bin": 0, "235-Ownable.bin": 0, "235-SafeMath.bin": 0, "235-ERC20Basic.bin": 0, "235-ERC20.bin": 0, "235-BasicToken.bin": 0, "235-StandardToken.bin": 0, "235-TeuToken.bin": 0, "235-Pausable.bin": 0, "235-TeuBookingDeposit.bin": 0, "236-IERC20.bin": 0, "236-SafeMath.bin": 0, "236-DamoChain.bin": 0, "236-Ownable.bin": 0, "236-WalletEvents.bin": 0, "236-WalletAbi.bin": 0, "236-WalletLibrary.bin": 1, "237-Ownable.bin": 0, "237-Pausable.bin": 0, "237-Destructible.bin": 0, "237-EDCoreInterface.bin": 0, "237-DungeonRunCore.bin": 0, "238-SafeMath.bin": 0, "238-RequestUid.bin": 0, "238-AdminUpgradeable.bin": 0, "238-BICALogicUpgradeable.bin": 0, "238-BICALogic.bin": 0, "238-BICALedger.bin": 0, "238-ERC20Interface.bin": 0, "238-BICAProxy.bin": 0, "239-ERC20Interface.bin": 0, "239-Owned.bin": 0, "239-FixedSupplyToken.bin": 0, "239-SafeMath.bin": 0, "239-FomoFeast.bin": 1, "240-IERC165.bin": 0, "240-IERC721.bin": 0, "240-IERC721Receiver.bin": 0, "240-SafeMath.bin": 0, "240-Address.bin": 0, "240-ERC165.bin": 0, "240-ERC721.bin": 0, "240-IERC721Metadata.bin": 0, "240-ERC721Metadata.bin": 0, "240-Roles.bin": 0, "240-MinterRole.bin": 0, "240-ERC721MetadataMintable.bin": 0, "240-Ownable.bin": 0, "240-RadxCollectible.bin": 0, "241-NokuPricingPlan.bin": 0, "241-Ownable.bin": 0, "241-Pausable.bin": 0, "241-SafeMath.bin": 0, "241-ERC20Basic.bin": 0, "241-ERC20.bin": 0, "241-BurnableERC20.bin": 0, "241-NokuTokenBurner.bin": 0, "241-BasicToken.bin": 0, "241-BurnableToken.bin": 0, "241-DetailedERC20.bin": 0, "241-StandardToken.bin": 0, "241-MintableToken.bin": 0, "241-NokuCustomERC20.bin": 0, "242-SafeMath.bin": 0, "242-ExtendedMath.bin": 0, "242-ERC20Interface.bin": 1, "242-ApproveAndCallFallBack.bin": 1, "242-Owned.bin": 1, "242-_Yesbuzz.bin": 1, "243-WalletEvents.bin": 0, "243-WalletAbi.bin": 0, "243-WalletLibrary.bin": 1, "244-SafeMath.bin": 0, "244-ERC20Basic.bin": 0, "244-ERC20.bin": 0, "244-Escrow.bin": 0, "245-IERC20.bin": 0, "245-SafeMath.bin": 0, "245-ERC20.bin": 1, "245-ERC20Burnable.bin": 1, "245-ERC20Detailed.bin": 1, "245-AGR.bin": 1, "246-Missing.bin": 1, "247-SafeMath.bin": 0, "247-ERC20.bin": 0, "247-ReserveToken.bin": 0, "247-EtherDelta.bin": 0, "248-Ownable.bin": 1, "248-Stoppable.bin": 1, "248-RampInstantPoolInterface.bin": 0, "248-RampInstantEscrowsPoolInterface.bin": 1, "248-RampInstantPool.bin": 1, "248-RampInstantEthPool.bin": 1, "249-Destructible.bin": 0, "249-Ownable.bin": 0, "249-Rubixi.bin": 1, "250-PauserRole.bin": 0, "250-Pausable.bin": 0, "250-MultiOwnable.bin": 1, "250-TestContract.bin": 0, "251-Ownable.bin": 0, "251-Claimable.bin": 0, "251-ERC20Basic.bin": 0, "251-ERC20.bin": 0, "251-SafeERC20.bin": 0, "251-CanReclaimToken.bin": 0, "251-OwnableContract.bin": 0, "251-OwnableContractOwner.bin": 0, "251-ControllerInterface.bin": 0, "251-SafeMath.bin": 0, "251-BasicToken.bin": 0, "251-StandardToken.bin": 0, "251-DetailedERC20.bin": 0, "251-MintableToken.bin": 0, "251-BurnableToken.bin": 0, "251-Pausable.bin": 0, "251-PausableToken.bin": 0, "251-WBTC.bin": 0, "251-MembersInterface.bin": 0, "251-Controller.bin": 0, "252-SafeMathLib.bin": 0, "252-Ownable.bin": 0, "252-Haltable.bin": 0, "252-PricingStrategy.bin": 0, "252-FinalizeAgent.bin": 0, "252-ERC20.bin": 0, "252-FractionalERC20.bin": 0, "252-Crowdsale.bin": 0, "252-MysteriumPricing.bin": 0, "252-SafeMath.bin": 0, "252-StandardToken.bin": 0, "252-MintableToken.bin": 0, "252-MysteriumCrowdsale.bin": 0, "253-Ownable.bin": 0, "253-WalletEvents.bin": 0, "253-WalletAbi.bin": 0, "253-WalletLibrary.bin": 1, "254-SafeMath.bin": 0, "254-ERC20Basic.bin": 0, "254-BasicToken.bin": 0, "254-ERC20.bin": 0, "254-StandardToken.bin": 0, "254-SafeERC20.bin": 0, "254-Owned.bin": 0, "254-TokenVesting.bin": 0, "254-TokenVault.bin": 0, "254-BurnableToken.bin": 0, "254-LCGC_Token.bin": 0, "255-ERC20.bin": 0, "255-StandardToken.bin": 0, "255-Ownable.bin": 0, "255-Pausable.bin": 0, "255-SimpleSuicide.bin": 1, "256-CareerOnToken.bin": 1, "257-Token.bin": 0, "257-AbstractToken.bin": 0, "257-SafeMath.bin": 0, "257-SimpleSuicide.bin": 1, "258-StandardERC20Factory.bin": 0, "258-SafeMath.bin": 0, "258-Roles.bin": 0, "258-MinterRole.bin": 0, "258-PauserRole.bin": 0, "258-Pausable.bin": 0, "258-IERC20.bin": 0, "258-ERC20.bin": 0, "258-ERC20Burnable.bin": 0, "258-ERC20Pausable.bin": 0, "258-StandardERC20.bin": 0, "259-Ownable.bin": 0, "259-Administratable.bin": 0, "259-TimeLockable.bin": 0, "259-Freezable.bin": 0, "259-IERC20.bin": 0, "259-SafeMath.bin": 0, "259-ERC20.bin": 0, "259-ERC20Burnable.bin": 0, "259-XtockToken.bin": 0, "260-ERC20.bin": 0, "260-SafeMath.bin": 0, "260-StandardToken.bin": 0, "260-BurnableToken.bin": 0, "260-UpgradeAgent.bin": 0, "260-UpgradeableToken.bin": 0, "260-Ownable.bin": 0, "260-ReleasableToken.bin": 0, "260-SafeMathLib.bin": 0, "260-MintableToken.bin": 0, "260-CrowdsaleToken.bin": 0, "260-BurnableCrowdsaleToken.bin": 0, "261-Ownable.bin": 0, "261-IERC20.bin": 0, "261-SafeMath.bin": 0, "261-ERC20Detailed.bin": 1, "261-BIGBOMBv2.bin": 1, "262-SafeMath.bin": 0, "262-Ownable.bin": 0, "262-ERC20Basic.bin": 0, "262-BasicToken.bin": 0, "262-BurnableToken.bin": 0, "262-DescriptiveToken.bin": 0, "262-MintableToken.bin": 0, "262-CappedMintableToken.bin": 0, "262-ERC20.bin": 0, "262-StandardToken.bin": 0, "262-ReleasableToken.bin": 0, "262-OnLiveToken.bin": 0, "263-PricingStrategy.bin": 0, "263-SafeMathLib.bin": 0, "263-Ownable.bin": 0, "263-Haltable.bin": 0, "263-FinalizeAgent.bin": 0, "263-ERC20.bin": 0, "263-FractionalERC20.bin": 0, "263-Crowdsale.bin": 0, "263-MysteriumPricing.bin": 0, "264-Token.bin": 0, "264-SafeMath.bin": 0, "264-StandardToken.bin": 0, "264-GRO.bin": 0, "265-DSAuthority.bin": 0, "265-DSAuthEvents.bin": 0, "265-DSAuth.bin": 0, "265-AssetPriceOracle.bin": 0, "265-SafeMath.bin": 0, "265-ContractForDifference.bin": 0, "266-owned.bin": 1, "266-tokenRecipient.bin": 1, "266-Token.bin": 1, "266-SafeMath.bin": 0, "266-MindsyncPlatform.bin": 1, "267-SafeMath.bin": 0, "267-owned.bin": 1, "267-tokenRecipient.bin": 1, "267-Token.bin": 1, "267-MindsyncPlatform.bin": 1, "268-SafeMath.bin": 0, "268-CareerOnToken.bin": 1, "269-SafeMath.bin": 0, "269-IERC20.bin": 0, "269-ERC20Detailed.bin": 0, "269-ERC20.bin": 0, "269-Roles.bin": 0, "269-PauserRole.bin": 0, "269-Pausable.bin": 0, "269-ERC20Pausable.bin": 0, "269-MinterRole.bin": 0, "269-ERC20Mintable.bin": 0, "269-Ownable.bin": 0, "269-IWhitelist.bin": 0, "269-ERC20Whitelistable.bin": 0, "269-BurnerRole.bin": 0, "269-ERC20Burnable.bin": 0, "269-CanReclaimEther.bin": 0, "269-SafeERC20.bin": 0, "269-CanReclaimToken.bin": 0, "269-LeveragedToken.bin": 0, "270-Lockable.bin": 0, "270-IERC20.bin": 0, "270-SafeMath.bin": 0, "270-ERC20Detailed.bin": 1, "270-BIGBOMBv2.bin": 1, "271-SafeMath.bin": 0, "271-Ownable.bin": 0, "271-Helper.bin": 0, "271-LNXtest.bin": 0, "272-BasicToken.bin": 0, "272-ERC20Basic.bin": 0, "272-SafeMath.bin": 0, "272-IERC20.bin": 0, "272-ERC20.bin": 1, "272-ERC20Detailed.bin": 1, "272-SimpleSwapCoin.bin": 1, "273-Ownable.bin": 1, "273-ChannelWallet.bin": 1, "274-SafeMath.bin": 0, "274-ERC20Basic.bin": 0, "274-ERC20.bin": 0, "274-BasicToken.bin": 0, "274-StandardToken.bin": 0, "274-Role.bin": 0, "274-Pausable.bin": 0, "274-SamToken.bin": 0, "275-SafeMath.bin": 0, "275-IERC20.bin": 0, "275-SafeERC20.bin": 0, "275-Ownable.bin": 0, "275-ERC20Detailed.bin": 0, "275-ERC20.bin": 0, "275-Roles.bin": 0, "275-PauserRole.bin": 0, "275-Pausable.bin": 0, "275-ERC20Pausable.bin": 0, "275-ERC20Burnable.bin": 0, "275-MinterRole.bin": 0, "275-ERC20Mintable.bin": 0, "275-ERC20Capped.bin": 0, "275-SgmToken.bin": 0, "275-OperationsVesting.bin": 0, "276-SafeMath.bin": 0, "276-ERC20Interface.bin": 1, "276-ApproveAndCallFallBack.bin": 1, "276-Owned.bin": 1, "276-ForTheBlockchain.bin": 1, "277-SafeMath.bin": 0, "277-EventMetadata.bin": 1, "277-Operated.bin": 1, "277-ProofHashes.bin": 1, "277-MultiHashWrapper.bin": 1, "277-iFactory.bin": 0, "277-Template.bin": 1, "277-Feed.bin": 1, "278-SafeMathLib.bin": 0, "278-Ownable.bin": 0, "278-Haltable.bin": 0, "278-PricingStrategy.bin": 0, "278-FinalizeAgent.bin": 0, "278-ERC20.bin": 0, "278-FractionalERC20.bin": 0, "278-Crowdsale.bin": 0, "278-SafeMath.bin": 0, "278-StandardToken.bin": 0, "278-UpgradeAgent.bin": 0, "278-UpgradeableToken.bin": 0, "278-ReleasableToken.bin": 0, "278-MintableToken.bin": 0, "278-CrowdsaleToken.bin": 0, "278-MysteriumPricing.bin": 0, "278-MysteriumTokenDistribution.bin": 0, "279-IERC20.bin": 0, "279-SafeMath.bin": 0, "279-ERC20.bin": 0, "279-Ownable.bin": 0, "279-ERC20Burnable.bin": 0, "279-Roles.bin": 0, "279-PauserRole.bin": 0, "279-Pausable.bin": 0, "279-ERC20Pausable.bin": 0, "279-ERC20Detailed.bin": 0, "279-JQKToken.bin": 0, "280-SafeMath.bin": 0, "280-ERC20Basic.bin": 0, "280-ERC20.bin": 0, "280-Escrow.bin": 0, "281-SafeMath.bin": 0, "281-ERC20Basic.bin": 0, "281-BasicToken.bin": 0, "281-ERC20.bin": 0, "281-StandardToken.bin": 0, "281-SafeERC20.bin": 0, "281-Owned.bin": 0, "281-TokenVesting.bin": 0, "281-TokenVault.bin": 0, "281-BurnableToken.bin": 0, "281-NIC_Token.bin": 0, "282-BLAccess.bin": 0, "282-DataStorageInterface.bin": 0, "282-BLStorage.bin": 0, "282-BLBalances.bin": 0, "282-BLBlocks.bin": 0, "282-BLMain.bin": 0, "283-IERC20.bin": 0, "283-SafeMath.bin": 0, "283-ERC20.bin": 0, "283-ERC20Detailed.bin": 0, "283-Ownable.bin": 0, "283-Pausable.bin": 0, "283-ERC20Pausable.bin": 0, "283-WalletPausable.bin": 0, "283-ERC20WalletPausable.bin": 0, "283-TransferAndPause.bin": 0, "283-Ortp.bin": 0, "284-SafeMath.bin": 0, "284-Wallet.bin": 1, "285-FibonacciBalance.bin": 1, "285-FibonacciLib.bin": 0, "286-SafeMath.bin": 0, "286-IERC20.bin": 0, "286-PHO.bin": 1, "287-ERC20.bin": 0, "287-IERC20.bin": 0, "287-SafeMath.bin": 0, "287-FomoFeast.bin": 1, "288-SafeMath.bin": 0, "288-owned.bin": 1, "288-tokenRecipient.bin": 1, "288-Token.bin": 1, "288-MindsyncPlatform.bin": 1, "289-SafeMath.bin": 0, "289-IERC20.bin": 0, "289-ERC20Detailed.bin": 1, "289-BIGBOMBv2.bin": 1, "290-IERC20.bin": 0, "290-SafeMath.bin": 0, "290-ERC20.bin": 0, "290-ERC20Detailed.bin": 0, "290-Roles.bin": 0, "290-MinterRole.bin": 0, "290-ERC20Mintable.bin": 0, "290-ERC20Burnable.bin": 0, "290-PauserRole.bin": 0, "290-Pausable.bin": 0, "290-ERC20Pausable.bin": 0, "290-INRD.bin": 0, "291-SafeMath.bin": 0, "291-ERC20Basic.bin": 0, "291-BasicToken.bin": 0, "291-ERC20.bin": 0, "291-StandardToken.bin": 0, "291-Ownable.bin": 0, "291-MintableToken.bin": 0, "291-RocketToken.bin": 0, "291-Crowdsale.bin": 0, "291-RocketTokenCrowdsale.bin": 0, "292-ERC20Interface.bin": 0, "292-Owned.bin": 0, "292-LENS.bin": 0, "292-IERC20.bin": 0, "292-SafeMath.bin": 0, "292-ERC20.bin": 1, "292-ERC20Burnable.bin": 1, "292-ERC20Detailed.bin": 1, "292-AGR.bin": 1, "293-Ownable.bin": 1, "293-AccountWallet.bin": 1, "294-SafeMath.bin": 0, "294-Wallet.bin": 1, "295-SafeMath.bin": 0, "295-IERC20.bin": 0, "295-ERC20.bin": 1, "295-ERC20Detailed.bin": 1, "295-SimpleSwapCoin.bin": 1, "296-FixedAddress.bin": 0, "296-RegistryInterface.bin": 0, "296-AccessModifiers.bin": 0, "296-TreasuryInterface.bin": 0, "296-Treasury.bin": 0, "297-ECRecovery.bin": 0, "297-SigningLogic.bin": 0, "297-Initializable.bin": 0, "297-AccountRegistryLogic.bin": 0, "298-SafeMath.bin": 0, "298-ERC20Basic.bin": 0, "298-BasicToken.bin": 0, "298-ERC20.bin": 0, "298-StandardToken.bin": 0, "298-SafeERC20.bin": 0, "298-Owned.bin": 0, "298-TokenVesting.bin": 0, "298-TokenVault.bin": 0, "298-BurnableToken.bin": 0, "298-LCP_Token.bin": 0, "299-IERC20.bin": 0, "299-Marmo.bin": 0, "299-ECDSA.bin": 0, "299-Ownable.bin": 1, "299-ReentrancyGuard.bin": 1, "299-FeeTransactionManager.bin": 1, "300-SafeMath.bin": 0, "300-IERC20.bin": 0, "300-ERC20.bin": 1, "300-ERC20Detailed.bin": 1, "300-SaveWon.bin": 1, "301-IERC20.bin": 0, "301-ERC20.bin": 0, "301-SafeMath.bin": 0, "301-owned.bin": 1, "301-ethBank.bin": 1, "302-Wallet.bin": 1, "303-SafeMath.bin": 0, "303-Ownable.bin": 0, "303-PausableOnce.bin": 0, "303-ERC20Basic.bin": 0, "303-BasicToken.bin": 0, "303-ERC20.bin": 0, "303-StandardToken.bin": 0, "303-InterfaceUpgradeAgent.bin": 0, "303-UpgradableToken.bin": 0, "303-Withdrawable.bin": 0, "303-SaviorToken.bin": 0, "304-SafeMath.bin": 0, "304-Ownable.bin": 0, "304-Pausable.bin": 0, "304-ERC20.bin": 0, "304-StandardToken.bin": 0, "304-PausableERC20Token.bin": 0, "304-BurnablePausableERC20Token.bin": 0, "304-FreezableBurnablePausableERC20Token.bin": 0, "304-WDT.bin": 0, "305-IAccounting.bin": 0, "305-IAccountingFactory.bin": 0, "305-IERC20.bin": 0, "305-IDisputer.bin": 0, "305-ICrowdsourcerParent.bin": 0, "305-FeeWindow.bin": 0, "305-Universe.bin": 0, "305-ReportingParticipant.bin": 0, "305-Market.bin": 0, "305-ICrowdsourcer.bin": 0, "305-IDisputerFactory.bin": 0, "305-DisputerParams.bin": 0, "305-Crowdsourcer.bin": 0, "306-Wallet.bin": 1, "307-SafeMath.bin": 0, "307-FomoFeast.bin": 1, "308-IERC20.bin": 0, "308-SafeMath.bin": 0, "308-Ownable.bin": 1, "308-ERC20Detailed.bin": 1, "308-DanPanCoin.bin": 1, "309-ERC20.bin": 0, "309-SafeMath.bin": 0, "309-StandardToken.bin": 0, "309-BurnableToken.bin": 0, "309-SafeERC20.bin": 0, "309-Crowdsale.bin": 0, "309-Ownable.bin": 0, "309-EvedoToken.bin": 0, "309-EvedoCrowdSale.bin": 0, "309-EvedoExclusiveSale.bin": 0, "310-BLAccess.bin": 0, "310-DataStorageInterface.bin": 0, "310-BLStorage.bin": 0, "310-BLBalances.bin": 0, "310-BLBlocks.bin": 0, "310-BLMain.bin": 0, "311-Roles.bin": 0, "311-RBAC.bin": 0, "311-SafeMath.bin": 0, "311-ERC20Basic.bin": 0, "311-BasicToken.bin": 0, "311-BurnableToken.bin": 0, "311-ERC20.bin": 0, "311-StandardToken.bin": 0, "311-DUBI.bin": 0, "311-Purpose.bin": 0, "311-Ownable.bin": 0, "311-SafeERC20.bin": 0, "311-Hodler.bin": 0, "311-HodlFor.bin": 0, "312-Ownable.bin": 0, "312-SafeMath.bin": 0, "312-IERC20.bin": 0, "312-SafeERC20.bin": 0, "312-MaticTokenVesting.bin": 0, "313-IERC20.bin": 0, "313-SafeMath.bin": 0, "313-ReverseRegistrar.bin": 0, "313-Etherclear.bin": 0, "314-Roles.bin": 0, "314-RBAC.bin": 0, "314-SafeMath.bin": 0, "314-ERC20Basic.bin": 0, "314-BasicToken.bin": 0, "314-BurnableToken.bin": 0, "314-ERC20.bin": 0, "314-StandardToken.bin": 0, "314-DUBI.bin": 0, "314-Purpose.bin": 0, "314-Ownable.bin": 0, "314-SafeERC20.bin": 0, "314-Hodler.bin": 0, "315-CareerOnToken.bin": 1, "316-Token.bin": 0, "316-AbstractToken.bin": 0, "316-SafeMath.bin": 0, "316-WalletEvents.bin": 0, "316-WalletAbi.bin": 0, "316-WalletLibrary.bin": 1, "317-KingToken.bin": 0, "317-ERC20Interface.bin": 0, "317-Owned.bin": 0, "317-SafeMath.bin": 0, "317-IERC20.bin": 0, "317-ERC20.bin": 1, "317-ERC20Detailed.bin": 1, "317-SimpleSwapCoin.bin": 1, "318-IERC20.bin": 0, "318-SafeMath.bin": 0, "318-ERC20.bin": 0, "318-ERC20Detailed.bin": 0, "318-Ownable.bin": 0, "318-Remote.bin": 0, "318-ProofOfTrident.bin": 0, "318-ERC20Burnable.bin": 0, "318-Vault.bin": 0, "319-Owned.bin": 0, "319-ERC20Interface.bin": 0, "319-FixedSupplyToken.bin": 0, "319-IERC20.bin": 0, "319-SafeMath.bin": 0, "319-Ownable.bin": 1, "319-ERC20Detailed.bin": 1, "319-DanPanCoin.bin": 1, "320-SafeMath.bin": 0, "320-ERC20Basic.bin": 0, "320-BasicToken.bin": 0, "320-ERC20.bin": 0, "320-StandardToken.bin": 0, "320-SafeERC20.bin": 0, "320-Owned.bin": 0, "320-TokenVesting.bin": 0, "320-TokenVault.bin": 0, "320-BurnableToken.bin": 0, "320-BAG_Token.bin": 0, "321-IAccessPolicy.bin": 0, "321-IAccessControlled.bin": 0, "321-StandardRoles.bin": 0, "321-AccessControlled.bin": 0, "321-IsContract.bin": 0, "321-AccessRoles.bin": 0, "321-IBasicToken.bin": 0, "321-Reclaimable.bin": 0, "321-ITokenMetadata.bin": 0, "321-TokenMetadata.bin": 0, "321-IERC223Callback.bin": 0, "321-IERC223Token.bin": 0, "321-IERC20Allowance.bin": 0, "321-IERC20Token.bin": 0, "321-IERC677Callback.bin": 0, "321-IERC677Allowance.bin": 0, "321-IERC677Token.bin": 0, "321-Math.bin": 0, "321-BasicToken.bin": 0, "321-StandardToken.bin": 0, "321-EtherToken.bin": 0, "322-Manageable.bin": 0, "322-Rubixi.bin": 1, "323-SafeMath.bin": 0, "323-Roles.bin": 0, "323-PauserRole.bin": 0, "323-Pausable.bin": 0, "323-Ownable.bin": 0, "323-KittyBountiesAdmin.bin": 0, "323-KittyCore.bin": 0, "323-KittyBounties.bin": 0, "324-Phishable.bin": 1, "325-SafeMath.bin": 0, "325-CareerOnToken.bin": 1, "326-SafeMath.bin": 0, "326-ERC20Basic.bin": 0, "326-ERC20.bin": 0, "326-Escrow.bin": 0, "327-SafeMath.bin": 0, "327-IERC20.bin": 0, "327-Ownable.bin": 1, "327-ERC20Detailed.bin": 1, "327-DanPanCoin.bin": 1, "328-SafeMath.bin": 0, "328-owned.bin": 1, "328-ethBank.bin": 1, "329-SafeMath.bin": 0, "329-Wallet.bin": 1, "330-SafeMath.bin": 0, "330-IERC20.bin": 0, "330-ERC20.bin": 1, "330-ERC20Detailed.bin": 1, "330-SimpleSwapCoin.bin": 1, "331-HarjFarmer.bin": 0, "331-Rubixi.bin": 1, "332-WhiteBetting.bin": 1, "333-SafeMath.bin": 0, "333-ERC20Interface.bin": 1, "333-ApproveAndCallFallBack.bin": 1, "333-Owned.bin": 1, "333-ForTheBlockchain.bin": 1, "334-SafeMath.bin": 0, "334-IERC20.bin": 0, "334-ERC20.bin": 1, "334-ERC20Burnable.bin": 1, "334-ERC20Detailed.bin": 1, "334-AGR.bin": 1, "335-SafeMath.bin": 0, "335-Ownable.bin": 0, "335-SKYFToken.bin": 0, "336-FormSI060719.bin": 0, "336-ERC165.bin": 0, "336-IERC165.bin": 0, "336-IERC721.bin": 0, "336-SafeMath.bin": 0, "336-FomoFeast.bin": 1, "337-TAMC.bin": 1, "338-SafeMath.bin": 0, "338-Ownable.bin": 0, "338-PausableOnce.bin": 0, "338-ERC20Basic.bin": 0, "338-BasicToken.bin": 0, "338-ERC20.bin": 0, "338-StandardToken.bin": 0, "338-InterfaceUpgradeAgent.bin": 0, "338-UpgradableToken.bin": 0, "338-Withdrawable.bin": 0, "338-CtdToken.bin": 0, "339-ComptrollerInterface.bin": 0, "339-ComptrollerErrorReporter.bin": 0, "339-TokenErrorReporter.bin": 0, "339-CarefulMath.bin": 0, "339-Exponential.bin": 0, "339-EIP20Interface.bin": 0, "339-EIP20NonStandardInterface.bin": 0, "339-ReentrancyGuard.bin": 0, "339-InterestRateModel.bin": 0, "339-CToken.bin": 0, "339-CErc20.bin": 0, "340-FixedSupplyToken.bin": 0, "340-Owned.bin": 0, "340-ERC20Interface.bin": 0, "340-SafeMath.bin": 0, "340-FomoFeast.bin": 1, "341-ERC20.bin": 0, "341-SafeMath.bin": 0, "341-Ownable.bin": 0, "341-StandardToken.bin": 0, "341-TravelHelperToken.bin": 0, "342-Ownable.bin": 0, "342-SafeMath.bin": 0, "342-CommunityVesting.bin": 0, "342-EcosystemVesting.bin": 0, "342-SeedPrivateAdvisorVesting.bin": 0, "342-TeamVesting.bin": 0, "342-TokenInterface.bin": 0, "342-Vesting.bin": 0, "343-SafeMath.bin": 0, "343-ERC20Basic.bin": 0, "343-BasicToken.bin": 0, "343-ERC20.bin": 0, "343-StandardToken.bin": 0, "343-SafeERC20.bin": 0, "343-Owned.bin": 0, "343-TokenVesting.bin": 0, "343-TokenVault.bin": 0, "343-BurnableToken.bin": 0, "343-CWI_Token.bin": 0, "344-IERC20.bin": 0, "344-SafeMath.bin": 0, "344-ERC20.bin": 0, "344-Roles.bin": 0, "344-MinterRole.bin": 0, "344-ERC20Mintable.bin": 0, "344-PauserRole.bin": 0, "344-Pausable.bin": 0, "344-ReentrancyGuard.bin": 0, "344-Ownable.bin": 0, "344-Administrable.bin": 0, "344-WhiteList.bin": 0, "344-C50.bin": 0, "345-IERC20.bin": 0, "345-ERC20Detailed.bin": 0, "345-SafeMath.bin": 0, "345-ERC20.bin": 0, "345-Roles.bin": 0, "345-MinterRole.bin": 0, "345-ERC20Mintable.bin": 0, "345-Ownable.bin": 0, "345-ComplianceService.bin": 0, "345-DividendService.bin": 0, "345-ServiceRegistry.bin": 0, "345-BlueshareToken.bin": 0, "346-IERC20.bin": 0, "346-SafeMath.bin": 0, "346-ERC20.bin": 0, "346-MintableToken.bin": 0, "346-Roles.bin": 0, "346-PauserRole.bin": 0, "346-Pausable.bin": 0, "346-Ownable.bin": 0, "346-FLINT.bin": 0, "347-Ownable.bin": 0, "347-Vera.bin": 0, "347-ERC20.bin": 0, "347-MultiOwnable.bin": 1, "347-TestContract.bin": 0, "348-SafeMath.bin": 0, "348-Ownable.bin": 0, "348-IERC20.bin": 0, "348-ERC20.bin": 0, "348-ERC20Detailed.bin": 0, "348-SafeERC20.bin": 0, "348-MoneyMarketInterface.bin": 0, "348-LoanEscrow.bin": 0, "348-DividendDistributingToken.bin": 0, "348-LandRegistryInterface.bin": 0, "348-LandRegistryProxyInterface.bin": 0, "348-WhitelistInterface.bin": 0, "348-WhitelistProxyInterface.bin": 0, "348-TokenizedProperty.bin": 0, "349-Ownable.bin": 0, "349-Administratable.bin": 0, "349-TimeLockable.bin": 0, "349-Freezable.bin": 0, "349-IERC20.bin": 0, "349-SafeMath.bin": 0, "349-ERC20.bin": 0, "349-ERC20Burnable.bin": 0, "349-CustodyToken.bin": 0, "350-SafeMath.bin": 0, "350-IERC20.bin": 0, "350-Ownable.bin": 1, "350-ERC20Detailed.bin": 1, "350-DanPanCoin.bin": 1, "351-SafeMath.bin": 0, "351-Ownable.bin": 0, "351-IERC20.bin": 0, "351-ERC20.bin": 0, "351-ERC20Detailed.bin": 0, "351-ERC20Burnable.bin": 0, "351-Roles.bin": 0, "351-MinterRole.bin": 0, "351-ERC20Mintable.bin": 0, "351-PauserRole.bin": 0, "351-Pausable.bin": 0, "351-ERC20Pausable.bin": 0, "351-AMICUS.bin": 0, "352-SafeMath.bin": 0, "352-ERC20Basic.bin": 0, "352-BasicToken.bin": 0, "352-ERC20.bin": 0, "352-StandardToken.bin": 0, "352-SafeERC20.bin": 0, "352-Owned.bin": 0, "352-TokenVesting.bin": 0, "352-TokenVault.bin": 0, "352-BurnableToken.bin": 0, "352-CES_Token.bin": 0, "353-IERC20.bin": 0, "353-ERC20.bin": 0, "353-SafeMath.bin": 0, "353-ERC20Interface.bin": 1, "353-ApproveAndCallFallBack.bin": 1, "353-Owned.bin": 1, "353-ForTheBlockchain.bin": 1, "354-BCE.bin": 0, "354-WalletEvents.bin": 0, "354-WalletAbi.bin": 0, "354-WalletLibrary.bin": 1, "355-Ownable.bin": 0, "355-SimpleSuicide.bin": 1, "356-Burnable.bin": 0, "356-Mintable.bin": 0, "356-ERC20Basic.bin": 0, "356-ERC20.bin": 0, "356-SafeERC20.bin": 0, "356-TokenTimelock.bin": 0, "356-SafeMath.bin": 0, "356-Ownable.bin": 0, "356-TokenVesting.bin": 0, "356-Pausable.bin": 0, "356-BasicToken.bin": 0, "356-StandardToken.bin": 0, "356-PausableToken.bin": 0, "356-AdaptableToken.bin": 0, "356-NokuMasterToken.bin": 0, "357-Sign.bin": 0, "357-SimpleSuicide.bin": 1, "358-SafeMath.bin": 0, "358-Ownable.bin": 0, "358-ERC20Basic.bin": 0, "358-ERC20.bin": 0, "358-BasicToken.bin": 0, "358-StandardToken.bin": 0, "358-MintableToken.bin": 0, "358-OPUCoin.bin": 0, "358-ColdStorage.bin": 0, "358-Vesting.bin": 0, "358-Allocation.bin": 0, "359-SafeMath.bin": 0, "359-IERC20.bin": 0, "359-ERC20.bin": 0, "359-Roles.bin": 0, "359-MinterRole.bin": 0, "359-ERC20Mintable.bin": 0, "359-ERC20Burnable.bin": 0, "359-TuneTradeToken.bin": 0, "359-WhitelistAdminRole.bin": 0, "359-WhitelistedRole.bin": 0, "359-TeamRole.bin": 0, "359-SafeERC20.bin": 0, "359-SwapContract.bin": 0, "360-Roles.bin": 0, "360-IERC20.bin": 0, "360-PauserRole.bin": 0, "360-SafeMath.bin": 0, "360-TaxLib.bin": 0, "360-ERC20.bin": 0, "360-Pausable.bin": 0, "360-ERC20Pausable.bin": 0, "360-ERC20Detailed.bin": 0, "360-ERC20Burnable.bin": 0, "360-Ownable.bin": 0, "360-Taxable.bin": 0, "360-BCHHandled.bin": 0, "360-WibxToken.bin": 0, "361-ERC20Basic.bin": 0, "361-BasicToken.bin": 0, "361-IERC20.bin": 0, "361-SafeMath.bin": 0, "361-Ownable.bin": 1, "361-ERC20Detailed.bin": 1, "361-DanPanCoin.bin": 1, "362-IERC20.bin": 0, "362-SafeMath.bin": 0, "362-ERC20.bin": 0, "362-Roles.bin": 0, "362-MinterRole.bin": 0, "362-ERC20Mintable.bin": 0, "362-ERC20Burnable.bin": 0, "362-ERC20Detailed.bin": 0, "362-PauserRole.bin": 0, "362-Pausable.bin": 0, "362-BlacklistAdminRole.bin": 0, "362-BlacklistedRole.bin": 0, "362-RingTokenPausable.bin": 0, "362-RingCasinoCoin.bin": 0, "363-SafeMathLibExt.bin": 0, "363-SimpleSuicide.bin": 1, "364-SafeMath.bin": 0, "364-Ownable.bin": 0, "364-TokenInterface.bin": 0, "364-KRCPreSaleContract.bin": 0, "365-SafeMath.bin": 0, "365-IERC20.bin": 0, "365-ERC20.bin": 1, "365-ERC20Detailed.bin": 1, "365-SimpleSwapCoin.bin": 1, "366-VIPToken.bin": 0, "366-ERC20Basic.bin": 0, "366-SafeMath.bin": 0, "366-ERC20Interface.bin": 1, "366-ApproveAndCallFallBack.bin": 1, "366-Owned.bin": 1, "366-ForTheBlockchain.bin": 1, "367-Ownable.bin": 0, "367-SafeMath.bin": 0, "367-IERC20.bin": 0, "367-ERC20.bin": 1, "367-ERC20Detailed.bin": 1, "367-SaveWon.bin": 1, "368-SafeMath.bin": 0, "368-IERC20.bin": 0, "368-ERC20.bin": 1, "368-ERC20Detailed.bin": 1, "368-SaveWon.bin": 1, "369-Math.bin": 0, "369-Ownable.bin": 0, "369-SafeMath.bin": 0, "369-Orderbook.bin": 0, "369-RenExTokens.bin": 0, "369-RenExBalances.bin": 0, "369-SettlementUtils.bin": 0, "369-RenExSettlement.bin": 0, "370-Ownable.bin": 0, "370-Pausable.bin": 0, "370-Destructible.bin": 0, "370-EDCoreInterface.bin": 0, "370-DungeonRunBeta.bin": 0, "371-Ownable.bin": 0, "371-Administratable.bin": 0, "371-IERC20.bin": 0, "371-SafeMath.bin": 0, "371-ERC20.bin": 0, "371-ERC20Burnable.bin": 0, "371-Roles.bin": 0, "371-MinterRole.bin": 0, "371-ERC20Mintable.bin": 0, "371-Freezable.bin": 0, "371-Cryptonium.bin": 0, "371-Migrations.bin": 0, "372-Ownable.bin": 0, "372-HYIPRETHPRO440.bin": 0, "372-SafeMath.bin": 0, "373-SafeMath.bin": 0, "373-Roles.bin": 0, "373-Ownable.bin": 0, "373-ERC223ReceivingContract.bin": 0, "373-IERC20.bin": 0, "373-ERC20.bin": 0, "373-PauserRole.bin": 0, "373-Pausable.bin": 0, "373-MinterRole.bin": 0, "373-ERC20Mintable.bin": 0, "373-ERC20Burnable.bin": 0, "373-ERC20Pausable.bin": 0, "373-SafeERC20.bin": 0, "373-ERC20Frozen.bin": 0, "373-OneKiloGifttoken.bin": 0, "374-MyContract.bin": 1, "375-Ownable.bin": 0, "375-BNDESRegistry.bin": 0, "376-IERC20.bin": 0, "376-SafeMath.bin": 0, "376-SafeERC20.bin": 0, "376-ERC20Detailed.bin": 0, "376-ERC20.bin": 0, "376-Roles.bin": 0, "376-PauserRole.bin": 0, "376-Pausable.bin": 0, "376-ERC20Pausable.bin": 0, "376-ERC20Burnable.bin": 0, "376-MinterRole.bin": 0, "376-ERC20Mintable.bin": 0, "376-ERC20Capped.bin": 0, "376-Ownable.bin": 0, "376-SgmToken.bin": 0, "377-GoTDragonFarm.bin": 0, "377-Rubixi.bin": 1, "378-Token.bin": 0, "378-SafeMath.bin": 0, "378-StandardToken.bin": 0, "378-GRO.bin": 0, "379-SafeMath.bin": 0, "379-Ownable.bin": 0, "379-TokenInterface.bin": 0, "379-KRCICOContract.bin": 0, "380-Dictionary.bin": 0, "380-IERC20.bin": 0, "380-SafeMath.bin": 0, "380-ReverseRegistrar.bin": 0, "380-Etherclear.bin": 0, "381-SafeMath.bin": 0, "381-Ownable.bin": 0, "381-Pausable.bin": 0, "381-ERC20Basic.bin": 0, "381-BasicToken.bin": 0, "381-ERC20.bin": 0, "381-StandardToken.bin": 0, "381-PausableToken.bin": 0, "381-RefundVault.bin": 0, "381-PallyCoin.bin": 0, "381-Crowdsale.bin": 0, "382-SafeMath.bin": 0, "382-OwnerHelper.bin": 0, "382-ERC20Interface.bin": 0, "382-VantaToken.bin": 0, "383-Ownable.bin": 0, "383-Roles.bin": 0, "383-RBAC.bin": 0, "383-SafeMath.bin": 0, "383-ERC20Basic.bin": 0, "383-ERC20.bin": 0, "383-BasicToken.bin": 0, "383-StandardToken.bin": 0, "383-Pausable.bin": 0, "383-PausableToken.bin": 0, "383-BlackListToken.bin": 0, "383-TwoPhaseToken.bin": 0, "383-UpgradedStandardToken.bin": 0, "383-WitToken.bin": 0, "384-Ownable.bin": 0, "384-Pausable.bin": 0, "384-Destructible.bin": 0, "384-EDCoreInterface.bin": 0, "384-DungeonRunBeta.bin": 0, "385-IERC20.bin": 0, "385-ERC20.bin": 0, "385-owned.bin": 1, "385-tokenRecipient.bin": 1, "385-Token.bin": 1, "385-SafeMath.bin": 0, "385-MindsyncPlatform.bin": 1, "386-SafeMath.bin": 0, "386-IERC20.bin": 0, "386-PHO.bin": 1, "387-CrowdsaleParameters.bin": 0, "387-Owned.bin": 0, "387-TKLNToken.bin": 0, "388-IERC20.bin": 0, "388-SafeMath.bin": 0, "388-ERC20.bin": 0, "388-ERC20Detailed.bin": 0, "388-ERC20Burnable.bin": 0, "388-Roles.bin": 0, "388-MinterRole.bin": 0, "388-ERC20Mintable.bin": 0, "388-PauserRole.bin": 0, "388-Pausable.bin": 0, "388-Ownable.bin": 0, "388-ERC20PartialLock.bin": 0, "388-PUKAO.bin": 0, "389-SafeMath.bin": 0, "389-IERC20.bin": 0, "389-ERC20Detailed.bin": 1, "389-BIGBOMBv2.bin": 1, "390-SafeERC20.bin": 0, "390-IERC20.bin": 0, "390-SafeMath.bin": 0, "390-ERC20.bin": 0, "390-Roles.bin": 0, "390-PauserRole.bin": 0, "390-Pausable.bin": 0, "390-ERC20Pausable.bin": 0, "390-ERC20Detailed.bin": 0, "390-ERC20Burnable.bin": 0, "390-MinterRole.bin": 0, "390-ERC20Mintable.bin": 0, "390-ECP.bin": 0, "391-Ownable.bin": 0, "391-WalletPausable.bin": 0, "391-SafeMath.bin": 0, "391-IERC20.bin": 0, "391-UBBCToken.bin": 1, "392-SafeMath.bin": 0, "392-Ownable.bin": 0, "392-Helper.bin": 0, "392-LNXtest.bin": 0, "393-SafeMath.bin": 0, "393-Ownable.bin": 0, "393-Roles.bin": 0, "393-MinterRole.bin": 0, "393-ReentrancyGuard.bin": 0, "393-CertificateControllerMock.bin": 0, "393-CertificateController.bin": 0, "393-IERC777TokensRecipient.bin": 0, "393-IERC777TokensSender.bin": 0, "393-IERC20.bin": 0, "393-IERC1410.bin": 0, "393-IERC777.bin": 0, "393-IERC1400.bin": 0, "393-ERC820Registry.bin": 0, "393-ERC820Client.bin": 0, "393-ERC777.bin": 0, "393-ERC1410.bin": 0, "393-ERC1400.bin": 0, "393-ERC1400ERC20.bin": 0, "394-SafeMath.bin": 0, "394-database.bin": 0, "394-topl_database_lib.bin": 0, "394-iconiq_data_pipe.bin": 0, "395-SafeMath.bin": 0, "395-ERC20Basic.bin": 0, "395-BasicToken.bin": 0, "395-ERC20.bin": 0, "395-StandardToken.bin": 0, "395-SafeERC20.bin": 0, "395-Owned.bin": 0, "395-TokenVesting.bin": 0, "395-BurnableToken.bin": 0, "395-AgateToken.bin": 0, "396-Map.bin": 1, "397-IERC777.bin": 0, "397-IERC777Recipient.bin": 0, "397-IERC777Sender.bin": 0, "397-IERC20.bin": 0, "397-SafeMath.bin": 0, "397-Address.bin": 0, "397-IERC1820Registry.bin": 0, "397-ERC777.bin": 1, "397-Roles.bin": 0, "397-MinterRole.bin": 1, "397-PauserRole.bin": 1, "397-Pausable.bin": 1, "397-SKYBITToken.bin": 1, "398-EventMetadata.bin": 1, "398-Operated.bin": 1, "398-MultiHashWrapper.bin": 1, "398-iFactory.bin": 0, "398-ProofHash.bin": 1, "398-Template.bin": 1, "398-Post.bin": 1, "399-SafeMath.bin": 0, "399-IERC20.bin": 0, "399-ERC20Detailed.bin": 1, "399-BIGBOMBv2.bin": 1, "400-SafeMath.bin": 0, "400-ERC721Interface.bin": 0, "400-ERC20.bin": 0, "400-Ownable.bin": 0, "400-NewAuctionContract.bin": 0, "400-ArconaMarketplaceContract.bin": 0}