{"1-IERC777.rt.hex": 0, "1-IERC777Recipient.rt.hex": 0, "1-IERC777Sender.rt.hex": 0, "1-IERC20.rt.hex": 0, "1-SafeMath.rt.hex": 0, "1-Address.rt.hex": 0, "1-IERC1820Registry.rt.hex": 0, "1-ERC777.rt.hex": 1, "1-Roles.rt.hex": 0, "1-MinterRole.rt.hex": 1, "1-PauserRole.rt.hex": 1, "1-Pausable.rt.hex": 1, "1-SKYBITToken.rt.hex": 1, "2-lottopollo.rt.hex": 1, "3-SafeMath.rt.hex": 0, "3-IERC20.rt.hex": 0, "3-ERC20Detailed.rt.hex": 0, "3-ERC20.rt.hex": 0, "3-EShopToken.rt.hex": 0, "4-Ownable.rt.hex": 0, "4-Migrations.rt.hex": 0, "5-SafeMath.rt.hex": 0, "5-ERC20.rt.hex": 1, "5-ERC223ReceivingContract.rt.hex": 1, "5-ERC223.rt.hex": 1, "5-ERC223Token.rt.hex": 1, "5-Owned.rt.hex": 1, "5-Grand.rt.hex": 1, "6-Voucher.rt.hex": 0, "7-TAMC.rt.hex": 1, "8-ERC20Interface.rt.hex": 0, "8-UsernameRegistry.rt.hex": 0, "9-IERC20.rt.hex": 0, "9-SafeMath.rt.hex": 0, "9-ERC20.rt.hex": 0, "9-Remitano.rt.hex": 0, "10-Ownable.rt.hex": 1, "10-ChannelWallet.rt.hex": 1, "11-SafeMath.rt.hex": 0, "11-IERC20.rt.hex": 0, "11-ERC20.rt.hex": 0, "11-ERC20Detailed.rt.hex": 0, "11-MBLToken.rt.hex": 0, "12-TokenLib.rt.hex": 0, "12-TokenInterface.rt.hex": 0, "12-Devcon2Token.rt.hex": 0, "13-Ownable.rt.hex": 1, "13-Stoppable.rt.hex": 1, "13-RampInstantPoolInterface.rt.hex": 0, "13-RampInstantEscrowsPoolInterface.rt.hex": 1, "13-RampInstantPool.rt.hex": 1, "13-RampInstantEthPool.rt.hex": 1, "14-TimedCrowdsale.rt.hex": 1, "15-IERC20.rt.hex": 0, "15-SafeMath.rt.hex": 0, "15-Ownable.rt.hex": 1, "15-ERC20Detailed.rt.hex": 1, "15-DanPanCoin.rt.hex": 1, "16-SafeMath.rt.hex": 0, "16-FomoFeast.rt.hex": 1, "17-Owned.rt.hex": 1, "17-SafeMath.rt.hex": 0, "17-Token.rt.hex": 1, "17-Staking.rt.hex": 1, "18-Owned.rt.hex": 1, "18-SafeMath.rt.hex": 0, "18-Token.rt.hex": 1, "18-Staking.rt.hex": 1, "19-SafeMath.rt.hex": 0, "19-Mono.rt.hex": 0, "20-Ownable.rt.hex": 0, "20-Manageable.rt.hex": 0, "20-TilcoinStorage.rt.hex": 0, "21-Ownable.rt.hex": 1, "21-AccountWallet.rt.hex": 1, "22-owned.rt.hex": 1, "22-tokenRecipient.rt.hex": 1, "22-Token.rt.hex": 1, "22-SafeMath.rt.hex": 0, "22-MindsyncPlatform.rt.hex": 1, "23-ERC20Basic.rt.hex": 0, "23-SafeMath.rt.hex": 0, "23-BasicToken.rt.hex": 0, "23-ERC20.rt.hex": 0, "23-StandardToken.rt.hex": 0, "23-Ownable.rt.hex": 0, "23-Pausable.rt.hex": 0, "23-PausableToken.rt.hex": 0, "23-DetailedERC20.rt.hex": 0, "23-Kawanggawa.rt.hex": 0, "24-Ownable.rt.hex": 0, "24-Roles.rt.hex": 0, "24-WhitelistAdminRole.rt.hex": 0, "24-WhitelistedRole.rt.hex": 0, "24-InvictusWhitelist.rt.hex": 0, "25-Ownable.rt.hex": 0, "25-Globalnetworktoken.rt.hex": 0, "26-EtherLotto.rt.hex": 1, "27-Ownable.rt.hex": 1, "27-TokenERC20.rt.hex": 1, "27-YFT.rt.hex": 1, "28-SafeMath.rt.hex": 0, "28-FitToken.rt.hex": 0, "29-SafeMath.rt.hex": 0, "29-ERC20Basic.rt.hex": 0, "29-ERC20.rt.hex": 0, "29-BasicToken.rt.hex": 0, "29-StandardToken.rt.hex": 0, "29-CodeToken.rt.hex": 0, "30-ERC20Basic.rt.hex": 0, "30-SafeMath.rt.hex": 0, "30-BasicToken.rt.hex": 0, "30-ERC20.rt.hex": 0, "30-StandardToken.rt.hex": 0, "30-Ownable.rt.hex": 0, "30-Pausable.rt.hex": 0, "30-PausableToken.rt.hex": 0, "30-DetailedERC20.rt.hex": 0, "30-DukunToken.rt.hex": 0, "31-IERC20.rt.hex": 0, "31-Marmo.rt.hex": 0, "31-ECDSA.rt.hex": 0, "31-Ownable.rt.hex": 1, "31-ReentrancyGuard.rt.hex": 1, "31-FeeTransactionManager.rt.hex": 1, "32-SafeMath.rt.hex": 0, "32-ERC721Interface.rt.hex": 0, "32-ERC20.rt.hex": 0, "32-Ownable.rt.hex": 0, "32-NewAuctionContract.rt.hex": 0, "32-ArconaMarketplaceContract.rt.hex": 0, "33-SafeMath.rt.hex": 0, "33-ERC20Interface.rt.hex": 0, "33-ApproveAndCallFallBack.rt.hex": 0, "33-Owned.rt.hex": 0, "33-FixedSupplyToken.rt.hex": 0, "34-Token.rt.hex": 1, "34-SafeMath.rt.hex": 0, "34-StableDEX.rt.hex": 1, "35-owned.rt.hex": 1, "35-tokenRecipient.rt.hex": 1, "35-Token.rt.hex": 1, "35-SafeMath.rt.hex": 0, "35-MindsyncPlatform.rt.hex": 1, "36-SafeMath.rt.hex": 0, "36-owned.rt.hex": 1, "36-ERC20Essential.rt.hex": 0, "36-BitpayerDEX.rt.hex": 1, "37-SafeMath.rt.hex": 0, "37-ERC20Interface.rt.hex": 1, "37-ApproveAndCallFallBack.rt.hex": 1, "37-Owned.rt.hex": 1, "37-ForTheBlockchain.rt.hex": 1, "38-SafeMath.rt.hex": 0, "38-Token.rt.hex": 0, "38-Ownable.rt.hex": 0, "38-Vesting.rt.hex": 0, "39-SafeMath.rt.hex": 0, "39-ERC20Basic.rt.hex": 0, "39-ERC20.rt.hex": 0, "39-BasicToken.rt.hex": 0, "39-StandardToken.rt.hex": 0, "39-Ownable.rt.hex": 0, "39-VIRToken.rt.hex": 0, "40-SafeMath.rt.hex": 0, "40-ERC20Basic.rt.hex": 0, "40-ERC20.rt.hex": 0, "40-BasicToken.rt.hex": 0, "40-StandardToken.rt.hex": 0, "40-Ownable.rt.hex": 0, "40-Gentrion.rt.hex": 0, "41-SafeMath.rt.hex": 0, "41-Ownable.rt.hex": 1, "41-TokenERC20.rt.hex": 1, "41-XLToken.rt.hex": 1, "42-SafeMath.rt.hex": 0, "42-ERC20Basic.rt.hex": 0, "42-BasicToken.rt.hex": 0, "42-ERC20.rt.hex": 0, "42-StandardToken.rt.hex": 0, "42-SafeERC20.rt.hex": 0, "42-Owned.rt.hex": 0, "42-TokenVesting.rt.hex": 0, "42-TokenVault.rt.hex": 0, "42-BurnableToken.rt.hex": 0, "42-ZTC_Token.rt.hex": 0, "43-ERC20Interface.rt.hex": 1, "43-AcunarToken.rt.hex": 1, "43-AcunarIEO.rt.hex": 1, "44-IERC20.rt.hex": 0, "44-SafeMath.rt.hex": 0, "44-ERC20Detailed.rt.hex": 1, "44-HYDROGEN.rt.hex": 1, "45-SafeMath.rt.hex": 0, "45-ERC20Interface.rt.hex": 1, "45-ApproveAndCallFallBack.rt.hex": 1, "45-Owned.rt.hex": 1, "45-QurasToken.rt.hex": 1, "46-Roulette.rt.hex": 1, "47-Ownable.rt.hex": 0, "47-Registry.rt.hex": 0, "48-SafeMath.rt.hex": 0, "48-ERC20Interface.rt.hex": 0, "48-Owned.rt.hex": 0, "48-ZygStop.rt.hex": 0, "48-Utils.rt.hex": 0, "48-BuyZygoma.rt.hex": 0, "49-Ownable.rt.hex": 0, "49-Pausable.rt.hex": 0, "49-SafeMath.rt.hex": 0, "49-Stoppable.rt.hex": 0, "49-e2pEscrow.rt.hex": 0, "50-IERC20.rt.hex": 0, "50-SafeMath.rt.hex": 0, "50-ERC20.rt.hex": 0, "50-ERC20Burnable.rt.hex": 0, "50-Roles.rt.hex": 0, "50-PauserRole.rt.hex": 0, "50-Pausable.rt.hex": 0, "50-ERC20Pausable.rt.hex": 0, "50-MinterRole.rt.hex": 0, "50-ERC20Mintable.rt.hex": 0, "50-ETHPlay.rt.hex": 0, "51-CafeMaker.rt.hex": 0, "52-EventMetadata.rt.hex": 1, "52-Operated.rt.hex": 1, "52-ProofHashes.rt.hex": 1, "52-MultiHashWrapper.rt.hex": 1, "52-iFactory.rt.hex": 0, "52-Template.rt.hex": 1, "52-Feed.rt.hex": 1, "53-MakerCDP.rt.hex": 0, "53-UniqueCDP.rt.hex": 0, "54-SafeMath.rt.hex": 0, "54-owned.rt.hex": 1, "54-ethBank.rt.hex": 1, "55-Governmental.rt.hex": 1, "55-Attacker.rt.hex": 0, "56-SafeMath.rt.hex": 0, "56-ERC20TokenInterface.rt.hex": 1, "56-ERC20Token.rt.hex": 1, "56-AsseteGram.rt.hex": 1, "57-SafeMath.rt.hex": 0, "57-IERC20.rt.hex": 0, "57-UBBCToken.rt.hex": 1, "58-Ownable.rt.hex": 0, "58-Roles.rt.hex": 0, "58-RBAC.rt.hex": 0, "58-SafeMath.rt.hex": 0, "58-ERC20Basic.rt.hex": 0, "58-ERC20.rt.hex": 0, "58-BasicToken.rt.hex": 0, "58-StandardToken.rt.hex": 0, "58-Pausable.rt.hex": 0, "58-PausableToken.rt.hex": 0, "58-BlackListToken.rt.hex": 0, "58-TwoPhaseToken.rt.hex": 0, "58-UpgradedStandardToken.rt.hex": 0, "58-WitToken.rt.hex": 0, "59-IERC20.rt.hex": 0, "59-SafeMath.rt.hex": 0, "59-ERC20.rt.hex": 1, "59-ERC20Burnable.rt.hex": 1, "59-ERC20Detailed.rt.hex": 1, "59-AGR.rt.hex": 1, "60-ERC20.rt.hex": 0, "60-DSMath.rt.hex": 0, "60-SEER.rt.hex": 0, "61-SafeMath.rt.hex": 0, "61-ERC20Interface.rt.hex": 1, "61-Owned.rt.hex": 1, "61-ExclusivePlatform.rt.hex": 1, "62-IERC20.rt.hex": 0, "62-SafeMath.rt.hex": 0, "62-ERC20Detailed.rt.hex": 1, "62-BIGBOMBv2.rt.hex": 1, "63-ERC20Interface.rt.hex": 0, "63-Owned.rt.hex": 0, "63-SafeMath.rt.hex": 0, "63-VNXLU.rt.hex": 0, "64-SafeMath.rt.hex": 0, "64-ExtendedMath.rt.hex": 0, "64-ERC20Interface.rt.hex": 1, "64-ApproveAndCallFallBack.rt.hex": 1, "64-Owned.rt.hex": 1, "64-_Yesbuzz.rt.hex": 1, "65-IERC20.rt.hex": 0, "65-ERC20Detailed.rt.hex": 0, "65-SafeMath.rt.hex": 0, "65-ERC20.rt.hex": 0, "65-ERC20Burnable.rt.hex": 0, "65-Ownable.rt.hex": 0, "65-Roles.rt.hex": 0, "65-PauserRole.rt.hex": 0, "65-Pausable.rt.hex": 0, "65-MinterRole.rt.hex": 0, "65-WhitelistAdminRole.rt.hex": 0, "65-WhitelistedRole.rt.hex": 0, "65-InvictusWhitelist.rt.hex": 0, "65-C10Token.rt.hex": 0, "66-IERC20.rt.hex": 0, "66-Ownable.rt.hex": 0, "66-SafeMath.rt.hex": 0, "66-DaEXCoin.rt.hex": 0, "67-WhiteBetting.rt.hex": 1, "68-CareerOnToken.rt.hex": 1, "69-Ownable.rt.hex": 0, "69-Autonomy.rt.hex": 0, "69-Destructible.rt.hex": 0, "69-Claimable.rt.hex": 0, "69-DRCWalletMgrParams.rt.hex": 0, "70-SafeMath.rt.hex": 0, "70-ERC20.rt.hex": 0, "70-Owned.rt.hex": 0, "70-ERC20Token.rt.hex": 0, "70-PandaGoldToken.rt.hex": 0, "71-SafeMath.rt.hex": 0, "71-ERC20.rt.hex": 0, "71-FENIX.rt.hex": 0, "72-CareerOnToken.rt.hex": 1, "73-SafeMath.rt.hex": 0, "73-IERC20.rt.hex": 0, "73-ERC20.rt.hex": 1, "73-ERC20Detailed.rt.hex": 1, "73-SaveWon.rt.hex": 1, "74-IERC20.rt.hex": 0, "74-SafeMath.rt.hex": 0, "74-ERC20.rt.hex": 0, "74-ERC20Detailed.rt.hex": 0, "74-Roles.rt.hex": 0, "74-MinterRole.rt.hex": 0, "74-ERC20Mintable.rt.hex": 0, "74-ClcgToken.rt.hex": 0, "75-ERC20Interface.rt.hex": 1, "75-IERC20Interface.rt.hex": 1, "75-RaffleToken.rt.hex": 0, "75-SafeMath.rt.hex": 0, "75-RaffleTokenExchange.rt.hex": 1, "76-tokenRecipient.rt.hex": 0, "76-MD.rt.hex": 1, "77-IERC20.rt.hex": 0, "77-SafeMath.rt.hex": 0, "77-ERC20.rt.hex": 0, "77-RemiToken.rt.hex": 0, "78-SafeMath.rt.hex": 0, "78-Roles.rt.hex": 0, "78-CapperRole.rt.hex": 0, "78-PauserRole.rt.hex": 0, "78-Pausable.rt.hex": 0, "78-MinterRole.rt.hex": 0, "78-IERC20.rt.hex": 0, "78-ERC20.rt.hex": 0, "78-ERC20Mintable.rt.hex": 0, "78-ERC20Burnable.rt.hex": 0, "78-ERC20Capped.rt.hex": 0, "78-ERC20Pausable.rt.hex": 0, "78-Ownable.rt.hex": 0, "78-BlueseedsToken.rt.hex": 0, "79-digitalNotary.rt.hex": 1, "80-EventMetadata.rt.hex": 1, "80-Operated.rt.hex": 1, "80-MultiHashWrapper.rt.hex": 1, "80-iFactory.rt.hex": 0, "80-ProofHash.rt.hex": 1, "80-Template.rt.hex": 1, "80-Post.rt.hex": 1, "81-Ownable.rt.hex": 1, "81-SafeMath.rt.hex": 0, "81-LollypopToken.rt.hex": 1, "82-IERC20.rt.hex": 0, "82-Ownable.rt.hex": 0, "82-DIP_Team_Transfer.rt.hex": 0, "83-Roles.rt.hex": 0, "83-MinterRole.rt.hex": 0, "83-SafeMath.rt.hex": 0, "83-IERC20.rt.hex": 0, "83-ERC20.rt.hex": 0, "83-ERC20Burnable.rt.hex": 0, "83-ERC20Mintable.rt.hex": 0, "83-AzulToken.rt.hex": 0, "84-EIP20Interface.rt.hex": 1, "84-HotDollarsToken.rt.hex": 1, "85-Math.rt.hex": 0, "85-SafeMath.rt.hex": 0, "85-Ownable.rt.hex": 0, "85-CanReclaimToken.rt.hex": 0, "85-HasNoContracts.rt.hex": 0, "85-HasNoTokens.rt.hex": 0, "85-ERC20Basic.rt.hex": 0, "85-ERC20.rt.hex": 0, "85-BasicToken.rt.hex": 0, "85-StandardToken.rt.hex": 0, "85-SafeERC20.rt.hex": 0, "85-DULACoin.rt.hex": 0, "86-IERC20.rt.hex": 0, "86-SafeMath.rt.hex": 0, "86-ERC20.rt.hex": 0, "86-Ownable.rt.hex": 0, "86-ARTIDToken.rt.hex": 0, "87-SafeMath.rt.hex": 0, "87-ERC20Interface.rt.hex": 0, "87-ApproveAndCallFallBack.rt.hex": 0, "87-Owned.rt.hex": 0, "87-InGRedientToken.rt.hex": 0, "88-SafeMath.rt.hex": 0, "88-ERC20Interface.rt.hex": 0, "88-PLTC.rt.hex": 0, "89-tokenRecipient.rt.hex": 0, "89-owned.rt.hex": 0, "89-token.rt.hex": 0, "89-SVC.rt.hex": 0, "90-IERC20.rt.hex": 0, "90-SafeMath.rt.hex": 0, "90-ERC20.rt.hex": 0, "90-Peculium.rt.hex": 0, "91-SafeMath.rt.hex": 0, "91-IERC20.rt.hex": 0, "91-ERC20.rt.hex": 1, "91-ERC20Detailed.rt.hex": 1, "91-SimpleSwapCoin.rt.hex": 1, "92-SafeMath.rt.hex": 0, "92-owned.rt.hex": 1, "92-tokenRecipient.rt.hex": 0, "92-TokenERC20.rt.hex": 1, "92-AZT.rt.hex": 1, "93-HRKD.rt.hex": 0, "93-SafeMath.rt.hex": 0, "94-IERC20.rt.hex": 0, "94-PHO.rt.hex": 1, "95-Numa.rt.hex": 0, "96-Ownable.rt.hex": 1, "96-TokenERC20.rt.hex": 1, "96-TTC.rt.hex": 1, "97-RTCoinInterface.rt.hex": 0, "97-SafeMath.rt.hex": 0, "97-Payments.rt.hex": 0, "98-StockBet.rt.hex": 1, "99-ECRecovery.rt.hex": 0, "99-Ownable.rt.hex": 0, "99-Claimable.rt.hex": 0, "99-ERC20Basic.rt.hex": 0, "99-ERC20.rt.hex": 0, "99-RedemptionCertificate.rt.hex": 0, "100-TAMCContract.rt.hex": 1}