{"1-ERC20Basic.rt.hex": 0, "1-SafeMath.rt.hex": 0, "1-BasicToken.rt.hex": 0, "1-ERC20.rt.hex": 0, "1-StandardToken.rt.hex": 0, "1-Ownable.rt.hex": 0, "1-Pausable.rt.hex": 0, "1-PausableToken.rt.hex": 0, "1-IRegistry.rt.hex": 0, "1-IBrickblockToken.rt.hex": 0, "1-AccessToken.rt.hex": 0, "2-Token.rt.hex": 0, "2-SafeMath.rt.hex": 0, "2-StandardToken.rt.hex": 0, "2-GRO.rt.hex": 0, "3-Reentrance.rt.hex": 1, "4-SafeMath.rt.hex": 0, "4-IERC20.rt.hex": 0, "4-ERC20.rt.hex": 1, "4-ERC20Detailed.rt.hex": 1, "4-SaveWon.rt.hex": 1, "5-Token.rt.hex": 0, "5-AbstractToken.rt.hex": 0, "5-SafeMath.rt.hex": 0, "5-tokenRecipient.rt.hex": 0, "5-MD.rt.hex": 1, "6-GoTDragonFarm.rt.hex": 0, "6-EtherBank.rt.hex": 1, "7-SafeMath.rt.hex": 0, "7-SimpleDAO.rt.hex": 1, "8-LibBytes.rt.hex": 0, "8-ReentrancyGuard.rt.hex": 0, "8-SafeMath.rt.hex": 0, "8-LibConstants.rt.hex": 0, "8-LibEIP712.rt.hex": 0, "8-LibFillResults.rt.hex": 0, "8-LibMath.rt.hex": 0, "8-LibOrder.rt.hex": 0, "8-LibAbiEncoder.rt.hex": 0, "8-IOwnable.rt.hex": 0, "8-IAuthorizable.rt.hex": 0, "8-IAssetProxy.rt.hex": 0, "8-IValidator.rt.hex": 0, "8-IWallet.rt.hex": 0, "8-IExchangeCore.rt.hex": 0, "8-IAssetProxyDispatcher.rt.hex": 0, "8-IMatchOrders.rt.hex": 0, "8-ISignatureValidator.rt.hex": 0, "8-ITransactions.rt.hex": 0, "8-IWrapperFunctions.rt.hex": 0, "8-IExchange.rt.hex": 0, "8-MExchangeCore.rt.hex": 0, "8-MAssetProxyDispatcher.rt.hex": 0, "8-MMatchOrders.rt.hex": 0, "8-MSignatureValidator.rt.hex": 0, "8-MTransactions.rt.hex": 0, "8-MWrapperFunctions.rt.hex": 0, "8-Ownable.rt.hex": 0, "8-MixinExchangeCore.rt.hex": 0, "8-MixinSignatureValidator.rt.hex": 0, "8-MixinWrapperFunctions.rt.hex": 0, "8-MixinTransactions.rt.hex": 0, "8-MixinAssetProxyDispatcher.rt.hex": 0, "8-MixinMatchOrders.rt.hex": 0, "8-Exchange.rt.hex": 0, "9-SafeMath.rt.hex": 0, "9-Ownable.rt.hex": 0, "9-Helper.rt.hex": 0, "9-LINIX.rt.hex": 0, "10-SafeMath.rt.hex": 0, "10-ItemsInterfaceForEternalStorage.rt.hex": 0, "10-EternalStorage.rt.hex": 0, "11-IERC20.rt.hex": 0, "11-Roles.rt.hex": 0, "11-MinterRole.rt.hex": 0, "11-ERC20.rt.hex": 0, "11-ERC20Mintable.rt.hex": 0, "11-ERC20Capped.rt.hex": 0, "11-SafeMath.rt.hex": 0, "11-PauserRole.rt.hex": 0, "11-Pausable.rt.hex": 0, "11-ERC20Pausable.rt.hex": 0, "11-ERC20Burnable.rt.hex": 0, "11-ERC20Detailed.rt.hex": 0, "11-MTB19.rt.hex": 0, "12-HERC20.rt.hex": 0, "12-SafeMath.rt.hex": 0, "12-ERC20.rt.hex": 0, "12-Ownable.rt.hex": 0, "12-Pausable.rt.hex": 0, "12-Blacklistable.rt.hex": 0, "12-LakesCash.rt.hex": 0, "13-FixedSupplyBurnableToken.rt.hex": 0, "13-ERC20Interface.rt.hex": 0, "13-Owned.rt.hex": 0, "13-IERC20.rt.hex": 0, "13-SafeMath.rt.hex": 0, "13-Ownable.rt.hex": 1, "13-ERC20Detailed.rt.hex": 1, "13-DanPanCoin.rt.hex": 1, "14-EscrowWallet.rt.hex": 0, "14-Reentrance.rt.hex": 1, "15-ETH_VAULT.rt.hex": 1, "15-Log.rt.hex": 0, "16-SafeMath.rt.hex": 0, "16-IERC20.rt.hex": 0, "16-ERC20Pistachio.rt.hex": 0, "16-ERC20Burnable.rt.hex": 0, "16-Roles.rt.hex": 0, "16-MinterRole.rt.hex": 0, "16-ERC20Mintable.rt.hex": 0, "16-PauserRole.rt.hex": 0, "16-Pausable.rt.hex": 0, "16-ERC20Chocolate.rt.hex": 0, "17-StockBet.rt.hex": 1, "18-IERC20.rt.hex": 0, "18-SafeMath.rt.hex": 0, "18-ERC20Detailed.rt.hex": 1, "18-BIGBOMBv2.rt.hex": 1, "19-Owned.rt.hex": 1, "19-SafeMath.rt.hex": 0, "19-Token.rt.hex": 1, "19-Staking.rt.hex": 1, "20-SafeMath.rt.hex": 0, "20-ERC20Basic.rt.hex": 0, "20-BasicToken.rt.hex": 0, "20-ERC20.rt.hex": 0, "20-StandardToken.rt.hex": 0, "20-SafeERC20.rt.hex": 0, "20-Owned.rt.hex": 0, "20-TokenVesting.rt.hex": 0, "20-TokenVault.rt.hex": 0, "20-BurnableToken.rt.hex": 0, "20-JEC_Token.rt.hex": 0, "21-SafeMath.rt.hex": 0, "21-owned.rt.hex": 1, "21-ethBank.rt.hex": 1, "22-Ownable.rt.hex": 1, "22-SafeMath.rt.hex": 0, "22-LollypopToken.rt.hex": 1, "23-Ownable.rt.hex": 0, "23-Claimable.rt.hex": 0, "23-ERC20Basic.rt.hex": 0, "23-ERC20.rt.hex": 0, "23-SafeERC20.rt.hex": 0, "23-CanReclaimToken.rt.hex": 0, "23-OwnableContract.rt.hex": 0, "23-ControllerInterface.rt.hex": 0, "23-Factory.rt.hex": 0, "24-SafeMath.rt.hex": 0, "24-IERC20.rt.hex": 0, "24-UBBCToken.rt.hex": 1, "25-ERC20.rt.hex": 0, "25-IERC20.rt.hex": 0, "25-CareerOnToken.rt.hex": 1, "26-SafeMath.rt.hex": 0, "26-ERC20Basic.rt.hex": 0, "26-BasicToken.rt.hex": 0, "26-ERC20.rt.hex": 0, "26-StandardToken.rt.hex": 0, "26-SafeERC20.rt.hex": 0, "26-Owned.rt.hex": 0, "26-TokenVesting.rt.hex": 0, "26-TokenVault.rt.hex": 0, "26-BurnableToken.rt.hex": 0, "26-BKC_Token.rt.hex": 0, "27-ERC20Interface.rt.hex": 1, "27-AcunarToken.rt.hex": 1, "27-AcunarIEO.rt.hex": 1, "28-tokenRecipient.rt.hex": 0, "28-MD.rt.hex": 1, "29-Owned.rt.hex": 1, "29-SafeMath.rt.hex": 0, "29-Token.rt.hex": 1, "29-Staking.rt.hex": 1, "30-SafeMath.rt.hex": 0, "30-ERC20Basic.rt.hex": 0, "30-BasicToken.rt.hex": 0, "30-BurnableToken.rt.hex": 0, "30-ERC20.rt.hex": 0, "30-StandardToken.rt.hex": 0, "30-Ownable.rt.hex": 0, "30-Pausable.rt.hex": 0, "30-PausableToken.rt.hex": 0, "30-MintableAndPausableToken.rt.hex": 0, "30-TokenUpgrader.rt.hex": 0, "30-UpgradeableToken.rt.hex": 0, "30-Token.rt.hex": 0, "31-IERC20.rt.hex": 0, "31-ERC20.rt.hex": 0, "31-CareerOnToken.rt.hex": 1, "32-SafeMath.rt.hex": 0, "32-IERC20.rt.hex": 0, "32-PHO.rt.hex": 1, "33-IERC20.rt.hex": 0, "33-ERC20.rt.hex": 0, "33-CareerOnToken.rt.hex": 1, "34-Roles.rt.hex": 0, "34-PauserRole.rt.hex": 0, "34-IERC20.rt.hex": 0, "34-ERC20Detailed.rt.hex": 0, "34-SafeMath.rt.hex": 0, "34-ERC20.rt.hex": 0, "34-Pausable.rt.hex": 0, "34-ERC20Pausable.rt.hex": 0, "34-DeepCloud.rt.hex": 0, "35-SafeMath.rt.hex": 0, "35-IERC20.rt.hex": 0, "35-ERC20Detailed.rt.hex": 0, "35-ERC20.rt.hex": 0, "35-Roles.rt.hex": 0, "35-PauserRole.rt.hex": 0, "35-Pausable.rt.hex": 0, "35-ERC20Pausable.rt.hex": 0, "35-MinterRole.rt.hex": 0, "35-ERC20Mintable.rt.hex": 0, "35-Ownable.rt.hex": 0, "35-IWhitelist.rt.hex": 0, "35-BurnerRole.rt.hex": 0, "35-ERC20Burnable.rt.hex": 0, "35-ERC20Whitelistable.rt.hex": 0, "35-CanReclaimEther.rt.hex": 0, "35-SafeERC20.rt.hex": 0, "35-CanReclaimToken.rt.hex": 0, "35-LeveragedToken.rt.hex": 0, "36-SafeMath.rt.hex": 0, "36-ERC20Basic.rt.hex": 0, "36-ERC20.rt.hex": 0, "36-BasicToken.rt.hex": 0, "36-BurnableToken.rt.hex": 0, "36-StandardToken.rt.hex": 0, "36-Ownable.rt.hex": 0, "36-Pausable.rt.hex": 0, "36-PausableToken.rt.hex": 0, "36-DistributableAndPausableToken.rt.hex": 0, "36-TokenUpgrader.rt.hex": 0, "36-UpgradeableToken.rt.hex": 0, "36-Token.rt.hex": 0, "37-Ownable.rt.hex": 0, "37-IERC20.rt.hex": 0, "37-ERC20Detailed.rt.hex": 0, "37-SafeMath.rt.hex": 0, "37-ERC20.rt.hex": 0, "37-Roles.rt.hex": 0, "37-MinterRole.rt.hex": 0, "37-ERC20Mintable.rt.hex": 0, "37-ERC20Burnable.rt.hex": 0, "37-Loche.rt.hex": 0, "38-StandardToken.rt.hex": 0, "38-BasicToken.rt.hex": 0, "38-ERC20.rt.hex": 0, "38-ERC20Basic.rt.hex": 0, "38-EventMetadata.rt.hex": 1, "38-Operated.rt.hex": 1, "38-ProofHashes.rt.hex": 1, "38-MultiHashWrapper.rt.hex": 1, "38-iFactory.rt.hex": 0, "38-Template.rt.hex": 1, "38-Feed.rt.hex": 1, "39-SafeMath.rt.hex": 0, "39-Reentrancy_insecure.rt.hex": 1, "40-DEP_BANK.rt.hex": 1, "40-LogFile.rt.hex": 0, "41-W_WALLET.rt.hex": 1, "41-Log.rt.hex": 0, "42-SafeMath.rt.hex": 0, "42-owned.rt.hex": 0, "42-tokenRecipient.rt.hex": 0, "42-ParsecTokenERC20.rt.hex": 0, "42-ParsecPresale.rt.hex": 0, "43-ERC20.rt.hex": 0, "43-IERC20.rt.hex": 0, "43-SafeMath.rt.hex": 0, "43-FomoFeast.rt.hex": 1, "44-Lockable.rt.hex": 0, "44-SafeMath.rt.hex": 0, "44-FomoFeast.rt.hex": 1, "45-SafeMath.rt.hex": 0, "45-ERC20TokenInterface.rt.hex": 1, "45-ERC20Token.rt.hex": 1, "45-AsseteGram.rt.hex": 1, "46-Ownable.rt.hex": 0, "46-Pausable.rt.hex": 0, "46-SafeMath.rt.hex": 0, "46-ERC20Basic.rt.hex": 0, "46-BasicToken.rt.hex": 0, "46-ERC20.rt.hex": 0, "46-StandardToken.rt.hex": 0, "46-PausableToken.rt.hex": 0, "46-BrickblockToken.rt.hex": 0, "47-ECRecovery.rt.hex": 0, "47-SafeMath.rt.hex": 0, "47-Roles.rt.hex": 0, "47-IERC20.rt.hex": 0, "47-ERC20.rt.hex": 0, "47-Ownable.rt.hex": 0, "47-MinterRole.rt.hex": 0, "47-Mintable.rt.hex": 0, "47-Pausable.rt.hex": 0, "47-Burnable.rt.hex": 0, "47-Lockable.rt.hex": 0, "47-DelegatorRole.rt.hex": 0, "47-Delegatable.rt.hex": 0, "47-TrancheToken.rt.hex": 0, "48-IERC20.rt.hex": 0, "48-ERC20Detailed.rt.hex": 0, "48-SafeMath.rt.hex": 0, "48-ERC20Interface.rt.hex": 1, "48-ApproveAndCallFallBack.rt.hex": 1, "48-Owned.rt.hex": 1, "48-ForTheBlockchain.rt.hex": 1, "49-PENNY_BY_PENNY.rt.hex": 1, "49-LogFile.rt.hex": 0, "50-EtherCartel.rt.hex": 0, "50-EtherBank.rt.hex": 1, "51-Ownable.rt.hex": 0, "51-SafeMath.rt.hex": 0, "51-CommunityVesting.rt.hex": 0, "51-EcosystemVesting.rt.hex": 0, "51-SeedPrivateAdvisorVesting.rt.hex": 0, "51-TeamVesting.rt.hex": 0, "51-TokenInterface.rt.hex": 0, "51-Vesting.rt.hex": 0, "52-SafeMath.rt.hex": 0, "52-OwnerHelper.rt.hex": 0, "52-ERC20Interface.rt.hex": 0, "52-LINIXToken.rt.hex": 0, "53-digitalNotary.rt.hex": 1, "54-PingContract.rt.hex": 0, "54-Token.rt.hex": 0, "54-ECTools.rt.hex": 0, "54-StandardToken.rt.hex": 0, "54-HumanStandardToken.rt.hex": 0, "54-LedgerChannel.rt.hex": 1, "55-SafeMath.rt.hex": 0, "55-Roles.rt.hex": 0, "55-CapperRole.rt.hex": 0, "55-PauserRole.rt.hex": 0, "55-Pausable.rt.hex": 0, "55-MinterRole.rt.hex": 0, "55-IERC20.rt.hex": 0, "55-ERC20.rt.hex": 0, "55-ERC20Mintable.rt.hex": 0, "55-ERC20Burnable.rt.hex": 0, "55-ERC20Capped.rt.hex": 0, "55-ERC20Pausable.rt.hex": 0, "55-Ownable.rt.hex": 0, "55-BlueseedsToken.rt.hex": 0, "56-SafeMath.rt.hex": 0, "56-Reentrance.rt.hex": 1, "57-SafeMath.rt.hex": 0, "57-ItemsInterfaceForEternalStorage.rt.hex": 0, "57-EternalStorage.rt.hex": 0, "58-SafeMath.rt.hex": 0, "58-Reentrancy_insecure.rt.hex": 1, "59-Ownable.rt.hex": 0, "59-Pausable.rt.hex": 0, "59-Destructible.rt.hex": 0, "59-EDCoreInterface.rt.hex": 0, "59-DungeonRunCore.rt.hex": 0, "60-SafeMath.rt.hex": 0, "60-IERC20.rt.hex": 0, "60-UBBCToken.rt.hex": 1, "61-AbstractToken.rt.hex": 0, "61-SafeMath.rt.hex": 0, "61-MCCIT.rt.hex": 0, "61-Token.rt.hex": 0, "61-EventMetadata.rt.hex": 1, "61-Operated.rt.hex": 1, "61-ProofHashes.rt.hex": 1, "61-MultiHashWrapper.rt.hex": 1, "61-iFactory.rt.hex": 0, "61-Template.rt.hex": 1, "61-Feed.rt.hex": 1, "62-Reentrancy_bonus.rt.hex": 1, "63-SafeMath.rt.hex": 0, "63-ERC20Basic.rt.hex": 0, "63-ERC20.rt.hex": 0, "63-BasicToken.rt.hex": 0, "63-StandardToken.rt.hex": 0, "63-BBIToken.rt.hex": 0, "64-Owned.rt.hex": 0, "64-RadToken.rt.hex": 0, "64-ERC20Interface.rt.hex": 0, "64-IERC20.rt.hex": 0, "64-SafeMath.rt.hex": 0, "64-ERC20Detailed.rt.hex": 1, "64-HYDROGEN.rt.hex": 1, "65-SafeMath.rt.hex": 0, "65-owned.rt.hex": 1, "65-ERC20Essential.rt.hex": 0, "65-BitpayerDEX.rt.hex": 1, "66-SafeMath.rt.hex": 0, "66-owned.rt.hex": 0, "66-tokenRecipient.rt.hex": 0, "66-ParsecTokenERC20.rt.hex": 0, "66-ParsecCrowdsale.rt.hex": 0, "67-ERC20.rt.hex": 0, "67-IERC20.rt.hex": 0, "67-SafeMath.rt.hex": 0, "67-ERC20Interface.rt.hex": 1, "67-ApproveAndCallFallBack.rt.hex": 1, "67-Owned.rt.hex": 1, "67-ForTheBlockchain.rt.hex": 1, "68-PrivateBank.rt.hex": 1, "68-Log.rt.hex": 0, "69-SafeMath.rt.hex": 0, "69-OwnerHelper.rt.hex": 0, "69-ERC20Interface.rt.hex": 0, "69-LINIXToken.rt.hex": 0, "70-IERC20.rt.hex": 0, "70-PHO.rt.hex": 1, "71-Ownable.rt.hex": 0, "71-Pausable.rt.hex": 0, "71-Destructible.rt.hex": 0, "71-EDCoreInterface.rt.hex": 0, "71-DungeonRunBeta.rt.hex": 0, "72-AbstractToken.rt.hex": 0, "72-Token.rt.hex": 0, "72-SafeMath.rt.hex": 0, "72-IERC20.rt.hex": 0, "72-PHO.rt.hex": 1, "73-Ownable.rt.hex": 0, "73-ERC20.rt.hex": 0, "73-WithToken.rt.hex": 0, "73-SSPTypeAware.rt.hex": 0, "73-SSPRegistry.rt.hex": 0, "73-PublisherRegistry.rt.hex": 0, "73-DSPTypeAware.rt.hex": 0, "73-DSPRegistry.rt.hex": 0, "73-DepositRegistry.rt.hex": 0, "73-AuditorRegistry.rt.hex": 0, "73-DepositAware.rt.hex": 0, "73-SecurityDepositAware.rt.hex": 0, "73-AuditorRegistrar.rt.hex": 0, "73-DSPRegistrar.rt.hex": 0, "73-PublisherRegistrar.rt.hex": 0, "73-SSPRegistrar.rt.hex": 0, "73-ChannelApi.rt.hex": 0, "73-RegistryProvider.rt.hex": 0, "73-StateChannelListener.rt.hex": 0, "73-PapyrusDAO.rt.hex": 0, "74-SafeMath.rt.hex": 0, "74-ERC20Interface.rt.hex": 1, "74-ApproveAndCallFallBack.rt.hex": 1, "74-Owned.rt.hex": 1, "74-ForTheBlockchain.rt.hex": 1, "75-SafeMath.rt.hex": 0, "75-Ownable.rt.hex": 0, "75-PausableOnce.rt.hex": 0, "75-ERC20Basic.rt.hex": 0, "75-BasicToken.rt.hex": 0, "75-ERC20.rt.hex": 0, "75-StandardToken.rt.hex": 0, "75-InterfaceUpgradeAgent.rt.hex": 0, "75-UpgradableToken.rt.hex": 0, "75-Withdrawable.rt.hex": 0, "75-CtdToken.rt.hex": 0, "76-IERC20.rt.hex": 0, "76-SafeMath.rt.hex": 0, "76-ERC20.rt.hex": 0, "76-GrowToken.rt.hex": 0, "77-Ownable.rt.hex": 0, "77-Roles.rt.hex": 0, "77-PauserRole.rt.hex": 0, "77-Pausable.rt.hex": 0, "77-COORole.rt.hex": 0, "77-ReentrancyGuard.rt.hex": 0, "77-SafeMath.rt.hex": 0, "77-KittyBountiesAdmin.rt.hex": 0, "77-KittyCore.rt.hex": 0, "77-KittyBounties.rt.hex": 0, "78-Ownable.rt.hex": 0, "78-SketchMarket.rt.hex": 0, "79-Token.rt.hex": 0, "79-SafeMath.rt.hex": 0, "79-StandardToken.rt.hex": 0, "79-GRO.rt.hex": 0, "80-SafeMath.rt.hex": 0, "80-FomoFeast.rt.hex": 1, "81-SafeMath.rt.hex": 0, "81-Ownable.rt.hex": 0, "81-IErc20.rt.hex": 0, "81-Monetary.rt.hex": 0, "81-IPriceOracle.rt.hex": 0, "81-Require.rt.hex": 0, "81-Math.rt.hex": 0, "81-Time.rt.hex": 0, "81-IMakerOracle.rt.hex": 0, "81-IOasisDex.rt.hex": 0, "81-DaiPriceOracle.rt.hex": 0, "82-SafeMath.rt.hex": 0, "82-ERC20Interface.rt.hex": 1, "82-ApproveAndCallFallBack.rt.hex": 1, "82-Owned.rt.hex": 1, "82-ForTheBlockchain.rt.hex": 1, "83-SafeMath.rt.hex": 0, "83-owned.rt.hex": 1, "83-ethBank.rt.hex": 1, "84-Ownable.rt.hex": 0, "84-IERC20.rt.hex": 0, "84-PHO.rt.hex": 1, "85-SafeMath.rt.hex": 0, "85-ModifierEntrancy.rt.hex": 1, "85-Bank.rt.hex": 0, "85-attack.rt.hex": 0, "86-KOURA.rt.hex": 0, "86-ERC20Interface.rt.hex": 0, "86-Owned.rt.hex": 0, "86-IERC20.rt.hex": 0, "86-SafeMath.rt.hex": 0, "86-Ownable.rt.hex": 1, "86-ERC20Detailed.rt.hex": 1, "86-DanPanCoin.rt.hex": 1, "87-SafeMath.rt.hex": 0, "87-ContractReceiver.rt.hex": 0, "87-PetToken.rt.hex": 0, "88-IERC20.rt.hex": 0, "88-ERC20.rt.hex": 0, "88-EventMetadata.rt.hex": 1, "88-Operated.rt.hex": 1, "88-ProofHashes.rt.hex": 1, "88-MultiHashWrapper.rt.hex": 1, "88-iFactory.rt.hex": 0, "88-Template.rt.hex": 1, "88-Feed.rt.hex": 1, "89-SafeMath.rt.hex": 0, "89-ERC721Interface.rt.hex": 0, "89-ERC20.rt.hex": 0, "89-Ownable.rt.hex": 0, "89-NewAuctionContract.rt.hex": 0, "89-AuctionContract.rt.hex": 0, "90-SafeMath.rt.hex": 0, "90-IERC20.rt.hex": 0, "90-Ownable.rt.hex": 1, "90-ERC20Detailed.rt.hex": 1, "90-DanPanCoin.rt.hex": 1, "91-U_BANK.rt.hex": 1, "91-Log.rt.hex": 0, "92-SafeMath.rt.hex": 0, "92-Ownable.rt.hex": 0, "92-ERC20Basic.rt.hex": 0, "92-ERC20.rt.hex": 0, "92-DetailedERC20.rt.hex": 0, "92-BasicToken.rt.hex": 0, "92-StandardToken.rt.hex": 0, "92-UnlimitedAllowanceToken.rt.hex": 0, "92-BZRxToken.rt.hex": 0, "92-BZRxTransferProxy.rt.hex": 0, "93-IERC20.rt.hex": 0, "93-PauserRole.rt.hex": 0, "93-Roles.rt.hex": 0, "93-SafeMath.rt.hex": 0, "93-ERC20.rt.hex": 0, "93-MinterRole.rt.hex": 0, "93-ERC20Mintable.rt.hex": 0, "93-ERC20Burnable.rt.hex": 0, "93-Pausable.rt.hex": 0, "93-ERC20Pausable.rt.hex": 0, "93-ERC20Detailed.rt.hex": 0, "93-Ownable.rt.hex": 0, "93-Migrations.rt.hex": 0, "93-ELToken.rt.hex": 0, "94-NokuPricingPlan.rt.hex": 0, "94-Ownable.rt.hex": 0, "94-Pausable.rt.hex": 0, "94-SafeMath.rt.hex": 0, "94-ERC20Basic.rt.hex": 0, "94-ERC20.rt.hex": 0, "94-BurnableERC20.rt.hex": 0, "94-NokuTokenBurner.rt.hex": 0, "94-BasicToken.rt.hex": 0, "94-BurnableToken.rt.hex": 0, "94-DetailedERC20.rt.hex": 0, "94-StandardToken.rt.hex": 0, "94-MintableToken.rt.hex": 0, "94-NokuCustomERC20.rt.hex": 0, "94-NokuCustomERC20Service.rt.hex": 0, "95-IERC20.rt.hex": 0, "95-SafeMath.rt.hex": 0, "95-ERC20.rt.hex": 0, "95-ERC20Detailed.rt.hex": 0, "95-ERC20Burnable.rt.hex": 0, "95-Roles.rt.hex": 0, "95-MinterRole.rt.hex": 0, "95-ERC20Mintable.rt.hex": 0, "95-PauserRole.rt.hex": 0, "95-Pausable.rt.hex": 0, "95-ERC20PartialLock.rt.hex": 0, "95-LXANK.rt.hex": 0, "96-X_WALLET.rt.hex": 1, "96-Log.rt.hex": 0, "97-ERC20Basic.rt.hex": 0, "97-BasicToken.rt.hex": 0, "97-EtherBank.rt.hex": 1, "98-SafeMath.rt.hex": 0, "98-IERC20.rt.hex": 0, "98-Ownable.rt.hex": 1, "98-ERC20Detailed.rt.hex": 1, "98-DanPanCoin.rt.hex": 1, "99-Ownable.rt.hex": 0, "99-LinkedList.rt.hex": 0, "99-ERC20Basic.rt.hex": 0, "99-SafeMath.rt.hex": 0, "99-BasicToken.rt.hex": 0, "99-ERC20.rt.hex": 0, "99-StandardToken.rt.hex": 0, "99-Pausable.rt.hex": 0, "99-PausableToken.rt.hex": 0, "99-BurnableToken.rt.hex": 0, "99-RepublicToken.rt.hex": 0, "99-DarknodeRegistryStore.rt.hex": 0, "100-PrivateBank.rt.hex": 1, "100-Log.rt.hex": 0, "101-SafeMath.rt.hex": 0, "101-Ownable.rt.hex": 0, "101-Roles.rt.hex": 0, "101-MinterRole.rt.hex": 0, "101-ReentrancyGuard.rt.hex": 0, "101-CertificateControllerMock.rt.hex": 0, "101-CertificateController.rt.hex": 0, "101-IERC777TokensRecipient.rt.hex": 0, "101-IERC777TokensSender.rt.hex": 0, "101-IERC1410.rt.hex": 0, "101-IERC777.rt.hex": 0, "101-IERC1400.rt.hex": 0, "101-ERC820Registry.rt.hex": 0, "101-ERC820Client.rt.hex": 0, "101-ERC777.rt.hex": 0, "101-ERC1410.rt.hex": 0, "101-ERC1400.rt.hex": 0, "102-SafeMath.rt.hex": 0, "102-Ownable.rt.hex": 0, "102-Pausable.rt.hex": 0, "102-ERC20Basic.rt.hex": 0, "102-BasicToken.rt.hex": 0, "102-ERC20.rt.hex": 0, "102-StandardToken.rt.hex": 0, "102-PausableToken.rt.hex": 0, "102-CostumeToken.rt.hex": 0, "102-Crowdsale.rt.hex": 0, "103-EventMetadata.rt.hex": 1, "103-Operated.rt.hex": 1, "103-ProofHashes.rt.hex": 1, "103-MultiHashWrapper.rt.hex": 1, "103-iFactory.rt.hex": 0, "103-Template.rt.hex": 1, "103-Feed.rt.hex": 1, "104-MONEY_BOX.rt.hex": 1, "104-Log.rt.hex": 0, "105-SafeMath.rt.hex": 0, "105-ERC20Basic.rt.hex": 0, "105-BasicToken.rt.hex": 0, "105-ERC20.rt.hex": 0, "105-StandardToken.rt.hex": 0, "105-SafeERC20.rt.hex": 0, "105-TokenTimelock.rt.hex": 0, "105-Owned.rt.hex": 0, "105-TokenVault.rt.hex": 0, "105-BurnableToken.rt.hex": 0, "105-IdealCoinToken.rt.hex": 0, "106-SafeMath.rt.hex": 0, "106-Ownable.rt.hex": 0, "106-IERC20.rt.hex": 0, "106-ERC20.rt.hex": 0, "106-ERC20Detailed.rt.hex": 0, "106-HatchToken.rt.hex": 0, "107-SafeMath.rt.hex": 0, "107-IERC20.rt.hex": 0, "107-ERC20Detailed.rt.hex": 1, "107-HYDROGEN.rt.hex": 1, "108-SafeMath.rt.hex": 0, "108-SimpleDAO.rt.hex": 1, "109-Ownable.rt.hex": 0, "109-Roles.rt.hex": 0, "109-RBAC.rt.hex": 0, "109-SafeMath.rt.hex": 0, "109-ERC20Basic.rt.hex": 0, "109-ERC20.rt.hex": 0, "109-BasicToken.rt.hex": 0, "109-StandardToken.rt.hex": 0, "109-Pausable.rt.hex": 0, "109-PausableToken.rt.hex": 0, "109-BlackListToken.rt.hex": 0, "109-TwoPhaseToken.rt.hex": 0, "109-UpgradedStandardToken.rt.hex": 0, "109-WithToken.rt.hex": 0, "110-SafeMath.rt.hex": 0, "110-ERC20Interface.rt.hex": 0, "110-admined.rt.hex": 0, "110-ICO.rt.hex": 0, "111-SafeMath.rt.hex": 0, "111-ModifierEntrancy.rt.hex": 1, "111-Bank.rt.hex": 0, "111-attack.rt.hex": 0, "112-SafeMath.rt.hex": 0, "112-IERC20.rt.hex": 0, "112-Ownable.rt.hex": 1, "112-ERC20Detailed.rt.hex": 1, "112-DanPanCoin.rt.hex": 1, "113-SafeMath.rt.hex": 0, "113-IERC20.rt.hex": 0, "113-PHO.rt.hex": 1, "114-EtherBank.rt.hex": 1, "115-Ownable.rt.hex": 0, "115-SafeMath.rt.hex": 0, "115-FomoFeast.rt.hex": 1, "116-Ownable.rt.hex": 0, "116-SafeMath.rt.hex": 0, "116-ERC20Interface.rt.hex": 1, "116-ApproveAndCallFallBack.rt.hex": 1, "116-Owned.rt.hex": 1, "116-ForTheBlockchain.rt.hex": 1, "117-WALLET.rt.hex": 1, "117-Log.rt.hex": 0, "118-Ownable.rt.hex": 0, "118-Pausable.rt.hex": 0, "118-Destructible.rt.hex": 0, "118-EDCoreInterface.rt.hex": 0, "118-DungeonRunAlpha.rt.hex": 0, "119-SafeMath.rt.hex": 0, "119-ERC20.rt.hex": 0, "119-ReserveToken.rt.hex": 0, "119-EtherDelta.rt.hex": 0, "120-SafeMath.rt.hex": 0, "120-Roles.rt.hex": 0, "120-PauserRole.rt.hex": 0, "120-Pausable.rt.hex": 0, "120-Ownable.rt.hex": 0, "120-KittyBountiesAdmin.rt.hex": 0, "120-KittyCore.rt.hex": 0, "120-KittyBounties.rt.hex": 0, "121-ERC20.rt.hex": 0, "121-SafeMath.rt.hex": 0, "121-StandardToken.rt.hex": 0, "121-BurnableToken.rt.hex": 0, "121-UpgradeAgent.rt.hex": 0, "121-UpgradeableToken.rt.hex": 0, "121-Ownable.rt.hex": 0, "121-ReleasableToken.rt.hex": 0, "121-SafeMathLib.rt.hex": 0, "121-MintableToken.rt.hex": 0, "121-CrowdsaleToken.rt.hex": 0, "121-BurnableCrowdsaleToken.rt.hex": 0, "122-IConnections.rt.hex": 0, "122-Connections.rt.hex": 0, "123-SafeMath.rt.hex": 0, "123-ERC20Basic.rt.hex": 0, "123-BasicToken.rt.hex": 0, "123-ERC20.rt.hex": 0, "123-StandardToken.rt.hex": 0, "123-SafeERC20.rt.hex": 0, "123-Owned.rt.hex": 0, "123-TokenVesting.rt.hex": 0, "123-TokenVault.rt.hex": 0, "123-BurnableToken.rt.hex": 0, "123-BKB_Token.rt.hex": 0, "124-SafeMath.rt.hex": 0, "124-Roles.rt.hex": 0, "124-PauserRole.rt.hex": 0, "124-AdministratorRole.rt.hex": 0, "124-Ownable.rt.hex": 0, "124-Pausable.rt.hex": 0, "124-IERC20.rt.hex": 0, "124-ERC20.rt.hex": 0, "124-ERC20Detailed.rt.hex": 0, "124-ETMToken.rt.hex": 0, "125-SafeMath.rt.hex": 0, "125-ERC20Basic.rt.hex": 0, "125-BasicToken.rt.hex": 0, "125-ERC20.rt.hex": 0, "125-StandardToken.rt.hex": 0, "125-SafeERC20.rt.hex": 0, "125-Owned.rt.hex": 0, "125-TokenVesting.rt.hex": 0, "125-TokenVault.rt.hex": 0, "125-BurnableToken.rt.hex": 0, "125-ZTC_Token.rt.hex": 0, "126-RTCoinInterface.rt.hex": 0, "126-ERC20Interface.rt.hex": 0, "126-SafeMath.rt.hex": 0, "126-Stake.rt.hex": 0, "127-SafeMath.rt.hex": 0, "127-Ownable.rt.hex": 0, "127-ERC20Basic.rt.hex": 0, "127-ERC20.rt.hex": 0, "127-DetailedERC20.rt.hex": 0, "127-BasicToken.rt.hex": 0, "127-StandardToken.rt.hex": 0, "127-UnlimitedAllowanceToken.rt.hex": 0, "127-BZRxToken.rt.hex": 0, "127-BZRxTransferProxy.rt.hex": 0, "128-Ownable.rt.hex": 0, "128-HYPRO.rt.hex": 0, "128-SafeMath.rt.hex": 0, "129-Regatta.rt.hex": 0, "130-Token.rt.hex": 0, "130-AbstractToken.rt.hex": 0, "130-SafeMath.rt.hex": 0, "130-EtherBank.rt.hex": 1, "131-SafeMath.rt.hex": 0, "131-Ownable.rt.hex": 0, "131-Helper.rt.hex": 0, "131-LNX.rt.hex": 0, "132-LibBytes.rt.hex": 0, "132-ReentrancyGuard.rt.hex": 0, "132-SafeMath.rt.hex": 0, "132-LibConstants.rt.hex": 0, "132-LibEIP712.rt.hex": 0, "132-LibFillResults.rt.hex": 0, "132-LibMath.rt.hex": 0, "132-LibOrder.rt.hex": 0, "132-LibAbiEncoder.rt.hex": 0, "132-IOwnable.rt.hex": 0, "132-IAuthorizable.rt.hex": 0, "132-IAssetProxy.rt.hex": 0, "132-IValidator.rt.hex": 0, "132-IWallet.rt.hex": 0, "132-IExchangeCore.rt.hex": 0, "132-IAssetProxyDispatcher.rt.hex": 0, "132-IMatchOrders.rt.hex": 0, "132-ISignatureValidator.rt.hex": 0, "132-ITransactions.rt.hex": 0, "132-IWrapperFunctions.rt.hex": 0, "132-IExchange.rt.hex": 0, "132-MExchangeCore.rt.hex": 0, "132-MAssetProxyDispatcher.rt.hex": 0, "132-MMatchOrders.rt.hex": 0, "132-MSignatureValidator.rt.hex": 0, "132-MTransactions.rt.hex": 0, "132-MWrapperFunctions.rt.hex": 0, "132-Ownable.rt.hex": 0, "132-MixinExchangeCore.rt.hex": 0, "132-MixinSignatureValidator.rt.hex": 0, "132-MixinWrapperFunctions.rt.hex": 0, "132-MixinTransactions.rt.hex": 0, "132-MixinAssetProxyDispatcher.rt.hex": 0, "132-MixinMatchOrders.rt.hex": 0, "132-Exchange.rt.hex": 0, "133-SafeMath.rt.hex": 0, "133-OwnerHelper.rt.hex": 0, "133-ERC20Interface.rt.hex": 0, "133-VantaToken.rt.hex": 0, "134-ERC20Basic.rt.hex": 0, "134-BasicToken.rt.hex": 0, "134-IERC20.rt.hex": 0, "134-SafeMath.rt.hex": 0, "134-ERC20Detailed.rt.hex": 1, "134-HYDROGEN.rt.hex": 1, "135-SafeMath.rt.hex": 0, "135-Ownable.rt.hex": 0, "135-ERC20Basic.rt.hex": 0, "135-ERC20.rt.hex": 0, "135-SafeERC20.rt.hex": 0, "135-Crowdsale.rt.hex": 0, "135-TimedCrowdsale.rt.hex": 0, "135-FinalizableCrowdsale.rt.hex": 0, "135-BasicToken.rt.hex": 0, "135-StandardToken.rt.hex": 0, "135-MintableToken.rt.hex": 0, "135-MintedCrowdsale.rt.hex": 0, "135-Pausable.rt.hex": 0, "135-RealtyReturnsTokenInterface.rt.hex": 0, "135-PausableToken.rt.hex": 0, "135-RealtyReturnsToken.rt.hex": 0, "135-LockTokenAllocation.rt.hex": 0, "135-RealtyReturnsTokenCrowdsale.rt.hex": 0, "136-Ownable.rt.hex": 0, "136-Administratable.rt.hex": 0, "136-IERC20.rt.hex": 0, "136-SafeMath.rt.hex": 0, "136-ERC20.rt.hex": 0, "136-ERC20Burnable.rt.hex": 0, "136-Whitelistable.rt.hex": 0, "136-Freezable.rt.hex": 0, "136-TimeLockable.rt.hex": 0, "136-BLUCON.rt.hex": 0, "136-Migrations.rt.hex": 0, "137-BasicToken.rt.hex": 0, "137-ERC20Basic.rt.hex": 0, "137-SafeMath.rt.hex": 0, "137-FomoFeast.rt.hex": 1, "138-SafeMath.rt.hex": 0, "138-ERC20Basic.rt.hex": 0, "138-BasicToken.rt.hex": 0, "138-ERC20.rt.hex": 0, "138-StandardToken.rt.hex": 0, "138-SafeERC20.rt.hex": 0, "138-Owned.rt.hex": 0, "138-TokenVesting.rt.hex": 0, "138-TokenVault.rt.hex": 0, "138-BurnableToken.rt.hex": 0, "138-WKA_Token.rt.hex": 0, "139-SafeMath.rt.hex": 0, "139-IERC20.rt.hex": 0, "139-ERC20Detailed.rt.hex": 1, "139-HYDROGEN.rt.hex": 1, "140-Token.rt.hex": 0, "140-ECTools.rt.hex": 0, "140-StandardToken.rt.hex": 0, "140-HumanStandardToken.rt.hex": 0, "140-LedgerChannel.rt.hex": 1, "141-SafeMath.rt.hex": 0, "141-ERC20Interface.rt.hex": 1, "141-Owned.rt.hex": 1, "141-ExclusivePlatform.rt.hex": 1, "142-SafeMath.rt.hex": 0, "142-IERC20.rt.hex": 0, "142-ERC20Detailed.rt.hex": 1, "142-HYDROGEN.rt.hex": 1, "143-SafeMath.rt.hex": 0, "143-IERC20.rt.hex": 0, "143-Ownable.rt.hex": 1, "143-ERC20Detailed.rt.hex": 1, "143-DanPanCoin.rt.hex": 1, "144-SafeMath.rt.hex": 0, "144-Ownable.rt.hex": 0, "144-Finalizable.rt.hex": 0, "144-IToken.rt.hex": 0, "144-TokenReceivable.rt.hex": 0, "144-EventDefinitions.rt.hex": 0, "144-Token.rt.hex": 0, "144-Controller.rt.hex": 0, "144-PreSale.rt.hex": 0, "144-Ledger.rt.hex": 0, "145-SafeMath.rt.hex": 0, "145-IERC20.rt.hex": 0, "145-PHO.rt.hex": 1, "146-ECRecovery.rt.hex": 0, "146-SigningLogic.rt.hex": 0, "146-ERC20Basic.rt.hex": 0, "146-ERC20.rt.hex": 0, "146-SafeMath.rt.hex": 0, "146-SafeERC20.rt.hex": 0, "146-TokenEscrowMarketplace.rt.hex": 0, "146-Initializable.rt.hex": 0, "146-AttestationLogic.rt.hex": 0, "147-Pool.rt.hex": 0, "147-SafeMath.rt.hex": 0, "147-RigoToken.rt.hex": 0, "147-DragoRegistry.rt.hex": 0, "147-Inflation.rt.hex": 0, "147-ReentrancyGuard.rt.hex": 0, "147-ProofOfPerformanceFace.rt.hex": 0, "147-ProofOfPerformance.rt.hex": 0, "148-SafeMath.rt.hex": 0, "148-IERC20.rt.hex": 0, "148-ERC20.rt.hex": 0, "148-Roles.rt.hex": 0, "148-MinterRole.rt.hex": 0, "148-ERC20Mintable.rt.hex": 0, "148-ERC20Burnable.rt.hex": 0, "148-TuneTradeToken.rt.hex": 0, "148-WhitelistAdminRole.rt.hex": 0, "148-WhitelistedRole.rt.hex": 0, "148-TeamRole.rt.hex": 0, "148-SafeERC20.rt.hex": 0, "148-SwapContract.rt.hex": 0, "149-SafeMath.rt.hex": 0, "149-ItemsInterfaceForEternalStorage.rt.hex": 0, "149-EternalStorage.rt.hex": 0, "150-ECRecovery.rt.hex": 0, "150-Roles.rt.hex": 0, "150-SafeMath.rt.hex": 0, "150-IERC20.rt.hex": 0, "150-ERC20.rt.hex": 0, "150-Ownable.rt.hex": 0, "150-MinterRole.rt.hex": 0, "150-Mintable.rt.hex": 0, "150-Pausable.rt.hex": 0, "150-Burnable.rt.hex": 0, "150-Lockable.rt.hex": 0, "150-DelegatorRole.rt.hex": 0, "150-Delegatable.rt.hex": 0, "150-TrustShoreToken.rt.hex": 0, "151-SafeMath.rt.hex": 0, "151-Ownable.rt.hex": 0, "151-ERC20.rt.hex": 0, "151-StandardToken.rt.hex": 0, "151-EIForceCoin.rt.hex": 0, "152-SafeMath.rt.hex": 0, "152-Roles.rt.hex": 0, "152-RBAC.rt.hex": 0, "152-RBACWithAdmin.rt.hex": 0, "152-Ownable.rt.hex": 0, "152-ERC20Basic.rt.hex": 0, "152-BasicToken.rt.hex": 0, "152-ERC20.rt.hex": 0, "152-DetailedERC20.rt.hex": 0, "152-StandardToken.rt.hex": 0, "152-ERC865.rt.hex": 0, "152-ERC865Token.rt.hex": 0, "152-BeepToken.rt.hex": 0, "153-IERC165.rt.hex": 0, "153-ERC165.rt.hex": 0, "153-IERC721.rt.hex": 0, "153-IERC721Receiver.rt.hex": 0, "153-SafeMath.rt.hex": 0, "153-Address.rt.hex": 0, "153-FormSI060719.rt.hex": 0, "154-SafeMath.rt.hex": 0, "154-IERC20.rt.hex": 0, "154-ERC20.rt.hex": 1, "154-ERC20Detailed.rt.hex": 1, "154-SaveWon.rt.hex": 1, "155-SafeMath.rt.hex": 0, "155-Roles.rt.hex": 0, "155-PauserRole.rt.hex": 0, "155-Pausable.rt.hex": 0, "155-Ownable.rt.hex": 0, "155-KittyBountiesAdmin.rt.hex": 0, "155-KittyCore.rt.hex": 0, "155-KittyBounties.rt.hex": 0, "156-SafeMath.rt.hex": 0, "156-OwnerHelper.rt.hex": 0, "156-ERC20Interface.rt.hex": 0, "156-ITAMToken.rt.hex": 0, "157-SafeMath.rt.hex": 0, "157-Ownable.rt.hex": 0, "157-ERC20Basic.rt.hex": 0, "157-ERC20.rt.hex": 0, "157-DetailedERC20.rt.hex": 0, "157-BasicToken.rt.hex": 0, "157-StandardToken.rt.hex": 0, "157-UnlimitedAllowanceToken.rt.hex": 0, "157-BZRxToken.rt.hex": 0, "157-BZRxTransferProxy.rt.hex": 0, "158-Token.rt.hex": 0, "158-StandardToken.rt.hex": 0, "158-HumanStandardToken.rt.hex": 0, "158-StandardBounties.rt.hex": 0, "159-Owned.rt.hex": 0, "159-FixedSupplyToken.rt.hex": 0, "159-ERC20Interface.rt.hex": 0, "159-IERC20.rt.hex": 0, "159-PHO.rt.hex": 1, "160-IAccounting.rt.hex": 0, "160-IAccountingFactory.rt.hex": 0, "160-IERC20.rt.hex": 0, "160-IDisputer.rt.hex": 0, "160-FeeWindow.rt.hex": 0, "160-Universe.rt.hex": 0, "160-ReportingParticipant.rt.hex": 0, "160-Market.rt.hex": 0, "160-IDisputerFactory.rt.hex": 0, "160-ICrowdsourcerParent.rt.hex": 0, "160-ICrowdsourcer.rt.hex": 0, "160-DisputerParams.rt.hex": 0, "160-Crowdsourcer.rt.hex": 0, "160-CrowdsourcerFactory.rt.hex": 0, "161-SafeMath.rt.hex": 0, "161-FomoFeast.rt.hex": 1, "162-SafeMath.rt.hex": 0, "162-Ownable.rt.hex": 0, "162-ERC20Basic.rt.hex": 0, "162-ERC20.rt.hex": 0, "162-SafeERC20.rt.hex": 0, "162-Crowdsale.rt.hex": 0, "162-TimedCrowdsale.rt.hex": 0, "162-FinalizableCrowdsale.rt.hex": 0, "162-BasicToken.rt.hex": 0, "162-StandardToken.rt.hex": 0, "162-MintableToken.rt.hex": 0, "162-MintedCrowdsale.rt.hex": 0, "162-Pausable.rt.hex": 0, "162-RealtyReturnsTokenInterface.rt.hex": 0, "162-PausableToken.rt.hex": 0, "162-RealtyReturnsToken.rt.hex": 0, "162-LockTokenAllocation.rt.hex": 0, "162-RealtyReturnsTokenCrowdsale.rt.hex": 0, "163-EtherStore.rt.hex": 1, "164-SafeMath.rt.hex": 0, "164-ItemsInterfaceForEternalStorage.rt.hex": 0, "164-EternalStorage.rt.hex": 0, "165-SafeMath.rt.hex": 0, "165-IERC20.rt.hex": 0, "165-ERC20.rt.hex": 1, "165-ERC20Detailed.rt.hex": 1, "165-SaveWon.rt.hex": 1, "166-Ownable.rt.hex": 0, "166-Pausable.rt.hex": 0, "166-Destructible.rt.hex": 0, "166-EDCoreInterface.rt.hex": 0, "166-DungeonRunAlpha.rt.hex": 0, "167-TAMCContract.rt.hex": 1, "168-SafeMath.rt.hex": 0, "168-Roles.rt.hex": 0, "168-PauserRole.rt.hex": 0, "168-Pausable.rt.hex": 0, "168-Ownable.rt.hex": 0, "168-KittyBountiesAdmin.rt.hex": 0, "168-KittyCore.rt.hex": 0, "168-KittyBounties.rt.hex": 0, "169-SafeMath.rt.hex": 0, "169-IERC20.rt.hex": 0, "169-Ownable.rt.hex": 1, "169-ERC20Detailed.rt.hex": 1, "169-DanPanCoin.rt.hex": 1, "170-SafeMath.rt.hex": 0, "170-SimpleDAO.rt.hex": 1, "171-SafeMath.rt.hex": 0, "171-database.rt.hex": 0, "171-topl_database_lib.rt.hex": 0, "171-iconiq_presale.rt.hex": 0, "172-SafeMath.rt.hex": 0, "172-EtherBank.rt.hex": 1, "173-ProofOfExistence.rt.hex": 0, "173-Reentrancy_bonus.rt.hex": 1, "174-Ownable.rt.hex": 0, "174-SafeMath.rt.hex": 0, "174-ERC20Basic.rt.hex": 0, "174-BasicToken.rt.hex": 0, "174-ERC20.rt.hex": 0, "174-StandardToken.rt.hex": 0, "174-BurnableToken.rt.hex": 0, "174-Pausable.rt.hex": 0, "174-GiftToken.rt.hex": 0, "174-Whitelist.rt.hex": 0, "174-GiftCrowdsale.rt.hex": 0, "175-SafeMath.rt.hex": 0, "175-owned.rt.hex": 1, "175-tokenRecipient.rt.hex": 0, "175-TokenERC20.rt.hex": 1, "175-AZT.rt.hex": 1, "176-SafeMath.rt.hex": 0, "176-Ownable.rt.hex": 0, "176-Pausable.rt.hex": 0, "176-ERC20Basic.rt.hex": 0, "176-BasicToken.rt.hex": 0, "176-ERC20.rt.hex": 0, "176-StandardToken.rt.hex": 0, "176-PausableToken.rt.hex": 0, "176-RefundVault.rt.hex": 0, "176-PallyCoin.rt.hex": 0, "176-Crowdsale.rt.hex": 0, "177-SafeMath.rt.hex": 0, "177-database.rt.hex": 0, "177-topl_database_lib.rt.hex": 0, "177-arbits_presale.rt.hex": 0, "178-MY_BANK.rt.hex": 1, "178-Log.rt.hex": 0, "179-ERC20Basic.rt.hex": 0, "179-ERC20.rt.hex": 0, "179-SafeMath.rt.hex": 0, "179-SafeERC20.rt.hex": 0, "179-Crowdsale.rt.hex": 0, "179-TimedCrowdsale.rt.hex": 0, "179-CappedCrowdsale.rt.hex": 0, "179-BasicToken.rt.hex": 0, "179-StandardToken.rt.hex": 0, "179-Ownable.rt.hex": 0, "179-MintableToken.rt.hex": 0, "179-MintedCrowdsale.rt.hex": 0, "179-DetailedERC20.rt.hex": 0, "179-Pausable.rt.hex": 0, "179-PausableToken.rt.hex": 0, "179-LoonieToken.rt.hex": 0, "179-LoonieCrowdsale.rt.hex": 0, "180-Ownable.rt.hex": 0, "180-SimpleDAO.rt.hex": 1, "181-SafeMath.rt.hex": 0, "181-ERC20Token.rt.hex": 0, "181-UnlockGmi.rt.hex": 0, "182-Crowdsale.rt.hex": 0, "182-SafeMath.rt.hex": 0, "182-Ownable.rt.hex": 0, "182-ERC20Basic.rt.hex": 0, "182-ERC20.rt.hex": 0, "182-SafeERC20.rt.hex": 0, "182-QuinadsCrowdsale.rt.hex": 0, "183-SafeMath.rt.hex": 0, "183-ERC20Interface.rt.hex": 1, "183-ApproveAndCallFallBack.rt.hex": 1, "183-Owned.rt.hex": 1, "183-QurasToken.rt.hex": 1, "184-SafeMath.rt.hex": 0, "184-Reentrance.rt.hex": 1, "185-SafeMath.rt.hex": 0, "185-ERC721Interface.rt.hex": 0, "185-ERC20.rt.hex": 0, "185-Ownable.rt.hex": 0, "185-NewAuctionContract.rt.hex": 0, "185-ArconaMarketplaceContract.rt.hex": 0, "186-IAccessPolicy.rt.hex": 0, "186-IAccessControlled.rt.hex": 0, "186-StandardRoles.rt.hex": 0, "186-AccessControlled.rt.hex": 0, "186-IMigrationTarget.rt.hex": 0, "186-MigrationTarget.rt.hex": 0, "186-EuroTokenMigrationTarget.rt.hex": 0, "186-IMigrationSource.rt.hex": 0, "186-MigrationSource.rt.hex": 0, "186-AccessRoles.rt.hex": 0, "186-IBasicToken.rt.hex": 0, "186-Reclaimable.rt.hex": 0, "186-ITokenMetadata.rt.hex": 0, "186-TokenMetadata.rt.hex": 0, "186-IERC20Allowance.rt.hex": 0, "186-IERC20Token.rt.hex": 0, "186-IERC677Callback.rt.hex": 0, "186-IERC677Allowance.rt.hex": 0, "186-IERC677Token.rt.hex": 0, "186-Math.rt.hex": 0, "186-BasicToken.rt.hex": 0, "186-StandardToken.rt.hex": 0, "186-EuroToken.rt.hex": 0, "187-IERC20.rt.hex": 0, "187-SafeMath.rt.hex": 0, "187-ERC20Detailed.rt.hex": 1, "187-HYDROGEN.rt.hex": 1, "188-ERC20Interface.rt.hex": 1, "188-IERC20Interface.rt.hex": 1, "188-RaffleToken.rt.hex": 0, "188-SafeMath.rt.hex": 0, "188-RaffleTokenExchange.rt.hex": 1, "189-Moloch.rt.hex": 0, "189-IERC20.rt.hex": 0, "189-Ownable.rt.hex": 0, "189-GuildBank.rt.hex": 0, "189-SafeMath.rt.hex": 0, "190-SafeMath.rt.hex": 0, "190-ERC20.rt.hex": 0, "190-SATCoin.rt.hex": 0, "191-Ownable.rt.hex": 0, "191-IERC20.rt.hex": 0, "191-ERC20Detailed.rt.hex": 0, "191-SafeMath.rt.hex": 0, "191-ERC20.rt.hex": 0, "191-Roles.rt.hex": 0, "191-MinterRole.rt.hex": 0, "191-ERC20Mintable.rt.hex": 0, "191-ERC20Burnable.rt.hex": 0, "191-Athlon.rt.hex": 0, "192-ERC20.rt.hex": 0, "192-IERC20.rt.hex": 0, "192-SafeMath.rt.hex": 0, "192-ERC20Interface.rt.hex": 1, "192-ApproveAndCallFallBack.rt.hex": 1, "192-Owned.rt.hex": 1, "192-ForTheBlockchain.rt.hex": 1, "193-PRIVATE_ETH_CELL.rt.hex": 1, "193-LogFile.rt.hex": 0, "194-Ownable.rt.hex": 0, "194-Roles.rt.hex": 0, "194-RBAC.rt.hex": 0, "194-SafeMath.rt.hex": 0, "194-ERC20Basic.rt.hex": 0, "194-ERC20.rt.hex": 0, "194-BasicToken.rt.hex": 0, "194-StandardToken.rt.hex": 0, "194-Pausable.rt.hex": 0, "194-PausableToken.rt.hex": 0, "194-BlackListToken.rt.hex": 0, "194-TwoPhaseToken.rt.hex": 0, "194-UpgradedStandardToken.rt.hex": 0, "194-WitToken.rt.hex": 0, "195-ERC20.rt.hex": 0, "195-IERC20.rt.hex": 0, "195-CareerOnToken.rt.hex": 1, "196-SafeMathLib.rt.hex": 0, "196-Ownable.rt.hex": 0, "196-Haltable.rt.hex": 0, "196-PricingStrategy.rt.hex": 0, "196-FinalizeAgent.rt.hex": 0, "196-ERC20.rt.hex": 0, "196-FractionalERC20.rt.hex": 0, "196-Crowdsale.rt.hex": 0, "196-SafeMath.rt.hex": 0, "196-StandardToken.rt.hex": 0, "196-UpgradeAgent.rt.hex": 0, "196-UpgradeableToken.rt.hex": 0, "196-ReleasableToken.rt.hex": 0, "196-MintableToken.rt.hex": 0, "196-CrowdsaleToken.rt.hex": 0, "196-MysteriumPricing.rt.hex": 0, "196-MysteriumTokenDistribution.rt.hex": 0, "197-SafeMath.rt.hex": 0, "197-ItemsInterfaceForEternalStorage.rt.hex": 0, "197-EternalStorage.rt.hex": 0, "198-Ownable.rt.hex": 0, "198-Pausable.rt.hex": 0, "198-SafeMath.rt.hex": 0, "198-ERC20Basic.rt.hex": 0, "198-BasicToken.rt.hex": 0, "198-ERC20.rt.hex": 0, "198-StandardToken.rt.hex": 0, "198-MintableToken.rt.hex": 0, "198-StarCoin.rt.hex": 0, "198-InvestorWhiteList.rt.hex": 0, "198-StarCoinPreSale.rt.hex": 0, "199-Token.rt.hex": 1, "199-SafeMath.rt.hex": 0, "199-StableDEX.rt.hex": 1, "200-ctf.rt.hex": 0, "200-EtherBank.rt.hex": 1, "201-SafeMath.rt.hex": 0, "201-IERC20.rt.hex": 0, "201-ERC20.rt.hex": 1, "201-ERC20Detailed.rt.hex": 1, "201-SimpleSwapCoin.rt.hex": 1, "202-Nutopia.rt.hex": 0, "202-IERC20.rt.hex": 0, "202-EventMetadata.rt.hex": 1, "202-Operated.rt.hex": 1, "202-ProofHashes.rt.hex": 1, "202-MultiHashWrapper.rt.hex": 1, "202-iFactory.rt.hex": 0, "202-Template.rt.hex": 1, "202-Feed.rt.hex": 1, "203-IERC20.rt.hex": 0, "203-ERC20Detailed.rt.hex": 0, "203-SafeMath.rt.hex": 0, "203-ERC20.rt.hex": 0, "203-ERC20Burnable.rt.hex": 0, "203-Ownable.rt.hex": 0, "203-Roles.rt.hex": 0, "203-PauserRole.rt.hex": 0, "203-Pausable.rt.hex": 0, "203-MinterRole.rt.hex": 0, "203-WhitelistAdminRole.rt.hex": 0, "203-WhitelistedRole.rt.hex": 0, "203-InvictusWhitelist.rt.hex": 0, "203-C10Token.rt.hex": 0, "204-Ownable.rt.hex": 0, "204-SafeMath.rt.hex": 0, "204-ERC20Basic.rt.hex": 0, "204-ERC20.rt.hex": 0, "204-BasicToken.rt.hex": 0, "204-StandardToken.rt.hex": 0, "204-TeuToken.rt.hex": 0, "204-Pausable.rt.hex": 0, "204-TeuBookingDeposit.rt.hex": 0, "205-GreenWorldProject.rt.hex": 0, "205-Owned.rt.hex": 0, "205-ERC20Interface.rt.hex": 0, "205-IERC20.rt.hex": 0, "205-SafeMath.rt.hex": 0, "205-ERC20Detailed.rt.hex": 1, "205-HYDROGEN.rt.hex": 1, "206-Ownable.rt.hex": 0, "206-Pausable.rt.hex": 0, "206-Destructible.rt.hex": 0, "206-EDCoreInterface.rt.hex": 0, "206-DungeonRunCore.rt.hex": 0, "207-SafeMath.rt.hex": 0, "207-RequestUid.rt.hex": 0, "207-AdminUpgradeable.rt.hex": 0, "207-BICALogicUpgradeable.rt.hex": 0, "207-BICALogic.rt.hex": 0, "207-BICALedger.rt.hex": 0, "207-ERC20Interface.rt.hex": 0, "207-BICAProxy.rt.hex": 0, "208-IERC165.rt.hex": 0, "208-IERC721.rt.hex": 0, "208-IERC721Receiver.rt.hex": 0, "208-SafeMath.rt.hex": 0, "208-Address.rt.hex": 0, "208-ERC165.rt.hex": 0, "208-ERC721.rt.hex": 0, "208-IERC721Metadata.rt.hex": 0, "208-ERC721Metadata.rt.hex": 0, "208-Roles.rt.hex": 0, "208-MinterRole.rt.hex": 0, "208-ERC721MetadataMintable.rt.hex": 0, "208-Ownable.rt.hex": 0, "208-RadxCollectible.rt.hex": 0, "209-ReentrancyDAO.rt.hex": 1, "210-NokuPricingPlan.rt.hex": 0, "210-Ownable.rt.hex": 0, "210-Pausable.rt.hex": 0, "210-SafeMath.rt.hex": 0, "210-ERC20Basic.rt.hex": 0, "210-ERC20.rt.hex": 0, "210-BurnableERC20.rt.hex": 0, "210-NokuTokenBurner.rt.hex": 0, "210-BasicToken.rt.hex": 0, "210-BurnableToken.rt.hex": 0, "210-DetailedERC20.rt.hex": 0, "210-StandardToken.rt.hex": 0, "210-MintableToken.rt.hex": 0, "210-NokuCustomERC20.rt.hex": 0, "211-SafeMath.rt.hex": 0, "211-ExtendedMath.rt.hex": 0, "211-ERC20Interface.rt.hex": 1, "211-ApproveAndCallFallBack.rt.hex": 1, "211-Owned.rt.hex": 1, "211-_Yesbuzz.rt.hex": 1, "212-SafeMath.rt.hex": 0, "212-ERC20Basic.rt.hex": 0, "212-ERC20.rt.hex": 0, "212-Escrow.rt.hex": 0, "213-IERC20.rt.hex": 0, "213-SafeMath.rt.hex": 0, "213-ERC20.rt.hex": 1, "213-ERC20Burnable.rt.hex": 1, "213-ERC20Detailed.rt.hex": 1, "213-AGR.rt.hex": 1, "214-Reentrance.rt.hex": 1, "215-SafeMath.rt.hex": 0, "215-ERC20.rt.hex": 0, "215-ReserveToken.rt.hex": 0, "215-EtherDelta.rt.hex": 0, "216-Ownable.rt.hex": 0, "216-SafeMath.rt.hex": 0, "216-FomoFeast.rt.hex": 1, "217-Ownable.rt.hex": 1, "217-Stoppable.rt.hex": 1, "217-RampInstantPoolInterface.rt.hex": 0, "217-RampInstantEscrowsPoolInterface.rt.hex": 1, "217-RampInstantPool.rt.hex": 1, "217-RampInstantEthPool.rt.hex": 1, "218-Ownable.rt.hex": 0, "218-Claimable.rt.hex": 0, "218-ERC20Basic.rt.hex": 0, "218-ERC20.rt.hex": 0, "218-SafeERC20.rt.hex": 0, "218-CanReclaimToken.rt.hex": 0, "218-OwnableContract.rt.hex": 0, "218-OwnableContractOwner.rt.hex": 0, "218-ControllerInterface.rt.hex": 0, "218-SafeMath.rt.hex": 0, "218-BasicToken.rt.hex": 0, "218-StandardToken.rt.hex": 0, "218-DetailedERC20.rt.hex": 0, "218-MintableToken.rt.hex": 0, "218-BurnableToken.rt.hex": 0, "218-Pausable.rt.hex": 0, "218-PausableToken.rt.hex": 0, "218-WBTC.rt.hex": 0, "218-MembersInterface.rt.hex": 0, "218-Controller.rt.hex": 0, "219-SafeMathLib.rt.hex": 0, "219-Ownable.rt.hex": 0, "219-Haltable.rt.hex": 0, "219-PricingStrategy.rt.hex": 0, "219-FinalizeAgent.rt.hex": 0, "219-ERC20.rt.hex": 0, "219-FractionalERC20.rt.hex": 0, "219-Crowdsale.rt.hex": 0, "219-MysteriumPricing.rt.hex": 0, "219-SafeMath.rt.hex": 0, "219-StandardToken.rt.hex": 0, "219-MintableToken.rt.hex": 0, "219-MysteriumCrowdsale.rt.hex": 0, "220-ERC20Basic.rt.hex": 0, "220-ZoologicalGarden.rt.hex": 0, "220-ERC20.rt.hex": 0, "220-BasicToken.rt.hex": 0, "220-ReentrancyDAO.rt.hex": 1, "221-IERC20.rt.hex": 0, "221-ERC20Detailed.rt.hex": 0, "221-SafeMath.rt.hex": 0, "221-FomoFeast.rt.hex": 1, "222-SafeMath.rt.hex": 0, "222-ERC20Basic.rt.hex": 0, "222-BasicToken.rt.hex": 0, "222-ERC20.rt.hex": 0, "222-StandardToken.rt.hex": 0, "222-SafeERC20.rt.hex": 0, "222-Owned.rt.hex": 0, "222-TokenVesting.rt.hex": 0, "222-TokenVault.rt.hex": 0, "222-BurnableToken.rt.hex": 0, "222-LCGC_Token.rt.hex": 0, "223-CareerOnToken.rt.hex": 1, "224-StandardERC20Factory.rt.hex": 0, "224-SafeMath.rt.hex": 0, "224-Roles.rt.hex": 0, "224-MinterRole.rt.hex": 0, "224-PauserRole.rt.hex": 0, "224-Pausable.rt.hex": 0, "224-IERC20.rt.hex": 0, "224-ERC20.rt.hex": 0, "224-ERC20Burnable.rt.hex": 0, "224-ERC20Pausable.rt.hex": 0, "224-StandardERC20.rt.hex": 0, "225-SafeMath.rt.hex": 0, "225-EtherBank.rt.hex": 1, "226-ERC20Basic.rt.hex": 0, "226-BasicToken.rt.hex": 0, "226-tokenRecipient.rt.hex": 0, "226-MD.rt.hex": 1, "227-Token.rt.hex": 0, "227-SafeMath.rt.hex": 0, "227-StandardToken.rt.hex": 0, "227-GRO.rt.hex": 0, "228-DSAuthority.rt.hex": 0, "228-DSAuthEvents.rt.hex": 0, "228-DSAuth.rt.hex": 0, "228-AssetPriceOracle.rt.hex": 0, "228-SafeMath.rt.hex": 0, "228-ContractForDifference.rt.hex": 0, "229-owned.rt.hex": 1, "229-tokenRecipient.rt.hex": 1, "229-Token.rt.hex": 1, "229-SafeMath.rt.hex": 0, "229-MindsyncPlatform.rt.hex": 1, "230-ACCURAL_DEPOSIT.rt.hex": 1, "230-LogFile.rt.hex": 0, "231-SafeMath.rt.hex": 0, "231-IERC20.rt.hex": 0, "231-ERC20Detailed.rt.hex": 0, "231-ERC20.rt.hex": 0, "231-Roles.rt.hex": 0, "231-PauserRole.rt.hex": 0, "231-Pausable.rt.hex": 0, "231-ERC20Pausable.rt.hex": 0, "231-MinterRole.rt.hex": 0, "231-ERC20Mintable.rt.hex": 0, "231-Ownable.rt.hex": 0, "231-IWhitelist.rt.hex": 0, "231-ERC20Whitelistable.rt.hex": 0, "231-BurnerRole.rt.hex": 0, "231-ERC20Burnable.rt.hex": 0, "231-CanReclaimEther.rt.hex": 0, "231-SafeERC20.rt.hex": 0, "231-CanReclaimToken.rt.hex": 0, "231-LeveragedToken.rt.hex": 0, "232-ERC20Basic.rt.hex": 0, "232-BasicToken.rt.hex": 0, "232-Reentrancy_bonus.rt.hex": 1, "233-HarjFarmer.rt.hex": 0, "233-SimpleDAO.rt.hex": 1, "234-SafeMath.rt.hex": 0, "234-Ownable.rt.hex": 0, "234-Helper.rt.hex": 0, "234-LNXtest.rt.hex": 0, "235-Ownable.rt.hex": 1, "235-ChannelWallet.rt.hex": 1, "236-SafeMath.rt.hex": 0, "236-ERC20Basic.rt.hex": 0, "236-ERC20.rt.hex": 0, "236-BasicToken.rt.hex": 0, "236-StandardToken.rt.hex": 0, "236-Role.rt.hex": 0, "236-Pausable.rt.hex": 0, "236-SamToken.rt.hex": 0, "237-ERC20Token.rt.hex": 0, "237-ERC20.rt.hex": 0, "237-Token.rt.hex": 0, "237-ECTools.rt.hex": 0, "237-StandardToken.rt.hex": 0, "237-HumanStandardToken.rt.hex": 0, "237-LedgerChannel.rt.hex": 1, "238-SafeMath.rt.hex": 0, "238-IERC20.rt.hex": 0, "238-SafeERC20.rt.hex": 0, "238-Ownable.rt.hex": 0, "238-ERC20Detailed.rt.hex": 0, "238-ERC20.rt.hex": 0, "238-Roles.rt.hex": 0, "238-PauserRole.rt.hex": 0, "238-Pausable.rt.hex": 0, "238-ERC20Pausable.rt.hex": 0, "238-ERC20Burnable.rt.hex": 0, "238-MinterRole.rt.hex": 0, "238-ERC20Mintable.rt.hex": 0, "238-ERC20Capped.rt.hex": 0, "238-SgmToken.rt.hex": 0, "238-OperationsVesting.rt.hex": 0, "239-SafeMath.rt.hex": 0, "239-ERC20Interface.rt.hex": 1, "239-ApproveAndCallFallBack.rt.hex": 1, "239-Owned.rt.hex": 1, "239-ForTheBlockchain.rt.hex": 1, "240-TokenERC20.rt.hex": 0, "240-SafeMath.rt.hex": 0, "240-owned.rt.hex": 1, "240-ethBank.rt.hex": 1, "241-SafeMath.rt.hex": 0, "241-Reentrancy_insecure.rt.hex": 1, "242-SafeMath.rt.hex": 0, "242-ERC20Interface.rt.hex": 1, "242-ApproveAndCallFallBack.rt.hex": 1, "242-Owned.rt.hex": 1, "242-ForTheBlockchain.rt.hex": 1, "243-SafeMathLib.rt.hex": 0, "243-Ownable.rt.hex": 0, "243-Haltable.rt.hex": 0, "243-PricingStrategy.rt.hex": 0, "243-FinalizeAgent.rt.hex": 0, "243-ERC20.rt.hex": 0, "243-FractionalERC20.rt.hex": 0, "243-Crowdsale.rt.hex": 0, "243-SafeMath.rt.hex": 0, "243-StandardToken.rt.hex": 0, "243-UpgradeAgent.rt.hex": 0, "243-UpgradeableToken.rt.hex": 0, "243-ReleasableToken.rt.hex": 0, "243-MintableToken.rt.hex": 0, "243-CrowdsaleToken.rt.hex": 0, "243-MysteriumPricing.rt.hex": 0, "243-MysteriumTokenDistribution.rt.hex": 0, "244-SafeMath.rt.hex": 0, "244-ERC20Basic.rt.hex": 0, "244-ERC20.rt.hex": 0, "244-Escrow.rt.hex": 0, "245-SafeMath.rt.hex": 0, "245-ERC20Basic.rt.hex": 0, "245-BasicToken.rt.hex": 0, "245-ERC20.rt.hex": 0, "245-StandardToken.rt.hex": 0, "245-SafeERC20.rt.hex": 0, "245-Owned.rt.hex": 0, "245-TokenVesting.rt.hex": 0, "245-TokenVault.rt.hex": 0, "245-BurnableToken.rt.hex": 0, "245-NIC_Token.rt.hex": 0, "246-BLAccess.rt.hex": 0, "246-DataStorageInterface.rt.hex": 0, "246-BLStorage.rt.hex": 0, "246-BLBalances.rt.hex": 0, "246-BLBlocks.rt.hex": 0, "246-BLMain.rt.hex": 0, "247-IERC20.rt.hex": 0, "247-SafeMath.rt.hex": 0, "247-ERC20.rt.hex": 0, "247-ERC20Detailed.rt.hex": 0, "247-Ownable.rt.hex": 0, "247-Pausable.rt.hex": 0, "247-ERC20Pausable.rt.hex": 0, "247-WalletPausable.rt.hex": 0, "247-ERC20WalletPausable.rt.hex": 0, "247-TransferAndPause.rt.hex": 0, "247-Ortp.rt.hex": 0, "248-SafeMath.rt.hex": 0, "248-IERC20.rt.hex": 0, "248-UBBCToken.rt.hex": 1, "249-CosmoCoin.rt.hex": 0, "249-ERC20.rt.hex": 0, "249-Reentrance.rt.hex": 1, "250-Reentrancy_cross_function.rt.hex": 1, "251-IERC20.rt.hex": 0, "251-SafeMath.rt.hex": 0, "251-ERC20.rt.hex": 0, "251-ERC20Detailed.rt.hex": 0, "251-Roles.rt.hex": 0, "251-MinterRole.rt.hex": 0, "251-ERC20Mintable.rt.hex": 0, "251-ERC20Burnable.rt.hex": 0, "251-PauserRole.rt.hex": 0, "251-Pausable.rt.hex": 0, "251-ERC20Pausable.rt.hex": 0, "251-INRD.rt.hex": 0, "252-SafeMath.rt.hex": 0, "252-ERC20Basic.rt.hex": 0, "252-BasicToken.rt.hex": 0, "252-ERC20.rt.hex": 0, "252-StandardToken.rt.hex": 0, "252-Ownable.rt.hex": 0, "252-MintableToken.rt.hex": 0, "252-RocketToken.rt.hex": 0, "252-Crowdsale.rt.hex": 0, "252-RocketTokenCrowdsale.rt.hex": 0, "253-SafeMath.rt.hex": 0, "253-IERC20.rt.hex": 0, "253-PHO.rt.hex": 1, "254-Ownable.rt.hex": 1, "254-AccountWallet.rt.hex": 1, "255-PERSONAL_BANK.rt.hex": 1, "255-LogFile.rt.hex": 0, "256-ECRecovery.rt.hex": 0, "256-SigningLogic.rt.hex": 0, "256-Initializable.rt.hex": 0, "256-AccountRegistryLogic.rt.hex": 0, "257-SafeMath.rt.hex": 0, "257-FomoFeast.rt.hex": 1, "258-Bee.rt.hex": 0, "258-SafeMath.rt.hex": 0, "258-ERC20Interface.rt.hex": 1, "258-ApproveAndCallFallBack.rt.hex": 1, "258-Owned.rt.hex": 1, "258-ForTheBlockchain.rt.hex": 1, "259-SafeMath.rt.hex": 0, "259-ERC20Basic.rt.hex": 0, "259-BasicToken.rt.hex": 0, "259-ERC20.rt.hex": 0, "259-StandardToken.rt.hex": 0, "259-SafeERC20.rt.hex": 0, "259-Owned.rt.hex": 0, "259-TokenVesting.rt.hex": 0, "259-TokenVault.rt.hex": 0, "259-BurnableToken.rt.hex": 0, "259-LCP_Token.rt.hex": 0, "260-IERC20.rt.hex": 0, "260-Marmo.rt.hex": 0, "260-ECDSA.rt.hex": 0, "260-Ownable.rt.hex": 1, "260-ReentrancyGuard.rt.hex": 1, "260-FeeTransactionManager.rt.hex": 1, "261-SafeMath.rt.hex": 0, "261-EventMetadata.rt.hex": 1, "261-Operated.rt.hex": 1, "261-ProofHashes.rt.hex": 1, "261-MultiHashWrapper.rt.hex": 1, "261-iFactory.rt.hex": 0, "261-Template.rt.hex": 1, "261-Feed.rt.hex": 1, "262-SafeMath.rt.hex": 0, "262-Ownable.rt.hex": 0, "262-PausableOnce.rt.hex": 0, "262-ERC20Basic.rt.hex": 0, "262-BasicToken.rt.hex": 0, "262-ERC20.rt.hex": 0, "262-StandardToken.rt.hex": 0, "262-InterfaceUpgradeAgent.rt.hex": 0, "262-UpgradableToken.rt.hex": 0, "262-Withdrawable.rt.hex": 0, "262-SaviorToken.rt.hex": 0, "263-SafeMath.rt.hex": 0, "263-Ownable.rt.hex": 0, "263-Pausable.rt.hex": 0, "263-ERC20.rt.hex": 0, "263-StandardToken.rt.hex": 0, "263-PausableERC20Token.rt.hex": 0, "263-BurnablePausableERC20Token.rt.hex": 0, "263-FreezableBurnablePausableERC20Token.rt.hex": 0, "263-WDT.rt.hex": 0, "264-IAccounting.rt.hex": 0, "264-IAccountingFactory.rt.hex": 0, "264-IERC20.rt.hex": 0, "264-IDisputer.rt.hex": 0, "264-ICrowdsourcerParent.rt.hex": 0, "264-FeeWindow.rt.hex": 0, "264-Universe.rt.hex": 0, "264-ReportingParticipant.rt.hex": 0, "264-Market.rt.hex": 0, "264-ICrowdsourcer.rt.hex": 0, "264-IDisputerFactory.rt.hex": 0, "264-DisputerParams.rt.hex": 0, "264-Crowdsourcer.rt.hex": 0, "265-SafeMath.rt.hex": 0, "265-ReentrancyDAO.rt.hex": 1, "266-IERC20.rt.hex": 0, "266-SafeMath.rt.hex": 0, "266-Ownable.rt.hex": 1, "266-ERC20Detailed.rt.hex": 1, "266-DanPanCoin.rt.hex": 1, "267-ERC20.rt.hex": 0, "267-SafeMath.rt.hex": 0, "267-StandardToken.rt.hex": 0, "267-BurnableToken.rt.hex": 0, "267-SafeERC20.rt.hex": 0, "267-Crowdsale.rt.hex": 0, "267-Ownable.rt.hex": 0, "267-EvedoToken.rt.hex": 0, "267-EvedoCrowdSale.rt.hex": 0, "267-EvedoExclusiveSale.rt.hex": 0, "268-ERC20.rt.hex": 0, "268-Ownable.rt.hex": 0, "268-LTLNN.rt.hex": 0, "268-CareerOnToken.rt.hex": 1, "269-BLAccess.rt.hex": 0, "269-DataStorageInterface.rt.hex": 0, "269-BLStorage.rt.hex": 0, "269-BLBalances.rt.hex": 0, "269-BLBlocks.rt.hex": 0, "269-BLMain.rt.hex": 0, "270-Roles.rt.hex": 0, "270-RBAC.rt.hex": 0, "270-SafeMath.rt.hex": 0, "270-ERC20Basic.rt.hex": 0, "270-BasicToken.rt.hex": 0, "270-BurnableToken.rt.hex": 0, "270-ERC20.rt.hex": 0, "270-StandardToken.rt.hex": 0, "270-DUBI.rt.hex": 0, "270-Purpose.rt.hex": 0, "270-Ownable.rt.hex": 0, "270-SafeERC20.rt.hex": 0, "270-Hodler.rt.hex": 0, "270-HodlFor.rt.hex": 0, "271-InvestorWhiteList.rt.hex": 0, "271-Ownable.rt.hex": 0, "271-ReentrancyDAO.rt.hex": 1, "272-TransferAndPause.rt.hex": 0, "272-Ownable.rt.hex": 0, "272-IERC20.rt.hex": 0, "272-SafeMath.rt.hex": 0, "272-ERC20Detailed.rt.hex": 1, "272-HYDROGEN.rt.hex": 1, "273-SafeMath.rt.hex": 0, "273-IERC20.rt.hex": 0, "273-UBBCToken.rt.hex": 1, "274-Ownable.rt.hex": 0, "274-SafeMath.rt.hex": 0, "274-IERC20.rt.hex": 0, "274-SafeERC20.rt.hex": 0, "274-MaticTokenVesting.rt.hex": 0, "275-Ownable.rt.hex": 0, "275-SimpleDAO.rt.hex": 1, "276-IERC20.rt.hex": 0, "276-SafeMath.rt.hex": 0, "276-ReverseRegistrar.rt.hex": 0, "276-Etherclear.rt.hex": 0, "277-Reentrancy_insecure.rt.hex": 1, "278-Roles.rt.hex": 0, "278-RBAC.rt.hex": 0, "278-SafeMath.rt.hex": 0, "278-ERC20Basic.rt.hex": 0, "278-BasicToken.rt.hex": 0, "278-BurnableToken.rt.hex": 0, "278-ERC20.rt.hex": 0, "278-StandardToken.rt.hex": 0, "278-DUBI.rt.hex": 0, "278-Purpose.rt.hex": 0, "278-Ownable.rt.hex": 0, "278-SafeERC20.rt.hex": 0, "278-Hodler.rt.hex": 0, "279-CareerOnToken.rt.hex": 1, "280-IERC20.rt.hex": 0, "280-SafeMath.rt.hex": 0, "280-ERC20.rt.hex": 0, "280-ERC20Detailed.rt.hex": 0, "280-Ownable.rt.hex": 0, "280-Remote.rt.hex": 0, "280-ProofOfTrident.rt.hex": 0, "280-ERC20Burnable.rt.hex": 0, "280-Vault.rt.hex": 0, "281-SafeMath.rt.hex": 0, "281-IERC20.rt.hex": 0, "281-ERC20.rt.hex": 1, "281-ERC20Detailed.rt.hex": 1, "281-SaveWon.rt.hex": 1, "282-SafeMath.rt.hex": 0, "282-IERC20.rt.hex": 0, "282-PHO.rt.hex": 1, "283-GoTDragonFarm.rt.hex": 0, "283-Reentrance.rt.hex": 1, "284-SafeMath.rt.hex": 0, "284-ERC20Basic.rt.hex": 0, "284-BasicToken.rt.hex": 0, "284-ERC20.rt.hex": 0, "284-StandardToken.rt.hex": 0, "284-SafeERC20.rt.hex": 0, "284-Owned.rt.hex": 0, "284-TokenVesting.rt.hex": 0, "284-TokenVault.rt.hex": 0, "284-BurnableToken.rt.hex": 0, "284-BAG_Token.rt.hex": 0, "285-IAccessPolicy.rt.hex": 0, "285-IAccessControlled.rt.hex": 0, "285-StandardRoles.rt.hex": 0, "285-AccessControlled.rt.hex": 0, "285-IsContract.rt.hex": 0, "285-AccessRoles.rt.hex": 0, "285-IBasicToken.rt.hex": 0, "285-Reclaimable.rt.hex": 0, "285-ITokenMetadata.rt.hex": 0, "285-TokenMetadata.rt.hex": 0, "285-IERC223Callback.rt.hex": 0, "285-IERC223Token.rt.hex": 0, "285-IERC20Allowance.rt.hex": 0, "285-IERC20Token.rt.hex": 0, "285-IERC677Callback.rt.hex": 0, "285-IERC677Allowance.rt.hex": 0, "285-IERC677Token.rt.hex": 0, "285-Math.rt.hex": 0, "285-BasicToken.rt.hex": 0, "285-StandardToken.rt.hex": 0, "285-EtherToken.rt.hex": 0, "286-SafeMath.rt.hex": 0, "286-Roles.rt.hex": 0, "286-PauserRole.rt.hex": 0, "286-Pausable.rt.hex": 0, "286-Ownable.rt.hex": 0, "286-KittyBountiesAdmin.rt.hex": 0, "286-KittyCore.rt.hex": 0, "286-KittyBounties.rt.hex": 0, "287-IERC20.rt.hex": 0, "287-ERC20.rt.hex": 0, "287-SafeMath.rt.hex": 0, "287-FomoFeast.rt.hex": 1, "288-IERC20.rt.hex": 0, "288-ERC20.rt.hex": 0, "288-EventMetadata.rt.hex": 1, "288-Operated.rt.hex": 1, "288-ProofHashes.rt.hex": 1, "288-MultiHashWrapper.rt.hex": 1, "288-iFactory.rt.hex": 0, "288-Template.rt.hex": 1, "288-Feed.rt.hex": 1, "289-SimpleDAO.rt.hex": 1, "290-SafeMath.rt.hex": 0, "290-FomoFeast.rt.hex": 1, "291-SafeMath.rt.hex": 0, "291-EtherBank.rt.hex": 1, "292-SafeMath.rt.hex": 0, "292-ERC20Basic.rt.hex": 0, "292-ERC20.rt.hex": 0, "292-Escrow.rt.hex": 0, "293-Ownable.rt.hex": 0, "293-SafeMath.rt.hex": 0, "293-IERC20.rt.hex": 0, "293-ERC20.rt.hex": 1, "293-ERC20Detailed.rt.hex": 1, "293-SaveWon.rt.hex": 1, "294-SafeMath.rt.hex": 0, "294-owned.rt.hex": 1, "294-ethBank.rt.hex": 1, "295-IdentityEvents.rt.hex": 0, "295-Reentrance.rt.hex": 1, "296-WhiteBetting.rt.hex": 1, "297-PALSToken.rt.hex": 0, "297-ERC20Interface.rt.hex": 0, "297-EventMetadata.rt.hex": 1, "297-Operated.rt.hex": 1, "297-ProofHashes.rt.hex": 1, "297-MultiHashWrapper.rt.hex": 1, "297-iFactory.rt.hex": 0, "297-Template.rt.hex": 1, "297-Feed.rt.hex": 1, "298-SafeMath.rt.hex": 0, "298-Ownable.rt.hex": 0, "298-SKYFToken.rt.hex": 0, "299-TAMC.rt.hex": 1, "300-SafeMath.rt.hex": 0, "300-Ownable.rt.hex": 0, "300-PausableOnce.rt.hex": 0, "300-ERC20Basic.rt.hex": 0, "300-BasicToken.rt.hex": 0, "300-ERC20.rt.hex": 0, "300-StandardToken.rt.hex": 0, "300-InterfaceUpgradeAgent.rt.hex": 0, "300-UpgradableToken.rt.hex": 0, "300-Withdrawable.rt.hex": 0, "300-CtdToken.rt.hex": 0, "301-ComptrollerInterface.rt.hex": 0, "301-ComptrollerErrorReporter.rt.hex": 0, "301-TokenErrorReporter.rt.hex": 0, "301-CarefulMath.rt.hex": 0, "301-Exponential.rt.hex": 0, "301-EIP20Interface.rt.hex": 0, "301-EIP20NonStandardInterface.rt.hex": 0, "301-ReentrancyGuard.rt.hex": 0, "301-InterestRateModel.rt.hex": 0, "301-CToken.rt.hex": 0, "301-CErc20.rt.hex": 0, "302-Owned.rt.hex": 0, "302-SafeMath.rt.hex": 0, "302-IERC20.rt.hex": 0, "302-ERC20.rt.hex": 1, "302-ERC20Detailed.rt.hex": 1, "302-SaveWon.rt.hex": 1, "303-ERC20.rt.hex": 0, "303-SafeMath.rt.hex": 0, "303-Ownable.rt.hex": 0, "303-StandardToken.rt.hex": 0, "303-TravelHelperToken.rt.hex": 0, "304-SafeMath.rt.hex": 0, "304-IERC20.rt.hex": 0, "304-Ownable.rt.hex": 1, "304-ERC20Detailed.rt.hex": 1, "304-DanPanCoin.rt.hex": 1, "305-Ownable.rt.hex": 0, "305-SafeMath.rt.hex": 0, "305-CommunityVesting.rt.hex": 0, "305-EcosystemVesting.rt.hex": 0, "305-SeedPrivateAdvisorVesting.rt.hex": 0, "305-TeamVesting.rt.hex": 0, "305-TokenInterface.rt.hex": 0, "305-Vesting.rt.hex": 0, "306-SafeMath.rt.hex": 0, "306-ERC20Basic.rt.hex": 0, "306-BasicToken.rt.hex": 0, "306-ERC20.rt.hex": 0, "306-StandardToken.rt.hex": 0, "306-SafeERC20.rt.hex": 0, "306-Owned.rt.hex": 0, "306-TokenVesting.rt.hex": 0, "306-TokenVault.rt.hex": 0, "306-BurnableToken.rt.hex": 0, "306-CWI_Token.rt.hex": 0, "307-IERC20.rt.hex": 0, "307-SafeMath.rt.hex": 0, "307-ERC20.rt.hex": 0, "307-Roles.rt.hex": 0, "307-MinterRole.rt.hex": 0, "307-ERC20Mintable.rt.hex": 0, "307-PauserRole.rt.hex": 0, "307-Pausable.rt.hex": 0, "307-ReentrancyGuard.rt.hex": 0, "307-Ownable.rt.hex": 0, "307-Administrable.rt.hex": 0, "307-WhiteList.rt.hex": 0, "307-C50.rt.hex": 0, "308-IERC20.rt.hex": 0, "308-ERC20Detailed.rt.hex": 0, "308-SafeMath.rt.hex": 0, "308-ERC20.rt.hex": 0, "308-Roles.rt.hex": 0, "308-MinterRole.rt.hex": 0, "308-ERC20Mintable.rt.hex": 0, "308-Ownable.rt.hex": 0, "308-ComplianceService.rt.hex": 0, "308-DividendService.rt.hex": 0, "308-ServiceRegistry.rt.hex": 0, "308-BlueshareToken.rt.hex": 0, "309-SafeMath.rt.hex": 0, "309-IERC20.rt.hex": 0, "309-Ownable.rt.hex": 1, "309-ERC20Detailed.rt.hex": 1, "309-DanPanCoin.rt.hex": 1, "310-IERC20.rt.hex": 0, "310-SafeMath.rt.hex": 0, "310-ERC20.rt.hex": 0, "310-MintableToken.rt.hex": 0, "310-Roles.rt.hex": 0, "310-PauserRole.rt.hex": 0, "310-Pausable.rt.hex": 0, "310-Ownable.rt.hex": 0, "310-FLINT.rt.hex": 0, "311-SafeMath.rt.hex": 0, "311-Ownable.rt.hex": 0, "311-IERC20.rt.hex": 0, "311-ERC20.rt.hex": 0, "311-ERC20Detailed.rt.hex": 0, "311-SafeERC20.rt.hex": 0, "311-MoneyMarketInterface.rt.hex": 0, "311-LoanEscrow.rt.hex": 0, "311-DividendDistributingToken.rt.hex": 0, "311-LandRegistryInterface.rt.hex": 0, "311-LandRegistryProxyInterface.rt.hex": 0, "311-WhitelistInterface.rt.hex": 0, "311-WhitelistProxyInterface.rt.hex": 0, "311-TokenizedProperty.rt.hex": 0, "312-Private_Bank.rt.hex": 1, "312-Log.rt.hex": 0, "313-PauserRole.rt.hex": 0, "313-Pausable.rt.hex": 0, "313-EventMetadata.rt.hex": 1, "313-Operated.rt.hex": 1, "313-ProofHashes.rt.hex": 1, "313-MultiHashWrapper.rt.hex": 1, "313-iFactory.rt.hex": 0, "313-Template.rt.hex": 1, "313-Feed.rt.hex": 1, "314-SafeMath.rt.hex": 0, "314-Ownable.rt.hex": 0, "314-IERC20.rt.hex": 0, "314-ERC20.rt.hex": 0, "314-ERC20Detailed.rt.hex": 0, "314-ERC20Burnable.rt.hex": 0, "314-Roles.rt.hex": 0, "314-MinterRole.rt.hex": 0, "314-ERC20Mintable.rt.hex": 0, "314-PauserRole.rt.hex": 0, "314-Pausable.rt.hex": 0, "314-ERC20Pausable.rt.hex": 0, "314-AMICUS.rt.hex": 0, "315-SafeMath.rt.hex": 0, "315-ERC20Basic.rt.hex": 0, "315-BasicToken.rt.hex": 0, "315-ERC20.rt.hex": 0, "315-StandardToken.rt.hex": 0, "315-SafeERC20.rt.hex": 0, "315-Owned.rt.hex": 0, "315-TokenVesting.rt.hex": 0, "315-TokenVault.rt.hex": 0, "315-BurnableToken.rt.hex": 0, "315-CES_Token.rt.hex": 0, "316-Ownable.rt.hex": 0, "316-ReentrancyDAO.rt.hex": 1, "317-Burnable.rt.hex": 0, "317-Mintable.rt.hex": 0, "317-ERC20Basic.rt.hex": 0, "317-ERC20.rt.hex": 0, "317-SafeERC20.rt.hex": 0, "317-TokenTimelock.rt.hex": 0, "317-SafeMath.rt.hex": 0, "317-Ownable.rt.hex": 0, "317-TokenVesting.rt.hex": 0, "317-Pausable.rt.hex": 0, "317-BasicToken.rt.hex": 0, "317-StandardToken.rt.hex": 0, "317-PausableToken.rt.hex": 0, "317-AdaptableToken.rt.hex": 0, "317-NokuMasterToken.rt.hex": 0, "318-Token.rt.hex": 0, "318-AbstractToken.rt.hex": 0, "318-SafeMath.rt.hex": 0, "318-EventMetadata.rt.hex": 1, "318-Operated.rt.hex": 1, "318-ProofHashes.rt.hex": 1, "318-MultiHashWrapper.rt.hex": 1, "318-iFactory.rt.hex": 0, "318-Template.rt.hex": 1, "318-Feed.rt.hex": 1, "319-SafeMath.rt.hex": 0, "319-Ownable.rt.hex": 0, "319-ERC20Basic.rt.hex": 0, "319-ERC20.rt.hex": 0, "319-BasicToken.rt.hex": 0, "319-StandardToken.rt.hex": 0, "319-MintableToken.rt.hex": 0, "319-OPUCoin.rt.hex": 0, "319-ColdStorage.rt.hex": 0, "319-Vesting.rt.hex": 0, "319-Allocation.rt.hex": 0, "320-SafeMath.rt.hex": 0, "320-IERC20.rt.hex": 0, "320-ERC20.rt.hex": 0, "320-Roles.rt.hex": 0, "320-MinterRole.rt.hex": 0, "320-ERC20Mintable.rt.hex": 0, "320-ERC20Burnable.rt.hex": 0, "320-TuneTradeToken.rt.hex": 0, "320-WhitelistAdminRole.rt.hex": 0, "320-WhitelistedRole.rt.hex": 0, "320-TeamRole.rt.hex": 0, "320-SafeERC20.rt.hex": 0, "320-SwapContract.rt.hex": 0, "321-Ownable.rt.hex": 0, "321-EtherBank.rt.hex": 1, "322-SafeMath.rt.hex": 0, "322-CareerOnToken.rt.hex": 1, "323-Roles.rt.hex": 0, "323-IERC20.rt.hex": 0, "323-PauserRole.rt.hex": 0, "323-SafeMath.rt.hex": 0, "323-TaxLib.rt.hex": 0, "323-ERC20.rt.hex": 0, "323-Pausable.rt.hex": 0, "323-ERC20Pausable.rt.hex": 0, "323-ERC20Detailed.rt.hex": 0, "323-ERC20Burnable.rt.hex": 0, "323-Ownable.rt.hex": 0, "323-Taxable.rt.hex": 0, "323-BCHHandled.rt.hex": 0, "323-WibxToken.rt.hex": 0, "324-SafeMath.rt.hex": 0, "324-CareerOnToken.rt.hex": 1, "325-BANK_SAFE.rt.hex": 1, "325-LogFile.rt.hex": 0, "326-IERC20.rt.hex": 0, "326-SafeMath.rt.hex": 0, "326-ERC20.rt.hex": 0, "326-Roles.rt.hex": 0, "326-MinterRole.rt.hex": 0, "326-ERC20Mintable.rt.hex": 0, "326-ERC20Burnable.rt.hex": 0, "326-ERC20Detailed.rt.hex": 0, "326-PauserRole.rt.hex": 0, "326-Pausable.rt.hex": 0, "326-BlacklistAdminRole.rt.hex": 0, "326-BlacklistedRole.rt.hex": 0, "326-RingTokenPausable.rt.hex": 0, "326-RingCasinoCoin.rt.hex": 0, "327-SafeMath.rt.hex": 0, "327-Ownable.rt.hex": 0, "327-TokenInterface.rt.hex": 0, "327-KRCPreSaleContract.rt.hex": 0, "328-ETH_FUND.rt.hex": 1, "328-Log.rt.hex": 0, "329-SafeMath.rt.hex": 0, "329-IERC20.rt.hex": 0, "329-ERC20Detailed.rt.hex": 1, "329-HYDROGEN.rt.hex": 1, "330-Math.rt.hex": 0, "330-Ownable.rt.hex": 0, "330-SafeMath.rt.hex": 0, "330-Orderbook.rt.hex": 0, "330-RenExTokens.rt.hex": 0, "330-RenExBalances.rt.hex": 0, "330-SettlementUtils.rt.hex": 0, "330-RenExSettlement.rt.hex": 0, "331-Ownable.rt.hex": 0, "331-Pausable.rt.hex": 0, "331-Destructible.rt.hex": 0, "331-EDCoreInterface.rt.hex": 0, "331-DungeonRunBeta.rt.hex": 0, "332-Ownable.rt.hex": 0, "332-Administratable.rt.hex": 0, "332-IERC20.rt.hex": 0, "332-SafeMath.rt.hex": 0, "332-ERC20.rt.hex": 0, "332-ERC20Burnable.rt.hex": 0, "332-Roles.rt.hex": 0, "332-MinterRole.rt.hex": 0, "332-ERC20Mintable.rt.hex": 0, "332-Freezable.rt.hex": 0, "332-Cryptonium.rt.hex": 0, "332-Migrations.rt.hex": 0, "333-Ownable.rt.hex": 0, "333-HYIPRETHPRO440.rt.hex": 0, "333-SafeMath.rt.hex": 0, "334-Ownable.rt.hex": 0, "334-SafeMath.rt.hex": 0, "334-owned.rt.hex": 1, "334-ethBank.rt.hex": 1, "335-SafeMath.rt.hex": 0, "335-Roles.rt.hex": 0, "335-Ownable.rt.hex": 0, "335-ERC223ReceivingContract.rt.hex": 0, "335-IERC20.rt.hex": 0, "335-ERC20.rt.hex": 0, "335-PauserRole.rt.hex": 0, "335-Pausable.rt.hex": 0, "335-MinterRole.rt.hex": 0, "335-ERC20Mintable.rt.hex": 0, "335-ERC20Burnable.rt.hex": 0, "335-ERC20Pausable.rt.hex": 0, "335-SafeERC20.rt.hex": 0, "335-ERC20Frozen.rt.hex": 0, "335-OneKiloGifttoken.rt.hex": 0, "336-Ownable.rt.hex": 0, "336-BNDESRegistry.rt.hex": 0, "337-IERC20.rt.hex": 0, "337-SafeMath.rt.hex": 0, "337-SafeERC20.rt.hex": 0, "337-ERC20Detailed.rt.hex": 0, "337-ERC20.rt.hex": 0, "337-Roles.rt.hex": 0, "337-PauserRole.rt.hex": 0, "337-Pausable.rt.hex": 0, "337-ERC20Pausable.rt.hex": 0, "337-ERC20Burnable.rt.hex": 0, "337-MinterRole.rt.hex": 0, "337-ERC20Mintable.rt.hex": 0, "337-ERC20Capped.rt.hex": 0, "337-Ownable.rt.hex": 0, "337-SgmToken.rt.hex": 0, "338-ERC20.rt.hex": 0, "338-IERC20.rt.hex": 0, "338-Token.rt.hex": 0, "338-ECTools.rt.hex": 0, "338-StandardToken.rt.hex": 0, "338-HumanStandardToken.rt.hex": 0, "338-LedgerChannel.rt.hex": 1, "339-Token.rt.hex": 0, "339-SafeMath.rt.hex": 0, "339-StandardToken.rt.hex": 0, "339-GRO.rt.hex": 0, "340-SafeMath.rt.hex": 0, "340-Ownable.rt.hex": 0, "340-TokenInterface.rt.hex": 0, "340-KRCICOContract.rt.hex": 0, "341-SafeMath.rt.hex": 0, "341-EventMetadata.rt.hex": 1, "341-Operated.rt.hex": 1, "341-ProofHashes.rt.hex": 1, "341-MultiHashWrapper.rt.hex": 1, "341-iFactory.rt.hex": 0, "341-Template.rt.hex": 1, "341-Feed.rt.hex": 1, "342-Dictionary.rt.hex": 0, "342-IERC20.rt.hex": 0, "342-SafeMath.rt.hex": 0, "342-ReverseRegistrar.rt.hex": 0, "342-Etherclear.rt.hex": 0, "343-SafeMath.rt.hex": 0, "343-Ownable.rt.hex": 0, "343-Pausable.rt.hex": 0, "343-ERC20Basic.rt.hex": 0, "343-BasicToken.rt.hex": 0, "343-ERC20.rt.hex": 0, "343-StandardToken.rt.hex": 0, "343-PausableToken.rt.hex": 0, "343-RefundVault.rt.hex": 0, "343-PallyCoin.rt.hex": 0, "343-Crowdsale.rt.hex": 0, "344-SafeMath.rt.hex": 0, "344-OwnerHelper.rt.hex": 0, "344-ERC20Interface.rt.hex": 0, "344-VantaToken.rt.hex": 0, "345-Ownable.rt.hex": 0, "345-Roles.rt.hex": 0, "345-RBAC.rt.hex": 0, "345-SafeMath.rt.hex": 0, "345-ERC20Basic.rt.hex": 0, "345-ERC20.rt.hex": 0, "345-BasicToken.rt.hex": 0, "345-StandardToken.rt.hex": 0, "345-Pausable.rt.hex": 0, "345-PausableToken.rt.hex": 0, "345-BlackListToken.rt.hex": 0, "345-TwoPhaseToken.rt.hex": 0, "345-UpgradedStandardToken.rt.hex": 0, "345-WitToken.rt.hex": 0, "346-Ownable.rt.hex": 0, "346-Pausable.rt.hex": 0, "346-Destructible.rt.hex": 0, "346-EDCoreInterface.rt.hex": 0, "346-DungeonRunBeta.rt.hex": 0, "347-PrivateDeposit.rt.hex": 1, "347-Log.rt.hex": 0, "348-CrowdsaleParameters.rt.hex": 0, "348-Owned.rt.hex": 0, "348-TKLNToken.rt.hex": 0, "349-IERC20.rt.hex": 0, "349-SafeMath.rt.hex": 0, "349-ERC20.rt.hex": 0, "349-ERC20Detailed.rt.hex": 0, "349-ERC20Burnable.rt.hex": 0, "349-Roles.rt.hex": 0, "349-MinterRole.rt.hex": 0, "349-ERC20Mintable.rt.hex": 0, "349-PauserRole.rt.hex": 0, "349-Pausable.rt.hex": 0, "349-Ownable.rt.hex": 0, "349-ERC20PartialLock.rt.hex": 0, "349-PUKAO.rt.hex": 0, "350-CyberShekel.rt.hex": 0, "350-SimpleDAO.rt.hex": 1, "351-Ownable.rt.hex": 0, "351-Token.rt.hex": 0, "351-TokenBank.rt.hex": 1, "352-IERC20.rt.hex": 0, "352-ERC20.rt.hex": 0, "352-Reentrance.rt.hex": 1, "353-SafeERC20.rt.hex": 0, "353-IERC20.rt.hex": 0, "353-SafeMath.rt.hex": 0, "353-ERC20.rt.hex": 0, "353-Roles.rt.hex": 0, "353-PauserRole.rt.hex": 0, "353-Pausable.rt.hex": 0, "353-ERC20Pausable.rt.hex": 0, "353-ERC20Detailed.rt.hex": 0, "353-ERC20Burnable.rt.hex": 0, "353-MinterRole.rt.hex": 0, "353-ERC20Mintable.rt.hex": 0, "353-ECP.rt.hex": 0, "354-SafeMath.rt.hex": 0, "354-Ownable.rt.hex": 0, "354-Helper.rt.hex": 0, "354-LNXtest.rt.hex": 0, "355-SafeMath.rt.hex": 0, "355-Ownable.rt.hex": 0, "355-Roles.rt.hex": 0, "355-MinterRole.rt.hex": 0, "355-ReentrancyGuard.rt.hex": 0, "355-CertificateControllerMock.rt.hex": 0, "355-CertificateController.rt.hex": 0, "355-IERC777TokensRecipient.rt.hex": 0, "355-IERC777TokensSender.rt.hex": 0, "355-IERC20.rt.hex": 0, "355-IERC1410.rt.hex": 0, "355-IERC777.rt.hex": 0, "355-IERC1400.rt.hex": 0, "355-ERC820Registry.rt.hex": 0, "355-ERC820Client.rt.hex": 0, "355-ERC777.rt.hex": 0, "355-ERC1410.rt.hex": 0, "355-ERC1400.rt.hex": 0, "355-ERC1400ERC20.rt.hex": 0, "356-ModifierEntrancy.rt.hex": 1, "356-Bank.rt.hex": 0, "356-attack.rt.hex": 0, "357-Token.rt.hex": 0, "357-AbstractToken.rt.hex": 0, "357-SafeMath.rt.hex": 0, "357-EtherBank.rt.hex": 1, "358-SafeMath.rt.hex": 0, "358-database.rt.hex": 0, "358-topl_database_lib.rt.hex": 0, "358-iconiq_data_pipe.rt.hex": 0, "359-SafeMath.rt.hex": 0, "359-ERC20Basic.rt.hex": 0, "359-BasicToken.rt.hex": 0, "359-ERC20.rt.hex": 0, "359-StandardToken.rt.hex": 0, "359-SafeERC20.rt.hex": 0, "359-Owned.rt.hex": 0, "359-TokenVesting.rt.hex": 0, "359-BurnableToken.rt.hex": 0, "359-AgateToken.rt.hex": 0, "360-IERC777.rt.hex": 0, "360-IERC777Recipient.rt.hex": 0, "360-IERC777Sender.rt.hex": 0, "360-IERC20.rt.hex": 0, "360-SafeMath.rt.hex": 0, "360-Address.rt.hex": 0, "360-IERC1820Registry.rt.hex": 0, "360-ERC777.rt.hex": 1, "360-Roles.rt.hex": 0, "360-MinterRole.rt.hex": 1, "360-PauserRole.rt.hex": 1, "360-Pausable.rt.hex": 1, "360-SKYBITToken.rt.hex": 1, "361-EventMetadata.rt.hex": 1, "361-Operated.rt.hex": 1, "361-MultiHashWrapper.rt.hex": 1, "361-iFactory.rt.hex": 0, "361-ProofHash.rt.hex": 1, "361-Template.rt.hex": 1, "361-Post.rt.hex": 1, "362-SafeMath.rt.hex": 0, "362-ERC721Interface.rt.hex": 0, "362-ERC20.rt.hex": 0, "362-Ownable.rt.hex": 0, "362-NewAuctionContract.rt.hex": 0, "362-ArconaMarketplaceContract.rt.hex": 0}