{"1-IERC777.bin": 0, "1-IERC777Recipient.bin": 0, "1-IERC777Sender.bin": 0, "1-IERC20.bin": 0, "1-SafeMath.bin": 0, "1-Address.bin": 0, "1-IERC1820Registry.bin": 0, "1-ERC777.bin": 1, "1-Roles.bin": 0, "1-MinterRole.bin": 1, "1-PauserRole.bin": 1, "1-Pausable.bin": 1, "1-SKYBITToken.bin": 1, "2-ERC20Basic.bin": 0, "2-SerenityTeamAllocator.bin": 0, "3-AirDropContract.bin": 1, "4-airPort.bin": 1, "5-Lotto.bin": 1, "6-SafeMath.bin": 0, "6-Ownable.bin": 0, "6-ERC20Basic.bin": 0, "6-ERC20.bin": 0, "6-BasicToken.bin": 0, "6-StandardToken.bin": 0, "6-BurnableToken.bin": 0, "6-MintableToken.bin": 0, "6-Pausable.bin": 0, "6-PausableToken.bin": 0, "6-SignalCoin.bin": 0, "7-SafeMath.bin": 0, "7-Token.bin": 0, "7-AbstractToken.bin": 0, "7-BOCO.bin": 0, "8-SafeMath.bin": 0, "8-ERC20.bin": 1, "8-ERC223ReceivingContract.bin": 1, "8-ERC223.bin": 1, "8-ERC223Token.bin": 1, "8-Owned.bin": 1, "8-Grand.bin": 1, "9-TAMC.bin": 1, "10-Ownable.bin": 0, "10-Operable.bin": 0, "10-BlacklistStore.bin": 0, "11-IERC20.bin": 0, "11-KNCLock.bin": 0, "11-TriggerKNCLock.bin": 0, "12-ERC20.bin": 0, "12-ERC223.bin": 0, "12-Ownable.bin": 0, "12-SafeMath.bin": 0, "12-Generic223Receiver.bin": 0, "12-FISH.bin": 0, "13-Ownable.bin": 1, "13-ChannelWallet.bin": 1, "14-SendBack.bin": 1, "15-Pie.bin": 1, "16-Ownable.bin": 1, "16-Stoppable.bin": 1, "16-RampInstantPoolInterface.bin": 0, "16-RampInstantEscrowsPoolInterface.bin": 1, "16-RampInstantPool.bin": 1, "16-RampInstantEthPool.bin": 1, "17-SafeMath.bin": 0, "17-Math.bin": 0, "17-ERC20Basic.bin": 0, "17-ERC20.bin": 0, "17-BasicToken.bin": 0, "17-BurnableToken.bin": 0, "17-StandardToken.bin": 0, "17-Ownable.bin": 0, "17-MintableToken.bin": 0, "17-Pausable.bin": 0, "17-PausableToken.bin": 0, "17-MoaCOIN.bin": 0, "18-IERC20.bin": 0, "18-SafeMath.bin": 0, "18-Ownable.bin": 1, "18-ERC20Detailed.bin": 1, "18-DanPanCoin.bin": 1, "19-SafeMath.bin": 0, "19-FomoFeast.bin": 1, "20-MerklIO.bin": 0, "21-IERC20.bin": 0, "21-SafeMath.bin": 0, "21-ERC20.bin": 0, "21-Ownable.bin": 0, "21-BTNY.bin": 0, "22-SimpleWallet.bin": 1, "23-Owned.bin": 1, "23-SafeMath.bin": 0, "23-Token.bin": 1, "23-Staking.bin": 1, "24-Owned.bin": 1, "24-SafeMath.bin": 0, "24-Token.bin": 1, "24-Staking.bin": 1, "25-IERC20.bin": 0, "25-SafeMath.bin": 0, "25-ERC20.bin": 0, "25-ERC20Detailed.bin": 0, "25-BOSAGORA.bin": 0, "26-Ownable.bin": 1, "26-AccountWallet.bin": 1, "27-MultiplicatorX4.bin": 1, "28-owned.bin": 1, "28-tokenRecipient.bin": 1, "28-Token.bin": 1, "28-SafeMath.bin": 0, "28-MindsyncPlatform.bin": 1, "29-ERC20TokenInterface.bin": 0, "29-SafeMath.bin": 0, "29-CliffTokenVesting.bin": 0, "30-owned.bin": 0, "30-TokenERC20.bin": 0, "30-A0101Token.bin": 0, "31-IERC20.bin": 0, "31-IERC223.bin": 0, "31-ContractReceiver.bin": 0, "31-SafeMath.bin": 0, "31-StandardToken.bin": 0, "31-ACLYD.bin": 0, "32-EBU.bin": 1, "33-Freebie.bin": 1, "34-SafeMath.bin": 0, "34-ERC20Interface.bin": 0, "34-ApproveAndCallFallBack.bin": 0, "34-Owned.bin": 0, "34-EPSBets.bin": 0, "35-Ownable.bin": 1, "35-TokenERC20.bin": 1, "35-YFT.bin": 1, "36-WhaleGiveaway1.bin": 1, "37-IERC20.bin": 0, "37-SafeMath.bin": 0, "37-IHumanity.bin": 0, "37-HumanityRegistry.bin": 0, "37-UniversalBasicIncome.bin": 0, "38-Owned.bin": 1, "38-WedIndex.bin": 0, "39-DependentOnIPFS.bin": 0, "39-Poll.bin": 0, "39-AccountRegistryInterface.bin": 0, "39-SigningLogicInterface.bin": 0, "39-VotingCenter.bin": 0, "40-SimpleWallet.bin": 1, "41-ImplementationProvider.bin": 0, "41-ZOSLibOwnable.bin": 0, "41-ZOSLibAddress.bin": 0, "41-ImplementationDirectory.bin": 0, "42-Ownable.bin": 0, "42-IERC20.bin": 0, "42-ERC20Detailed.bin": 0, "42-SafeMath.bin": 0, "42-ERC20.bin": 0, "42-Roles.bin": 0, "42-MinterRole.bin": 0, "42-ERC20Mintable.bin": 0, "42-PauserRole.bin": 0, "42-Pausable.bin": 0, "42-ERC20Pausable.bin": 0, "42-CrowdliToken.bin": 0, "43-Prism.bin": 0, "44-DrainMe.bin": 1, "45-ELFToken.bin": 0, "45-ELFBurner.bin": 0, "46-IERC20.bin": 0, "46-Marmo.bin": 0, "46-ECDSA.bin": 0, "46-Ownable.bin": 1, "46-ReentrancyGuard.bin": 1, "46-FeeTransactionManager.bin": 1, "47-ERC20Interface.bin": 0, "47-SafeMath.bin": 0, "47-PALSToken.bin": 0, "48-ERC20Basic.bin": 0, "48-SafeMath.bin": 0, "48-ERC20.bin": 0, "48-BasicToken.bin": 0, "48-StandardToken.bin": 0, "48-MOONToken.bin": 0, "49-SafeMath.bin": 0, "49-ERC20Interface.bin": 0, "49-ApproveAndCallFallBack.bin": 0, "49-Owned.bin": 0, "49-CalegariToken.bin": 0, "50-SafeMath.bin": 0, "50-Ownable.bin": 0, "50-EtherPornStars.bin": 0, "51-HelloEx.bin": 0, "51-Call.bin": 0, "52-SafeMath.bin": 0, "52-ERC20Interface.bin": 0, "52-ApproveAndCallFallBack.bin": 0, "52-Owned.bin": 0, "52-DissolutionToken.bin": 0, "53-Token.bin": 1, "53-SafeMath.bin": 0, "53-StableDEX.bin": 1, "54-RevertReason.bin": 0, "55-ERC20Interface.bin": 0, "55-Owned.bin": 0, "55-Admined.bin": 0, "55-DeveryRegistry.bin": 0, "56-owned.bin": 1, "56-tokenRecipient.bin": 1, "56-Token.bin": 1, "56-SafeMath.bin": 0, "56-MindsyncPlatform.bin": 1, "57-SafeMath.bin": 0, "57-owned.bin": 1, "57-ERC20Essential.bin": 0, "57-BitpayerDEX.bin": 1, "58-Ownable.bin": 0, "58-InvestorWhiteList.bin": 0, "59-SafeMath.bin": 0, "59-ERC20Interface.bin": 1, "59-ApproveAndCallFallBack.bin": 1, "59-Owned.bin": 1, "59-ForTheBlockchain.bin": 1, "60-Ownable.bin": 0, "60-Pausable.bin": 0, "60-IERC20.bin": 0, "60-ERC20.bin": 0, "60-ERC20Pausable.bin": 0, "60-MBTCcontract.bin": 0, "60-MBTCToken.bin": 0, "60-SafeMath.bin": 0, "61-Ownable.bin": 0, "61-Token.bin": 1, "61-TokenBank.bin": 1, "62-Emitter.bin": 0, "62-Caller.bin": 0, "63-IERC20.bin": 0, "63-Ownable.bin": 0, "63-SafeMath.bin": 0, "63-BasementOperationRealm.bin": 0, "64-MultiplicatorX3.bin": 1, "65-SafeMath.bin": 0, "65-Ownable.bin": 1, "65-TokenERC20.bin": 1, "65-XLToken.bin": 1, "66-SafeMath.bin": 0, "66-EIP20Interface.bin": 0, "66-BasicToken.bin": 0, "66-AICoinToken.bin": 0, "67-DinosaurFarmer2.bin": 0, "67-SafeMath.bin": 0, "68-ERC20Interface.bin": 1, "68-AcunarToken.bin": 1, "68-AcunarIEO.bin": 1, "69-IERC20.bin": 0, "69-SafeMath.bin": 0, "69-ERC20Detailed.bin": 1, "69-HYDROGEN.bin": 1, "70-SafeMath.bin": 0, "70-ERC20Interface.bin": 1, "70-ApproveAndCallFallBack.bin": 1, "70-Owned.bin": 1, "70-QurasToken.bin": 1, "71-SafeMath.bin": 0, "71-token.bin": 0, "71-Crowdsale.bin": 0, "72-WhaleGiveaway2.bin": 1, "73-SafeMathLib.bin": 0, "73-ERC20Lib.bin": 0, "73-FQCoin.bin": 0, "74-ERC20Interface.bin": 0, "74-SafeMath.bin": 0, "74-DAIX.bin": 0, "75-SafeMath.bin": 0, "75-Ownable.bin": 0, "75-IErc20.bin": 0, "75-Monetary.bin": 0, "75-IPriceOracle.bin": 0, "75-Require.bin": 0, "75-Math.bin": 0, "75-Time.bin": 0, "75-IMakerOracle.bin": 0, "75-IOasisDex.bin": 0, "75-DaiPriceOracle.bin": 0, "76-Ownable.bin": 0, "76-CREDITS.bin": 0, "76-CREDITCoins.bin": 0, "76-ContractSendCreditCoins.bin": 0, "77-ERC20.bin": 0, "77-CoinCasso.bin": 0, "77-SafeMath.bin": 0, "78-SafeMath.bin": 0, "78-IERC20.bin": 0, "78-ERC20.bin": 0, "78-LedgeriumToken.bin": 0, "79-SafeMath.bin": 0, "79-ERC20.bin": 0, "79-UpgradeAgent.bin": 0, "79-CVEN.bin": 0, "80-SafeMath.bin": 0, "80-ERC20Basic.bin": 0, "80-BasicToken.bin": 0, "80-ERC20.bin": 0, "80-StandardToken.bin": 0, "80-SafeERC20.bin": 0, "80-Owned.bin": 0, "80-TokenVesting.bin": 0, "80-TokenVault.bin": 0, "80-BurnableToken.bin": 0, "80-LCGC_Token.bin": 0, "81-Proxy.bin": 1, "81-VaultProxy.bin": 0, "82-EventMetadata.bin": 1, "82-Operated.bin": 1, "82-ProofHashes.bin": 1, "82-MultiHashWrapper.bin": 1, "82-iFactory.bin": 0, "82-Template.bin": 1, "82-Feed.bin": 1, "83-SafeMath.bin": 0, "83-owned.bin": 1, "83-ethBank.bin": 1, "84-SafeMath.bin": 0, "84-ERC20Interface.bin": 0, "84-ApproveAndCallFallBack.bin": 0, "84-Owned.bin": 0, "84-Metha.bin": 0, "85-tokenRecipient.bin": 0, "85-MigrationAgent.bin": 0, "85-ERC20.bin": 0, "85-SafeMath.bin": 0, "85-StandardToken.bin": 0, "85-daoPOLSKAtokens.bin": 1, "86-SafeMath.bin": 0, "86-Ownable.bin": 0, "86-ERC20Interface.bin": 0, "86-RADION.bin": 0, "87-ERC20Basic.bin": 0, "87-ERC20.bin": 0, "87-Ownable.bin": 0, "87-TokenLocker.bin": 0, "88-HomeyJar.bin": 1, "89-SafeMath.bin": 0, "89-IERC20.bin": 0, "89-ERC20.bin": 0, "89-Roles.bin": 0, "89-MinterRole.bin": 0, "89-ERC20Mintable.bin": 0, "89-ERC20Burnable.bin": 0, "89-INOMIX.bin": 0, "90-WhaleGiveaway2.bin": 1, "91-SafeMath.bin": 0, "91-owned.bin": 0, "91-Verification.bin": 0, "92-KingOfTheEtherThrone.bin": 1, "93-Proxy.bin": 1, "93-DepositProxy.bin": 0, "94-SafeMath.bin": 0, "94-ERC20TokenInterface.bin": 1, "94-ERC20Token.bin": 1, "94-AsseteGram.bin": 1, "95-Proxy.bin": 1, "95-VaultProxy.bin": 0, "96-RealOldFuckMaker.bin": 1, "97-SafeMath.bin": 0, "97-IERC20.bin": 0, "97-UBBCToken.bin": 1, "98-SafeMath.bin": 0, "98-ERC20Interface.bin": 0, "98-ApproveAndCallFallBack.bin": 0, "98-Owned.bin": 0, "98-STONetwork.bin": 0, "99-SafeMath.bin": 0, "99-Ownable.bin": 0, "99-CutdownToken.bin": 0, "99-ApproveAndCallFallback.bin": 0, "99-DigitizeCoin.bin": 0, "100-TownCrier.bin": 1, "101-AmIOnTheFork.bin": 0, "101-ReplaySafeSplit.bin": 0, "102-SafeMath.bin": 0, "102-IERC20.bin": 0, "102-Claimable.bin": 0, "102-Keeper.bin": 0, "103-IERC20.bin": 0, "103-SafeMath.bin": 0, "103-ERC20.bin": 1, "103-ERC20Burnable.bin": 1, "103-ERC20Detailed.bin": 1, "103-AGR.bin": 1, "104-SafeMath.bin": 0, "104-ERC20Interface.bin": 0, "104-ApproveAndCallFallBack.bin": 0, "104-Owned.bin": 0, "104-ITSToken.bin": 0, "105-SafeMath.bin": 0, "105-ERC20.bin": 0, "105-CentralBankofMalaysia.bin": 0, "106-SafeMath.bin": 0, "106-ERC20Interface.bin": 0, "106-ApproveAndCallFallBack.bin": 0, "106-Owned.bin": 0, "106-FixedSupplyToken.bin": 0, "107-SafeMath.bin": 0, "107-ERC20Interface.bin": 1, "107-Owned.bin": 1, "107-ExclusivePlatform.bin": 1, "108-Lotto.bin": 1, "109-IERC20.bin": 0, "109-SafeMath.bin": 0, "109-ERC20.bin": 0, "109-MyToken.bin": 0, "110-SimpleStorage.bin": 0, "111-IERC20.bin": 0, "111-SafeMath.bin": 0, "111-ERC20Detailed.bin": 1, "111-BIGBOMBv2.bin": 1, "112-demo.bin": 1, "113-B.bin": 1, "114-Owned.bin": 1, "114-Marriage.bin": 0, "115-SafeMath.bin": 0, "115-ExtendedMath.bin": 0, "115-ERC20Interface.bin": 1, "115-ApproveAndCallFallBack.bin": 1, "115-Owned.bin": 1, "115-_Yesbuzz.bin": 1, "116-DAO.bin": 0, "116-WithdrawDAO.bin": 0, "117-SafeMath.bin": 0, "117-Ownable.bin": 0, "117-ERC20Basic.bin": 0, "117-BasicToken.bin": 0, "117-BurnableToken.bin": 0, "117-ERC20.bin": 0, "117-StandardToken.bin": 0, "117-Pausable.bin": 0, "117-PausableToken.bin": 0, "117-FreezableToken.bin": 0, "117-TimeLockToken.bin": 0, "117-GoldToken.bin": 0, "118-IERC20.bin": 0, "118-SafeMath.bin": 0, "118-ERC20.bin": 0, "118-ERC20Detailed.bin": 0, "118-Ownable.bin": 0, "118-HealthyLife.bin": 0, "119-ItemsStorage.bin": 0, "120-FiftyFlip.bin": 1, "120-ERC20Interface.bin": 0, "121-owned.bin": 0, "121-ORCToken.bin": 0, "122-WhiteBetting.bin": 1, "123-CareerOnToken.bin": 1, "124-CareerOnToken.bin": 1, "125-SafeMath.bin": 0, "125-IERC20.bin": 0, "125-ERC20.bin": 1, "125-ERC20Detailed.bin": 1, "125-SaveWon.bin": 1, "126-Ownable.bin": 0, "126-Token.bin": 1, "126-TokenBank.bin": 1, "127-Ownable.bin": 0, "127-ERC20Basic.bin": 0, "127-SafeMath.bin": 0, "127-BasicToken.bin": 0, "127-ERC20.bin": 0, "127-StandardToken.bin": 0, "127-BurnableToken.bin": 0, "127-StandardBurnableToken.bin": 0, "127-Amplify.bin": 0, "128-ERC20Interface.bin": 1, "128-IERC20Interface.bin": 1, "128-RaffleToken.bin": 0, "128-SafeMath.bin": 0, "128-RaffleTokenExchange.bin": 1, "129-SafeMath.bin": 0, "129-IERC20.bin": 0, "129-ERC20Detailed.bin": 0, "129-ERC20.bin": 0, "129-ERC20Burnable.bin": 0, "129-ERC20Mintable.bin": 0, "129-ERC20Capped.bin": 0, "129-IERC20Freezable.bin": 0, "129-ERC20Freezable.bin": 0, "129-L2T.bin": 0, "130-Centra4.bin": 1, "131-SafeMath.bin": 0, "131-Ownable.bin": 0, "131-ERC20Basic.bin": 0, "131-ERC20.bin": 0, "131-BasicToken.bin": 0, "131-StandardToken.bin": 0, "131-Pausable.bin": 0, "131-PausableToken.bin": 0, "131-MintableToken.bin": 0, "131-MyAdvancedToken.bin": 0, "132-tokenRecipient.bin": 0, "132-MD.bin": 1, "133-TestCert.bin": 0, "134-Ownable.bin": 0, "134-Token.bin": 1, "134-TokenBank.bin": 1, "135-SafeMath.bin": 0, "135-Token.bin": 0, "135-AbstractToken.bin": 0, "135-PRIN.bin": 0, "136-IERC20.bin": 0, "136-Ownable.bin": 0, "136-SafeMath.bin": 0, "136-GlobalBlockchainBank.bin": 0, "137-Maths.bin": 0, "137-Manageable.bin": 0, "137-ERC20Basic.bin": 0, "137-ERC20.bin": 0, "137-BasicToken.bin": 0, "137-StandardToken.bin": 0, "137-MintableToken.bin": 0, "137-XPToken.bin": 0, "138-AbstractENS.bin": 0, "138-IPublicResolver.bin": 0, "138-IFIFSResolvingRegistrar.bin": 0, "138-FIFSResolvingRegistrar.bin": 0, "139-IERC165.bin": 0, "139-ERC165.bin": 0, "139-IERC721.bin": 0, "139-IERC721Receiver.bin": 0, "139-SafeMath.bin": 0, "139-Address.bin": 0, "139-ERC721.bin": 0, "139-IERC721Metadata.bin": 0, "139-ERC721Metadata.bin": 0, "139-GatherStandardTrophies.bin": 0, "140-Uint256HashTable.bin": 0, "141-Token.bin": 0, "141-EtherGet.bin": 1, "142-Owned.bin": 1, "142-Token.bin": 0, "142-TokenSender.bin": 0, "143-ERC20.bin": 0, "143-OwnableMintable.bin": 0, "143-SafeMath.bin": 0, "143-HSYToken.bin": 0, "144-digitalNotary.bin": 1, "145-SafeMath.bin": 0, "145-ERC20.bin": 0, "145-MultiSign.bin": 0, "146-EventMetadata.bin": 1, "146-Operated.bin": 1, "146-MultiHashWrapper.bin": 1, "146-iFactory.bin": 0, "146-ProofHash.bin": 1, "146-Template.bin": 1, "146-Post.bin": 1, "147-Pie.bin": 1, "148-Ownable.bin": 1, "148-SafeMath.bin": 0, "148-LollypopToken.bin": 1, "149-ERC20Basic.bin": 0, "149-ERC20.bin": 0, "149-SafeMath.bin": 0, "149-StandardToken.bin": 0, "149-BurnableToken.bin": 0, "149-UpgradeAgent.bin": 0, "149-UpgradeableToken.bin": 0, "149-Ownable.bin": 0, "149-ReleasableToken.bin": 0, "149-SafeMathLib.bin": 0, "149-MintableToken.bin": 0, "149-CrowdsaleToken.bin": 0, "149-BurnableCrowdsaleToken.bin": 0, "150-AmIOnTheFork.bin": 0, "150-ForkSweeper.bin": 0, "151-ERC20.bin": 0, "151-Ownable.bin": 0, "151-ERC721.bin": 0, "151-GeneScienceInterface.bin": 0, "151-PandaAccessControl.bin": 0, "151-PandaBase.bin": 0, "151-ERC721Metadata.bin": 0, "151-PandaOwnership.bin": 0, "151-PandaBreeding.bin": 1, "151-ClockAuctionBase.bin": 0, "151-Pausable.bin": 0, "151-ClockAuction.bin": 1, "151-SiringClockAuction.bin": 0, "151-SaleClockAuction.bin": 0, "151-SaleClockAuctionERC20.bin": 0, "151-PandaAuction.bin": 0, "151-PandaMinting.bin": 0, "151-PandaCore.bin": 1, "152-EBU.bin": 1, "153-keepMyEther.bin": 1, "154-WhaleGiveaway1.bin": 1, "155-EIP20Interface.bin": 1, "155-HotDollarsToken.bin": 1, "156-Ownable.bin": 0, "156-SafeMath.bin": 0, "156-CommunityVesting.bin": 0, "156-EcosystemVesting.bin": 0, "156-SeedPrivateAdvisorVesting.bin": 0, "156-TeamVesting.bin": 0, "156-TokenInterface.bin": 0, "156-Vesting.bin": 0, "157-SafeMath.bin": 0, "157-IERC20.bin": 0, "157-ERC20.bin": 0, "157-ERC20Detailed.bin": 0, "157-ExtistenzToken.bin": 0, "158-ReturnValue.bin": 1, "159-SafeMath.bin": 0, "159-ERC20Interface.bin": 0, "159-ApproveAndCallFallBack.bin": 0, "159-Owned.bin": 0, "159-FmlSupplyToken.bin": 0, "160-Caller.bin": 1, "161-SafeMath.bin": 0, "161-ERC20Interface.bin": 0, "161-Owned.bin": 0, "161-AlluvaToken.bin": 0, "162-StoreIPHash.bin": 0, "163-SafeMath.bin": 0, "163-IERC20.bin": 0, "163-ERC20.bin": 1, "163-ERC20Detailed.bin": 1, "163-SimpleSwapCoin.bin": 1, "164-FreeEth.bin": 1, "165-SafeMath.bin": 0, "165-owned.bin": 0, "165-ERC20.bin": 0, "165-StandardToken.bin": 0, "165-ioeXTokenERC20.bin": 0, "166-SafeMath.bin": 0, "166-ERC20Interface.bin": 0, "166-ApproveAndCallFallBack.bin": 0, "166-Owned.bin": 0, "166-BLUEKEY.bin": 0, "167-calc.bin": 0, "168-BurnableERC20.bin": 0, "168-Burner.bin": 0, "169-SafeMath.bin": 0, "169-Ownable.bin": 0, "169-TokenCHK.bin": 0, "169-SpaceImpulse_ERC20.bin": 0, "169-tokenRecipient.bin": 0, "169-SpaceImpulseERC20.bin": 0, "170-SafeMath.bin": 0, "170-owned.bin": 1, "170-tokenRecipient.bin": 0, "170-TokenERC20.bin": 1, "170-AZT.bin": 1, "171-Splitter.bin": 1, "171-Puppet.bin": 1, "171-SafeMath.bin": 0, "172-demo.bin": 1, "173-IERC20.bin": 0, "173-PHO.bin": 1, "174-Ownable.bin": 0, "174-ModulumInvestorsWhitelist.bin": 0, "175-EthJackpot.bin": 0, "175-SafeMath.bin": 0, "176-HackerSpaceBarneysToken.bin": 0, "177-SafeMath.bin": 0, "177-IERC20.bin": 0, "177-ERC20.bin": 0, "177-ERC20Detailed.bin": 0, "177-Chairman.bin": 0, "178-Honey.bin": 1, "179-airDrop.bin": 1, "180-Delta.bin": 1, "181-Ownable.bin": 1, "181-TokenERC20.bin": 1, "181-TTC.bin": 1, "182-StockBet.bin": 1, "183-ERC20Basic.bin": 0, "183-SafeMath.bin": 0, "183-ERC223.bin": 0, "183-ERC223ReceivingContract.bin": 0, "183-PGGamePlatform.bin": 0, "184-SafeMath.bin": 0, "184-Ownable.bin": 0, "184-ERC20Basic.bin": 0, "184-BasicToken.bin": 0, "184-BurnableToken.bin": 0, "184-ERC20.bin": 0, "184-StandardToken.bin": 0, "184-Pausable.bin": 0, "184-PausableToken.bin": 0, "184-FreezableToken.bin": 0, "184-TimeLockToken.bin": 0, "184-GINICON.bin": 0, "185-SafeMath.bin": 0, "185-IERC20.bin": 0, "185-ERC20.bin": 0, "185-Controller.bin": 0, "185-LobefyToken.bin": 0, "186-Ownable.bin": 0, "186-Manageable.bin": 0, "186-MytilcoinStorage.bin": 0, "187-Ownable.bin": 0, "187-Token.bin": 1, "187-TokenBank.bin": 0, "188-TAMCContract.bin": 1, "189-airdrop.bin": 1, "190-Greeter.bin": 0}