{"1-SafeMath.bin": 0, "1-ERC20.bin": 0, "1-ChessCoin.bin": 0, "2-IERC20.bin": 0, "2-Ownable.bin": 0, "2-SafeMath.bin": 0, "2-LifePasswordAI.bin": 0, "3-SafeMath.bin": 0, "3-ERC20Interface.bin": 0, "3-ApproveAndCallFallBack.bin": 0, "3-Owned.bin": 0, "3-KarrarToken.bin": 0, "4-SafeMath.bin": 0, "4-IERC20.bin": 0, "4-ERC20Detailed.bin": 0, "4-ERC20.bin": 0, "4-DcoinToken.bin": 0, "5-SafeMath.bin": 0, "5-ERC20Interface.bin": 1, "5-ApproveAndCallFallBack.bin": 1, "5-Owned.bin": 1, "5-ForTheBlockchain.bin": 1, "6-SafeMath.bin": 0, "6-customToken.bin": 0, "7-SafeMath.bin": 0, "7-owned.bin": 0, "7-HermesBlockTechToken.bin": 0, "8-CareerOnToken.bin": 1, "9-SafeMath.bin": 0, "9-owned.bin": 1, "9-tokenRecipient.bin": 0, "9-TokenERC20.bin": 1, "9-AZT.bin": 1, "10-IERC20.bin": 0, "10-SafeMath.bin": 0, "10-ERC20Detailed.bin": 1, "10-HYDROGEN.bin": 1, "11-owned.bin": 1, "11-tokenRecipient.bin": 1, "11-Token.bin": 1, "11-SafeMath.bin": 0, "11-MindsyncPlatform.bin": 1, "12-IERC20.bin": 0, "12-PHO.bin": 1, "13-SafeMath.bin": 0, "13-ERC20Basic.bin": 0, "13-BasicToken.bin": 0, "13-ERC20.bin": 0, "13-StandardToken.bin": 0, "13-Ownable.bin": 0, "13-MintableToken.bin": 0, "13-CappedToken.bin": 0, "13-BurnableToken.bin": 0, "13-Pausable.bin": 0, "13-PausableToken.bin": 0, "13-SafeERC20.bin": 0, "13-TokenTimelock.bin": 0, "13-MaxToken.bin": 0, "14-SafeMath.bin": 0, "14-IERC20Token.bin": 0, "14-ERC20Basic.bin": 0, "14-Ownable.bin": 0, "14-ERC20.bin": 0, "14-BasicToken.bin": 0, "14-StandardToken.bin": 0, "14-Pausable.bin": 0, "14-PausableToken.bin": 0, "14-SKeys.bin": 0, "15-DosNumber.bin": 1, "16-SafeMath.bin": 0, "16-ERC20Interface.bin": 0, "16-ApproveAndCallFallBack.bin": 0, "16-Owned.bin": 0, "16-FixedSupplyToken.bin": 0, "17-SafeMath.bin": 0, "17-Token.bin": 0, "17-AbstractToken.bin": 0, "17-BIT.bin": 0, "18-SafeMath.bin": 0, "18-ERC20TokenInterface.bin": 1, "18-ERC20Token.bin": 1, "18-AsseteGram.bin": 1, "19-Government.bin": 1, "20-Owned.bin": 1, "20-SafeMath.bin": 0, "20-Token.bin": 1, "20-Staking.bin": 1, "21-IERC20.bin": 0, "21-SafeMath.bin": 0, "21-ERC20.bin": 0, "21-ERC20Detailed.bin": 0, "21-Roles.bin": 0, "21-MinterRole.bin": 0, "21-ERC20Mintable.bin": 0, "21-ERC20Burnable.bin": 0, "21-FamToken.bin": 0, "22-TAMCContract.bin": 1, "23-Math.bin": 0, "23-SafeMath.bin": 0, "23-ERC20Basic.bin": 0, "23-ERC20.bin": 0, "23-BasicToken.bin": 0, "23-StandardToken.bin": 0, "23-Ownable.bin": 0, "23-DAY.bin": 0, "24-SafeMath.bin": 0, "24-ERC20.bin": 0, "24-BitcoinIchip.bin": 0, "25-ERC20Basic.bin": 0, "25-ERC20.bin": 0, "25-SafeMath.bin": 0, "25-BasicToken.bin": 0, "25-StandardToken.bin": 0, "25-Ownable.bin": 0, "25-Pausable.bin": 0, "25-PausableToken.bin": 0, "25-Uptrennd.bin": 0, "26-SafeMath.bin": 0, "26-ERC20Interface.bin": 0, "26-ApproveAndCallFallBack.bin": 0, "26-Owned.bin": 0, "26-FixedSupplyToken.bin": 0, "27-Migrations.bin": 0, "28-Ownable.bin": 0, "28-Controller.bin": 0, "28-MinterManagementInterface.bin": 0, "28-SafeMath.bin": 0, "28-MintController.bin": 0, "28-MasterMinter.bin": 0, "29-Ownable.bin": 0, "29-InvestorWhiteList.bin": 0, "30-SafeMath.bin": 0, "30-owned.bin": 1, "30-ERC20Essential.bin": 0, "30-BitpayerDEX.bin": 1, "31-SafeMath.bin": 0, "31-IERC20.bin": 0, "31-AddressRegistry.bin": 0, "31-MakerCDP.bin": 0, "31-PriceInterface.bin": 0, "31-WETHFace.bin": 0, "31-InstaKyber.bin": 0, "31-Registry.bin": 0, "31-GlobalVar.bin": 0, "31-IssueLoan.bin": 0, "31-RepayLoan.bin": 0, "31-BorrowTasks.bin": 0, "31-InstaMaker.bin": 0, "32-SafeMath.bin": 0, "32-ERC20TokenInterface.bin": 0, "32-admined.bin": 0, "32-ERC20Token.bin": 0, "32-AssetAUIN.bin": 0, "33-Ownable.bin": 1, "33-AccountWallet.bin": 1, "34-DosGas.bin": 1, "35-SafeMath.bin": 0, "35-IERC20.bin": 0, "35-ERC20.bin": 1, "35-ERC20Detailed.bin": 1, "35-SaveWon.bin": 1, "36-LibBytes.bin": 0, "36-ReentrancyGuard.bin": 0, "36-SafeMath.bin": 0, "36-LibConstants.bin": 0, "36-LibEIP712.bin": 0, "36-LibFillResults.bin": 0, "36-LibMath.bin": 0, "36-LibOrder.bin": 0, "36-LibAbiEncoder.bin": 0, "36-IOwnable.bin": 0, "36-IAuthorizable.bin": 0, "36-IAssetProxy.bin": 0, "36-IValidator.bin": 0, "36-IWallet.bin": 0, "36-IExchangeCore.bin": 0, "36-IAssetProxyDispatcher.bin": 0, "36-IMatchOrders.bin": 0, "36-ISignatureValidator.bin": 0, "36-ITransactions.bin": 0, "36-IWrapperFunctions.bin": 0, "36-IExchange.bin": 0, "36-MExchangeCore.bin": 0, "36-MAssetProxyDispatcher.bin": 0, "36-MMatchOrders.bin": 0, "36-MSignatureValidator.bin": 0, "36-MTransactions.bin": 0, "36-MWrapperFunctions.bin": 0, "36-Ownable.bin": 0, "36-MixinExchangeCore.bin": 0, "36-MixinSignatureValidator.bin": 0, "36-MixinWrapperFunctions.bin": 0, "36-MixinTransactions.bin": 0, "36-MixinAssetProxyDispatcher.bin": 0, "36-MixinMatchOrders.bin": 0, "36-Exchange.bin": 0, "37-tokenRecipient.bin": 0, "37-MD.bin": 1, "38-SafeMath.bin": 0, "38-owned.bin": 1, "38-ethBank.bin": 1, "39-SafeMath.bin": 0, "39-ERC20Interface.bin": 1, "39-Owned.bin": 1, "39-ExclusivePlatform.bin": 1, "40-IERC20.bin": 0, "40-SafeMath.bin": 0, "40-ERC20Detailed.bin": 1, "40-BIGBOMBv2.bin": 1, "41-IERC20.bin": 0, "41-Ownable.bin": 0, "41-SafeMath.bin": 0, "41-EntityBusinessEcology.bin": 0, "42-WhiteBetting.bin": 1, "43-SafeMath.bin": 0, "43-ExtendedMath.bin": 0, "43-ERC20Interface.bin": 1, "43-ApproveAndCallFallBack.bin": 1, "43-Owned.bin": 1, "43-_Yesbuzz.bin": 1, "44-Refunder.bin": 1, "45-owned.bin": 0, "45-tokenRecipient.bin": 0, "45-token.bin": 0, "45-MyAdvancedToken.bin": 0, "46-Token.bin": 1, "46-SafeMath.bin": 0, "46-StableDEX.bin": 1, "47-SafeMath.bin": 0, "47-IAccessToken.bin": 0, "47-IRegistry.bin": 0, "47-FeeManager.bin": 0, "48-Owned.bin": 1, "48-SafeMath.bin": 0, "48-Token.bin": 1, "48-Staking.bin": 1, "49-EventMetadata.bin": 1, "49-Operated.bin": 1, "49-MultiHashWrapper.bin": 1, "49-iFactory.bin": 0, "49-ProofHash.bin": 1, "49-Template.bin": 1, "49-Post.bin": 1, "50-SafeMath.bin": 0, "50-ERC20.bin": 0, "50-SEBSkandinaviskaEnskildaBanken.bin": 0, "51-Owned.bin": 0, "51-Bank.bin": 0, "52-IERC20.bin": 0, "52-SafeMath.bin": 0, "52-ERC20.bin": 1, "52-ERC20Burnable.bin": 1, "52-ERC20Detailed.bin": 1, "52-AGR.bin": 1, "53-IERC777.bin": 0, "53-IERC777Recipient.bin": 0, "53-IERC777Sender.bin": 0, "53-IERC20.bin": 0, "53-SafeMath.bin": 0, "53-Address.bin": 0, "53-IERC1820Registry.bin": 0, "53-ERC777.bin": 1, "53-Roles.bin": 0, "53-MinterRole.bin": 1, "53-PauserRole.bin": 1, "53-Pausable.bin": 1, "53-SKYBITToken.bin": 1, "54-Ownable.bin": 1, "54-ChannelWallet.bin": 1, "55-Ownable.bin": 0, "55-SafeMath.bin": 0, "55-Storage.bin": 0, "56-TAMC.bin": 1, "57-ERC20.bin": 0, "57-SafeMath.bin": 0, "57-BCWToken.bin": 0, "58-owned.bin": 1, "58-tokenRecipient.bin": 1, "58-Token.bin": 1, "58-SafeMath.bin": 0, "58-MindsyncPlatform.bin": 1, "59-IERC20.bin": 0, "59-Marmo.bin": 0, "59-ECDSA.bin": 0, "59-Ownable.bin": 1, "59-ReentrancyGuard.bin": 1, "59-FeeTransactionManager.bin": 1, "60-IERC20.bin": 0, "60-SafeMath.bin": 0, "60-ERC20Detailed.bin": 0, "60-ERC20.bin": 0, "60-CryptoMarketAdsToken.bin": 0, "61-IERC20.bin": 0, "61-SafeMath.bin": 0, "61-Ownable.bin": 1, "61-ERC20Detailed.bin": 1, "61-DanPanCoin.bin": 1, "62-ERC20Interface.bin": 1, "62-AcunarToken.bin": 1, "62-AcunarIEO.bin": 1, "63-SafeMath.bin": 0, "63-ERC20Interface.bin": 0, "63-ApproveAndCallFallBack.bin": 0, "63-Owned.bin": 0, "63-DONpia.bin": 0, "64-DappRadar.bin": 0, "65-SafeMath.bin": 0, "65-ERC20.bin": 0, "65-ReserveToken.bin": 0, "65-EtherDelta.bin": 0, "66-StockBet.bin": 1, "67-digitalNotary.bin": 1, "68-SafeMath.bin": 0, "68-Ownable.bin": 0, "68-IgfContract.bin": 0, "69-TadamWhitelistPublicSale.bin": 0, "70-SafeMath.bin": 0, "70-Ownable.bin": 0, "70-Helper.bin": 0, "70-LNX.bin": 0, "71-SafeMath.bin": 0, "71-Ownable.bin": 0, "71-Pausable.bin": 0, "71-IERC20.bin": 0, "71-ERC20.bin": 0, "71-ERC20Pausable.bin": 0, "71-BetMatchToken.bin": 0, "72-PreSale.bin": 0, "73-ERC20Interface.bin": 1, "73-IERC20Interface.bin": 1, "73-RaffleToken.bin": 0, "73-SafeMath.bin": 0, "73-RaffleTokenExchange.bin": 1, "74-DosAuction.bin": 1, "75-SafeMath.bin": 0, "75-FomoFeast.bin": 1, "76-Ownable.bin": 1, "76-SafeMath.bin": 0, "76-LollypopToken.bin": 1, "77-SafeMath.bin": 0, "77-ERC20.bin": 0, "77-StandardToken.bin": 0, "77-CryptoRoboticsToken.bin": 0, "78-DosOneFunc.bin": 1, "79-Ownable.bin": 0, "79-Delegate.bin": 0, "79-ImTokenCardBack.bin": 0, "80-SafeMath.bin": 0, "80-ERC20Basic.bin": 0, "80-BasicToken.bin": 0, "80-BurnableToken.bin": 0, "80-Ownable.bin": 0, "80-ERC20.bin": 0, "80-StandardToken.bin": 0, "80-MintableToken.bin": 0, "80-TraceToToken.bin": 0, "81-SafeMath.bin": 0, "81-IERC20.bin": 0, "81-ERC20.bin": 1, "81-ERC20Detailed.bin": 1, "81-SimpleSwapCoin.bin": 1, "82-Math.bin": 0, "82-SafeMath.bin": 0, "82-Ownable.bin": 0, "82-AccessControlledBase.bin": 0, "82-StaticAccessControlled.bin": 0, "82-GeneralERC20.bin": 0, "82-TokenInteract.bin": 0, "82-TokenProxy.bin": 0, "83-IERC20.bin": 0, "83-SafeMath.bin": 0, "83-ERC20.bin": 0, "83-IPChainToken.bin": 0, "84-IERC20.bin": 0, "84-SafeMath.bin": 0, "84-REDiToken.bin": 0, "85-SafeMath.bin": 0, "85-ERC20Interface.bin": 1, "85-ApproveAndCallFallBack.bin": 1, "85-Owned.bin": 1, "85-QurasToken.bin": 1, "86-SafeMath.bin": 0, "86-IERC20.bin": 0, "86-ERC20.bin": 0, "86-ERC20Detailed.bin": 0, "86-GEC.bin": 0, "87-Ownable.bin": 1, "87-Stoppable.bin": 1, "87-RampInstantPoolInterface.bin": 0, "87-RampInstantEscrowsPoolInterface.bin": 1, "87-RampInstantPool.bin": 1, "87-RampInstantEthPool.bin": 1, "88-SafeMath.bin": 0, "88-DroneToken.bin": 0, "89-CareerOnToken.bin": 1, "90-AddressRegistry.bin": 0, "91-EventMetadata.bin": 1, "91-Operated.bin": 1, "91-ProofHashes.bin": 1, "91-MultiHashWrapper.bin": 1, "91-iFactory.bin": 0, "91-Template.bin": 1, "91-Feed.bin": 1, "92-SafeMath.bin": 0, "92-IERC20.bin": 0, "92-UBBCToken.bin": 1}