{"1-ERC20Basic.rt.hex": 0, "1-SafeMath.rt.hex": 0, "1-BasicToken.rt.hex": 0, "1-ERC20.rt.hex": 0, "1-StandardToken.rt.hex": 0, "1-Ownable.rt.hex": 0, "1-Pausable.rt.hex": 0, "1-PausableToken.rt.hex": 0, "1-IRegistry.rt.hex": 0, "1-IBrickblockToken.rt.hex": 0, "1-AccessToken.rt.hex": 0, "2-Token.rt.hex": 0, "2-SafeMath.rt.hex": 0, "2-StandardToken.rt.hex": 0, "2-GRO.rt.hex": 0, "3-DosGas.rt.hex": 1, "4-SafeMath.rt.hex": 0, "4-Government.rt.hex": 1, "5-LibBytes.rt.hex": 0, "5-ReentrancyGuard.rt.hex": 0, "5-SafeMath.rt.hex": 0, "5-LibConstants.rt.hex": 0, "5-LibEIP712.rt.hex": 0, "5-LibFillResults.rt.hex": 0, "5-LibMath.rt.hex": 0, "5-LibOrder.rt.hex": 0, "5-LibAbiEncoder.rt.hex": 0, "5-IOwnable.rt.hex": 0, "5-IAuthorizable.rt.hex": 0, "5-IAssetProxy.rt.hex": 0, "5-IValidator.rt.hex": 0, "5-IWallet.rt.hex": 0, "5-IExchangeCore.rt.hex": 0, "5-IAssetProxyDispatcher.rt.hex": 0, "5-IMatchOrders.rt.hex": 0, "5-ISignatureValidator.rt.hex": 0, "5-ITransactions.rt.hex": 0, "5-IWrapperFunctions.rt.hex": 0, "5-IExchange.rt.hex": 0, "5-MExchangeCore.rt.hex": 0, "5-MAssetProxyDispatcher.rt.hex": 0, "5-MMatchOrders.rt.hex": 0, "5-MSignatureValidator.rt.hex": 0, "5-MTransactions.rt.hex": 0, "5-MWrapperFunctions.rt.hex": 0, "5-Ownable.rt.hex": 0, "5-MixinExchangeCore.rt.hex": 0, "5-MixinSignatureValidator.rt.hex": 0, "5-MixinWrapperFunctions.rt.hex": 0, "5-MixinTransactions.rt.hex": 0, "5-MixinAssetProxyDispatcher.rt.hex": 0, "5-MixinMatchOrders.rt.hex": 0, "5-Exchange.rt.hex": 0, "6-SafeMath.rt.hex": 0, "6-Ownable.rt.hex": 0, "6-Helper.rt.hex": 0, "6-LINIX.rt.hex": 0, "7-DosAuction.rt.hex": 1, "8-SafeMath.rt.hex": 0, "8-ItemsInterfaceForEternalStorage.rt.hex": 0, "8-EternalStorage.rt.hex": 0, "9-SafeMath.rt.hex": 0, "9-EventMetadata.rt.hex": 1, "9-Operated.rt.hex": 1, "9-MultiHashWrapper.rt.hex": 1, "9-iFactory.rt.hex": 0, "9-ProofHash.rt.hex": 1, "9-Template.rt.hex": 1, "9-Post.rt.hex": 1, "10-ERC20.rt.hex": 0, "10-IERC20.rt.hex": 0, "10-SafeMath.rt.hex": 0, "10-ERC20Interface.rt.hex": 1, "10-ApproveAndCallFallBack.rt.hex": 1, "10-Owned.rt.hex": 1, "10-ForTheBlockchain.rt.hex": 1, "11-HERC20.rt.hex": 0, "11-SafeMath.rt.hex": 0, "11-ERC20.rt.hex": 0, "11-Ownable.rt.hex": 0, "11-Pausable.rt.hex": 0, "11-Blacklistable.rt.hex": 0, "11-LakesCash.rt.hex": 0, "12-ERC20Basic.rt.hex": 0, "12-BasicToken.rt.hex": 0, "12-DosAuction.rt.hex": 1, "13-SafeMath.rt.hex": 0, "13-IERC20.rt.hex": 0, "13-ERC20.rt.hex": 1, "13-ERC20Detailed.rt.hex": 1, "13-SimpleSwapCoin.rt.hex": 1, "14-SafeMath.rt.hex": 0, "14-IERC20.rt.hex": 0, "14-ERC20Pistachio.rt.hex": 0, "14-ERC20Burnable.rt.hex": 0, "14-Roles.rt.hex": 0, "14-MinterRole.rt.hex": 0, "14-ERC20Mintable.rt.hex": 0, "14-PauserRole.rt.hex": 0, "14-Pausable.rt.hex": 0, "14-ERC20Chocolate.rt.hex": 0, "15-StockBet.rt.hex": 1, "16-SafeMath.rt.hex": 0, "16-IERC20.rt.hex": 0, "16-ERC20Detailed.rt.hex": 1, "16-HYDROGEN.rt.hex": 1, "17-IERC20.rt.hex": 0, "17-SafeMath.rt.hex": 0, "17-ERC20Detailed.rt.hex": 1, "17-BIGBOMBv2.rt.hex": 1, "18-Owned.rt.hex": 1, "18-SafeMath.rt.hex": 0, "18-Token.rt.hex": 1, "18-Staking.rt.hex": 1, "19-SafeMath.rt.hex": 0, "19-CareerOnToken.rt.hex": 1, "20-ERC20Basic.rt.hex": 0, "20-BasicToken.rt.hex": 0, "20-SafeMath.rt.hex": 0, "20-IERC20.rt.hex": 0, "20-ERC20.rt.hex": 1, "20-ERC20Detailed.rt.hex": 1, "20-SimpleSwapCoin.rt.hex": 1, "21-SafeMath.rt.hex": 0, "21-ERC20Basic.rt.hex": 0, "21-BasicToken.rt.hex": 0, "21-ERC20.rt.hex": 0, "21-StandardToken.rt.hex": 0, "21-SafeERC20.rt.hex": 0, "21-Owned.rt.hex": 0, "21-TokenVesting.rt.hex": 0, "21-TokenVault.rt.hex": 0, "21-BurnableToken.rt.hex": 0, "21-JEC_Token.rt.hex": 0, "22-Ownable.rt.hex": 1, "22-SafeMath.rt.hex": 0, "22-LollypopToken.rt.hex": 1, "23-Ownable.rt.hex": 0, "23-Claimable.rt.hex": 0, "23-ERC20Basic.rt.hex": 0, "23-ERC20.rt.hex": 0, "23-SafeERC20.rt.hex": 0, "23-CanReclaimToken.rt.hex": 0, "23-OwnableContract.rt.hex": 0, "23-ControllerInterface.rt.hex": 0, "23-Factory.rt.hex": 0, "24-SafeMath.rt.hex": 0, "24-IERC20.rt.hex": 0, "24-UBBCToken.rt.hex": 1, "25-ValidationUtil.rt.hex": 0, "25-Ownable.rt.hex": 0, "25-ImpMine.rt.hex": 0, "25-Pausable.rt.hex": 0, "25-PauserRole.rt.hex": 0, "25-EventMetadata.rt.hex": 1, "25-Operated.rt.hex": 1, "25-MultiHashWrapper.rt.hex": 1, "25-iFactory.rt.hex": 0, "25-ProofHash.rt.hex": 1, "25-Template.rt.hex": 1, "25-Post.rt.hex": 1, "26-SafeMath.rt.hex": 0, "26-ERC20Basic.rt.hex": 0, "26-BasicToken.rt.hex": 0, "26-ERC20.rt.hex": 0, "26-StandardToken.rt.hex": 0, "26-SafeERC20.rt.hex": 0, "26-Owned.rt.hex": 0, "26-TokenVesting.rt.hex": 0, "26-TokenVault.rt.hex": 0, "26-BurnableToken.rt.hex": 0, "26-BKC_Token.rt.hex": 0, "27-ERC20Interface.rt.hex": 1, "27-AcunarToken.rt.hex": 1, "27-AcunarIEO.rt.hex": 1, "28-tokenRecipient.rt.hex": 0, "28-MD.rt.hex": 1, "29-Owned.rt.hex": 1, "29-SafeMath.rt.hex": 0, "29-Token.rt.hex": 1, "29-Staking.rt.hex": 1, "30-InchWormVaultLiveTest.rt.hex": 0, "30-ERC20Interface.rt.hex": 0, "30-Owned.rt.hex": 0, "30-IERC20.rt.hex": 0, "30-SafeMath.rt.hex": 0, "30-ERC20Detailed.rt.hex": 1, "30-HYDROGEN.rt.hex": 1, "31-DosNumber.rt.hex": 1, "32-Bussiness.rt.hex": 0, "32-Ownable.rt.hex": 0, "32-CareerOnToken.rt.hex": 1, "33-SafeMath.rt.hex": 0, "33-IERC20.rt.hex": 0, "33-ERC20Detailed.rt.hex": 0, "33-ERC20.rt.hex": 0, "33-Roles.rt.hex": 0, "33-PauserRole.rt.hex": 0, "33-Pausable.rt.hex": 0, "33-ERC20Pausable.rt.hex": 0, "33-MinterRole.rt.hex": 0, "33-ERC20Mintable.rt.hex": 0, "33-Ownable.rt.hex": 0, "33-IWhitelist.rt.hex": 0, "33-BurnerRole.rt.hex": 0, "33-ERC20Burnable.rt.hex": 0, "33-ERC20Whitelistable.rt.hex": 0, "33-CanReclaimEther.rt.hex": 0, "33-SafeERC20.rt.hex": 0, "33-CanReclaimToken.rt.hex": 0, "33-LeveragedToken.rt.hex": 0, "34-SafeMath.rt.hex": 0, "34-ERC20Basic.rt.hex": 0, "34-ERC20.rt.hex": 0, "34-BasicToken.rt.hex": 0, "34-BurnableToken.rt.hex": 0, "34-StandardToken.rt.hex": 0, "34-Ownable.rt.hex": 0, "34-Pausable.rt.hex": 0, "34-PausableToken.rt.hex": 0, "34-DistributableAndPausableToken.rt.hex": 0, "34-TokenUpgrader.rt.hex": 0, "34-UpgradeableToken.rt.hex": 0, "34-Token.rt.hex": 0, "35-SafeMath.rt.hex": 0, "35-owned.rt.hex": 0, "35-tokenRecipient.rt.hex": 0, "35-ParsecTokenERC20.rt.hex": 0, "35-ParsecPresale.rt.hex": 0, "36-ERC20Interface.rt.hex": 0, "36-InchWormPOC.rt.hex": 0, "36-Owned.rt.hex": 0, "36-SafeMath.rt.hex": 0, "36-IERC20.rt.hex": 0, "36-ERC20.rt.hex": 1, "36-ERC20Detailed.rt.hex": 1, "36-SimpleSwapCoin.rt.hex": 1, "37-ERC20Interface.rt.hex": 0, "37-Cyiber.rt.hex": 0, "37-Owned.rt.hex": 0, "37-EventMetadata.rt.hex": 1, "37-Operated.rt.hex": 1, "37-MultiHashWrapper.rt.hex": 1, "37-iFactory.rt.hex": 0, "37-ProofHash.rt.hex": 1, "37-Template.rt.hex": 1, "37-Post.rt.hex": 1, "38-SafeMath.rt.hex": 0, "38-ERC20TokenInterface.rt.hex": 1, "38-ERC20Token.rt.hex": 1, "38-AsseteGram.rt.hex": 1, "39-ECRecovery.rt.hex": 0, "39-SafeMath.rt.hex": 0, "39-Roles.rt.hex": 0, "39-IERC20.rt.hex": 0, "39-ERC20.rt.hex": 0, "39-Ownable.rt.hex": 0, "39-MinterRole.rt.hex": 0, "39-Mintable.rt.hex": 0, "39-Pausable.rt.hex": 0, "39-Burnable.rt.hex": 0, "39-Lockable.rt.hex": 0, "39-DelegatorRole.rt.hex": 0, "39-Delegatable.rt.hex": 0, "39-TrancheToken.rt.hex": 0, "40-Token.rt.hex": 0, "40-AbstractToken.rt.hex": 0, "40-SafeMath.rt.hex": 0, "40-CareerOnToken.rt.hex": 1, "41-Ownable.rt.hex": 0, "41-SafeMath.rt.hex": 0, "41-CommunityVesting.rt.hex": 0, "41-EcosystemVesting.rt.hex": 0, "41-SeedPrivateAdvisorVesting.rt.hex": 0, "41-TeamVesting.rt.hex": 0, "41-TokenInterface.rt.hex": 0, "41-Vesting.rt.hex": 0, "42-SafeMath.rt.hex": 0, "42-IERC20.rt.hex": 0, "42-ERC20Detailed.rt.hex": 1, "42-BIGBOMBv2.rt.hex": 1, "43-Ownable.rt.hex": 0, "43-Pausable.rt.hex": 0, "43-IERC20.rt.hex": 0, "43-SafeMath.rt.hex": 0, "43-ERC20Detailed.rt.hex": 1, "43-BIGBOMBv2.rt.hex": 1, "44-SafeMath.rt.hex": 0, "44-IERC20.rt.hex": 0, "44-ERC20.rt.hex": 1, "44-ERC20Detailed.rt.hex": 1, "44-SaveWon.rt.hex": 1, "45-SafeMath.rt.hex": 0, "45-OwnerHelper.rt.hex": 0, "45-ERC20Interface.rt.hex": 0, "45-LINIXToken.rt.hex": 0, "46-digitalNotary.rt.hex": 1, "47-SafeMath.rt.hex": 0, "47-Roles.rt.hex": 0, "47-CapperRole.rt.hex": 0, "47-PauserRole.rt.hex": 0, "47-Pausable.rt.hex": 0, "47-MinterRole.rt.hex": 0, "47-IERC20.rt.hex": 0, "47-ERC20.rt.hex": 0, "47-ERC20Mintable.rt.hex": 0, "47-ERC20Burnable.rt.hex": 0, "47-ERC20Capped.rt.hex": 0, "47-ERC20Pausable.rt.hex": 0, "47-Ownable.rt.hex": 0, "47-BlueseedsToken.rt.hex": 0, "48-SafeMath.rt.hex": 0, "48-ItemsInterfaceForEternalStorage.rt.hex": 0, "48-EternalStorage.rt.hex": 0, "49-Ownable.rt.hex": 0, "49-Pausable.rt.hex": 0, "49-Destructible.rt.hex": 0, "49-EDCoreInterface.rt.hex": 0, "49-DungeonRunCore.rt.hex": 0, "50-SafeMath.rt.hex": 0, "50-owned.rt.hex": 1, "50-ERC20Essential.rt.hex": 0, "50-BitpayerDEX.rt.hex": 1, "51-SafeMath.rt.hex": 0, "51-owned.rt.hex": 0, "51-tokenRecipient.rt.hex": 0, "51-ParsecTokenERC20.rt.hex": 0, "51-ParsecCrowdsale.rt.hex": 0, "52-SafeMath.rt.hex": 0, "52-OwnerHelper.rt.hex": 0, "52-ERC20Interface.rt.hex": 0, "52-LINIXToken.rt.hex": 0, "53-IERC20.rt.hex": 0, "53-PHO.rt.hex": 1, "54-Ownable.rt.hex": 0, "54-Pausable.rt.hex": 0, "54-Destructible.rt.hex": 0, "54-EDCoreInterface.rt.hex": 0, "54-DungeonRunBeta.rt.hex": 0, "55-Ownable.rt.hex": 0, "55-ERC20.rt.hex": 0, "55-WithToken.rt.hex": 0, "55-SSPTypeAware.rt.hex": 0, "55-SSPRegistry.rt.hex": 0, "55-PublisherRegistry.rt.hex": 0, "55-DSPTypeAware.rt.hex": 0, "55-DSPRegistry.rt.hex": 0, "55-DepositRegistry.rt.hex": 0, "55-AuditorRegistry.rt.hex": 0, "55-DepositAware.rt.hex": 0, "55-SecurityDepositAware.rt.hex": 0, "55-AuditorRegistrar.rt.hex": 0, "55-DSPRegistrar.rt.hex": 0, "55-PublisherRegistrar.rt.hex": 0, "55-SSPRegistrar.rt.hex": 0, "55-ChannelApi.rt.hex": 0, "55-RegistryProvider.rt.hex": 0, "55-StateChannelListener.rt.hex": 0, "55-PapyrusDAO.rt.hex": 0, "56-SafeMath.rt.hex": 0, "56-Ownable.rt.hex": 0, "56-PausableOnce.rt.hex": 0, "56-ERC20Basic.rt.hex": 0, "56-BasicToken.rt.hex": 0, "56-ERC20.rt.hex": 0, "56-StandardToken.rt.hex": 0, "56-InterfaceUpgradeAgent.rt.hex": 0, "56-UpgradableToken.rt.hex": 0, "56-Withdrawable.rt.hex": 0, "56-CtdToken.rt.hex": 0, "57-SafeMath.rt.hex": 0, "57-CareerOnToken.rt.hex": 1, "58-IERC20.rt.hex": 0, "58-SafeMath.rt.hex": 0, "58-ERC20.rt.hex": 0, "58-GrowToken.rt.hex": 0, "59-Ownable.rt.hex": 0, "59-Roles.rt.hex": 0, "59-PauserRole.rt.hex": 0, "59-Pausable.rt.hex": 0, "59-COORole.rt.hex": 0, "59-ReentrancyGuard.rt.hex": 0, "59-SafeMath.rt.hex": 0, "59-KittyBountiesAdmin.rt.hex": 0, "59-KittyCore.rt.hex": 0, "59-KittyBounties.rt.hex": 0, "60-Ownable.rt.hex": 0, "60-SketchMarket.rt.hex": 0, "61-Token.rt.hex": 0, "61-SafeMath.rt.hex": 0, "61-StandardToken.rt.hex": 0, "61-GRO.rt.hex": 0, "62-SafeMath.rt.hex": 0, "62-FomoFeast.rt.hex": 1, "63-SafeMath.rt.hex": 0, "63-Ownable.rt.hex": 0, "63-IErc20.rt.hex": 0, "63-Monetary.rt.hex": 0, "63-IPriceOracle.rt.hex": 0, "63-Require.rt.hex": 0, "63-Math.rt.hex": 0, "63-Time.rt.hex": 0, "63-IMakerOracle.rt.hex": 0, "63-IOasisDex.rt.hex": 0, "63-DaiPriceOracle.rt.hex": 0, "64-TokenBurner.rt.hex": 0, "64-Government.rt.hex": 1, "65-SafeMath.rt.hex": 0, "65-ContractReceiver.rt.hex": 0, "65-PetToken.rt.hex": 0, "66-SafeMath.rt.hex": 0, "66-ERC721Interface.rt.hex": 0, "66-ERC20.rt.hex": 0, "66-Ownable.rt.hex": 0, "66-NewAuctionContract.rt.hex": 0, "66-AuctionContract.rt.hex": 0, "67-SafeMath.rt.hex": 0, "67-IERC20.rt.hex": 0, "67-ERC20.rt.hex": 1, "67-ERC20Detailed.rt.hex": 1, "67-SimpleSwapCoin.rt.hex": 1, "68-NokuPricingPlan.rt.hex": 0, "68-Ownable.rt.hex": 0, "68-Pausable.rt.hex": 0, "68-SafeMath.rt.hex": 0, "68-ERC20Basic.rt.hex": 0, "68-ERC20.rt.hex": 0, "68-BurnableERC20.rt.hex": 0, "68-NokuTokenBurner.rt.hex": 0, "68-BasicToken.rt.hex": 0, "68-BurnableToken.rt.hex": 0, "68-DetailedERC20.rt.hex": 0, "68-StandardToken.rt.hex": 0, "68-MintableToken.rt.hex": 0, "68-NokuCustomERC20.rt.hex": 0, "68-NokuCustomERC20Service.rt.hex": 0, "69-IERC20.rt.hex": 0, "69-SafeMath.rt.hex": 0, "69-ERC20.rt.hex": 0, "69-ERC20Detailed.rt.hex": 0, "69-ERC20Burnable.rt.hex": 0, "69-Roles.rt.hex": 0, "69-MinterRole.rt.hex": 0, "69-ERC20Mintable.rt.hex": 0, "69-PauserRole.rt.hex": 0, "69-Pausable.rt.hex": 0, "69-ERC20PartialLock.rt.hex": 0, "69-LXANK.rt.hex": 0, "70-Ownable.rt.hex": 0, "70-LinkedList.rt.hex": 0, "70-ERC20Basic.rt.hex": 0, "70-SafeMath.rt.hex": 0, "70-BasicToken.rt.hex": 0, "70-ERC20.rt.hex": 0, "70-StandardToken.rt.hex": 0, "70-Pausable.rt.hex": 0, "70-PausableToken.rt.hex": 0, "70-BurnableToken.rt.hex": 0, "70-RepublicToken.rt.hex": 0, "70-DarknodeRegistryStore.rt.hex": 0, "71-SafeMath.rt.hex": 0, "71-Ownable.rt.hex": 0, "71-Roles.rt.hex": 0, "71-MinterRole.rt.hex": 0, "71-ReentrancyGuard.rt.hex": 0, "71-CertificateControllerMock.rt.hex": 0, "71-CertificateController.rt.hex": 0, "71-IERC777TokensRecipient.rt.hex": 0, "71-IERC777TokensSender.rt.hex": 0, "71-IERC1410.rt.hex": 0, "71-IERC777.rt.hex": 0, "71-IERC1400.rt.hex": 0, "71-ERC820Registry.rt.hex": 0, "71-ERC820Client.rt.hex": 0, "71-ERC777.rt.hex": 0, "71-ERC1410.rt.hex": 0, "71-ERC1400.rt.hex": 0, "72-SafeMath.rt.hex": 0, "72-Ownable.rt.hex": 0, "72-Pausable.rt.hex": 0, "72-ERC20Basic.rt.hex": 0, "72-BasicToken.rt.hex": 0, "72-ERC20.rt.hex": 0, "72-StandardToken.rt.hex": 0, "72-PausableToken.rt.hex": 0, "72-CostumeToken.rt.hex": 0, "72-Crowdsale.rt.hex": 0, "73-EventMetadata.rt.hex": 1, "73-Operated.rt.hex": 1, "73-ProofHashes.rt.hex": 1, "73-MultiHashWrapper.rt.hex": 1, "73-iFactory.rt.hex": 0, "73-Template.rt.hex": 1, "73-Feed.rt.hex": 1, "74-DAppTest.rt.hex": 0, "74-Government.rt.hex": 1, "75-Ownable.rt.hex": 0, "75-Roles.rt.hex": 0, "75-RBAC.rt.hex": 0, "75-SafeMath.rt.hex": 0, "75-ERC20Basic.rt.hex": 0, "75-ERC20.rt.hex": 0, "75-BasicToken.rt.hex": 0, "75-StandardToken.rt.hex": 0, "75-Pausable.rt.hex": 0, "75-PausableToken.rt.hex": 0, "75-BlackListToken.rt.hex": 0, "75-TwoPhaseToken.rt.hex": 0, "75-UpgradedStandardToken.rt.hex": 0, "75-WithToken.rt.hex": 0, "76-SafeMath.rt.hex": 0, "76-ERC20Interface.rt.hex": 0, "76-admined.rt.hex": 0, "76-ICO.rt.hex": 0, "77-SafeMath.rt.hex": 0, "77-IERC20.rt.hex": 0, "77-PHO.rt.hex": 1, "78-SafeMath.rt.hex": 0, "78-IERC20.rt.hex": 0, "78-ERC20.rt.hex": 1, "78-ERC20Detailed.rt.hex": 1, "78-SimpleSwapCoin.rt.hex": 1, "79-Ownable.rt.hex": 0, "79-Pausable.rt.hex": 0, "79-Destructible.rt.hex": 0, "79-EDCoreInterface.rt.hex": 0, "79-DungeonRunAlpha.rt.hex": 0, "80-ERC20.rt.hex": 0, "80-SafeERC20.rt.hex": 0, "80-Government.rt.hex": 1, "81-SafeMath.rt.hex": 0, "81-ERC20.rt.hex": 0, "81-ReserveToken.rt.hex": 0, "81-EtherDelta.rt.hex": 0, "82-SafeMath.rt.hex": 0, "82-Roles.rt.hex": 0, "82-PauserRole.rt.hex": 0, "82-Pausable.rt.hex": 0, "82-Ownable.rt.hex": 0, "82-KittyBountiesAdmin.rt.hex": 0, "82-KittyCore.rt.hex": 0, "82-KittyBounties.rt.hex": 0, "83-ERC20PartialLock.rt.hex": 0, "83-Pausable.rt.hex": 0, "83-ERC20.rt.hex": 0, "83-IERC20.rt.hex": 0, "83-PauserRole.rt.hex": 0, "83-SafeMath.rt.hex": 0, "83-ERC20Interface.rt.hex": 1, "83-ApproveAndCallFallBack.rt.hex": 1, "83-Owned.rt.hex": 1, "83-ForTheBlockchain.rt.hex": 1, "84-Refunder.rt.hex": 1, "85-SafeMath.rt.hex": 0, "85-ERC20Basic.rt.hex": 0, "85-BasicToken.rt.hex": 0, "85-ERC20.rt.hex": 0, "85-StandardToken.rt.hex": 0, "85-SafeERC20.rt.hex": 0, "85-Owned.rt.hex": 0, "85-TokenVesting.rt.hex": 0, "85-TokenVault.rt.hex": 0, "85-BurnableToken.rt.hex": 0, "85-ZTC_Token.rt.hex": 0, "86-RTCoinInterface.rt.hex": 0, "86-ERC20Interface.rt.hex": 0, "86-SafeMath.rt.hex": 0, "86-Stake.rt.hex": 0, "87-SafeMath.rt.hex": 0, "87-Ownable.rt.hex": 0, "87-ERC20Basic.rt.hex": 0, "87-ERC20.rt.hex": 0, "87-DetailedERC20.rt.hex": 0, "87-BasicToken.rt.hex": 0, "87-StandardToken.rt.hex": 0, "87-UnlimitedAllowanceToken.rt.hex": 0, "87-BZRxToken.rt.hex": 0, "87-BZRxTransferProxy.rt.hex": 0, "88-Regatta.rt.hex": 0, "89-SafeMath.rt.hex": 0, "89-Ownable.rt.hex": 0, "89-Helper.rt.hex": 0, "89-LNX.rt.hex": 0, "90-LibBytes.rt.hex": 0, "90-ReentrancyGuard.rt.hex": 0, "90-SafeMath.rt.hex": 0, "90-LibConstants.rt.hex": 0, "90-LibEIP712.rt.hex": 0, "90-LibFillResults.rt.hex": 0, "90-LibMath.rt.hex": 0, "90-LibOrder.rt.hex": 0, "90-LibAbiEncoder.rt.hex": 0, "90-IOwnable.rt.hex": 0, "90-IAuthorizable.rt.hex": 0, "90-IAssetProxy.rt.hex": 0, "90-IValidator.rt.hex": 0, "90-IWallet.rt.hex": 0, "90-IExchangeCore.rt.hex": 0, "90-IAssetProxyDispatcher.rt.hex": 0, "90-IMatchOrders.rt.hex": 0, "90-ISignatureValidator.rt.hex": 0, "90-ITransactions.rt.hex": 0, "90-IWrapperFunctions.rt.hex": 0, "90-IExchange.rt.hex": 0, "90-MExchangeCore.rt.hex": 0, "90-MAssetProxyDispatcher.rt.hex": 0, "90-MMatchOrders.rt.hex": 0, "90-MSignatureValidator.rt.hex": 0, "90-MTransactions.rt.hex": 0, "90-MWrapperFunctions.rt.hex": 0, "90-Ownable.rt.hex": 0, "90-MixinExchangeCore.rt.hex": 0, "90-MixinSignatureValidator.rt.hex": 0, "90-MixinWrapperFunctions.rt.hex": 0, "90-MixinTransactions.rt.hex": 0, "90-MixinAssetProxyDispatcher.rt.hex": 0, "90-MixinMatchOrders.rt.hex": 0, "90-Exchange.rt.hex": 0, "91-SafeMath.rt.hex": 0, "91-OwnerHelper.rt.hex": 0, "91-ERC20Interface.rt.hex": 0, "91-VantaToken.rt.hex": 0, "92-SafeMath.rt.hex": 0, "92-ERC20Interface.rt.hex": 1, "92-ApproveAndCallFallBack.rt.hex": 1, "92-Owned.rt.hex": 1, "92-ForTheBlockchain.rt.hex": 1, "93-SafeMath.rt.hex": 0, "93-Ownable.rt.hex": 1, "93-AccountWallet.rt.hex": 1, "94-PinToken.rt.hex": 0, "94-Owned.rt.hex": 0, "94-ERC20Interface.rt.hex": 0, "94-IERC20.rt.hex": 0, "94-SafeMath.rt.hex": 0, "94-ERC20Detailed.rt.hex": 1, "94-HYDROGEN.rt.hex": 1, "95-SafeMath.rt.hex": 0, "95-Ownable.rt.hex": 0, "95-ERC20Basic.rt.hex": 0, "95-ERC20.rt.hex": 0, "95-SafeERC20.rt.hex": 0, "95-Crowdsale.rt.hex": 0, "95-TimedCrowdsale.rt.hex": 0, "95-FinalizableCrowdsale.rt.hex": 0, "95-BasicToken.rt.hex": 0, "95-StandardToken.rt.hex": 0, "95-MintableToken.rt.hex": 0, "95-MintedCrowdsale.rt.hex": 0, "95-Pausable.rt.hex": 0, "95-RealtyReturnsTokenInterface.rt.hex": 0, "95-PausableToken.rt.hex": 0, "95-RealtyReturnsToken.rt.hex": 0, "95-LockTokenAllocation.rt.hex": 0, "95-RealtyReturnsTokenCrowdsale.rt.hex": 0, "96-Ownable.rt.hex": 0, "96-DosAuction.rt.hex": 1, "97-Government.rt.hex": 1, "98-SafeMath.rt.hex": 0, "98-ERC20Interface.rt.hex": 1, "98-Owned.rt.hex": 1, "98-ExclusivePlatform.rt.hex": 1, "99-SafeMath.rt.hex": 0, "99-IERC20.rt.hex": 0, "99-ERC20Detailed.rt.hex": 1, "99-BIGBOMBv2.rt.hex": 1, "100-SafeMath.rt.hex": 0, "100-Ownable.rt.hex": 0, "100-Finalizable.rt.hex": 0, "100-IToken.rt.hex": 0, "100-TokenReceivable.rt.hex": 0, "100-EventDefinitions.rt.hex": 0, "100-Token.rt.hex": 0, "100-Controller.rt.hex": 0, "100-PreSale.rt.hex": 0, "100-Ledger.rt.hex": 0, "101-ECRecovery.rt.hex": 0, "101-SigningLogic.rt.hex": 0, "101-ERC20Basic.rt.hex": 0, "101-ERC20.rt.hex": 0, "101-SafeMath.rt.hex": 0, "101-SafeERC20.rt.hex": 0, "101-TokenEscrowMarketplace.rt.hex": 0, "101-Initializable.rt.hex": 0, "101-AttestationLogic.rt.hex": 0, "102-Pool.rt.hex": 0, "102-SafeMath.rt.hex": 0, "102-RigoToken.rt.hex": 0, "102-DragoRegistry.rt.hex": 0, "102-Inflation.rt.hex": 0, "102-ReentrancyGuard.rt.hex": 0, "102-ProofOfPerformanceFace.rt.hex": 0, "102-ProofOfPerformance.rt.hex": 0, "103-SafeMath.rt.hex": 0, "103-IERC20.rt.hex": 0, "103-ERC20.rt.hex": 0, "103-Roles.rt.hex": 0, "103-MinterRole.rt.hex": 0, "103-ERC20Mintable.rt.hex": 0, "103-ERC20Burnable.rt.hex": 0, "103-TuneTradeToken.rt.hex": 0, "103-WhitelistAdminRole.rt.hex": 0, "103-WhitelistedRole.rt.hex": 0, "103-TeamRole.rt.hex": 0, "103-SafeERC20.rt.hex": 0, "103-SwapContract.rt.hex": 0, "104-SafeMath.rt.hex": 0, "104-ItemsInterfaceForEternalStorage.rt.hex": 0, "104-EternalStorage.rt.hex": 0, "105-ECRecovery.rt.hex": 0, "105-Roles.rt.hex": 0, "105-SafeMath.rt.hex": 0, "105-IERC20.rt.hex": 0, "105-ERC20.rt.hex": 0, "105-Ownable.rt.hex": 0, "105-MinterRole.rt.hex": 0, "105-Mintable.rt.hex": 0, "105-Pausable.rt.hex": 0, "105-Burnable.rt.hex": 0, "105-Lockable.rt.hex": 0, "105-DelegatorRole.rt.hex": 0, "105-Delegatable.rt.hex": 0, "105-TrustShoreToken.rt.hex": 0, "106-SafeMath.rt.hex": 0, "106-Ownable.rt.hex": 0, "106-ERC20.rt.hex": 0, "106-StandardToken.rt.hex": 0, "106-EIForceCoin.rt.hex": 0, "107-SafeMath.rt.hex": 0, "107-Roles.rt.hex": 0, "107-RBAC.rt.hex": 0, "107-RBACWithAdmin.rt.hex": 0, "107-Ownable.rt.hex": 0, "107-ERC20Basic.rt.hex": 0, "107-BasicToken.rt.hex": 0, "107-ERC20.rt.hex": 0, "107-DetailedERC20.rt.hex": 0, "107-StandardToken.rt.hex": 0, "107-ERC865.rt.hex": 0, "107-ERC865Token.rt.hex": 0, "107-BeepToken.rt.hex": 0, "108-IERC165.rt.hex": 0, "108-ERC165.rt.hex": 0, "108-IERC721.rt.hex": 0, "108-IERC721Receiver.rt.hex": 0, "108-SafeMath.rt.hex": 0, "108-Address.rt.hex": 0, "108-FormSI060719.rt.hex": 0, "109-SafeMath.rt.hex": 0, "109-Roles.rt.hex": 0, "109-PauserRole.rt.hex": 0, "109-Pausable.rt.hex": 0, "109-Ownable.rt.hex": 0, "109-KittyBountiesAdmin.rt.hex": 0, "109-KittyCore.rt.hex": 0, "109-KittyBounties.rt.hex": 0, "110-SafeMath.rt.hex": 0, "110-OwnerHelper.rt.hex": 0, "110-ERC20Interface.rt.hex": 0, "110-ITAMToken.rt.hex": 0, "111-SafeMath.rt.hex": 0, "111-Ownable.rt.hex": 0, "111-ERC20Basic.rt.hex": 0, "111-ERC20.rt.hex": 0, "111-DetailedERC20.rt.hex": 0, "111-BasicToken.rt.hex": 0, "111-StandardToken.rt.hex": 0, "111-UnlimitedAllowanceToken.rt.hex": 0, "111-BZRxToken.rt.hex": 0, "111-BZRxTransferProxy.rt.hex": 0, "112-Token.rt.hex": 0, "112-StandardToken.rt.hex": 0, "112-HumanStandardToken.rt.hex": 0, "112-StandardBounties.rt.hex": 0, "113-SafeMath.rt.hex": 0, "113-IERC20.rt.hex": 0, "113-ERC20.rt.hex": 1, "113-ERC20Detailed.rt.hex": 1, "113-SaveWon.rt.hex": 1, "114-Free_Ether_A_Day_Funds_Return.rt.hex": 0, "114-DosGas.rt.hex": 1, "115-DosOneFunc.rt.hex": 1, "116-VNXLU.rt.hex": 0, "116-ERC20Interface.rt.hex": 0, "116-Owned.rt.hex": 0, "116-SafeMath.rt.hex": 0, "116-owned.rt.hex": 1, "116-ethBank.rt.hex": 1, "117-IAccounting.rt.hex": 0, "117-IAccountingFactory.rt.hex": 0, "117-IERC20.rt.hex": 0, "117-IDisputer.rt.hex": 0, "117-FeeWindow.rt.hex": 0, "117-Universe.rt.hex": 0, "117-ReportingParticipant.rt.hex": 0, "117-Market.rt.hex": 0, "117-IDisputerFactory.rt.hex": 0, "117-ICrowdsourcerParent.rt.hex": 0, "117-ICrowdsourcer.rt.hex": 0, "117-DisputerParams.rt.hex": 0, "117-Crowdsourcer.rt.hex": 0, "117-CrowdsourcerFactory.rt.hex": 0, "118-SafeMath.rt.hex": 0, "118-Ownable.rt.hex": 0, "118-ERC20Basic.rt.hex": 0, "118-ERC20.rt.hex": 0, "118-SafeERC20.rt.hex": 0, "118-Crowdsale.rt.hex": 0, "118-TimedCrowdsale.rt.hex": 0, "118-FinalizableCrowdsale.rt.hex": 0, "118-BasicToken.rt.hex": 0, "118-StandardToken.rt.hex": 0, "118-MintableToken.rt.hex": 0, "118-MintedCrowdsale.rt.hex": 0, "118-Pausable.rt.hex": 0, "118-RealtyReturnsTokenInterface.rt.hex": 0, "118-PausableToken.rt.hex": 0, "118-RealtyReturnsToken.rt.hex": 0, "118-LockTokenAllocation.rt.hex": 0, "118-RealtyReturnsTokenCrowdsale.rt.hex": 0, "119-SafeMath.rt.hex": 0, "119-ItemsInterfaceForEternalStorage.rt.hex": 0, "119-EternalStorage.rt.hex": 0, "120-SafeMath.rt.hex": 0, "120-CareerOnToken.rt.hex": 1, "121-SafeMath.rt.hex": 0, "121-IERC20.rt.hex": 0, "121-ERC20.rt.hex": 1, "121-ERC20Detailed.rt.hex": 1, "121-SaveWon.rt.hex": 1, "122-Ownable.rt.hex": 0, "122-Pausable.rt.hex": 0, "122-Destructible.rt.hex": 0, "122-EDCoreInterface.rt.hex": 0, "122-DungeonRunAlpha.rt.hex": 0, "123-TAMCContract.rt.hex": 1, "124-FixedSupplyToken.rt.hex": 0, "124-Owned.rt.hex": 0, "124-ERC20Interface.rt.hex": 0, "124-IERC20.rt.hex": 0, "124-PHO.rt.hex": 1, "125-SafeMath.rt.hex": 0, "125-Roles.rt.hex": 0, "125-PauserRole.rt.hex": 0, "125-Pausable.rt.hex": 0, "125-Ownable.rt.hex": 0, "125-KittyBountiesAdmin.rt.hex": 0, "125-KittyCore.rt.hex": 0, "125-KittyBounties.rt.hex": 0, "126-ERC20Detailed.rt.hex": 0, "126-IERC20.rt.hex": 0, "126-SafeMath.rt.hex": 0, "126-ERC20Interface.rt.hex": 1, "126-ApproveAndCallFallBack.rt.hex": 1, "126-Owned.rt.hex": 1, "126-ForTheBlockchain.rt.hex": 1, "127-SafeMath.rt.hex": 0, "127-database.rt.hex": 0, "127-topl_database_lib.rt.hex": 0, "127-iconiq_presale.rt.hex": 0, "128-Ownable.rt.hex": 0, "128-SafeMath.rt.hex": 0, "128-ERC20Basic.rt.hex": 0, "128-BasicToken.rt.hex": 0, "128-ERC20.rt.hex": 0, "128-StandardToken.rt.hex": 0, "128-BurnableToken.rt.hex": 0, "128-Pausable.rt.hex": 0, "128-GiftToken.rt.hex": 0, "128-Whitelist.rt.hex": 0, "128-GiftCrowdsale.rt.hex": 0, "129-Utils.rt.hex": 0, "129-DosAuction.rt.hex": 1, "130-SafeMath.rt.hex": 0, "130-owned.rt.hex": 1, "130-tokenRecipient.rt.hex": 0, "130-TokenERC20.rt.hex": 1, "130-AZT.rt.hex": 1, "131-SafeMath.rt.hex": 0, "131-Ownable.rt.hex": 0, "131-Pausable.rt.hex": 0, "131-ERC20Basic.rt.hex": 0, "131-BasicToken.rt.hex": 0, "131-ERC20.rt.hex": 0, "131-StandardToken.rt.hex": 0, "131-PausableToken.rt.hex": 0, "131-RefundVault.rt.hex": 0, "131-PallyCoin.rt.hex": 0, "131-Crowdsale.rt.hex": 0, "132-SafeMath.rt.hex": 0, "132-database.rt.hex": 0, "132-topl_database_lib.rt.hex": 0, "132-arbits_presale.rt.hex": 0, "133-ERC20Interface.rt.hex": 0, "133-FucksToken.rt.hex": 0, "133-SafeMath.rt.hex": 0, "133-Owned.rt.hex": 0, "133-IERC20.rt.hex": 0, "133-PHO.rt.hex": 1, "134-SafeMath.rt.hex": 0, "134-FomoFeast.rt.hex": 1, "135-ERC20.rt.hex": 0, "135-StandardToken.rt.hex": 0, "135-ERC20Basic.rt.hex": 0, "135-BasicToken.rt.hex": 0, "135-IERC20.rt.hex": 0, "135-SafeMath.rt.hex": 0, "135-ERC20Detailed.rt.hex": 1, "135-BIGBOMBv2.rt.hex": 1, "136-SafeMath.rt.hex": 0, "136-CareerOnToken.rt.hex": 1, "137-ERC20Basic.rt.hex": 0, "137-ERC20.rt.hex": 0, "137-SafeMath.rt.hex": 0, "137-SafeERC20.rt.hex": 0, "137-Crowdsale.rt.hex": 0, "137-TimedCrowdsale.rt.hex": 0, "137-CappedCrowdsale.rt.hex": 0, "137-BasicToken.rt.hex": 0, "137-StandardToken.rt.hex": 0, "137-Ownable.rt.hex": 0, "137-MintableToken.rt.hex": 0, "137-MintedCrowdsale.rt.hex": 0, "137-DetailedERC20.rt.hex": 0, "137-Pausable.rt.hex": 0, "137-PausableToken.rt.hex": 0, "137-LoonieToken.rt.hex": 0, "137-LoonieCrowdsale.rt.hex": 0, "138-SafeMath.rt.hex": 0, "138-ERC20Token.rt.hex": 0, "138-UnlockGmi.rt.hex": 0, "139-SafeMath.rt.hex": 0, "139-ERC20Interface.rt.hex": 1, "139-ApproveAndCallFallBack.rt.hex": 1, "139-Owned.rt.hex": 1, "139-QurasToken.rt.hex": 1, "140-CloudToken.rt.hex": 0, "140-SafeMath.rt.hex": 0, "140-owned.rt.hex": 1, "140-ethBank.rt.hex": 1, "141-ERC20Interface.rt.hex": 0, "141-Owned.rt.hex": 0, "141-LENS.rt.hex": 0, "141-IERC20.rt.hex": 0, "141-SafeMath.rt.hex": 0, "141-ERC20.rt.hex": 1, "141-ERC20Burnable.rt.hex": 1, "141-ERC20Detailed.rt.hex": 1, "141-AGR.rt.hex": 1, "142-SafeMath.rt.hex": 0, "142-ERC721Interface.rt.hex": 0, "142-ERC20.rt.hex": 0, "142-Ownable.rt.hex": 0, "142-NewAuctionContract.rt.hex": 0, "142-ArconaMarketplaceContract.rt.hex": 0, "143-IAccessPolicy.rt.hex": 0, "143-IAccessControlled.rt.hex": 0, "143-StandardRoles.rt.hex": 0, "143-AccessControlled.rt.hex": 0, "143-IMigrationTarget.rt.hex": 0, "143-MigrationTarget.rt.hex": 0, "143-EuroTokenMigrationTarget.rt.hex": 0, "143-IMigrationSource.rt.hex": 0, "143-MigrationSource.rt.hex": 0, "143-AccessRoles.rt.hex": 0, "143-IBasicToken.rt.hex": 0, "143-Reclaimable.rt.hex": 0, "143-ITokenMetadata.rt.hex": 0, "143-TokenMetadata.rt.hex": 0, "143-IERC20Allowance.rt.hex": 0, "143-IERC20Token.rt.hex": 0, "143-IERC677Callback.rt.hex": 0, "143-IERC677Allowance.rt.hex": 0, "143-IERC677Token.rt.hex": 0, "143-Math.rt.hex": 0, "143-BasicToken.rt.hex": 0, "143-StandardToken.rt.hex": 0, "143-EuroToken.rt.hex": 0, "144-IERC20.rt.hex": 0, "144-SafeMath.rt.hex": 0, "144-ERC20Detailed.rt.hex": 1, "144-HYDROGEN.rt.hex": 1, "145-ERC20Interface.rt.hex": 1, "145-IERC20Interface.rt.hex": 1, "145-RaffleToken.rt.hex": 0, "145-SafeMath.rt.hex": 0, "145-RaffleTokenExchange.rt.hex": 1, "146-Moloch.rt.hex": 0, "146-IERC20.rt.hex": 0, "146-Ownable.rt.hex": 0, "146-GuildBank.rt.hex": 0, "146-SafeMath.rt.hex": 0, "147-SafeMath.rt.hex": 0, "147-ERC20.rt.hex": 0, "147-SATCoin.rt.hex": 0, "148-Ownable.rt.hex": 0, "148-Roles.rt.hex": 0, "148-RBAC.rt.hex": 0, "148-SafeMath.rt.hex": 0, "148-ERC20Basic.rt.hex": 0, "148-ERC20.rt.hex": 0, "148-BasicToken.rt.hex": 0, "148-StandardToken.rt.hex": 0, "148-Pausable.rt.hex": 0, "148-PausableToken.rt.hex": 0, "148-BlackListToken.rt.hex": 0, "148-TwoPhaseToken.rt.hex": 0, "148-UpgradedStandardToken.rt.hex": 0, "148-WitToken.rt.hex": 0, "149-SafeMathLib.rt.hex": 0, "149-Ownable.rt.hex": 0, "149-Haltable.rt.hex": 0, "149-PricingStrategy.rt.hex": 0, "149-FinalizeAgent.rt.hex": 0, "149-ERC20.rt.hex": 0, "149-FractionalERC20.rt.hex": 0, "149-Crowdsale.rt.hex": 0, "149-SafeMath.rt.hex": 0, "149-StandardToken.rt.hex": 0, "149-UpgradeAgent.rt.hex": 0, "149-UpgradeableToken.rt.hex": 0, "149-ReleasableToken.rt.hex": 0, "149-MintableToken.rt.hex": 0, "149-CrowdsaleToken.rt.hex": 0, "149-MysteriumPricing.rt.hex": 0, "149-MysteriumTokenDistribution.rt.hex": 0, "150-SafeMath.rt.hex": 0, "150-ItemsInterfaceForEternalStorage.rt.hex": 0, "150-EternalStorage.rt.hex": 0, "151-Token.rt.hex": 0, "151-AbstractToken.rt.hex": 0, "151-SafeMath.rt.hex": 0, "151-INFS.rt.hex": 0, "151-EventMetadata.rt.hex": 1, "151-Operated.rt.hex": 1, "151-MultiHashWrapper.rt.hex": 1, "151-iFactory.rt.hex": 0, "151-ProofHash.rt.hex": 1, "151-Template.rt.hex": 1, "151-Post.rt.hex": 1, "152-SafeMath.rt.hex": 0, "152-EventMetadata.rt.hex": 1, "152-Operated.rt.hex": 1, "152-MultiHashWrapper.rt.hex": 1, "152-iFactory.rt.hex": 0, "152-ProofHash.rt.hex": 1, "152-Template.rt.hex": 1, "152-Post.rt.hex": 1, "153-PauserRole.rt.hex": 0, "153-KittyBounties.rt.hex": 0, "153-Ownable.rt.hex": 0, "153-KittyBountiesAdmin.rt.hex": 0, "153-Pausable.rt.hex": 0, "153-IERC20.rt.hex": 0, "153-SafeMath.rt.hex": 0, "153-ERC20Detailed.rt.hex": 1, "153-BIGBOMBv2.rt.hex": 1, "154-Ownable.rt.hex": 0, "154-Pausable.rt.hex": 0, "154-SafeMath.rt.hex": 0, "154-ERC20Basic.rt.hex": 0, "154-BasicToken.rt.hex": 0, "154-ERC20.rt.hex": 0, "154-StandardToken.rt.hex": 0, "154-MintableToken.rt.hex": 0, "154-StarCoin.rt.hex": 0, "154-InvestorWhiteList.rt.hex": 0, "154-StarCoinPreSale.rt.hex": 0, "155-Token.rt.hex": 1, "155-SafeMath.rt.hex": 0, "155-StableDEX.rt.hex": 1, "156-SafeMath.rt.hex": 0, "156-EventMetadata.rt.hex": 1, "156-Operated.rt.hex": 1, "156-MultiHashWrapper.rt.hex": 1, "156-iFactory.rt.hex": 0, "156-ProofHash.rt.hex": 1, "156-Template.rt.hex": 1, "156-Post.rt.hex": 1, "157-Owned.rt.hex": 0, "157-IERC20.rt.hex": 0, "157-SafeMath.rt.hex": 0, "157-ERC20Detailed.rt.hex": 1, "157-BIGBOMBv2.rt.hex": 1, "158-SafeMath.rt.hex": 0, "158-IERC20.rt.hex": 0, "158-ERC20.rt.hex": 1, "158-ERC20Detailed.rt.hex": 1, "158-SimpleSwapCoin.rt.hex": 1, "159-IERC20.rt.hex": 0, "159-SafeERC20.rt.hex": 0, "159-SafeMath.rt.hex": 0, "159-ERC20Interface.rt.hex": 1, "159-ApproveAndCallFallBack.rt.hex": 1, "159-Owned.rt.hex": 1, "159-ForTheBlockchain.rt.hex": 1, "160-IERC20.rt.hex": 0, "160-ERC20Detailed.rt.hex": 0, "160-SafeMath.rt.hex": 0, "160-ERC20.rt.hex": 0, "160-ERC20Burnable.rt.hex": 0, "160-Ownable.rt.hex": 0, "160-Roles.rt.hex": 0, "160-PauserRole.rt.hex": 0, "160-Pausable.rt.hex": 0, "160-MinterRole.rt.hex": 0, "160-WhitelistAdminRole.rt.hex": 0, "160-WhitelistedRole.rt.hex": 0, "160-InvictusWhitelist.rt.hex": 0, "160-C10Token.rt.hex": 0, "161-Ownable.rt.hex": 0, "161-Pausable.rt.hex": 0, "161-Destructible.rt.hex": 0, "161-EDCoreInterface.rt.hex": 0, "161-DungeonRunCore.rt.hex": 0, "162-SafeMath.rt.hex": 0, "162-RequestUid.rt.hex": 0, "162-AdminUpgradeable.rt.hex": 0, "162-BICALogicUpgradeable.rt.hex": 0, "162-BICALogic.rt.hex": 0, "162-BICALedger.rt.hex": 0, "162-ERC20Interface.rt.hex": 0, "162-BICAProxy.rt.hex": 0, "163-IERC165.rt.hex": 0, "163-IERC721.rt.hex": 0, "163-IERC721Receiver.rt.hex": 0, "163-SafeMath.rt.hex": 0, "163-Address.rt.hex": 0, "163-ERC165.rt.hex": 0, "163-ERC721.rt.hex": 0, "163-IERC721Metadata.rt.hex": 0, "163-ERC721Metadata.rt.hex": 0, "163-Roles.rt.hex": 0, "163-MinterRole.rt.hex": 0, "163-ERC721MetadataMintable.rt.hex": 0, "163-Ownable.rt.hex": 0, "163-RadxCollectible.rt.hex": 0, "164-NokuPricingPlan.rt.hex": 0, "164-Ownable.rt.hex": 0, "164-Pausable.rt.hex": 0, "164-SafeMath.rt.hex": 0, "164-ERC20Basic.rt.hex": 0, "164-ERC20.rt.hex": 0, "164-BurnableERC20.rt.hex": 0, "164-NokuTokenBurner.rt.hex": 0, "164-BasicToken.rt.hex": 0, "164-BurnableToken.rt.hex": 0, "164-DetailedERC20.rt.hex": 0, "164-StandardToken.rt.hex": 0, "164-MintableToken.rt.hex": 0, "164-NokuCustomERC20.rt.hex": 0, "165-SafeMath.rt.hex": 0, "165-ExtendedMath.rt.hex": 0, "165-ERC20Interface.rt.hex": 1, "165-ApproveAndCallFallBack.rt.hex": 1, "165-Owned.rt.hex": 1, "165-_Yesbuzz.rt.hex": 1, "166-IERC20.rt.hex": 0, "166-SafeMath.rt.hex": 0, "166-ERC20.rt.hex": 1, "166-ERC20Burnable.rt.hex": 1, "166-ERC20Detailed.rt.hex": 1, "166-AGR.rt.hex": 1, "167-SafeMath.rt.hex": 0, "167-IERC20.rt.hex": 0, "167-ERC20.rt.hex": 1, "167-ERC20Burnable.rt.hex": 1, "167-ERC20Detailed.rt.hex": 1, "167-AGR.rt.hex": 1, "168-SafeMath.rt.hex": 0, "168-DosAuction.rt.hex": 1, "169-SafeMath.rt.hex": 0, "169-IERC20.rt.hex": 0, "169-PHO.rt.hex": 1, "170-SafeMath.rt.hex": 0, "170-IERC20.rt.hex": 0, "170-ERC20Detailed.rt.hex": 1, "170-HYDROGEN.rt.hex": 1, "171-SafeMath.rt.hex": 0, "171-ERC20.rt.hex": 0, "171-ReserveToken.rt.hex": 0, "171-EtherDelta.rt.hex": 0, "172-SafeMath.rt.hex": 0, "172-tokenRecipient.rt.hex": 0, "172-MD.rt.hex": 1, "173-Ownable.rt.hex": 1, "173-Stoppable.rt.hex": 1, "173-RampInstantPoolInterface.rt.hex": 0, "173-RampInstantEscrowsPoolInterface.rt.hex": 1, "173-RampInstantPool.rt.hex": 1, "173-RampInstantEthPool.rt.hex": 1, "174-Ownable.rt.hex": 0, "174-Claimable.rt.hex": 0, "174-ERC20Basic.rt.hex": 0, "174-ERC20.rt.hex": 0, "174-SafeERC20.rt.hex": 0, "174-CanReclaimToken.rt.hex": 0, "174-OwnableContract.rt.hex": 0, "174-OwnableContractOwner.rt.hex": 0, "174-ControllerInterface.rt.hex": 0, "174-SafeMath.rt.hex": 0, "174-BasicToken.rt.hex": 0, "174-StandardToken.rt.hex": 0, "174-DetailedERC20.rt.hex": 0, "174-MintableToken.rt.hex": 0, "174-BurnableToken.rt.hex": 0, "174-Pausable.rt.hex": 0, "174-PausableToken.rt.hex": 0, "174-WBTC.rt.hex": 0, "174-MembersInterface.rt.hex": 0, "174-Controller.rt.hex": 0, "175-SafeMathLib.rt.hex": 0, "175-Ownable.rt.hex": 0, "175-Haltable.rt.hex": 0, "175-PricingStrategy.rt.hex": 0, "175-FinalizeAgent.rt.hex": 0, "175-ERC20.rt.hex": 0, "175-FractionalERC20.rt.hex": 0, "175-Crowdsale.rt.hex": 0, "175-MysteriumPricing.rt.hex": 0, "175-SafeMath.rt.hex": 0, "175-StandardToken.rt.hex": 0, "175-MintableToken.rt.hex": 0, "175-MysteriumCrowdsale.rt.hex": 0, "176-Ownable.rt.hex": 0, "176-Government.rt.hex": 1, "177-SafeMath.rt.hex": 0, "177-DosAuction.rt.hex": 1, "178-Owned.rt.hex": 0, "178-SafeMath.rt.hex": 0, "178-IERC20.rt.hex": 0, "178-ERC20.rt.hex": 1, "178-ERC20Detailed.rt.hex": 1, "178-SaveWon.rt.hex": 1, "179-SafeMath.rt.hex": 0, "179-ERC20Basic.rt.hex": 0, "179-BasicToken.rt.hex": 0, "179-ERC20.rt.hex": 0, "179-StandardToken.rt.hex": 0, "179-SafeERC20.rt.hex": 0, "179-Owned.rt.hex": 0, "179-TokenVesting.rt.hex": 0, "179-TokenVault.rt.hex": 0, "179-BurnableToken.rt.hex": 0, "179-LCGC_Token.rt.hex": 0, "180-PauserRole.rt.hex": 0, "180-Pausable.rt.hex": 0, "180-EventMetadata.rt.hex": 1, "180-Operated.rt.hex": 1, "180-MultiHashWrapper.rt.hex": 1, "180-iFactory.rt.hex": 0, "180-ProofHash.rt.hex": 1, "180-Template.rt.hex": 1, "180-Post.rt.hex": 1, "181-CareerOnToken.rt.hex": 1, "182-SafeMath.rt.hex": 0, "182-IERC20.rt.hex": 0, "182-ERC20Detailed.rt.hex": 1, "182-BIGBOMBv2.rt.hex": 1, "183-ERC165.rt.hex": 0, "183-IERC165.rt.hex": 0, "183-SafeMath.rt.hex": 0, "183-IERC20.rt.hex": 0, "183-ERC20.rt.hex": 1, "183-ERC20Detailed.rt.hex": 1, "183-SimpleSwapCoin.rt.hex": 1, "184-SafeMath.rt.hex": 0, "184-FomoFeast.rt.hex": 1, "185-SafeMath.rt.hex": 0, "185-IERC20.rt.hex": 0, "185-ERC20.rt.hex": 1, "185-ERC20Detailed.rt.hex": 1, "185-SaveWon.rt.hex": 1, "186-Math.rt.hex": 0, "186-EventMetadata.rt.hex": 1, "186-Operated.rt.hex": 1, "186-MultiHashWrapper.rt.hex": 1, "186-iFactory.rt.hex": 0, "186-ProofHash.rt.hex": 1, "186-Template.rt.hex": 1, "186-Post.rt.hex": 1, "187-Token.rt.hex": 0, "187-SafeMath.rt.hex": 0, "187-StandardToken.rt.hex": 0, "187-GRO.rt.hex": 0, "188-DSAuthority.rt.hex": 0, "188-DSAuthEvents.rt.hex": 0, "188-DSAuth.rt.hex": 0, "188-AssetPriceOracle.rt.hex": 0, "188-SafeMath.rt.hex": 0, "188-ContractForDifference.rt.hex": 0, "189-SafeMath.rt.hex": 0, "189-IERC20.rt.hex": 0, "189-ERC20.rt.hex": 1, "189-ERC20Detailed.rt.hex": 1, "189-SaveWon.rt.hex": 1, "190-SafeMath.rt.hex": 0, "190-IERC20.rt.hex": 0, "190-ERC20.rt.hex": 1, "190-ERC20Burnable.rt.hex": 1, "190-ERC20Detailed.rt.hex": 1, "190-AGR.rt.hex": 1, "191-owned.rt.hex": 1, "191-tokenRecipient.rt.hex": 1, "191-Token.rt.hex": 1, "191-SafeMath.rt.hex": 0, "191-MindsyncPlatform.rt.hex": 1, "192-SafeMath.rt.hex": 0, "192-IERC20.rt.hex": 0, "192-ERC20Detailed.rt.hex": 0, "192-ERC20.rt.hex": 0, "192-Roles.rt.hex": 0, "192-PauserRole.rt.hex": 0, "192-Pausable.rt.hex": 0, "192-ERC20Pausable.rt.hex": 0, "192-MinterRole.rt.hex": 0, "192-ERC20Mintable.rt.hex": 0, "192-Ownable.rt.hex": 0, "192-IWhitelist.rt.hex": 0, "192-ERC20Whitelistable.rt.hex": 0, "192-BurnerRole.rt.hex": 0, "192-ERC20Burnable.rt.hex": 0, "192-CanReclaimEther.rt.hex": 0, "192-SafeERC20.rt.hex": 0, "192-CanReclaimToken.rt.hex": 0, "192-LeveragedToken.rt.hex": 0, "193-SafeMath.rt.hex": 0, "193-IERC20.rt.hex": 0, "193-ERC20Detailed.rt.hex": 1, "193-HYDROGEN.rt.hex": 1, "194-SafeMath.rt.hex": 0, "194-Ownable.rt.hex": 0, "194-Helper.rt.hex": 0, "194-LNXtest.rt.hex": 0, "195-Ownable.rt.hex": 1, "195-ChannelWallet.rt.hex": 1, "196-SafeMath.rt.hex": 0, "196-ERC20Basic.rt.hex": 0, "196-ERC20.rt.hex": 0, "196-BasicToken.rt.hex": 0, "196-StandardToken.rt.hex": 0, "196-Role.rt.hex": 0, "196-Pausable.rt.hex": 0, "196-SamToken.rt.hex": 0, "197-SafeMath.rt.hex": 0, "197-IERC20.rt.hex": 0, "197-ERC20Detailed.rt.hex": 1, "197-BIGBOMBv2.rt.hex": 1, "198-SafeMath.rt.hex": 0, "198-IERC20.rt.hex": 0, "198-SafeERC20.rt.hex": 0, "198-Ownable.rt.hex": 0, "198-ERC20Detailed.rt.hex": 0, "198-ERC20.rt.hex": 0, "198-Roles.rt.hex": 0, "198-PauserRole.rt.hex": 0, "198-Pausable.rt.hex": 0, "198-ERC20Pausable.rt.hex": 0, "198-ERC20Burnable.rt.hex": 0, "198-MinterRole.rt.hex": 0, "198-ERC20Mintable.rt.hex": 0, "198-ERC20Capped.rt.hex": 0, "198-SgmToken.rt.hex": 0, "198-OperationsVesting.rt.hex": 0, "199-SafeMath.rt.hex": 0, "199-ERC20Interface.rt.hex": 1, "199-ApproveAndCallFallBack.rt.hex": 1, "199-Owned.rt.hex": 1, "199-ForTheBlockchain.rt.hex": 1, "200-ERC20.rt.hex": 0, "200-IERC20.rt.hex": 0, "200-EventMetadata.rt.hex": 1, "200-Operated.rt.hex": 1, "200-MultiHashWrapper.rt.hex": 1, "200-iFactory.rt.hex": 0, "200-ProofHash.rt.hex": 1, "200-Template.rt.hex": 1, "200-Post.rt.hex": 1, "201-ERC20Token.rt.hex": 0, "201-Government.rt.hex": 1, "202-SafeMathLib.rt.hex": 0, "202-Ownable.rt.hex": 0, "202-Haltable.rt.hex": 0, "202-PricingStrategy.rt.hex": 0, "202-FinalizeAgent.rt.hex": 0, "202-ERC20.rt.hex": 0, "202-FractionalERC20.rt.hex": 0, "202-Crowdsale.rt.hex": 0, "202-SafeMath.rt.hex": 0, "202-StandardToken.rt.hex": 0, "202-UpgradeAgent.rt.hex": 0, "202-UpgradeableToken.rt.hex": 0, "202-ReleasableToken.rt.hex": 0, "202-MintableToken.rt.hex": 0, "202-CrowdsaleToken.rt.hex": 0, "202-MysteriumPricing.rt.hex": 0, "202-MysteriumTokenDistribution.rt.hex": 0, "203-SafeMath.rt.hex": 0, "203-ERC20Basic.rt.hex": 0, "203-BasicToken.rt.hex": 0, "203-ERC20.rt.hex": 0, "203-StandardToken.rt.hex": 0, "203-SafeERC20.rt.hex": 0, "203-Owned.rt.hex": 0, "203-TokenVesting.rt.hex": 0, "203-TokenVault.rt.hex": 0, "203-BurnableToken.rt.hex": 0, "203-NIC_Token.rt.hex": 0, "204-BLAccess.rt.hex": 0, "204-DataStorageInterface.rt.hex": 0, "204-BLStorage.rt.hex": 0, "204-BLBalances.rt.hex": 0, "204-BLBlocks.rt.hex": 0, "204-BLMain.rt.hex": 0, "205-IERC20.rt.hex": 0, "205-SafeMath.rt.hex": 0, "205-ERC20.rt.hex": 0, "205-ERC20Detailed.rt.hex": 0, "205-Ownable.rt.hex": 0, "205-Pausable.rt.hex": 0, "205-ERC20Pausable.rt.hex": 0, "205-WalletPausable.rt.hex": 0, "205-ERC20WalletPausable.rt.hex": 0, "205-TransferAndPause.rt.hex": 0, "205-Ortp.rt.hex": 0, "206-SafeMath.rt.hex": 0, "206-FomoFeast.rt.hex": 1, "207-IERC20.rt.hex": 0, "207-SafeMath.rt.hex": 0, "207-ERC20.rt.hex": 0, "207-ERC20Detailed.rt.hex": 0, "207-Roles.rt.hex": 0, "207-MinterRole.rt.hex": 0, "207-ERC20Mintable.rt.hex": 0, "207-ERC20Burnable.rt.hex": 0, "207-PauserRole.rt.hex": 0, "207-Pausable.rt.hex": 0, "207-ERC20Pausable.rt.hex": 0, "207-INRD.rt.hex": 0, "208-Ownable.rt.hex": 1, "208-AccountWallet.rt.hex": 1, "209-ECRecovery.rt.hex": 0, "209-SigningLogic.rt.hex": 0, "209-Initializable.rt.hex": 0, "209-AccountRegistryLogic.rt.hex": 0, "210-SafeMath.rt.hex": 0, "210-ERC20Basic.rt.hex": 0, "210-BasicToken.rt.hex": 0, "210-ERC20.rt.hex": 0, "210-StandardToken.rt.hex": 0, "210-SafeERC20.rt.hex": 0, "210-Owned.rt.hex": 0, "210-TokenVesting.rt.hex": 0, "210-TokenVault.rt.hex": 0, "210-BurnableToken.rt.hex": 0, "210-LCP_Token.rt.hex": 0, "211-IERC20.rt.hex": 0, "211-Marmo.rt.hex": 0, "211-ECDSA.rt.hex": 0, "211-Ownable.rt.hex": 1, "211-ReentrancyGuard.rt.hex": 1, "211-FeeTransactionManager.rt.hex": 1, "212-SafeMath.rt.hex": 0, "212-Ownable.rt.hex": 0, "212-PausableOnce.rt.hex": 0, "212-ERC20Basic.rt.hex": 0, "212-BasicToken.rt.hex": 0, "212-ERC20.rt.hex": 0, "212-StandardToken.rt.hex": 0, "212-InterfaceUpgradeAgent.rt.hex": 0, "212-UpgradableToken.rt.hex": 0, "212-Withdrawable.rt.hex": 0, "212-SaviorToken.rt.hex": 0, "213-IAccounting.rt.hex": 0, "213-IAccountingFactory.rt.hex": 0, "213-IERC20.rt.hex": 0, "213-IDisputer.rt.hex": 0, "213-ICrowdsourcerParent.rt.hex": 0, "213-FeeWindow.rt.hex": 0, "213-Universe.rt.hex": 0, "213-ReportingParticipant.rt.hex": 0, "213-Market.rt.hex": 0, "213-ICrowdsourcer.rt.hex": 0, "213-IDisputerFactory.rt.hex": 0, "213-DisputerParams.rt.hex": 0, "213-Crowdsourcer.rt.hex": 0, "214-IERC20.rt.hex": 0, "214-SafeMath.rt.hex": 0, "214-Ownable.rt.hex": 1, "214-ERC20Detailed.rt.hex": 1, "214-DanPanCoin.rt.hex": 1, "215-BLAccess.rt.hex": 0, "215-DataStorageInterface.rt.hex": 0, "215-BLStorage.rt.hex": 0, "215-BLBalances.rt.hex": 0, "215-BLBlocks.rt.hex": 0, "215-BLMain.rt.hex": 0, "216-Owned.rt.hex": 0, "216-DanpiaTestTokens.rt.hex": 0, "216-ERC20Interface.rt.hex": 0, "216-IERC20.rt.hex": 0, "216-SafeMath.rt.hex": 0, "216-ERC20Detailed.rt.hex": 1, "216-BIGBOMBv2.rt.hex": 1, "217-Roles.rt.hex": 0, "217-RBAC.rt.hex": 0, "217-SafeMath.rt.hex": 0, "217-ERC20Basic.rt.hex": 0, "217-BasicToken.rt.hex": 0, "217-BurnableToken.rt.hex": 0, "217-ERC20.rt.hex": 0, "217-StandardToken.rt.hex": 0, "217-DUBI.rt.hex": 0, "217-Purpose.rt.hex": 0, "217-Ownable.rt.hex": 0, "217-SafeERC20.rt.hex": 0, "217-Hodler.rt.hex": 0, "217-HodlFor.rt.hex": 0, "218-SafeMath.rt.hex": 0, "218-IERC20.rt.hex": 0, "218-ERC20Detailed.rt.hex": 1, "218-HYDROGEN.rt.hex": 1, "219-PauserRole.rt.hex": 0, "219-Pausable.rt.hex": 0, "219-IERC20.rt.hex": 0, "219-SafeMath.rt.hex": 0, "219-ERC20Detailed.rt.hex": 1, "219-HYDROGEN.rt.hex": 1, "220-Owned.rt.hex": 0, "220-IERC20.rt.hex": 0, "220-SafeMath.rt.hex": 0, "220-ERC20Detailed.rt.hex": 1, "220-BIGBOMBv2.rt.hex": 1, "221-IERC20.rt.hex": 0, "221-SafeMath.rt.hex": 0, "221-ReverseRegistrar.rt.hex": 0, "221-Etherclear.rt.hex": 0, "222-PLATPriceOracle.rt.hex": 0, "222-Government.rt.hex": 1, "223-FixedSupplyBurnableToken.rt.hex": 0, "223-ERC20Interface.rt.hex": 0, "223-Owned.rt.hex": 0, "223-SafeMath.rt.hex": 0, "223-FomoFeast.rt.hex": 1, "224-CareerOnToken.rt.hex": 1, "225-IERC20.rt.hex": 0, "225-SafeMath.rt.hex": 0, "225-ERC20.rt.hex": 0, "225-ERC20Detailed.rt.hex": 0, "225-Ownable.rt.hex": 0, "225-Remote.rt.hex": 0, "225-ProofOfTrident.rt.hex": 0, "225-ERC20Burnable.rt.hex": 0, "225-Vault.rt.hex": 0, "226-SafeMath.rt.hex": 0, "226-IERC20.rt.hex": 0, "226-PHO.rt.hex": 1, "227-SafeMath.rt.hex": 0, "227-IERC20.rt.hex": 0, "227-PHO.rt.hex": 1, "228-SafeMath.rt.hex": 0, "228-ERC20Basic.rt.hex": 0, "228-BasicToken.rt.hex": 0, "228-ERC20.rt.hex": 0, "228-StandardToken.rt.hex": 0, "228-SafeERC20.rt.hex": 0, "228-Owned.rt.hex": 0, "228-TokenVesting.rt.hex": 0, "228-TokenVault.rt.hex": 0, "228-BurnableToken.rt.hex": 0, "228-BAG_Token.rt.hex": 0, "229-IAccessPolicy.rt.hex": 0, "229-IAccessControlled.rt.hex": 0, "229-StandardRoles.rt.hex": 0, "229-AccessControlled.rt.hex": 0, "229-IsContract.rt.hex": 0, "229-AccessRoles.rt.hex": 0, "229-IBasicToken.rt.hex": 0, "229-Reclaimable.rt.hex": 0, "229-ITokenMetadata.rt.hex": 0, "229-TokenMetadata.rt.hex": 0, "229-IERC223Callback.rt.hex": 0, "229-IERC223Token.rt.hex": 0, "229-IERC20Allowance.rt.hex": 0, "229-IERC20Token.rt.hex": 0, "229-IERC677Callback.rt.hex": 0, "229-IERC677Allowance.rt.hex": 0, "229-IERC677Token.rt.hex": 0, "229-Math.rt.hex": 0, "229-BasicToken.rt.hex": 0, "229-StandardToken.rt.hex": 0, "229-EtherToken.rt.hex": 0, "230-SafeMath.rt.hex": 0, "230-Roles.rt.hex": 0, "230-PauserRole.rt.hex": 0, "230-Pausable.rt.hex": 0, "230-Ownable.rt.hex": 0, "230-KittyBountiesAdmin.rt.hex": 0, "230-KittyCore.rt.hex": 0, "230-KittyBounties.rt.hex": 0, "231-DragonFarmer.rt.hex": 0, "231-SafeMath.rt.hex": 0, "231-DosAuction.rt.hex": 1, "232-SafeMath.rt.hex": 0, "232-IERC20.rt.hex": 0, "232-ERC20.rt.hex": 1, "232-ERC20Detailed.rt.hex": 1, "232-SimpleSwapCoin.rt.hex": 1, "233-EscrowWallet.rt.hex": 0, "233-DosGas.rt.hex": 1, "234-Ownable.rt.hex": 0, "234-IERC20.rt.hex": 0, "234-TROY.rt.hex": 0, "234-SafeMath.rt.hex": 0, "234-Government.rt.hex": 1, "235-SafeMath.rt.hex": 0, "235-owned.rt.hex": 1, "235-ethBank.rt.hex": 1, "236-WhiteBetting.rt.hex": 1, "237-SafeMath.rt.hex": 0, "237-FomoFeast.rt.hex": 1, "238-SafeMath.rt.hex": 0, "238-IERC20.rt.hex": 0, "238-ERC20Detailed.rt.hex": 1, "238-HYDROGEN.rt.hex": 1, "239-TAMC.rt.hex": 1, "240-SafeMath.rt.hex": 0, "240-Ownable.rt.hex": 0, "240-PausableOnce.rt.hex": 0, "240-ERC20Basic.rt.hex": 0, "240-BasicToken.rt.hex": 0, "240-ERC20.rt.hex": 0, "240-StandardToken.rt.hex": 0, "240-InterfaceUpgradeAgent.rt.hex": 0, "240-UpgradableToken.rt.hex": 0, "240-Withdrawable.rt.hex": 0, "240-CtdToken.rt.hex": 0, "241-SafeMath.rt.hex": 0, "241-EventMetadata.rt.hex": 1, "241-Operated.rt.hex": 1, "241-MultiHashWrapper.rt.hex": 1, "241-iFactory.rt.hex": 0, "241-ProofHash.rt.hex": 1, "241-Template.rt.hex": 1, "241-Post.rt.hex": 1, "242-ComptrollerInterface.rt.hex": 0, "242-ComptrollerErrorReporter.rt.hex": 0, "242-TokenErrorReporter.rt.hex": 0, "242-CarefulMath.rt.hex": 0, "242-Exponential.rt.hex": 0, "242-EIP20Interface.rt.hex": 0, "242-EIP20NonStandardInterface.rt.hex": 0, "242-ReentrancyGuard.rt.hex": 0, "242-InterestRateModel.rt.hex": 0, "242-CToken.rt.hex": 0, "242-CErc20.rt.hex": 0, "243-Ownable.rt.hex": 0, "243-SafeMath.rt.hex": 0, "243-CommunityVesting.rt.hex": 0, "243-EcosystemVesting.rt.hex": 0, "243-SeedPrivateAdvisorVesting.rt.hex": 0, "243-TeamVesting.rt.hex": 0, "243-TokenInterface.rt.hex": 0, "243-Vesting.rt.hex": 0, "244-IERC20.rt.hex": 0, "244-ERC20.rt.hex": 0, "244-SafeMath.rt.hex": 0, "244-ERC20Interface.rt.hex": 1, "244-ApproveAndCallFallBack.rt.hex": 1, "244-Owned.rt.hex": 1, "244-ForTheBlockchain.rt.hex": 1, "245-SafeMath.rt.hex": 0, "245-CareerOnToken.rt.hex": 1, "246-SafeMath.rt.hex": 0, "246-Government.rt.hex": 1, "247-SafeMath.rt.hex": 0, "247-ERC20Basic.rt.hex": 0, "247-BasicToken.rt.hex": 0, "247-ERC20.rt.hex": 0, "247-StandardToken.rt.hex": 0, "247-SafeERC20.rt.hex": 0, "247-Owned.rt.hex": 0, "247-TokenVesting.rt.hex": 0, "247-TokenVault.rt.hex": 0, "247-BurnableToken.rt.hex": 0, "247-CWI_Token.rt.hex": 0, "248-IERC20.rt.hex": 0, "248-SafeMath.rt.hex": 0, "248-ERC20.rt.hex": 0, "248-Roles.rt.hex": 0, "248-MinterRole.rt.hex": 0, "248-ERC20Mintable.rt.hex": 0, "248-PauserRole.rt.hex": 0, "248-Pausable.rt.hex": 0, "248-ReentrancyGuard.rt.hex": 0, "248-Ownable.rt.hex": 0, "248-Administrable.rt.hex": 0, "248-WhiteList.rt.hex": 0, "248-C50.rt.hex": 0, "249-IERC20.rt.hex": 0, "249-ERC20Detailed.rt.hex": 0, "249-SafeMath.rt.hex": 0, "249-ERC20.rt.hex": 0, "249-Roles.rt.hex": 0, "249-MinterRole.rt.hex": 0, "249-ERC20Mintable.rt.hex": 0, "249-Ownable.rt.hex": 0, "249-ComplianceService.rt.hex": 0, "249-DividendService.rt.hex": 0, "249-ServiceRegistry.rt.hex": 0, "249-BlueshareToken.rt.hex": 0, "250-SafeMath.rt.hex": 0, "250-Government.rt.hex": 1, "251-SafeMath.rt.hex": 0, "251-Ownable.rt.hex": 0, "251-IERC20.rt.hex": 0, "251-ERC20.rt.hex": 0, "251-ERC20Detailed.rt.hex": 0, "251-SafeERC20.rt.hex": 0, "251-MoneyMarketInterface.rt.hex": 0, "251-LoanEscrow.rt.hex": 0, "251-DividendDistributingToken.rt.hex": 0, "251-LandRegistryInterface.rt.hex": 0, "251-LandRegistryProxyInterface.rt.hex": 0, "251-WhitelistInterface.rt.hex": 0, "251-WhitelistProxyInterface.rt.hex": 0, "251-TokenizedProperty.rt.hex": 0, "252-SafeMath.rt.hex": 0, "252-ERC20Basic.rt.hex": 0, "252-BasicToken.rt.hex": 0, "252-ERC20.rt.hex": 0, "252-StandardToken.rt.hex": 0, "252-SafeERC20.rt.hex": 0, "252-Owned.rt.hex": 0, "252-TokenVesting.rt.hex": 0, "252-TokenVault.rt.hex": 0, "252-BurnableToken.rt.hex": 0, "252-CES_Token.rt.hex": 0, "253-Burnable.rt.hex": 0, "253-Mintable.rt.hex": 0, "253-ERC20Basic.rt.hex": 0, "253-ERC20.rt.hex": 0, "253-SafeERC20.rt.hex": 0, "253-TokenTimelock.rt.hex": 0, "253-SafeMath.rt.hex": 0, "253-Ownable.rt.hex": 0, "253-TokenVesting.rt.hex": 0, "253-Pausable.rt.hex": 0, "253-BasicToken.rt.hex": 0, "253-StandardToken.rt.hex": 0, "253-PausableToken.rt.hex": 0, "253-AdaptableToken.rt.hex": 0, "253-NokuMasterToken.rt.hex": 0, "254-SafeMath.rt.hex": 0, "254-Ownable.rt.hex": 0, "254-ERC20Basic.rt.hex": 0, "254-ERC20.rt.hex": 0, "254-BasicToken.rt.hex": 0, "254-StandardToken.rt.hex": 0, "254-MintableToken.rt.hex": 0, "254-OPUCoin.rt.hex": 0, "254-ColdStorage.rt.hex": 0, "254-Vesting.rt.hex": 0, "254-Allocation.rt.hex": 0, "255-SafeMath.rt.hex": 0, "255-IERC20.rt.hex": 0, "255-ERC20.rt.hex": 0, "255-Roles.rt.hex": 0, "255-MinterRole.rt.hex": 0, "255-ERC20Mintable.rt.hex": 0, "255-ERC20Burnable.rt.hex": 0, "255-TuneTradeToken.rt.hex": 0, "255-WhitelistAdminRole.rt.hex": 0, "255-WhitelistedRole.rt.hex": 0, "255-TeamRole.rt.hex": 0, "255-SafeERC20.rt.hex": 0, "255-SwapContract.rt.hex": 0, "256-Roles.rt.hex": 0, "256-IERC20.rt.hex": 0, "256-PauserRole.rt.hex": 0, "256-SafeMath.rt.hex": 0, "256-TaxLib.rt.hex": 0, "256-ERC20.rt.hex": 0, "256-Pausable.rt.hex": 0, "256-ERC20Pausable.rt.hex": 0, "256-ERC20Detailed.rt.hex": 0, "256-ERC20Burnable.rt.hex": 0, "256-Ownable.rt.hex": 0, "256-Taxable.rt.hex": 0, "256-BCHHandled.rt.hex": 0, "256-WibxToken.rt.hex": 0, "257-IERC20.rt.hex": 0, "257-SafeMath.rt.hex": 0, "257-ERC20.rt.hex": 0, "257-Roles.rt.hex": 0, "257-MinterRole.rt.hex": 0, "257-ERC20Mintable.rt.hex": 0, "257-ERC20Burnable.rt.hex": 0, "257-ERC20Detailed.rt.hex": 0, "257-PauserRole.rt.hex": 0, "257-Pausable.rt.hex": 0, "257-BlacklistAdminRole.rt.hex": 0, "257-BlacklistedRole.rt.hex": 0, "257-RingTokenPausable.rt.hex": 0, "257-RingCasinoCoin.rt.hex": 0, "258-SafeMath.rt.hex": 0, "258-Ownable.rt.hex": 0, "258-TokenInterface.rt.hex": 0, "258-KRCPreSaleContract.rt.hex": 0, "259-SafeMath.rt.hex": 0, "259-CareerOnToken.rt.hex": 1, "260-SafeMath.rt.hex": 0, "260-FomoFeast.rt.hex": 1, "261-Math.rt.hex": 0, "261-Ownable.rt.hex": 0, "261-SafeMath.rt.hex": 0, "261-Orderbook.rt.hex": 0, "261-RenExTokens.rt.hex": 0, "261-RenExBalances.rt.hex": 0, "261-SettlementUtils.rt.hex": 0, "261-RenExSettlement.rt.hex": 0, "262-Ownable.rt.hex": 0, "262-Pausable.rt.hex": 0, "262-Destructible.rt.hex": 0, "262-EDCoreInterface.rt.hex": 0, "262-DungeonRunBeta.rt.hex": 0, "263-Ownable.rt.hex": 0, "263-Administratable.rt.hex": 0, "263-IERC20.rt.hex": 0, "263-SafeMath.rt.hex": 0, "263-ERC20.rt.hex": 0, "263-ERC20Burnable.rt.hex": 0, "263-Roles.rt.hex": 0, "263-MinterRole.rt.hex": 0, "263-ERC20Mintable.rt.hex": 0, "263-Freezable.rt.hex": 0, "263-Cryptonium.rt.hex": 0, "263-Migrations.rt.hex": 0, "264-Ownable.rt.hex": 0, "264-BNDESRegistry.rt.hex": 0, "265-IERC20.rt.hex": 0, "265-SafeMath.rt.hex": 0, "265-SafeERC20.rt.hex": 0, "265-ERC20Detailed.rt.hex": 0, "265-ERC20.rt.hex": 0, "265-Roles.rt.hex": 0, "265-PauserRole.rt.hex": 0, "265-Pausable.rt.hex": 0, "265-ERC20Pausable.rt.hex": 0, "265-ERC20Burnable.rt.hex": 0, "265-MinterRole.rt.hex": 0, "265-ERC20Mintable.rt.hex": 0, "265-ERC20Capped.rt.hex": 0, "265-Ownable.rt.hex": 0, "265-SgmToken.rt.hex": 0, "266-SafeMath.rt.hex": 0, "266-DosAuction.rt.hex": 1, "267-Token.rt.hex": 0, "267-SafeMath.rt.hex": 0, "267-StandardToken.rt.hex": 0, "267-GRO.rt.hex": 0, "268-SafeMath.rt.hex": 0, "268-Ownable.rt.hex": 0, "268-TokenInterface.rt.hex": 0, "268-KRCICOContract.rt.hex": 0, "269-Dictionary.rt.hex": 0, "269-IERC20.rt.hex": 0, "269-SafeMath.rt.hex": 0, "269-ReverseRegistrar.rt.hex": 0, "269-Etherclear.rt.hex": 0, "270-SafeMath.rt.hex": 0, "270-Ownable.rt.hex": 0, "270-Pausable.rt.hex": 0, "270-ERC20Basic.rt.hex": 0, "270-BasicToken.rt.hex": 0, "270-ERC20.rt.hex": 0, "270-StandardToken.rt.hex": 0, "270-PausableToken.rt.hex": 0, "270-RefundVault.rt.hex": 0, "270-PallyCoin.rt.hex": 0, "270-Crowdsale.rt.hex": 0, "271-SafeMath.rt.hex": 0, "271-OwnerHelper.rt.hex": 0, "271-ERC20Interface.rt.hex": 0, "271-VantaToken.rt.hex": 0, "272-Ownable.rt.hex": 0, "272-Roles.rt.hex": 0, "272-RBAC.rt.hex": 0, "272-SafeMath.rt.hex": 0, "272-ERC20Basic.rt.hex": 0, "272-ERC20.rt.hex": 0, "272-BasicToken.rt.hex": 0, "272-StandardToken.rt.hex": 0, "272-Pausable.rt.hex": 0, "272-PausableToken.rt.hex": 0, "272-BlackListToken.rt.hex": 0, "272-TwoPhaseToken.rt.hex": 0, "272-UpgradedStandardToken.rt.hex": 0, "272-WitToken.rt.hex": 0, "273-Ownable.rt.hex": 0, "273-Pausable.rt.hex": 0, "273-Destructible.rt.hex": 0, "273-EDCoreInterface.rt.hex": 0, "273-DungeonRunBeta.rt.hex": 0, "274-IERC20.rt.hex": 0, "274-SafeMath.rt.hex": 0, "274-ERC20.rt.hex": 0, "274-ERC20Detailed.rt.hex": 0, "274-ERC20Burnable.rt.hex": 0, "274-Roles.rt.hex": 0, "274-MinterRole.rt.hex": 0, "274-ERC20Mintable.rt.hex": 0, "274-PauserRole.rt.hex": 0, "274-Pausable.rt.hex": 0, "274-Ownable.rt.hex": 0, "274-ERC20PartialLock.rt.hex": 0, "274-PUKAO.rt.hex": 0, "275-ERC20.rt.hex": 0, "275-IERC20.rt.hex": 0, "275-SafeMath.rt.hex": 0, "275-FomoFeast.rt.hex": 1, "276-SafeMath.rt.hex": 0, "276-Ownable.rt.hex": 0, "276-Helper.rt.hex": 0, "276-LNXtest.rt.hex": 0, "277-SafeMath.rt.hex": 0, "277-Ownable.rt.hex": 0, "277-Roles.rt.hex": 0, "277-MinterRole.rt.hex": 0, "277-ReentrancyGuard.rt.hex": 0, "277-CertificateControllerMock.rt.hex": 0, "277-CertificateController.rt.hex": 0, "277-IERC777TokensRecipient.rt.hex": 0, "277-IERC777TokensSender.rt.hex": 0, "277-IERC20.rt.hex": 0, "277-IERC1410.rt.hex": 0, "277-IERC777.rt.hex": 0, "277-IERC1400.rt.hex": 0, "277-ERC820Registry.rt.hex": 0, "277-ERC820Client.rt.hex": 0, "277-ERC777.rt.hex": 0, "277-ERC1410.rt.hex": 0, "277-ERC1400.rt.hex": 0, "277-ERC1400ERC20.rt.hex": 0, "278-BasicToken.rt.hex": 0, "278-ERC20Basic.rt.hex": 0, "278-SafeMath.rt.hex": 0, "278-IERC20.rt.hex": 0, "278-ERC20.rt.hex": 1, "278-ERC20Detailed.rt.hex": 1, "278-SimpleSwapCoin.rt.hex": 1, "279-BasicToken.rt.hex": 0, "279-ERC20Basic.rt.hex": 0, "279-SafeMath.rt.hex": 0, "279-FomoFeast.rt.hex": 1, "280-SafeMath.rt.hex": 0, "280-database.rt.hex": 0, "280-topl_database_lib.rt.hex": 0, "280-iconiq_data_pipe.rt.hex": 0, "281-ERC20.rt.hex": 0, "281-EIP20Interface.rt.hex": 0, "281-Ownable.rt.hex": 0, "281-Pausable.rt.hex": 0, "281-SafeMath.rt.hex": 0, "281-ERC20Interface.rt.hex": 1, "281-ApproveAndCallFallBack.rt.hex": 1, "281-Owned.rt.hex": 1, "281-ForTheBlockchain.rt.hex": 1, "282-IERC777.rt.hex": 0, "282-IERC777Recipient.rt.hex": 0, "282-IERC777Sender.rt.hex": 0, "282-IERC20.rt.hex": 0, "282-SafeMath.rt.hex": 0, "282-Address.rt.hex": 0, "282-IERC1820Registry.rt.hex": 0, "282-ERC777.rt.hex": 1, "282-Roles.rt.hex": 0, "282-MinterRole.rt.hex": 1, "282-PauserRole.rt.hex": 1, "282-Pausable.rt.hex": 1, "282-SKYBITToken.rt.hex": 1, "283-EventMetadata.rt.hex": 1, "283-Operated.rt.hex": 1, "283-MultiHashWrapper.rt.hex": 1, "283-iFactory.rt.hex": 0, "283-ProofHash.rt.hex": 1, "283-Template.rt.hex": 1, "283-Post.rt.hex": 1, "284-SafeMath.rt.hex": 0, "284-ERC20Interface.rt.hex": 1, "284-ApproveAndCallFallBack.rt.hex": 1, "284-Owned.rt.hex": 1, "284-ForTheBlockchain.rt.hex": 1, "285-SafeMath.rt.hex": 0, "285-FomoFeast.rt.hex": 1, "286-SafeMath.rt.hex": 0, "286-ERC721Interface.rt.hex": 0, "286-ERC20.rt.hex": 0, "286-Ownable.rt.hex": 0, "286-NewAuctionContract.rt.hex": 0, "286-ArconaMarketplaceContract.rt.hex": 0}