{"1-SafeMath.rt.hex": 0, "1-ERC20.rt.hex": 0, "1-ChessCoin.rt.hex": 0, "2-IERC20.rt.hex": 0, "2-Ownable.rt.hex": 0, "2-SafeMath.rt.hex": 0, "2-LifePasswordAI.rt.hex": 0, "3-SafeMath.rt.hex": 0, "3-ERC20Interface.rt.hex": 0, "3-ApproveAndCallFallBack.rt.hex": 0, "3-Owned.rt.hex": 0, "3-KarrarToken.rt.hex": 0, "4-SafeMath.rt.hex": 0, "4-IERC20.rt.hex": 0, "4-ERC20Detailed.rt.hex": 0, "4-ERC20.rt.hex": 0, "4-DcoinToken.rt.hex": 0, "5-SafeMath.rt.hex": 0, "5-ERC20Interface.rt.hex": 1, "5-ApproveAndCallFallBack.rt.hex": 1, "5-Owned.rt.hex": 1, "5-ForTheBlockchain.rt.hex": 1, "6-SafeMath.rt.hex": 0, "6-customToken.rt.hex": 0, "7-SafeMath.rt.hex": 0, "7-owned.rt.hex": 0, "7-HermesBlockTechToken.rt.hex": 0, "8-CareerOnToken.rt.hex": 1, "9-SafeMath.rt.hex": 0, "9-owned.rt.hex": 1, "9-tokenRecipient.rt.hex": 0, "9-TokenERC20.rt.hex": 1, "9-AZT.rt.hex": 1, "10-IERC20.rt.hex": 0, "10-SafeMath.rt.hex": 0, "10-ERC20Detailed.rt.hex": 1, "10-HYDROGEN.rt.hex": 1, "11-owned.rt.hex": 1, "11-tokenRecipient.rt.hex": 1, "11-Token.rt.hex": 1, "11-SafeMath.rt.hex": 0, "11-MindsyncPlatform.rt.hex": 1, "12-IERC20.rt.hex": 0, "12-PHO.rt.hex": 1, "13-SafeMath.rt.hex": 0, "13-ERC20Basic.rt.hex": 0, "13-BasicToken.rt.hex": 0, "13-ERC20.rt.hex": 0, "13-StandardToken.rt.hex": 0, "13-Ownable.rt.hex": 0, "13-MintableToken.rt.hex": 0, "13-CappedToken.rt.hex": 0, "13-BurnableToken.rt.hex": 0, "13-Pausable.rt.hex": 0, "13-PausableToken.rt.hex": 0, "13-SafeERC20.rt.hex": 0, "13-TokenTimelock.rt.hex": 0, "13-MaxToken.rt.hex": 0, "14-SafeMath.rt.hex": 0, "14-IERC20Token.rt.hex": 0, "14-ERC20Basic.rt.hex": 0, "14-Ownable.rt.hex": 0, "14-ERC20.rt.hex": 0, "14-BasicToken.rt.hex": 0, "14-StandardToken.rt.hex": 0, "14-Pausable.rt.hex": 0, "14-PausableToken.rt.hex": 0, "14-SKeys.rt.hex": 0, "15-DosNumber.rt.hex": 1, "16-SafeMath.rt.hex": 0, "16-ERC20Interface.rt.hex": 0, "16-ApproveAndCallFallBack.rt.hex": 0, "16-Owned.rt.hex": 0, "16-FixedSupplyToken.rt.hex": 0, "17-SafeMath.rt.hex": 0, "17-Token.rt.hex": 0, "17-AbstractToken.rt.hex": 0, "17-BIT.rt.hex": 0, "18-SafeMath.rt.hex": 0, "18-ERC20TokenInterface.rt.hex": 1, "18-ERC20Token.rt.hex": 1, "18-AsseteGram.rt.hex": 1, "19-Government.rt.hex": 1, "20-Owned.rt.hex": 1, "20-SafeMath.rt.hex": 0, "20-Token.rt.hex": 1, "20-Staking.rt.hex": 1, "21-IERC20.rt.hex": 0, "21-SafeMath.rt.hex": 0, "21-ERC20.rt.hex": 0, "21-ERC20Detailed.rt.hex": 0, "21-Roles.rt.hex": 0, "21-MinterRole.rt.hex": 0, "21-ERC20Mintable.rt.hex": 0, "21-ERC20Burnable.rt.hex": 0, "21-FamToken.rt.hex": 0, "22-TAMCContract.rt.hex": 1, "23-Math.rt.hex": 0, "23-SafeMath.rt.hex": 0, "23-ERC20Basic.rt.hex": 0, "23-ERC20.rt.hex": 0, "23-BasicToken.rt.hex": 0, "23-StandardToken.rt.hex": 0, "23-Ownable.rt.hex": 0, "23-DAY.rt.hex": 0, "24-SafeMath.rt.hex": 0, "24-ERC20.rt.hex": 0, "24-BitcoinIchip.rt.hex": 0, "25-ERC20Basic.rt.hex": 0, "25-ERC20.rt.hex": 0, "25-SafeMath.rt.hex": 0, "25-BasicToken.rt.hex": 0, "25-StandardToken.rt.hex": 0, "25-Ownable.rt.hex": 0, "25-Pausable.rt.hex": 0, "25-PausableToken.rt.hex": 0, "25-Uptrennd.rt.hex": 0, "26-SafeMath.rt.hex": 0, "26-ERC20Interface.rt.hex": 0, "26-ApproveAndCallFallBack.rt.hex": 0, "26-Owned.rt.hex": 0, "26-FixedSupplyToken.rt.hex": 0, "27-Migrations.rt.hex": 0, "28-Ownable.rt.hex": 0, "28-Controller.rt.hex": 0, "28-MinterManagementInterface.rt.hex": 0, "28-SafeMath.rt.hex": 0, "28-MintController.rt.hex": 0, "28-MasterMinter.rt.hex": 0, "29-Ownable.rt.hex": 0, "29-InvestorWhiteList.rt.hex": 0, "30-SafeMath.rt.hex": 0, "30-owned.rt.hex": 1, "30-ERC20Essential.rt.hex": 0, "30-BitpayerDEX.rt.hex": 1, "31-SafeMath.rt.hex": 0, "31-IERC20.rt.hex": 0, "31-AddressRegistry.rt.hex": 0, "31-MakerCDP.rt.hex": 0, "31-PriceInterface.rt.hex": 0, "31-WETHFace.rt.hex": 0, "31-InstaKyber.rt.hex": 0, "31-Registry.rt.hex": 0, "31-GlobalVar.rt.hex": 0, "31-IssueLoan.rt.hex": 0, "31-RepayLoan.rt.hex": 0, "31-BorrowTasks.rt.hex": 0, "31-InstaMaker.rt.hex": 0, "32-SafeMath.rt.hex": 0, "32-ERC20TokenInterface.rt.hex": 0, "32-admined.rt.hex": 0, "32-ERC20Token.rt.hex": 0, "32-AssetAUIN.rt.hex": 0, "33-Ownable.rt.hex": 1, "33-AccountWallet.rt.hex": 1, "34-DosGas.rt.hex": 1, "35-SafeMath.rt.hex": 0, "35-IERC20.rt.hex": 0, "35-ERC20.rt.hex": 1, "35-ERC20Detailed.rt.hex": 1, "35-SaveWon.rt.hex": 1, "36-LibBytes.rt.hex": 0, "36-ReentrancyGuard.rt.hex": 0, "36-SafeMath.rt.hex": 0, "36-LibConstants.rt.hex": 0, "36-LibEIP712.rt.hex": 0, "36-LibFillResults.rt.hex": 0, "36-LibMath.rt.hex": 0, "36-LibOrder.rt.hex": 0, "36-LibAbiEncoder.rt.hex": 0, "36-IOwnable.rt.hex": 0, "36-IAuthorizable.rt.hex": 0, "36-IAssetProxy.rt.hex": 0, "36-IValidator.rt.hex": 0, "36-IWallet.rt.hex": 0, "36-IExchangeCore.rt.hex": 0, "36-IAssetProxyDispatcher.rt.hex": 0, "36-IMatchOrders.rt.hex": 0, "36-ISignatureValidator.rt.hex": 0, "36-ITransactions.rt.hex": 0, "36-IWrapperFunctions.rt.hex": 0, "36-IExchange.rt.hex": 0, "36-MExchangeCore.rt.hex": 0, "36-MAssetProxyDispatcher.rt.hex": 0, "36-MMatchOrders.rt.hex": 0, "36-MSignatureValidator.rt.hex": 0, "36-MTransactions.rt.hex": 0, "36-MWrapperFunctions.rt.hex": 0, "36-Ownable.rt.hex": 0, "36-MixinExchangeCore.rt.hex": 0, "36-MixinSignatureValidator.rt.hex": 0, "36-MixinWrapperFunctions.rt.hex": 0, "36-MixinTransactions.rt.hex": 0, "36-MixinAssetProxyDispatcher.rt.hex": 0, "36-MixinMatchOrders.rt.hex": 0, "36-Exchange.rt.hex": 0, "37-tokenRecipient.rt.hex": 0, "37-MD.rt.hex": 1, "38-SafeMath.rt.hex": 0, "38-owned.rt.hex": 1, "38-ethBank.rt.hex": 1, "39-SafeMath.rt.hex": 0, "39-ERC20Interface.rt.hex": 1, "39-Owned.rt.hex": 1, "39-ExclusivePlatform.rt.hex": 1, "40-IERC20.rt.hex": 0, "40-SafeMath.rt.hex": 0, "40-ERC20Detailed.rt.hex": 1, "40-BIGBOMBv2.rt.hex": 1, "41-IERC20.rt.hex": 0, "41-Ownable.rt.hex": 0, "41-SafeMath.rt.hex": 0, "41-EntityBusinessEcology.rt.hex": 0, "42-WhiteBetting.rt.hex": 1, "43-SafeMath.rt.hex": 0, "43-ExtendedMath.rt.hex": 0, "43-ERC20Interface.rt.hex": 1, "43-ApproveAndCallFallBack.rt.hex": 1, "43-Owned.rt.hex": 1, "43-_Yesbuzz.rt.hex": 1, "44-Refunder.rt.hex": 1, "45-owned.rt.hex": 0, "45-tokenRecipient.rt.hex": 0, "45-token.rt.hex": 0, "45-MyAdvancedToken.rt.hex": 0, "46-Token.rt.hex": 1, "46-SafeMath.rt.hex": 0, "46-StableDEX.rt.hex": 1, "47-SafeMath.rt.hex": 0, "47-IAccessToken.rt.hex": 0, "47-IRegistry.rt.hex": 0, "47-FeeManager.rt.hex": 0, "48-Owned.rt.hex": 1, "48-SafeMath.rt.hex": 0, "48-Token.rt.hex": 1, "48-Staking.rt.hex": 1, "49-EventMetadata.rt.hex": 1, "49-Operated.rt.hex": 1, "49-MultiHashWrapper.rt.hex": 1, "49-iFactory.rt.hex": 0, "49-ProofHash.rt.hex": 1, "49-Template.rt.hex": 1, "49-Post.rt.hex": 1, "50-SafeMath.rt.hex": 0, "50-ERC20.rt.hex": 0, "50-SEBSkandinaviskaEnskildaBanken.rt.hex": 0, "51-Owned.rt.hex": 0, "51-Bank.rt.hex": 0, "52-IERC20.rt.hex": 0, "52-SafeMath.rt.hex": 0, "52-ERC20.rt.hex": 1, "52-ERC20Burnable.rt.hex": 1, "52-ERC20Detailed.rt.hex": 1, "52-AGR.rt.hex": 1, "53-IERC777.rt.hex": 0, "53-IERC777Recipient.rt.hex": 0, "53-IERC777Sender.rt.hex": 0, "53-IERC20.rt.hex": 0, "53-SafeMath.rt.hex": 0, "53-Address.rt.hex": 0, "53-IERC1820Registry.rt.hex": 0, "53-ERC777.rt.hex": 1, "53-Roles.rt.hex": 0, "53-MinterRole.rt.hex": 1, "53-PauserRole.rt.hex": 1, "53-Pausable.rt.hex": 1, "53-SKYBITToken.rt.hex": 1, "54-Ownable.rt.hex": 1, "54-ChannelWallet.rt.hex": 1, "55-Ownable.rt.hex": 0, "55-SafeMath.rt.hex": 0, "55-Storage.rt.hex": 0, "56-TAMC.rt.hex": 1, "57-ERC20.rt.hex": 0, "57-SafeMath.rt.hex": 0, "57-BCWToken.rt.hex": 0, "58-owned.rt.hex": 1, "58-tokenRecipient.rt.hex": 1, "58-Token.rt.hex": 1, "58-SafeMath.rt.hex": 0, "58-MindsyncPlatform.rt.hex": 1, "59-IERC20.rt.hex": 0, "59-Marmo.rt.hex": 0, "59-ECDSA.rt.hex": 0, "59-Ownable.rt.hex": 1, "59-ReentrancyGuard.rt.hex": 1, "59-FeeTransactionManager.rt.hex": 1, "60-IERC20.rt.hex": 0, "60-SafeMath.rt.hex": 0, "60-ERC20Detailed.rt.hex": 0, "60-ERC20.rt.hex": 0, "60-CryptoMarketAdsToken.rt.hex": 0, "61-IERC20.rt.hex": 0, "61-SafeMath.rt.hex": 0, "61-Ownable.rt.hex": 1, "61-ERC20Detailed.rt.hex": 1, "61-DanPanCoin.rt.hex": 1, "62-ERC20Interface.rt.hex": 1, "62-AcunarToken.rt.hex": 1, "62-AcunarIEO.rt.hex": 1, "63-SafeMath.rt.hex": 0, "63-ERC20Interface.rt.hex": 0, "63-ApproveAndCallFallBack.rt.hex": 0, "63-Owned.rt.hex": 0, "63-DONpia.rt.hex": 0, "64-DappRadar.rt.hex": 0, "65-SafeMath.rt.hex": 0, "65-ERC20.rt.hex": 0, "65-ReserveToken.rt.hex": 0, "65-EtherDelta.rt.hex": 0, "66-StockBet.rt.hex": 1, "67-digitalNotary.rt.hex": 1, "68-SafeMath.rt.hex": 0, "68-Ownable.rt.hex": 0, "68-IgfContract.rt.hex": 0, "69-TadamWhitelistPublicSale.rt.hex": 0, "70-SafeMath.rt.hex": 0, "70-Ownable.rt.hex": 0, "70-Helper.rt.hex": 0, "70-LNX.rt.hex": 0, "71-SafeMath.rt.hex": 0, "71-Ownable.rt.hex": 0, "71-Pausable.rt.hex": 0, "71-IERC20.rt.hex": 0, "71-ERC20.rt.hex": 0, "71-ERC20Pausable.rt.hex": 0, "71-BetMatchToken.rt.hex": 0, "72-PreSale.rt.hex": 0, "73-ERC20Interface.rt.hex": 1, "73-IERC20Interface.rt.hex": 1, "73-RaffleToken.rt.hex": 0, "73-SafeMath.rt.hex": 0, "73-RaffleTokenExchange.rt.hex": 1, "74-DosAuction.rt.hex": 1, "75-SafeMath.rt.hex": 0, "75-FomoFeast.rt.hex": 1, "76-Ownable.rt.hex": 1, "76-SafeMath.rt.hex": 0, "76-LollypopToken.rt.hex": 1, "77-SafeMath.rt.hex": 0, "77-ERC20.rt.hex": 0, "77-StandardToken.rt.hex": 0, "77-CryptoRoboticsToken.rt.hex": 0, "78-DosOneFunc.rt.hex": 1, "79-Ownable.rt.hex": 0, "79-Delegate.rt.hex": 0, "79-ImTokenCardBack.rt.hex": 0, "80-SafeMath.rt.hex": 0, "80-ERC20Basic.rt.hex": 0, "80-BasicToken.rt.hex": 0, "80-BurnableToken.rt.hex": 0, "80-Ownable.rt.hex": 0, "80-ERC20.rt.hex": 0, "80-StandardToken.rt.hex": 0, "80-MintableToken.rt.hex": 0, "80-TraceToToken.rt.hex": 0, "81-SafeMath.rt.hex": 0, "81-IERC20.rt.hex": 0, "81-ERC20.rt.hex": 1, "81-ERC20Detailed.rt.hex": 1, "81-SimpleSwapCoin.rt.hex": 1, "82-Math.rt.hex": 0, "82-SafeMath.rt.hex": 0, "82-Ownable.rt.hex": 0, "82-AccessControlledBase.rt.hex": 0, "82-StaticAccessControlled.rt.hex": 0, "82-GeneralERC20.rt.hex": 0, "82-TokenInteract.rt.hex": 0, "82-TokenProxy.rt.hex": 0, "83-IERC20.rt.hex": 0, "83-SafeMath.rt.hex": 0, "83-ERC20.rt.hex": 0, "83-IPChainToken.rt.hex": 0, "84-IERC20.rt.hex": 0, "84-SafeMath.rt.hex": 0, "84-REDiToken.rt.hex": 0, "85-SafeMath.rt.hex": 0, "85-ERC20Interface.rt.hex": 1, "85-ApproveAndCallFallBack.rt.hex": 1, "85-Owned.rt.hex": 1, "85-QurasToken.rt.hex": 1, "86-SafeMath.rt.hex": 0, "86-IERC20.rt.hex": 0, "86-ERC20.rt.hex": 0, "86-ERC20Detailed.rt.hex": 0, "86-GEC.rt.hex": 0, "87-Ownable.rt.hex": 1, "87-Stoppable.rt.hex": 1, "87-RampInstantPoolInterface.rt.hex": 0, "87-RampInstantEscrowsPoolInterface.rt.hex": 1, "87-RampInstantPool.rt.hex": 1, "87-RampInstantEthPool.rt.hex": 1, "88-SafeMath.rt.hex": 0, "88-DroneToken.rt.hex": 0, "89-CareerOnToken.rt.hex": 1, "90-AddressRegistry.rt.hex": 0, "91-EventMetadata.rt.hex": 1, "91-Operated.rt.hex": 1, "91-ProofHashes.rt.hex": 1, "91-MultiHashWrapper.rt.hex": 1, "91-iFactory.rt.hex": 0, "91-Template.rt.hex": 1, "91-Feed.rt.hex": 1, "92-SafeMath.rt.hex": 0, "92-IERC20.rt.hex": 0, "92-UBBCToken.rt.hex": 1}