{"1-ERC20Basic.bin": 0, "1-SafeMath.bin": 0, "1-BasicToken.bin": 0, "1-ERC20.bin": 0, "1-StandardToken.bin": 0, "1-Ownable.bin": 0, "1-Pausable.bin": 0, "1-PausableToken.bin": 0, "1-IRegistry.bin": 0, "1-IBrickblockToken.bin": 0, "1-AccessToken.bin": 0, "2-Token.bin": 0, "2-SafeMath.bin": 0, "2-StandardToken.bin": 0, "2-GRO.bin": 0, "3-Reentrance.bin": 1, "4-SafeMath.bin": 0, "4-IERC20.bin": 0, "4-ERC20.bin": 1, "4-ERC20Detailed.bin": 1, "4-SaveWon.bin": 1, "5-Token.bin": 0, "5-AbstractToken.bin": 0, "5-SafeMath.bin": 0, "5-tokenRecipient.bin": 0, "5-MD.bin": 1, "6-GoTDragonFarm.bin": 0, "6-EtherBank.bin": 1, "7-SafeMath.bin": 0, "7-SimpleDAO.bin": 1, "8-LibBytes.bin": 0, "8-ReentrancyGuard.bin": 0, "8-SafeMath.bin": 0, "8-LibConstants.bin": 0, "8-LibEIP712.bin": 0, "8-LibFillResults.bin": 0, "8-LibMath.bin": 0, "8-LibOrder.bin": 0, "8-LibAbiEncoder.bin": 0, "8-IOwnable.bin": 0, "8-IAuthorizable.bin": 0, "8-IAssetProxy.bin": 0, "8-IValidator.bin": 0, "8-IWallet.bin": 0, "8-IExchangeCore.bin": 0, "8-IAssetProxyDispatcher.bin": 0, "8-IMatchOrders.bin": 0, "8-ISignatureValidator.bin": 0, "8-ITransactions.bin": 0, "8-IWrapperFunctions.bin": 0, "8-IExchange.bin": 0, "8-MExchangeCore.bin": 0, "8-MAssetProxyDispatcher.bin": 0, "8-MMatchOrders.bin": 0, "8-MSignatureValidator.bin": 0, "8-MTransactions.bin": 0, "8-MWrapperFunctions.bin": 0, "8-Ownable.bin": 0, "8-MixinExchangeCore.bin": 0, "8-MixinSignatureValidator.bin": 0, "8-MixinWrapperFunctions.bin": 0, "8-MixinTransactions.bin": 0, "8-MixinAssetProxyDispatcher.bin": 0, "8-MixinMatchOrders.bin": 0, "8-Exchange.bin": 0, "9-SafeMath.bin": 0, "9-Ownable.bin": 0, "9-Helper.bin": 0, "9-LINIX.bin": 0, "10-SafeMath.bin": 0, "10-ItemsInterfaceForEternalStorage.bin": 0, "10-EternalStorage.bin": 0, "11-IERC20.bin": 0, "11-Roles.bin": 0, "11-MinterRole.bin": 0, "11-ERC20.bin": 0, "11-ERC20Mintable.bin": 0, "11-ERC20Capped.bin": 0, "11-SafeMath.bin": 0, "11-PauserRole.bin": 0, "11-Pausable.bin": 0, "11-ERC20Pausable.bin": 0, "11-ERC20Burnable.bin": 0, "11-ERC20Detailed.bin": 0, "11-MTB19.bin": 0, "12-HERC20.bin": 0, "12-SafeMath.bin": 0, "12-ERC20.bin": 0, "12-Ownable.bin": 0, "12-Pausable.bin": 0, "12-Blacklistable.bin": 0, "12-LakesCash.bin": 0, "13-FixedSupplyBurnableToken.bin": 0, "13-ERC20Interface.bin": 0, "13-Owned.bin": 0, "13-IERC20.bin": 0, "13-SafeMath.bin": 0, "13-Ownable.bin": 1, "13-ERC20Detailed.bin": 1, "13-DanPanCoin.bin": 1, "14-EscrowWallet.bin": 0, "14-Reentrance.bin": 1, "15-ETH_VAULT.bin": 1, "15-Log.bin": 0, "16-SafeMath.bin": 0, "16-IERC20.bin": 0, "16-ERC20Pistachio.bin": 0, "16-ERC20Burnable.bin": 0, "16-Roles.bin": 0, "16-MinterRole.bin": 0, "16-ERC20Mintable.bin": 0, "16-PauserRole.bin": 0, "16-Pausable.bin": 0, "16-ERC20Chocolate.bin": 0, "17-StockBet.bin": 1, "18-IERC20.bin": 0, "18-SafeMath.bin": 0, "18-ERC20Detailed.bin": 1, "18-BIGBOMBv2.bin": 1, "19-Owned.bin": 1, "19-SafeMath.bin": 0, "19-Token.bin": 1, "19-Staking.bin": 1, "20-SafeMath.bin": 0, "20-ERC20Basic.bin": 0, "20-BasicToken.bin": 0, "20-ERC20.bin": 0, "20-StandardToken.bin": 0, "20-SafeERC20.bin": 0, "20-Owned.bin": 0, "20-TokenVesting.bin": 0, "20-TokenVault.bin": 0, "20-BurnableToken.bin": 0, "20-JEC_Token.bin": 0, "21-SafeMath.bin": 0, "21-owned.bin": 1, "21-ethBank.bin": 1, "22-Ownable.bin": 1, "22-SafeMath.bin": 0, "22-LollypopToken.bin": 1, "23-Ownable.bin": 0, "23-Claimable.bin": 0, "23-ERC20Basic.bin": 0, "23-ERC20.bin": 0, "23-SafeERC20.bin": 0, "23-CanReclaimToken.bin": 0, "23-OwnableContract.bin": 0, "23-ControllerInterface.bin": 0, "23-Factory.bin": 0, "24-SafeMath.bin": 0, "24-IERC20.bin": 0, "24-UBBCToken.bin": 1, "25-ERC20.bin": 0, "25-IERC20.bin": 0, "25-CareerOnToken.bin": 1, "26-SafeMath.bin": 0, "26-ERC20Basic.bin": 0, "26-BasicToken.bin": 0, "26-ERC20.bin": 0, "26-StandardToken.bin": 0, "26-SafeERC20.bin": 0, "26-Owned.bin": 0, "26-TokenVesting.bin": 0, "26-TokenVault.bin": 0, "26-BurnableToken.bin": 0, "26-BKC_Token.bin": 0, "27-ERC20Interface.bin": 1, "27-AcunarToken.bin": 1, "27-AcunarIEO.bin": 1, "28-tokenRecipient.bin": 0, "28-MD.bin": 1, "29-Owned.bin": 1, "29-SafeMath.bin": 0, "29-Token.bin": 1, "29-Staking.bin": 1, "30-SafeMath.bin": 0, "30-ERC20Basic.bin": 0, "30-BasicToken.bin": 0, "30-BurnableToken.bin": 0, "30-ERC20.bin": 0, "30-StandardToken.bin": 0, "30-Ownable.bin": 0, "30-Pausable.bin": 0, "30-PausableToken.bin": 0, "30-MintableAndPausableToken.bin": 0, "30-TokenUpgrader.bin": 0, "30-UpgradeableToken.bin": 0, "30-Token.bin": 0, "31-IERC20.bin": 0, "31-ERC20.bin": 0, "31-CareerOnToken.bin": 1, "32-SafeMath.bin": 0, "32-IERC20.bin": 0, "32-PHO.bin": 1, "33-IERC20.bin": 0, "33-ERC20.bin": 0, "33-CareerOnToken.bin": 1, "34-Roles.bin": 0, "34-PauserRole.bin": 0, "34-IERC20.bin": 0, "34-ERC20Detailed.bin": 0, "34-SafeMath.bin": 0, "34-ERC20.bin": 0, "34-Pausable.bin": 0, "34-ERC20Pausable.bin": 0, "34-DeepCloud.bin": 0, "35-SafeMath.bin": 0, "35-IERC20.bin": 0, "35-ERC20Detailed.bin": 0, "35-ERC20.bin": 0, "35-Roles.bin": 0, "35-PauserRole.bin": 0, "35-Pausable.bin": 0, "35-ERC20Pausable.bin": 0, "35-MinterRole.bin": 0, "35-ERC20Mintable.bin": 0, "35-Ownable.bin": 0, "35-IWhitelist.bin": 0, "35-BurnerRole.bin": 0, "35-ERC20Burnable.bin": 0, "35-ERC20Whitelistable.bin": 0, "35-CanReclaimEther.bin": 0, "35-SafeERC20.bin": 0, "35-CanReclaimToken.bin": 0, "35-LeveragedToken.bin": 0, "36-SafeMath.bin": 0, "36-ERC20Basic.bin": 0, "36-ERC20.bin": 0, "36-BasicToken.bin": 0, "36-BurnableToken.bin": 0, "36-StandardToken.bin": 0, "36-Ownable.bin": 0, "36-Pausable.bin": 0, "36-PausableToken.bin": 0, "36-DistributableAndPausableToken.bin": 0, "36-TokenUpgrader.bin": 0, "36-UpgradeableToken.bin": 0, "36-Token.bin": 0, "37-Ownable.bin": 0, "37-IERC20.bin": 0, "37-ERC20Detailed.bin": 0, "37-SafeMath.bin": 0, "37-ERC20.bin": 0, "37-Roles.bin": 0, "37-MinterRole.bin": 0, "37-ERC20Mintable.bin": 0, "37-ERC20Burnable.bin": 0, "37-Loche.bin": 0, "38-StandardToken.bin": 0, "38-BasicToken.bin": 0, "38-ERC20.bin": 0, "38-ERC20Basic.bin": 0, "38-EventMetadata.bin": 1, "38-Operated.bin": 1, "38-ProofHashes.bin": 1, "38-MultiHashWrapper.bin": 1, "38-iFactory.bin": 0, "38-Template.bin": 1, "38-Feed.bin": 1, "39-SafeMath.bin": 0, "39-Reentrancy_insecure.bin": 1, "40-DEP_BANK.bin": 1, "40-LogFile.bin": 0, "41-W_WALLET.bin": 1, "41-Log.bin": 0, "42-SafeMath.bin": 0, "42-owned.bin": 0, "42-tokenRecipient.bin": 0, "42-ParsecTokenERC20.bin": 0, "42-ParsecPresale.bin": 0, "43-ERC20.bin": 0, "43-IERC20.bin": 0, "43-SafeMath.bin": 0, "43-FomoFeast.bin": 1, "44-Lockable.bin": 0, "44-SafeMath.bin": 0, "44-FomoFeast.bin": 1, "45-SafeMath.bin": 0, "45-ERC20TokenInterface.bin": 1, "45-ERC20Token.bin": 1, "45-AsseteGram.bin": 1, "46-Ownable.bin": 0, "46-Pausable.bin": 0, "46-SafeMath.bin": 0, "46-ERC20Basic.bin": 0, "46-BasicToken.bin": 0, "46-ERC20.bin": 0, "46-StandardToken.bin": 0, "46-PausableToken.bin": 0, "46-BrickblockToken.bin": 0, "47-ECRecovery.bin": 0, "47-SafeMath.bin": 0, "47-Roles.bin": 0, "47-IERC20.bin": 0, "47-ERC20.bin": 0, "47-Ownable.bin": 0, "47-MinterRole.bin": 0, "47-Mintable.bin": 0, "47-Pausable.bin": 0, "47-Burnable.bin": 0, "47-Lockable.bin": 0, "47-DelegatorRole.bin": 0, "47-Delegatable.bin": 0, "47-TrancheToken.bin": 0, "48-IERC20.bin": 0, "48-ERC20Detailed.bin": 0, "48-SafeMath.bin": 0, "48-ERC20Interface.bin": 1, "48-ApproveAndCallFallBack.bin": 1, "48-Owned.bin": 1, "48-ForTheBlockchain.bin": 1, "49-PENNY_BY_PENNY.bin": 1, "49-LogFile.bin": 0, "50-EtherCartel.bin": 0, "50-EtherBank.bin": 1, "51-Ownable.bin": 0, "51-SafeMath.bin": 0, "51-CommunityVesting.bin": 0, "51-EcosystemVesting.bin": 0, "51-SeedPrivateAdvisorVesting.bin": 0, "51-TeamVesting.bin": 0, "51-TokenInterface.bin": 0, "51-Vesting.bin": 0, "52-SafeMath.bin": 0, "52-OwnerHelper.bin": 0, "52-ERC20Interface.bin": 0, "52-LINIXToken.bin": 0, "53-digitalNotary.bin": 1, "54-PingContract.bin": 0, "54-Token.bin": 0, "54-ECTools.bin": 0, "54-StandardToken.bin": 0, "54-HumanStandardToken.bin": 0, "54-LedgerChannel.bin": 1, "55-SafeMath.bin": 0, "55-Roles.bin": 0, "55-CapperRole.bin": 0, "55-PauserRole.bin": 0, "55-Pausable.bin": 0, "55-MinterRole.bin": 0, "55-IERC20.bin": 0, "55-ERC20.bin": 0, "55-ERC20Mintable.bin": 0, "55-ERC20Burnable.bin": 0, "55-ERC20Capped.bin": 0, "55-ERC20Pausable.bin": 0, "55-Ownable.bin": 0, "55-BlueseedsToken.bin": 0, "56-SafeMath.bin": 0, "56-Reentrance.bin": 1, "57-SafeMath.bin": 0, "57-ItemsInterfaceForEternalStorage.bin": 0, "57-EternalStorage.bin": 0, "58-SafeMath.bin": 0, "58-Reentrancy_insecure.bin": 1, "59-Ownable.bin": 0, "59-Pausable.bin": 0, "59-Destructible.bin": 0, "59-EDCoreInterface.bin": 0, "59-DungeonRunCore.bin": 0, "60-SafeMath.bin": 0, "60-IERC20.bin": 0, "60-UBBCToken.bin": 1, "61-AbstractToken.bin": 0, "61-SafeMath.bin": 0, "61-MCCIT.bin": 0, "61-Token.bin": 0, "61-EventMetadata.bin": 1, "61-Operated.bin": 1, "61-ProofHashes.bin": 1, "61-MultiHashWrapper.bin": 1, "61-iFactory.bin": 0, "61-Template.bin": 1, "61-Feed.bin": 1, "62-Reentrancy_bonus.bin": 1, "63-SafeMath.bin": 0, "63-ERC20Basic.bin": 0, "63-ERC20.bin": 0, "63-BasicToken.bin": 0, "63-StandardToken.bin": 0, "63-BBIToken.bin": 0, "64-Owned.bin": 0, "64-RadToken.bin": 0, "64-ERC20Interface.bin": 0, "64-IERC20.bin": 0, "64-SafeMath.bin": 0, "64-ERC20Detailed.bin": 1, "64-HYDROGEN.bin": 1, "65-SafeMath.bin": 0, "65-owned.bin": 1, "65-ERC20Essential.bin": 0, "65-BitpayerDEX.bin": 1, "66-SafeMath.bin": 0, "66-owned.bin": 0, "66-tokenRecipient.bin": 0, "66-ParsecTokenERC20.bin": 0, "66-ParsecCrowdsale.bin": 0, "67-ERC20.bin": 0, "67-IERC20.bin": 0, "67-SafeMath.bin": 0, "67-ERC20Interface.bin": 1, "67-ApproveAndCallFallBack.bin": 1, "67-Owned.bin": 1, "67-ForTheBlockchain.bin": 1, "68-PrivateBank.bin": 1, "68-Log.bin": 0, "69-SafeMath.bin": 0, "69-OwnerHelper.bin": 0, "69-ERC20Interface.bin": 0, "69-LINIXToken.bin": 0, "70-IERC20.bin": 0, "70-PHO.bin": 1, "71-Ownable.bin": 0, "71-Pausable.bin": 0, "71-Destructible.bin": 0, "71-EDCoreInterface.bin": 0, "71-DungeonRunBeta.bin": 0, "72-AbstractToken.bin": 0, "72-Token.bin": 0, "72-SafeMath.bin": 0, "72-IERC20.bin": 0, "72-PHO.bin": 1, "73-Ownable.bin": 0, "73-ERC20.bin": 0, "73-WithToken.bin": 0, "73-SSPTypeAware.bin": 0, "73-SSPRegistry.bin": 0, "73-PublisherRegistry.bin": 0, "73-DSPTypeAware.bin": 0, "73-DSPRegistry.bin": 0, "73-DepositRegistry.bin": 0, "73-AuditorRegistry.bin": 0, "73-DepositAware.bin": 0, "73-SecurityDepositAware.bin": 0, "73-AuditorRegistrar.bin": 0, "73-DSPRegistrar.bin": 0, "73-PublisherRegistrar.bin": 0, "73-SSPRegistrar.bin": 0, "73-ChannelApi.bin": 0, "73-RegistryProvider.bin": 0, "73-StateChannelListener.bin": 0, "73-PapyrusDAO.bin": 0, "74-SafeMath.bin": 0, "74-ERC20Interface.bin": 1, "74-ApproveAndCallFallBack.bin": 1, "74-Owned.bin": 1, "74-ForTheBlockchain.bin": 1, "75-SafeMath.bin": 0, "75-Ownable.bin": 0, "75-PausableOnce.bin": 0, "75-ERC20Basic.bin": 0, "75-BasicToken.bin": 0, "75-ERC20.bin": 0, "75-StandardToken.bin": 0, "75-InterfaceUpgradeAgent.bin": 0, "75-UpgradableToken.bin": 0, "75-Withdrawable.bin": 0, "75-CtdToken.bin": 0, "76-IERC20.bin": 0, "76-SafeMath.bin": 0, "76-ERC20.bin": 0, "76-GrowToken.bin": 0, "77-Ownable.bin": 0, "77-Roles.bin": 0, "77-PauserRole.bin": 0, "77-Pausable.bin": 0, "77-COORole.bin": 0, "77-ReentrancyGuard.bin": 0, "77-SafeMath.bin": 0, "77-KittyBountiesAdmin.bin": 0, "77-KittyCore.bin": 0, "77-KittyBounties.bin": 0, "78-Ownable.bin": 0, "78-SketchMarket.bin": 0, "79-Token.bin": 0, "79-SafeMath.bin": 0, "79-StandardToken.bin": 0, "79-GRO.bin": 0, "80-SafeMath.bin": 0, "80-FomoFeast.bin": 1, "81-SafeMath.bin": 0, "81-Ownable.bin": 0, "81-IErc20.bin": 0, "81-Monetary.bin": 0, "81-IPriceOracle.bin": 0, "81-Require.bin": 0, "81-Math.bin": 0, "81-Time.bin": 0, "81-IMakerOracle.bin": 0, "81-IOasisDex.bin": 0, "81-DaiPriceOracle.bin": 0, "82-SafeMath.bin": 0, "82-ERC20Interface.bin": 1, "82-ApproveAndCallFallBack.bin": 1, "82-Owned.bin": 1, "82-ForTheBlockchain.bin": 1, "83-SafeMath.bin": 0, "83-owned.bin": 1, "83-ethBank.bin": 1, "84-Ownable.bin": 0, "84-IERC20.bin": 0, "84-PHO.bin": 1, "85-SafeMath.bin": 0, "85-ModifierEntrancy.bin": 1, "85-Bank.bin": 0, "85-attack.bin": 0, "86-KOURA.bin": 0, "86-ERC20Interface.bin": 0, "86-Owned.bin": 0, "86-IERC20.bin": 0, "86-SafeMath.bin": 0, "86-Ownable.bin": 1, "86-ERC20Detailed.bin": 1, "86-DanPanCoin.bin": 1, "87-SafeMath.bin": 0, "87-ContractReceiver.bin": 0, "87-PetToken.bin": 0, "88-IERC20.bin": 0, "88-ERC20.bin": 0, "88-EventMetadata.bin": 1, "88-Operated.bin": 1, "88-ProofHashes.bin": 1, "88-MultiHashWrapper.bin": 1, "88-iFactory.bin": 0, "88-Template.bin": 1, "88-Feed.bin": 1, "89-SafeMath.bin": 0, "89-ERC721Interface.bin": 0, "89-ERC20.bin": 0, "89-Ownable.bin": 0, "89-NewAuctionContract.bin": 0, "89-AuctionContract.bin": 0, "90-SafeMath.bin": 0, "90-IERC20.bin": 0, "90-Ownable.bin": 1, "90-ERC20Detailed.bin": 1, "90-DanPanCoin.bin": 1, "91-U_BANK.bin": 1, "91-Log.bin": 0, "92-SafeMath.bin": 0, "92-Ownable.bin": 0, "92-ERC20Basic.bin": 0, "92-ERC20.bin": 0, "92-DetailedERC20.bin": 0, "92-BasicToken.bin": 0, "92-StandardToken.bin": 0, "92-UnlimitedAllowanceToken.bin": 0, "92-BZRxToken.bin": 0, "92-BZRxTransferProxy.bin": 0, "93-IERC20.bin": 0, "93-PauserRole.bin": 0, "93-Roles.bin": 0, "93-SafeMath.bin": 0, "93-ERC20.bin": 0, "93-MinterRole.bin": 0, "93-ERC20Mintable.bin": 0, "93-ERC20Burnable.bin": 0, "93-Pausable.bin": 0, "93-ERC20Pausable.bin": 0, "93-ERC20Detailed.bin": 0, "93-Ownable.bin": 0, "93-Migrations.bin": 0, "93-ELToken.bin": 0, "94-NokuPricingPlan.bin": 0, "94-Ownable.bin": 0, "94-Pausable.bin": 0, "94-SafeMath.bin": 0, "94-ERC20Basic.bin": 0, "94-ERC20.bin": 0, "94-BurnableERC20.bin": 0, "94-NokuTokenBurner.bin": 0, "94-BasicToken.bin": 0, "94-BurnableToken.bin": 0, "94-DetailedERC20.bin": 0, "94-StandardToken.bin": 0, "94-MintableToken.bin": 0, "94-NokuCustomERC20.bin": 0, "94-NokuCustomERC20Service.bin": 0, "95-IERC20.bin": 0, "95-SafeMath.bin": 0, "95-ERC20.bin": 0, "95-ERC20Detailed.bin": 0, "95-ERC20Burnable.bin": 0, "95-Roles.bin": 0, "95-MinterRole.bin": 0, "95-ERC20Mintable.bin": 0, "95-PauserRole.bin": 0, "95-Pausable.bin": 0, "95-ERC20PartialLock.bin": 0, "95-LXANK.bin": 0, "96-X_WALLET.bin": 1, "96-Log.bin": 0, "97-ERC20Basic.bin": 0, "97-BasicToken.bin": 0, "97-EtherBank.bin": 1, "98-SafeMath.bin": 0, "98-IERC20.bin": 0, "98-Ownable.bin": 1, "98-ERC20Detailed.bin": 1, "98-DanPanCoin.bin": 1, "99-Ownable.bin": 0, "99-LinkedList.bin": 0, "99-ERC20Basic.bin": 0, "99-SafeMath.bin": 0, "99-BasicToken.bin": 0, "99-ERC20.bin": 0, "99-StandardToken.bin": 0, "99-Pausable.bin": 0, "99-PausableToken.bin": 0, "99-BurnableToken.bin": 0, "99-RepublicToken.bin": 0, "99-DarknodeRegistryStore.bin": 0, "100-PrivateBank.bin": 1, "100-Log.bin": 0, "101-SafeMath.bin": 0, "101-Ownable.bin": 0, "101-Roles.bin": 0, "101-MinterRole.bin": 0, "101-ReentrancyGuard.bin": 0, "101-CertificateControllerMock.bin": 0, "101-CertificateController.bin": 0, "101-IERC777TokensRecipient.bin": 0, "101-IERC777TokensSender.bin": 0, "101-IERC1410.bin": 0, "101-IERC777.bin": 0, "101-IERC1400.bin": 0, "101-ERC820Registry.bin": 0, "101-ERC820Client.bin": 0, "101-ERC777.bin": 0, "101-ERC1410.bin": 0, "101-ERC1400.bin": 0, "102-SafeMath.bin": 0, "102-Ownable.bin": 0, "102-Pausable.bin": 0, "102-ERC20Basic.bin": 0, "102-BasicToken.bin": 0, "102-ERC20.bin": 0, "102-StandardToken.bin": 0, "102-PausableToken.bin": 0, "102-CostumeToken.bin": 0, "102-Crowdsale.bin": 0, "103-EventMetadata.bin": 1, "103-Operated.bin": 1, "103-ProofHashes.bin": 1, "103-MultiHashWrapper.bin": 1, "103-iFactory.bin": 0, "103-Template.bin": 1, "103-Feed.bin": 1, "104-MONEY_BOX.bin": 1, "104-Log.bin": 0, "105-SafeMath.bin": 0, "105-ERC20Basic.bin": 0, "105-BasicToken.bin": 0, "105-ERC20.bin": 0, "105-StandardToken.bin": 0, "105-SafeERC20.bin": 0, "105-TokenTimelock.bin": 0, "105-Owned.bin": 0, "105-TokenVault.bin": 0, "105-BurnableToken.bin": 0, "105-IdealCoinToken.bin": 0, "106-SafeMath.bin": 0, "106-Ownable.bin": 0, "106-IERC20.bin": 0, "106-ERC20.bin": 0, "106-ERC20Detailed.bin": 0, "106-HatchToken.bin": 0, "107-SafeMath.bin": 0, "107-IERC20.bin": 0, "107-ERC20Detailed.bin": 1, "107-HYDROGEN.bin": 1, "108-SafeMath.bin": 0, "108-SimpleDAO.bin": 1, "109-Ownable.bin": 0, "109-Roles.bin": 0, "109-RBAC.bin": 0, "109-SafeMath.bin": 0, "109-ERC20Basic.bin": 0, "109-ERC20.bin": 0, "109-BasicToken.bin": 0, "109-StandardToken.bin": 0, "109-Pausable.bin": 0, "109-PausableToken.bin": 0, "109-BlackListToken.bin": 0, "109-TwoPhaseToken.bin": 0, "109-UpgradedStandardToken.bin": 0, "109-WithToken.bin": 0, "110-SafeMath.bin": 0, "110-ERC20Interface.bin": 0, "110-admined.bin": 0, "110-ICO.bin": 0, "111-SafeMath.bin": 0, "111-ModifierEntrancy.bin": 1, "111-Bank.bin": 0, "111-attack.bin": 0, "112-SafeMath.bin": 0, "112-IERC20.bin": 0, "112-Ownable.bin": 1, "112-ERC20Detailed.bin": 1, "112-DanPanCoin.bin": 1, "113-SafeMath.bin": 0, "113-IERC20.bin": 0, "113-PHO.bin": 1, "114-EtherBank.bin": 1, "115-Ownable.bin": 0, "115-SafeMath.bin": 0, "115-FomoFeast.bin": 1, "116-Ownable.bin": 0, "116-SafeMath.bin": 0, "116-ERC20Interface.bin": 1, "116-ApproveAndCallFallBack.bin": 1, "116-Owned.bin": 1, "116-ForTheBlockchain.bin": 1, "117-WALLET.bin": 1, "117-Log.bin": 0, "118-Ownable.bin": 0, "118-Pausable.bin": 0, "118-Destructible.bin": 0, "118-EDCoreInterface.bin": 0, "118-DungeonRunAlpha.bin": 0, "119-SafeMath.bin": 0, "119-ERC20.bin": 0, "119-ReserveToken.bin": 0, "119-EtherDelta.bin": 0, "120-SafeMath.bin": 0, "120-Roles.bin": 0, "120-PauserRole.bin": 0, "120-Pausable.bin": 0, "120-Ownable.bin": 0, "120-KittyBountiesAdmin.bin": 0, "120-KittyCore.bin": 0, "120-KittyBounties.bin": 0, "121-ERC20.bin": 0, "121-SafeMath.bin": 0, "121-StandardToken.bin": 0, "121-BurnableToken.bin": 0, "121-UpgradeAgent.bin": 0, "121-UpgradeableToken.bin": 0, "121-Ownable.bin": 0, "121-ReleasableToken.bin": 0, "121-SafeMathLib.bin": 0, "121-MintableToken.bin": 0, "121-CrowdsaleToken.bin": 0, "121-BurnableCrowdsaleToken.bin": 0, "122-IConnections.bin": 0, "122-Connections.bin": 0, "123-SafeMath.bin": 0, "123-ERC20Basic.bin": 0, "123-BasicToken.bin": 0, "123-ERC20.bin": 0, "123-StandardToken.bin": 0, "123-SafeERC20.bin": 0, "123-Owned.bin": 0, "123-TokenVesting.bin": 0, "123-TokenVault.bin": 0, "123-BurnableToken.bin": 0, "123-BKB_Token.bin": 0, "124-SafeMath.bin": 0, "124-Roles.bin": 0, "124-PauserRole.bin": 0, "124-AdministratorRole.bin": 0, "124-Ownable.bin": 0, "124-Pausable.bin": 0, "124-IERC20.bin": 0, "124-ERC20.bin": 0, "124-ERC20Detailed.bin": 0, "124-ETMToken.bin": 0, "125-SafeMath.bin": 0, "125-ERC20Basic.bin": 0, "125-BasicToken.bin": 0, "125-ERC20.bin": 0, "125-StandardToken.bin": 0, "125-SafeERC20.bin": 0, "125-Owned.bin": 0, "125-TokenVesting.bin": 0, "125-TokenVault.bin": 0, "125-BurnableToken.bin": 0, "125-ZTC_Token.bin": 0, "126-RTCoinInterface.bin": 0, "126-ERC20Interface.bin": 0, "126-SafeMath.bin": 0, "126-Stake.bin": 0, "127-SafeMath.bin": 0, "127-Ownable.bin": 0, "127-ERC20Basic.bin": 0, "127-ERC20.bin": 0, "127-DetailedERC20.bin": 0, "127-BasicToken.bin": 0, "127-StandardToken.bin": 0, "127-UnlimitedAllowanceToken.bin": 0, "127-BZRxToken.bin": 0, "127-BZRxTransferProxy.bin": 0, "128-Ownable.bin": 0, "128-HYPRO.bin": 0, "128-SafeMath.bin": 0, "129-Regatta.bin": 0, "130-Token.bin": 0, "130-AbstractToken.bin": 0, "130-SafeMath.bin": 0, "130-EtherBank.bin": 1, "131-SafeMath.bin": 0, "131-Ownable.bin": 0, "131-Helper.bin": 0, "131-LNX.bin": 0, "132-LibBytes.bin": 0, "132-ReentrancyGuard.bin": 0, "132-SafeMath.bin": 0, "132-LibConstants.bin": 0, "132-LibEIP712.bin": 0, "132-LibFillResults.bin": 0, "132-LibMath.bin": 0, "132-LibOrder.bin": 0, "132-LibAbiEncoder.bin": 0, "132-IOwnable.bin": 0, "132-IAuthorizable.bin": 0, "132-IAssetProxy.bin": 0, "132-IValidator.bin": 0, "132-IWallet.bin": 0, "132-IExchangeCore.bin": 0, "132-IAssetProxyDispatcher.bin": 0, "132-IMatchOrders.bin": 0, "132-ISignatureValidator.bin": 0, "132-ITransactions.bin": 0, "132-IWrapperFunctions.bin": 0, "132-IExchange.bin": 0, "132-MExchangeCore.bin": 0, "132-MAssetProxyDispatcher.bin": 0, "132-MMatchOrders.bin": 0, "132-MSignatureValidator.bin": 0, "132-MTransactions.bin": 0, "132-MWrapperFunctions.bin": 0, "132-Ownable.bin": 0, "132-MixinExchangeCore.bin": 0, "132-MixinSignatureValidator.bin": 0, "132-MixinWrapperFunctions.bin": 0, "132-MixinTransactions.bin": 0, "132-MixinAssetProxyDispatcher.bin": 0, "132-MixinMatchOrders.bin": 0, "132-Exchange.bin": 0, "133-SafeMath.bin": 0, "133-OwnerHelper.bin": 0, "133-ERC20Interface.bin": 0, "133-VantaToken.bin": 0, "134-ERC20Basic.bin": 0, "134-BasicToken.bin": 0, "134-IERC20.bin": 0, "134-SafeMath.bin": 0, "134-ERC20Detailed.bin": 1, "134-HYDROGEN.bin": 1, "135-SafeMath.bin": 0, "135-Ownable.bin": 0, "135-ERC20Basic.bin": 0, "135-ERC20.bin": 0, "135-SafeERC20.bin": 0, "135-Crowdsale.bin": 0, "135-TimedCrowdsale.bin": 0, "135-FinalizableCrowdsale.bin": 0, "135-BasicToken.bin": 0, "135-StandardToken.bin": 0, "135-MintableToken.bin": 0, "135-MintedCrowdsale.bin": 0, "135-Pausable.bin": 0, "135-RealtyReturnsTokenInterface.bin": 0, "135-PausableToken.bin": 0, "135-RealtyReturnsToken.bin": 0, "135-LockTokenAllocation.bin": 0, "135-RealtyReturnsTokenCrowdsale.bin": 0, "136-Ownable.bin": 0, "136-Administratable.bin": 0, "136-IERC20.bin": 0, "136-SafeMath.bin": 0, "136-ERC20.bin": 0, "136-ERC20Burnable.bin": 0, "136-Whitelistable.bin": 0, "136-Freezable.bin": 0, "136-TimeLockable.bin": 0, "136-BLUCON.bin": 0, "136-Migrations.bin": 0, "137-BasicToken.bin": 0, "137-ERC20Basic.bin": 0, "137-SafeMath.bin": 0, "137-FomoFeast.bin": 1, "138-SafeMath.bin": 0, "138-ERC20Basic.bin": 0, "138-BasicToken.bin": 0, "138-ERC20.bin": 0, "138-StandardToken.bin": 0, "138-SafeERC20.bin": 0, "138-Owned.bin": 0, "138-TokenVesting.bin": 0, "138-TokenVault.bin": 0, "138-BurnableToken.bin": 0, "138-WKA_Token.bin": 0, "139-SafeMath.bin": 0, "139-IERC20.bin": 0, "139-ERC20Detailed.bin": 1, "139-HYDROGEN.bin": 1, "140-Token.bin": 0, "140-ECTools.bin": 0, "140-StandardToken.bin": 0, "140-HumanStandardToken.bin": 0, "140-LedgerChannel.bin": 1, "141-SafeMath.bin": 0, "141-ERC20Interface.bin": 1, "141-Owned.bin": 1, "141-ExclusivePlatform.bin": 1, "142-SafeMath.bin": 0, "142-IERC20.bin": 0, "142-ERC20Detailed.bin": 1, "142-HYDROGEN.bin": 1, "143-SafeMath.bin": 0, "143-IERC20.bin": 0, "143-Ownable.bin": 1, "143-ERC20Detailed.bin": 1, "143-DanPanCoin.bin": 1, "144-SafeMath.bin": 0, "144-Ownable.bin": 0, "144-Finalizable.bin": 0, "144-IToken.bin": 0, "144-TokenReceivable.bin": 0, "144-EventDefinitions.bin": 0, "144-Token.bin": 0, "144-Controller.bin": 0, "144-PreSale.bin": 0, "144-Ledger.bin": 0, "145-SafeMath.bin": 0, "145-IERC20.bin": 0, "145-PHO.bin": 1, "146-ECRecovery.bin": 0, "146-SigningLogic.bin": 0, "146-ERC20Basic.bin": 0, "146-ERC20.bin": 0, "146-SafeMath.bin": 0, "146-SafeERC20.bin": 0, "146-TokenEscrowMarketplace.bin": 0, "146-Initializable.bin": 0, "146-AttestationLogic.bin": 0, "147-Pool.bin": 0, "147-SafeMath.bin": 0, "147-RigoToken.bin": 0, "147-DragoRegistry.bin": 0, "147-Inflation.bin": 0, "147-ReentrancyGuard.bin": 0, "147-ProofOfPerformanceFace.bin": 0, "147-ProofOfPerformance.bin": 0, "148-SafeMath.bin": 0, "148-IERC20.bin": 0, "148-ERC20.bin": 0, "148-Roles.bin": 0, "148-MinterRole.bin": 0, "148-ERC20Mintable.bin": 0, "148-ERC20Burnable.bin": 0, "148-TuneTradeToken.bin": 0, "148-WhitelistAdminRole.bin": 0, "148-WhitelistedRole.bin": 0, "148-TeamRole.bin": 0, "148-SafeERC20.bin": 0, "148-SwapContract.bin": 0, "149-SafeMath.bin": 0, "149-ItemsInterfaceForEternalStorage.bin": 0, "149-EternalStorage.bin": 0, "150-ECRecovery.bin": 0, "150-Roles.bin": 0, "150-SafeMath.bin": 0, "150-IERC20.bin": 0, "150-ERC20.bin": 0, "150-Ownable.bin": 0, "150-MinterRole.bin": 0, "150-Mintable.bin": 0, "150-Pausable.bin": 0, "150-Burnable.bin": 0, "150-Lockable.bin": 0, "150-DelegatorRole.bin": 0, "150-Delegatable.bin": 0, "150-TrustShoreToken.bin": 0, "151-SafeMath.bin": 0, "151-Ownable.bin": 0, "151-ERC20.bin": 0, "151-StandardToken.bin": 0, "151-EIForceCoin.bin": 0, "152-SafeMath.bin": 0, "152-Roles.bin": 0, "152-RBAC.bin": 0, "152-RBACWithAdmin.bin": 0, "152-Ownable.bin": 0, "152-ERC20Basic.bin": 0, "152-BasicToken.bin": 0, "152-ERC20.bin": 0, "152-DetailedERC20.bin": 0, "152-StandardToken.bin": 0, "152-ERC865.bin": 0, "152-ERC865Token.bin": 0, "152-BeepToken.bin": 0, "153-IERC165.bin": 0, "153-ERC165.bin": 0, "153-IERC721.bin": 0, "153-IERC721Receiver.bin": 0, "153-SafeMath.bin": 0, "153-Address.bin": 0, "153-FormSI060719.bin": 0, "154-SafeMath.bin": 0, "154-IERC20.bin": 0, "154-ERC20.bin": 1, "154-ERC20Detailed.bin": 1, "154-SaveWon.bin": 1, "155-SafeMath.bin": 0, "155-Roles.bin": 0, "155-PauserRole.bin": 0, "155-Pausable.bin": 0, "155-Ownable.bin": 0, "155-KittyBountiesAdmin.bin": 0, "155-KittyCore.bin": 0, "155-KittyBounties.bin": 0, "156-SafeMath.bin": 0, "156-OwnerHelper.bin": 0, "156-ERC20Interface.bin": 0, "156-ITAMToken.bin": 0, "157-SafeMath.bin": 0, "157-Ownable.bin": 0, "157-ERC20Basic.bin": 0, "157-ERC20.bin": 0, "157-DetailedERC20.bin": 0, "157-BasicToken.bin": 0, "157-StandardToken.bin": 0, "157-UnlimitedAllowanceToken.bin": 0, "157-BZRxToken.bin": 0, "157-BZRxTransferProxy.bin": 0, "158-Token.bin": 0, "158-StandardToken.bin": 0, "158-HumanStandardToken.bin": 0, "158-StandardBounties.bin": 0, "159-Owned.bin": 0, "159-FixedSupplyToken.bin": 0, "159-ERC20Interface.bin": 0, "159-IERC20.bin": 0, "159-PHO.bin": 1, "160-IAccounting.bin": 0, "160-IAccountingFactory.bin": 0, "160-IERC20.bin": 0, "160-IDisputer.bin": 0, "160-FeeWindow.bin": 0, "160-Universe.bin": 0, "160-ReportingParticipant.bin": 0, "160-Market.bin": 0, "160-IDisputerFactory.bin": 0, "160-ICrowdsourcerParent.bin": 0, "160-ICrowdsourcer.bin": 0, "160-DisputerParams.bin": 0, "160-Crowdsourcer.bin": 0, "160-CrowdsourcerFactory.bin": 0, "161-SafeMath.bin": 0, "161-FomoFeast.bin": 1, "162-SafeMath.bin": 0, "162-Ownable.bin": 0, "162-ERC20Basic.bin": 0, "162-ERC20.bin": 0, "162-SafeERC20.bin": 0, "162-Crowdsale.bin": 0, "162-TimedCrowdsale.bin": 0, "162-FinalizableCrowdsale.bin": 0, "162-BasicToken.bin": 0, "162-StandardToken.bin": 0, "162-MintableToken.bin": 0, "162-MintedCrowdsale.bin": 0, "162-Pausable.bin": 0, "162-RealtyReturnsTokenInterface.bin": 0, "162-PausableToken.bin": 0, "162-RealtyReturnsToken.bin": 0, "162-LockTokenAllocation.bin": 0, "162-RealtyReturnsTokenCrowdsale.bin": 0, "163-EtherStore.bin": 1, "164-SafeMath.bin": 0, "164-ItemsInterfaceForEternalStorage.bin": 0, "164-EternalStorage.bin": 0, "165-SafeMath.bin": 0, "165-IERC20.bin": 0, "165-ERC20.bin": 1, "165-ERC20Detailed.bin": 1, "165-SaveWon.bin": 1, "166-Ownable.bin": 0, "166-Pausable.bin": 0, "166-Destructible.bin": 0, "166-EDCoreInterface.bin": 0, "166-DungeonRunAlpha.bin": 0, "167-TAMCContract.bin": 1, "168-SafeMath.bin": 0, "168-Roles.bin": 0, "168-PauserRole.bin": 0, "168-Pausable.bin": 0, "168-Ownable.bin": 0, "168-KittyBountiesAdmin.bin": 0, "168-KittyCore.bin": 0, "168-KittyBounties.bin": 0, "169-SafeMath.bin": 0, "169-IERC20.bin": 0, "169-Ownable.bin": 1, "169-ERC20Detailed.bin": 1, "169-DanPanCoin.bin": 1, "170-SafeMath.bin": 0, "170-SimpleDAO.bin": 1, "171-SafeMath.bin": 0, "171-database.bin": 0, "171-topl_database_lib.bin": 0, "171-iconiq_presale.bin": 0, "172-SafeMath.bin": 0, "172-EtherBank.bin": 1, "173-ProofOfExistence.bin": 0, "173-Reentrancy_bonus.bin": 1, "174-Ownable.bin": 0, "174-SafeMath.bin": 0, "174-ERC20Basic.bin": 0, "174-BasicToken.bin": 0, "174-ERC20.bin": 0, "174-StandardToken.bin": 0, "174-BurnableToken.bin": 0, "174-Pausable.bin": 0, "174-GiftToken.bin": 0, "174-Whitelist.bin": 0, "174-GiftCrowdsale.bin": 0, "175-SafeMath.bin": 0, "175-owned.bin": 1, "175-tokenRecipient.bin": 0, "175-TokenERC20.bin": 1, "175-AZT.bin": 1, "176-SafeMath.bin": 0, "176-Ownable.bin": 0, "176-Pausable.bin": 0, "176-ERC20Basic.bin": 0, "176-BasicToken.bin": 0, "176-ERC20.bin": 0, "176-StandardToken.bin": 0, "176-PausableToken.bin": 0, "176-RefundVault.bin": 0, "176-PallyCoin.bin": 0, "176-Crowdsale.bin": 0, "177-SafeMath.bin": 0, "177-database.bin": 0, "177-topl_database_lib.bin": 0, "177-arbits_presale.bin": 0, "178-MY_BANK.bin": 1, "178-Log.bin": 0, "179-ERC20Basic.bin": 0, "179-ERC20.bin": 0, "179-SafeMath.bin": 0, "179-SafeERC20.bin": 0, "179-Crowdsale.bin": 0, "179-TimedCrowdsale.bin": 0, "179-CappedCrowdsale.bin": 0, "179-BasicToken.bin": 0, "179-StandardToken.bin": 0, "179-Ownable.bin": 0, "179-MintableToken.bin": 0, "179-MintedCrowdsale.bin": 0, "179-DetailedERC20.bin": 0, "179-Pausable.bin": 0, "179-PausableToken.bin": 0, "179-LoonieToken.bin": 0, "179-LoonieCrowdsale.bin": 0, "180-Ownable.bin": 0, "180-SimpleDAO.bin": 1, "181-SafeMath.bin": 0, "181-ERC20Token.bin": 0, "181-UnlockGmi.bin": 0, "182-Crowdsale.bin": 0, "182-SafeMath.bin": 0, "182-Ownable.bin": 0, "182-ERC20Basic.bin": 0, "182-ERC20.bin": 0, "182-SafeERC20.bin": 0, "182-QuinadsCrowdsale.bin": 0, "183-SafeMath.bin": 0, "183-ERC20Interface.bin": 1, "183-ApproveAndCallFallBack.bin": 1, "183-Owned.bin": 1, "183-QurasToken.bin": 1, "184-SafeMath.bin": 0, "184-Reentrance.bin": 1, "185-SafeMath.bin": 0, "185-ERC721Interface.bin": 0, "185-ERC20.bin": 0, "185-Ownable.bin": 0, "185-NewAuctionContract.bin": 0, "185-ArconaMarketplaceContract.bin": 0, "186-IAccessPolicy.bin": 0, "186-IAccessControlled.bin": 0, "186-StandardRoles.bin": 0, "186-AccessControlled.bin": 0, "186-IMigrationTarget.bin": 0, "186-MigrationTarget.bin": 0, "186-EuroTokenMigrationTarget.bin": 0, "186-IMigrationSource.bin": 0, "186-MigrationSource.bin": 0, "186-AccessRoles.bin": 0, "186-IBasicToken.bin": 0, "186-Reclaimable.bin": 0, "186-ITokenMetadata.bin": 0, "186-TokenMetadata.bin": 0, "186-IERC20Allowance.bin": 0, "186-IERC20Token.bin": 0, "186-IERC677Callback.bin": 0, "186-IERC677Allowance.bin": 0, "186-IERC677Token.bin": 0, "186-Math.bin": 0, "186-BasicToken.bin": 0, "186-StandardToken.bin": 0, "186-EuroToken.bin": 0, "187-IERC20.bin": 0, "187-SafeMath.bin": 0, "187-ERC20Detailed.bin": 1, "187-HYDROGEN.bin": 1, "188-ERC20Interface.bin": 1, "188-IERC20Interface.bin": 1, "188-RaffleToken.bin": 0, "188-SafeMath.bin": 0, "188-RaffleTokenExchange.bin": 1, "189-Moloch.bin": 0, "189-IERC20.bin": 0, "189-Ownable.bin": 0, "189-GuildBank.bin": 0, "189-SafeMath.bin": 0, "190-SafeMath.bin": 0, "190-ERC20.bin": 0, "190-SATCoin.bin": 0, "191-Ownable.bin": 0, "191-IERC20.bin": 0, "191-ERC20Detailed.bin": 0, "191-SafeMath.bin": 0, "191-ERC20.bin": 0, "191-Roles.bin": 0, "191-MinterRole.bin": 0, "191-ERC20Mintable.bin": 0, "191-ERC20Burnable.bin": 0, "191-Athlon.bin": 0, "192-ERC20.bin": 0, "192-IERC20.bin": 0, "192-SafeMath.bin": 0, "192-ERC20Interface.bin": 1, "192-ApproveAndCallFallBack.bin": 1, "192-Owned.bin": 1, "192-ForTheBlockchain.bin": 1, "193-PRIVATE_ETH_CELL.bin": 1, "193-LogFile.bin": 0, "194-Ownable.bin": 0, "194-Roles.bin": 0, "194-RBAC.bin": 0, "194-SafeMath.bin": 0, "194-ERC20Basic.bin": 0, "194-ERC20.bin": 0, "194-BasicToken.bin": 0, "194-StandardToken.bin": 0, "194-Pausable.bin": 0, "194-PausableToken.bin": 0, "194-BlackListToken.bin": 0, "194-TwoPhaseToken.bin": 0, "194-UpgradedStandardToken.bin": 0, "194-WitToken.bin": 0, "195-ERC20.bin": 0, "195-IERC20.bin": 0, "195-CareerOnToken.bin": 1, "196-SafeMathLib.bin": 0, "196-Ownable.bin": 0, "196-Haltable.bin": 0, "196-PricingStrategy.bin": 0, "196-FinalizeAgent.bin": 0, "196-ERC20.bin": 0, "196-FractionalERC20.bin": 0, "196-Crowdsale.bin": 0, "196-SafeMath.bin": 0, "196-StandardToken.bin": 0, "196-UpgradeAgent.bin": 0, "196-UpgradeableToken.bin": 0, "196-ReleasableToken.bin": 0, "196-MintableToken.bin": 0, "196-CrowdsaleToken.bin": 0, "196-MysteriumPricing.bin": 0, "196-MysteriumTokenDistribution.bin": 0, "197-SafeMath.bin": 0, "197-ItemsInterfaceForEternalStorage.bin": 0, "197-EternalStorage.bin": 0, "198-Ownable.bin": 0, "198-Pausable.bin": 0, "198-SafeMath.bin": 0, "198-ERC20Basic.bin": 0, "198-BasicToken.bin": 0, "198-ERC20.bin": 0, "198-StandardToken.bin": 0, "198-MintableToken.bin": 0, "198-StarCoin.bin": 0, "198-InvestorWhiteList.bin": 0, "198-StarCoinPreSale.bin": 0, "199-Token.bin": 1, "199-SafeMath.bin": 0, "199-StableDEX.bin": 1, "200-ctf.bin": 0, "200-EtherBank.bin": 1, "201-SafeMath.bin": 0, "201-IERC20.bin": 0, "201-ERC20.bin": 1, "201-ERC20Detailed.bin": 1, "201-SimpleSwapCoin.bin": 1, "202-Nutopia.bin": 0, "202-IERC20.bin": 0, "202-EventMetadata.bin": 1, "202-Operated.bin": 1, "202-ProofHashes.bin": 1, "202-MultiHashWrapper.bin": 1, "202-iFactory.bin": 0, "202-Template.bin": 1, "202-Feed.bin": 1, "203-IERC20.bin": 0, "203-ERC20Detailed.bin": 0, "203-SafeMath.bin": 0, "203-ERC20.bin": 0, "203-ERC20Burnable.bin": 0, "203-Ownable.bin": 0, "203-Roles.bin": 0, "203-PauserRole.bin": 0, "203-Pausable.bin": 0, "203-MinterRole.bin": 0, "203-WhitelistAdminRole.bin": 0, "203-WhitelistedRole.bin": 0, "203-InvictusWhitelist.bin": 0, "203-C10Token.bin": 0, "204-Ownable.bin": 0, "204-SafeMath.bin": 0, "204-ERC20Basic.bin": 0, "204-ERC20.bin": 0, "204-BasicToken.bin": 0, "204-StandardToken.bin": 0, "204-TeuToken.bin": 0, "204-Pausable.bin": 0, "204-TeuBookingDeposit.bin": 0, "205-GreenWorldProject.bin": 0, "205-Owned.bin": 0, "205-ERC20Interface.bin": 0, "205-IERC20.bin": 0, "205-SafeMath.bin": 0, "205-ERC20Detailed.bin": 1, "205-HYDROGEN.bin": 1, "206-Ownable.bin": 0, "206-Pausable.bin": 0, "206-Destructible.bin": 0, "206-EDCoreInterface.bin": 0, "206-DungeonRunCore.bin": 0, "207-SafeMath.bin": 0, "207-RequestUid.bin": 0, "207-AdminUpgradeable.bin": 0, "207-BICALogicUpgradeable.bin": 0, "207-BICALogic.bin": 0, "207-BICALedger.bin": 0, "207-ERC20Interface.bin": 0, "207-BICAProxy.bin": 0, "208-IERC165.bin": 0, "208-IERC721.bin": 0, "208-IERC721Receiver.bin": 0, "208-SafeMath.bin": 0, "208-Address.bin": 0, "208-ERC165.bin": 0, "208-ERC721.bin": 0, "208-IERC721Metadata.bin": 0, "208-ERC721Metadata.bin": 0, "208-Roles.bin": 0, "208-MinterRole.bin": 0, "208-ERC721MetadataMintable.bin": 0, "208-Ownable.bin": 0, "208-RadxCollectible.bin": 0, "209-ReentrancyDAO.bin": 1, "210-NokuPricingPlan.bin": 0, "210-Ownable.bin": 0, "210-Pausable.bin": 0, "210-SafeMath.bin": 0, "210-ERC20Basic.bin": 0, "210-ERC20.bin": 0, "210-BurnableERC20.bin": 0, "210-NokuTokenBurner.bin": 0, "210-BasicToken.bin": 0, "210-BurnableToken.bin": 0, "210-DetailedERC20.bin": 0, "210-StandardToken.bin": 0, "210-MintableToken.bin": 0, "210-NokuCustomERC20.bin": 0, "211-SafeMath.bin": 0, "211-ExtendedMath.bin": 0, "211-ERC20Interface.bin": 1, "211-ApproveAndCallFallBack.bin": 1, "211-Owned.bin": 1, "211-_Yesbuzz.bin": 1, "212-SafeMath.bin": 0, "212-ERC20Basic.bin": 0, "212-ERC20.bin": 0, "212-Escrow.bin": 0, "213-IERC20.bin": 0, "213-SafeMath.bin": 0, "213-ERC20.bin": 1, "213-ERC20Burnable.bin": 1, "213-ERC20Detailed.bin": 1, "213-AGR.bin": 1, "214-Reentrance.bin": 1, "215-SafeMath.bin": 0, "215-ERC20.bin": 0, "215-ReserveToken.bin": 0, "215-EtherDelta.bin": 0, "216-Ownable.bin": 0, "216-SafeMath.bin": 0, "216-FomoFeast.bin": 1, "217-Ownable.bin": 1, "217-Stoppable.bin": 1, "217-RampInstantPoolInterface.bin": 0, "217-RampInstantEscrowsPoolInterface.bin": 1, "217-RampInstantPool.bin": 1, "217-RampInstantEthPool.bin": 1, "218-Ownable.bin": 0, "218-Claimable.bin": 0, "218-ERC20Basic.bin": 0, "218-ERC20.bin": 0, "218-SafeERC20.bin": 0, "218-CanReclaimToken.bin": 0, "218-OwnableContract.bin": 0, "218-OwnableContractOwner.bin": 0, "218-ControllerInterface.bin": 0, "218-SafeMath.bin": 0, "218-BasicToken.bin": 0, "218-StandardToken.bin": 0, "218-DetailedERC20.bin": 0, "218-MintableToken.bin": 0, "218-BurnableToken.bin": 0, "218-Pausable.bin": 0, "218-PausableToken.bin": 0, "218-WBTC.bin": 0, "218-MembersInterface.bin": 0, "218-Controller.bin": 0, "219-SafeMathLib.bin": 0, "219-Ownable.bin": 0, "219-Haltable.bin": 0, "219-PricingStrategy.bin": 0, "219-FinalizeAgent.bin": 0, "219-ERC20.bin": 0, "219-FractionalERC20.bin": 0, "219-Crowdsale.bin": 0, "219-MysteriumPricing.bin": 0, "219-SafeMath.bin": 0, "219-StandardToken.bin": 0, "219-MintableToken.bin": 0, "219-MysteriumCrowdsale.bin": 0, "220-ERC20Basic.bin": 0, "220-ZoologicalGarden.bin": 0, "220-ERC20.bin": 0, "220-BasicToken.bin": 0, "220-ReentrancyDAO.bin": 1, "221-IERC20.bin": 0, "221-ERC20Detailed.bin": 0, "221-SafeMath.bin": 0, "221-FomoFeast.bin": 1, "222-SafeMath.bin": 0, "222-ERC20Basic.bin": 0, "222-BasicToken.bin": 0, "222-ERC20.bin": 0, "222-StandardToken.bin": 0, "222-SafeERC20.bin": 0, "222-Owned.bin": 0, "222-TokenVesting.bin": 0, "222-TokenVault.bin": 0, "222-BurnableToken.bin": 0, "222-LCGC_Token.bin": 0, "223-CareerOnToken.bin": 1, "224-StandardERC20Factory.bin": 0, "224-SafeMath.bin": 0, "224-Roles.bin": 0, "224-MinterRole.bin": 0, "224-PauserRole.bin": 0, "224-Pausable.bin": 0, "224-IERC20.bin": 0, "224-ERC20.bin": 0, "224-ERC20Burnable.bin": 0, "224-ERC20Pausable.bin": 0, "224-StandardERC20.bin": 0, "225-SafeMath.bin": 0, "225-EtherBank.bin": 1, "226-ERC20Basic.bin": 0, "226-BasicToken.bin": 0, "226-tokenRecipient.bin": 0, "226-MD.bin": 1, "227-Token.bin": 0, "227-SafeMath.bin": 0, "227-StandardToken.bin": 0, "227-GRO.bin": 0, "228-DSAuthority.bin": 0, "228-DSAuthEvents.bin": 0, "228-DSAuth.bin": 0, "228-AssetPriceOracle.bin": 0, "228-SafeMath.bin": 0, "228-ContractForDifference.bin": 0, "229-owned.bin": 1, "229-tokenRecipient.bin": 1, "229-Token.bin": 1, "229-SafeMath.bin": 0, "229-MindsyncPlatform.bin": 1, "230-ACCURAL_DEPOSIT.bin": 1, "230-LogFile.bin": 0, "231-SafeMath.bin": 0, "231-IERC20.bin": 0, "231-ERC20Detailed.bin": 0, "231-ERC20.bin": 0, "231-Roles.bin": 0, "231-PauserRole.bin": 0, "231-Pausable.bin": 0, "231-ERC20Pausable.bin": 0, "231-MinterRole.bin": 0, "231-ERC20Mintable.bin": 0, "231-Ownable.bin": 0, "231-IWhitelist.bin": 0, "231-ERC20Whitelistable.bin": 0, "231-BurnerRole.bin": 0, "231-ERC20Burnable.bin": 0, "231-CanReclaimEther.bin": 0, "231-SafeERC20.bin": 0, "231-CanReclaimToken.bin": 0, "231-LeveragedToken.bin": 0, "232-ERC20Basic.bin": 0, "232-BasicToken.bin": 0, "232-Reentrancy_bonus.bin": 1, "233-HarjFarmer.bin": 0, "233-SimpleDAO.bin": 1, "234-SafeMath.bin": 0, "234-Ownable.bin": 0, "234-Helper.bin": 0, "234-LNXtest.bin": 0, "235-Ownable.bin": 1, "235-ChannelWallet.bin": 1, "236-SafeMath.bin": 0, "236-ERC20Basic.bin": 0, "236-ERC20.bin": 0, "236-BasicToken.bin": 0, "236-StandardToken.bin": 0, "236-Role.bin": 0, "236-Pausable.bin": 0, "236-SamToken.bin": 0, "237-ERC20Token.bin": 0, "237-ERC20.bin": 0, "237-Token.bin": 0, "237-ECTools.bin": 0, "237-StandardToken.bin": 0, "237-HumanStandardToken.bin": 0, "237-LedgerChannel.bin": 1, "238-SafeMath.bin": 0, "238-IERC20.bin": 0, "238-SafeERC20.bin": 0, "238-Ownable.bin": 0, "238-ERC20Detailed.bin": 0, "238-ERC20.bin": 0, "238-Roles.bin": 0, "238-PauserRole.bin": 0, "238-Pausable.bin": 0, "238-ERC20Pausable.bin": 0, "238-ERC20Burnable.bin": 0, "238-MinterRole.bin": 0, "238-ERC20Mintable.bin": 0, "238-ERC20Capped.bin": 0, "238-SgmToken.bin": 0, "238-OperationsVesting.bin": 0, "239-SafeMath.bin": 0, "239-ERC20Interface.bin": 1, "239-ApproveAndCallFallBack.bin": 1, "239-Owned.bin": 1, "239-ForTheBlockchain.bin": 1, "240-TokenERC20.bin": 0, "240-SafeMath.bin": 0, "240-owned.bin": 1, "240-ethBank.bin": 1, "241-SafeMath.bin": 0, "241-Reentrancy_insecure.bin": 1, "242-SafeMath.bin": 0, "242-ERC20Interface.bin": 1, "242-ApproveAndCallFallBack.bin": 1, "242-Owned.bin": 1, "242-ForTheBlockchain.bin": 1, "243-SafeMathLib.bin": 0, "243-Ownable.bin": 0, "243-Haltable.bin": 0, "243-PricingStrategy.bin": 0, "243-FinalizeAgent.bin": 0, "243-ERC20.bin": 0, "243-FractionalERC20.bin": 0, "243-Crowdsale.bin": 0, "243-SafeMath.bin": 0, "243-StandardToken.bin": 0, "243-UpgradeAgent.bin": 0, "243-UpgradeableToken.bin": 0, "243-ReleasableToken.bin": 0, "243-MintableToken.bin": 0, "243-CrowdsaleToken.bin": 0, "243-MysteriumPricing.bin": 0, "243-MysteriumTokenDistribution.bin": 0, "244-SafeMath.bin": 0, "244-ERC20Basic.bin": 0, "244-ERC20.bin": 0, "244-Escrow.bin": 0, "245-SafeMath.bin": 0, "245-ERC20Basic.bin": 0, "245-BasicToken.bin": 0, "245-ERC20.bin": 0, "245-StandardToken.bin": 0, "245-SafeERC20.bin": 0, "245-Owned.bin": 0, "245-TokenVesting.bin": 0, "245-TokenVault.bin": 0, "245-BurnableToken.bin": 0, "245-NIC_Token.bin": 0, "246-BLAccess.bin": 0, "246-DataStorageInterface.bin": 0, "246-BLStorage.bin": 0, "246-BLBalances.bin": 0, "246-BLBlocks.bin": 0, "246-BLMain.bin": 0, "247-IERC20.bin": 0, "247-SafeMath.bin": 0, "247-ERC20.bin": 0, "247-ERC20Detailed.bin": 0, "247-Ownable.bin": 0, "247-Pausable.bin": 0, "247-ERC20Pausable.bin": 0, "247-WalletPausable.bin": 0, "247-ERC20WalletPausable.bin": 0, "247-TransferAndPause.bin": 0, "247-Ortp.bin": 0, "248-SafeMath.bin": 0, "248-IERC20.bin": 0, "248-UBBCToken.bin": 1, "249-CosmoCoin.bin": 0, "249-ERC20.bin": 0, "249-Reentrance.bin": 1, "250-Reentrancy_cross_function.bin": 1, "251-IERC20.bin": 0, "251-SafeMath.bin": 0, "251-ERC20.bin": 0, "251-ERC20Detailed.bin": 0, "251-Roles.bin": 0, "251-MinterRole.bin": 0, "251-ERC20Mintable.bin": 0, "251-ERC20Burnable.bin": 0, "251-PauserRole.bin": 0, "251-Pausable.bin": 0, "251-ERC20Pausable.bin": 0, "251-INRD.bin": 0, "252-SafeMath.bin": 0, "252-ERC20Basic.bin": 0, "252-BasicToken.bin": 0, "252-ERC20.bin": 0, "252-StandardToken.bin": 0, "252-Ownable.bin": 0, "252-MintableToken.bin": 0, "252-RocketToken.bin": 0, "252-Crowdsale.bin": 0, "252-RocketTokenCrowdsale.bin": 0, "253-SafeMath.bin": 0, "253-IERC20.bin": 0, "253-PHO.bin": 1, "254-Ownable.bin": 1, "254-AccountWallet.bin": 1, "255-PERSONAL_BANK.bin": 1, "255-LogFile.bin": 0, "256-ECRecovery.bin": 0, "256-SigningLogic.bin": 0, "256-Initializable.bin": 0, "256-AccountRegistryLogic.bin": 0, "257-SafeMath.bin": 0, "257-FomoFeast.bin": 1, "258-Bee.bin": 0, "258-SafeMath.bin": 0, "258-ERC20Interface.bin": 1, "258-ApproveAndCallFallBack.bin": 1, "258-Owned.bin": 1, "258-ForTheBlockchain.bin": 1, "259-SafeMath.bin": 0, "259-ERC20Basic.bin": 0, "259-BasicToken.bin": 0, "259-ERC20.bin": 0, "259-StandardToken.bin": 0, "259-SafeERC20.bin": 0, "259-Owned.bin": 0, "259-TokenVesting.bin": 0, "259-TokenVault.bin": 0, "259-BurnableToken.bin": 0, "259-LCP_Token.bin": 0, "260-IERC20.bin": 0, "260-Marmo.bin": 0, "260-ECDSA.bin": 0, "260-Ownable.bin": 1, "260-ReentrancyGuard.bin": 1, "260-FeeTransactionManager.bin": 1, "261-SafeMath.bin": 0, "261-EventMetadata.bin": 1, "261-Operated.bin": 1, "261-ProofHashes.bin": 1, "261-MultiHashWrapper.bin": 1, "261-iFactory.bin": 0, "261-Template.bin": 1, "261-Feed.bin": 1, "262-SafeMath.bin": 0, "262-Ownable.bin": 0, "262-PausableOnce.bin": 0, "262-ERC20Basic.bin": 0, "262-BasicToken.bin": 0, "262-ERC20.bin": 0, "262-StandardToken.bin": 0, "262-InterfaceUpgradeAgent.bin": 0, "262-UpgradableToken.bin": 0, "262-Withdrawable.bin": 0, "262-SaviorToken.bin": 0, "263-SafeMath.bin": 0, "263-Ownable.bin": 0, "263-Pausable.bin": 0, "263-ERC20.bin": 0, "263-StandardToken.bin": 0, "263-PausableERC20Token.bin": 0, "263-BurnablePausableERC20Token.bin": 0, "263-FreezableBurnablePausableERC20Token.bin": 0, "263-WDT.bin": 0, "264-IAccounting.bin": 0, "264-IAccountingFactory.bin": 0, "264-IERC20.bin": 0, "264-IDisputer.bin": 0, "264-ICrowdsourcerParent.bin": 0, "264-FeeWindow.bin": 0, "264-Universe.bin": 0, "264-ReportingParticipant.bin": 0, "264-Market.bin": 0, "264-ICrowdsourcer.bin": 0, "264-IDisputerFactory.bin": 0, "264-DisputerParams.bin": 0, "264-Crowdsourcer.bin": 0, "265-SafeMath.bin": 0, "265-ReentrancyDAO.bin": 1, "266-IERC20.bin": 0, "266-SafeMath.bin": 0, "266-Ownable.bin": 1, "266-ERC20Detailed.bin": 1, "266-DanPanCoin.bin": 1, "267-ERC20.bin": 0, "267-SafeMath.bin": 0, "267-StandardToken.bin": 0, "267-BurnableToken.bin": 0, "267-SafeERC20.bin": 0, "267-Crowdsale.bin": 0, "267-Ownable.bin": 0, "267-EvedoToken.bin": 0, "267-EvedoCrowdSale.bin": 0, "267-EvedoExclusiveSale.bin": 0, "268-ERC20.bin": 0, "268-Ownable.bin": 0, "268-LTLNN.bin": 0, "268-CareerOnToken.bin": 1, "269-BLAccess.bin": 0, "269-DataStorageInterface.bin": 0, "269-BLStorage.bin": 0, "269-BLBalances.bin": 0, "269-BLBlocks.bin": 0, "269-BLMain.bin": 0, "270-Roles.bin": 0, "270-RBAC.bin": 0, "270-SafeMath.bin": 0, "270-ERC20Basic.bin": 0, "270-BasicToken.bin": 0, "270-BurnableToken.bin": 0, "270-ERC20.bin": 0, "270-StandardToken.bin": 0, "270-DUBI.bin": 0, "270-Purpose.bin": 0, "270-Ownable.bin": 0, "270-SafeERC20.bin": 0, "270-Hodler.bin": 0, "270-HodlFor.bin": 0, "271-InvestorWhiteList.bin": 0, "271-Ownable.bin": 0, "271-ReentrancyDAO.bin": 1, "272-TransferAndPause.bin": 0, "272-Ownable.bin": 0, "272-IERC20.bin": 0, "272-SafeMath.bin": 0, "272-ERC20Detailed.bin": 1, "272-HYDROGEN.bin": 1, "273-SafeMath.bin": 0, "273-IERC20.bin": 0, "273-UBBCToken.bin": 1, "274-Ownable.bin": 0, "274-SafeMath.bin": 0, "274-IERC20.bin": 0, "274-SafeERC20.bin": 0, "274-MaticTokenVesting.bin": 0, "275-Ownable.bin": 0, "275-SimpleDAO.bin": 1, "276-IERC20.bin": 0, "276-SafeMath.bin": 0, "276-ReverseRegistrar.bin": 0, "276-Etherclear.bin": 0, "277-Reentrancy_insecure.bin": 1, "278-Roles.bin": 0, "278-RBAC.bin": 0, "278-SafeMath.bin": 0, "278-ERC20Basic.bin": 0, "278-BasicToken.bin": 0, "278-BurnableToken.bin": 0, "278-ERC20.bin": 0, "278-StandardToken.bin": 0, "278-DUBI.bin": 0, "278-Purpose.bin": 0, "278-Ownable.bin": 0, "278-SafeERC20.bin": 0, "278-Hodler.bin": 0, "279-CareerOnToken.bin": 1, "280-IERC20.bin": 0, "280-SafeMath.bin": 0, "280-ERC20.bin": 0, "280-ERC20Detailed.bin": 0, "280-Ownable.bin": 0, "280-Remote.bin": 0, "280-ProofOfTrident.bin": 0, "280-ERC20Burnable.bin": 0, "280-Vault.bin": 0, "281-SafeMath.bin": 0, "281-IERC20.bin": 0, "281-ERC20.bin": 1, "281-ERC20Detailed.bin": 1, "281-SaveWon.bin": 1, "282-SafeMath.bin": 0, "282-IERC20.bin": 0, "282-PHO.bin": 1, "283-GoTDragonFarm.bin": 0, "283-Reentrance.bin": 1, "284-SafeMath.bin": 0, "284-ERC20Basic.bin": 0, "284-BasicToken.bin": 0, "284-ERC20.bin": 0, "284-StandardToken.bin": 0, "284-SafeERC20.bin": 0, "284-Owned.bin": 0, "284-TokenVesting.bin": 0, "284-TokenVault.bin": 0, "284-BurnableToken.bin": 0, "284-BAG_Token.bin": 0, "285-IAccessPolicy.bin": 0, "285-IAccessControlled.bin": 0, "285-StandardRoles.bin": 0, "285-AccessControlled.bin": 0, "285-IsContract.bin": 0, "285-AccessRoles.bin": 0, "285-IBasicToken.bin": 0, "285-Reclaimable.bin": 0, "285-ITokenMetadata.bin": 0, "285-TokenMetadata.bin": 0, "285-IERC223Callback.bin": 0, "285-IERC223Token.bin": 0, "285-IERC20Allowance.bin": 0, "285-IERC20Token.bin": 0, "285-IERC677Callback.bin": 0, "285-IERC677Allowance.bin": 0, "285-IERC677Token.bin": 0, "285-Math.bin": 0, "285-BasicToken.bin": 0, "285-StandardToken.bin": 0, "285-EtherToken.bin": 0, "286-SafeMath.bin": 0, "286-Roles.bin": 0, "286-PauserRole.bin": 0, "286-Pausable.bin": 0, "286-Ownable.bin": 0, "286-KittyBountiesAdmin.bin": 0, "286-KittyCore.bin": 0, "286-KittyBounties.bin": 0, "287-IERC20.bin": 0, "287-ERC20.bin": 0, "287-SafeMath.bin": 0, "287-FomoFeast.bin": 1, "288-IERC20.bin": 0, "288-ERC20.bin": 0, "288-EventMetadata.bin": 1, "288-Operated.bin": 1, "288-ProofHashes.bin": 1, "288-MultiHashWrapper.bin": 1, "288-iFactory.bin": 0, "288-Template.bin": 1, "288-Feed.bin": 1, "289-SimpleDAO.bin": 1, "290-SafeMath.bin": 0, "290-FomoFeast.bin": 1, "291-SafeMath.bin": 0, "291-EtherBank.bin": 1, "292-SafeMath.bin": 0, "292-ERC20Basic.bin": 0, "292-ERC20.bin": 0, "292-Escrow.bin": 0, "293-Ownable.bin": 0, "293-SafeMath.bin": 0, "293-IERC20.bin": 0, "293-ERC20.bin": 1, "293-ERC20Detailed.bin": 1, "293-SaveWon.bin": 1, "294-SafeMath.bin": 0, "294-owned.bin": 1, "294-ethBank.bin": 1, "295-IdentityEvents.bin": 0, "295-Reentrance.bin": 1, "296-WhiteBetting.bin": 1, "297-PALSToken.bin": 0, "297-ERC20Interface.bin": 0, "297-EventMetadata.bin": 1, "297-Operated.bin": 1, "297-ProofHashes.bin": 1, "297-MultiHashWrapper.bin": 1, "297-iFactory.bin": 0, "297-Template.bin": 1, "297-Feed.bin": 1, "298-SafeMath.bin": 0, "298-Ownable.bin": 0, "298-SKYFToken.bin": 0, "299-TAMC.bin": 1, "300-SafeMath.bin": 0, "300-Ownable.bin": 0, "300-PausableOnce.bin": 0, "300-ERC20Basic.bin": 0, "300-BasicToken.bin": 0, "300-ERC20.bin": 0, "300-StandardToken.bin": 0, "300-InterfaceUpgradeAgent.bin": 0, "300-UpgradableToken.bin": 0, "300-Withdrawable.bin": 0, "300-CtdToken.bin": 0, "301-ComptrollerInterface.bin": 0, "301-ComptrollerErrorReporter.bin": 0, "301-TokenErrorReporter.bin": 0, "301-CarefulMath.bin": 0, "301-Exponential.bin": 0, "301-EIP20Interface.bin": 0, "301-EIP20NonStandardInterface.bin": 0, "301-ReentrancyGuard.bin": 0, "301-InterestRateModel.bin": 0, "301-CToken.bin": 0, "301-CErc20.bin": 0, "302-Owned.bin": 0, "302-SafeMath.bin": 0, "302-IERC20.bin": 0, "302-ERC20.bin": 1, "302-ERC20Detailed.bin": 1, "302-SaveWon.bin": 1, "303-ERC20.bin": 0, "303-SafeMath.bin": 0, "303-Ownable.bin": 0, "303-StandardToken.bin": 0, "303-TravelHelperToken.bin": 0, "304-SafeMath.bin": 0, "304-IERC20.bin": 0, "304-Ownable.bin": 1, "304-ERC20Detailed.bin": 1, "304-DanPanCoin.bin": 1, "305-Ownable.bin": 0, "305-SafeMath.bin": 0, "305-CommunityVesting.bin": 0, "305-EcosystemVesting.bin": 0, "305-SeedPrivateAdvisorVesting.bin": 0, "305-TeamVesting.bin": 0, "305-TokenInterface.bin": 0, "305-Vesting.bin": 0, "306-SafeMath.bin": 0, "306-ERC20Basic.bin": 0, "306-BasicToken.bin": 0, "306-ERC20.bin": 0, "306-StandardToken.bin": 0, "306-SafeERC20.bin": 0, "306-Owned.bin": 0, "306-TokenVesting.bin": 0, "306-TokenVault.bin": 0, "306-BurnableToken.bin": 0, "306-CWI_Token.bin": 0, "307-IERC20.bin": 0, "307-SafeMath.bin": 0, "307-ERC20.bin": 0, "307-Roles.bin": 0, "307-MinterRole.bin": 0, "307-ERC20Mintable.bin": 0, "307-PauserRole.bin": 0, "307-Pausable.bin": 0, "307-ReentrancyGuard.bin": 0, "307-Ownable.bin": 0, "307-Administrable.bin": 0, "307-WhiteList.bin": 0, "307-C50.bin": 0, "308-IERC20.bin": 0, "308-ERC20Detailed.bin": 0, "308-SafeMath.bin": 0, "308-ERC20.bin": 0, "308-Roles.bin": 0, "308-MinterRole.bin": 0, "308-ERC20Mintable.bin": 0, "308-Ownable.bin": 0, "308-ComplianceService.bin": 0, "308-DividendService.bin": 0, "308-ServiceRegistry.bin": 0, "308-BlueshareToken.bin": 0, "309-SafeMath.bin": 0, "309-IERC20.bin": 0, "309-Ownable.bin": 1, "309-ERC20Detailed.bin": 1, "309-DanPanCoin.bin": 1, "310-IERC20.bin": 0, "310-SafeMath.bin": 0, "310-ERC20.bin": 0, "310-MintableToken.bin": 0, "310-Roles.bin": 0, "310-PauserRole.bin": 0, "310-Pausable.bin": 0, "310-Ownable.bin": 0, "310-FLINT.bin": 0, "311-SafeMath.bin": 0, "311-Ownable.bin": 0, "311-IERC20.bin": 0, "311-ERC20.bin": 0, "311-ERC20Detailed.bin": 0, "311-SafeERC20.bin": 0, "311-MoneyMarketInterface.bin": 0, "311-LoanEscrow.bin": 0, "311-DividendDistributingToken.bin": 0, "311-LandRegistryInterface.bin": 0, "311-LandRegistryProxyInterface.bin": 0, "311-WhitelistInterface.bin": 0, "311-WhitelistProxyInterface.bin": 0, "311-TokenizedProperty.bin": 0, "312-Private_Bank.bin": 1, "312-Log.bin": 0, "313-PauserRole.bin": 0, "313-Pausable.bin": 0, "313-EventMetadata.bin": 1, "313-Operated.bin": 1, "313-ProofHashes.bin": 1, "313-MultiHashWrapper.bin": 1, "313-iFactory.bin": 0, "313-Template.bin": 1, "313-Feed.bin": 1, "314-SafeMath.bin": 0, "314-Ownable.bin": 0, "314-IERC20.bin": 0, "314-ERC20.bin": 0, "314-ERC20Detailed.bin": 0, "314-ERC20Burnable.bin": 0, "314-Roles.bin": 0, "314-MinterRole.bin": 0, "314-ERC20Mintable.bin": 0, "314-PauserRole.bin": 0, "314-Pausable.bin": 0, "314-ERC20Pausable.bin": 0, "314-AMICUS.bin": 0, "315-SafeMath.bin": 0, "315-ERC20Basic.bin": 0, "315-BasicToken.bin": 0, "315-ERC20.bin": 0, "315-StandardToken.bin": 0, "315-SafeERC20.bin": 0, "315-Owned.bin": 0, "315-TokenVesting.bin": 0, "315-TokenVault.bin": 0, "315-BurnableToken.bin": 0, "315-CES_Token.bin": 0, "316-Ownable.bin": 0, "316-ReentrancyDAO.bin": 1, "317-Burnable.bin": 0, "317-Mintable.bin": 0, "317-ERC20Basic.bin": 0, "317-ERC20.bin": 0, "317-SafeERC20.bin": 0, "317-TokenTimelock.bin": 0, "317-SafeMath.bin": 0, "317-Ownable.bin": 0, "317-TokenVesting.bin": 0, "317-Pausable.bin": 0, "317-BasicToken.bin": 0, "317-StandardToken.bin": 0, "317-PausableToken.bin": 0, "317-AdaptableToken.bin": 0, "317-NokuMasterToken.bin": 0, "318-Token.bin": 0, "318-AbstractToken.bin": 0, "318-SafeMath.bin": 0, "318-EventMetadata.bin": 1, "318-Operated.bin": 1, "318-ProofHashes.bin": 1, "318-MultiHashWrapper.bin": 1, "318-iFactory.bin": 0, "318-Template.bin": 1, "318-Feed.bin": 1, "319-SafeMath.bin": 0, "319-Ownable.bin": 0, "319-ERC20Basic.bin": 0, "319-ERC20.bin": 0, "319-BasicToken.bin": 0, "319-StandardToken.bin": 0, "319-MintableToken.bin": 0, "319-OPUCoin.bin": 0, "319-ColdStorage.bin": 0, "319-Vesting.bin": 0, "319-Allocation.bin": 0, "320-SafeMath.bin": 0, "320-IERC20.bin": 0, "320-ERC20.bin": 0, "320-Roles.bin": 0, "320-MinterRole.bin": 0, "320-ERC20Mintable.bin": 0, "320-ERC20Burnable.bin": 0, "320-TuneTradeToken.bin": 0, "320-WhitelistAdminRole.bin": 0, "320-WhitelistedRole.bin": 0, "320-TeamRole.bin": 0, "320-SafeERC20.bin": 0, "320-SwapContract.bin": 0, "321-Ownable.bin": 0, "321-EtherBank.bin": 1, "322-SafeMath.bin": 0, "322-CareerOnToken.bin": 1, "323-Roles.bin": 0, "323-IERC20.bin": 0, "323-PauserRole.bin": 0, "323-SafeMath.bin": 0, "323-TaxLib.bin": 0, "323-ERC20.bin": 0, "323-Pausable.bin": 0, "323-ERC20Pausable.bin": 0, "323-ERC20Detailed.bin": 0, "323-ERC20Burnable.bin": 0, "323-Ownable.bin": 0, "323-Taxable.bin": 0, "323-BCHHandled.bin": 0, "323-WibxToken.bin": 0, "324-SafeMath.bin": 0, "324-CareerOnToken.bin": 1, "325-BANK_SAFE.bin": 1, "325-LogFile.bin": 0, "326-IERC20.bin": 0, "326-SafeMath.bin": 0, "326-ERC20.bin": 0, "326-Roles.bin": 0, "326-MinterRole.bin": 0, "326-ERC20Mintable.bin": 0, "326-ERC20Burnable.bin": 0, "326-ERC20Detailed.bin": 0, "326-PauserRole.bin": 0, "326-Pausable.bin": 0, "326-BlacklistAdminRole.bin": 0, "326-BlacklistedRole.bin": 0, "326-RingTokenPausable.bin": 0, "326-RingCasinoCoin.bin": 0, "327-SafeMath.bin": 0, "327-Ownable.bin": 0, "327-TokenInterface.bin": 0, "327-KRCPreSaleContract.bin": 0, "328-ETH_FUND.bin": 1, "328-Log.bin": 0, "329-SafeMath.bin": 0, "329-IERC20.bin": 0, "329-ERC20Detailed.bin": 1, "329-HYDROGEN.bin": 1, "330-Math.bin": 0, "330-Ownable.bin": 0, "330-SafeMath.bin": 0, "330-Orderbook.bin": 0, "330-RenExTokens.bin": 0, "330-RenExBalances.bin": 0, "330-SettlementUtils.bin": 0, "330-RenExSettlement.bin": 0, "331-Ownable.bin": 0, "331-Pausable.bin": 0, "331-Destructible.bin": 0, "331-EDCoreInterface.bin": 0, "331-DungeonRunBeta.bin": 0, "332-Ownable.bin": 0, "332-Administratable.bin": 0, "332-IERC20.bin": 0, "332-SafeMath.bin": 0, "332-ERC20.bin": 0, "332-ERC20Burnable.bin": 0, "332-Roles.bin": 0, "332-MinterRole.bin": 0, "332-ERC20Mintable.bin": 0, "332-Freezable.bin": 0, "332-Cryptonium.bin": 0, "332-Migrations.bin": 0, "333-Ownable.bin": 0, "333-HYIPRETHPRO440.bin": 0, "333-SafeMath.bin": 0, "334-Ownable.bin": 0, "334-SafeMath.bin": 0, "334-owned.bin": 1, "334-ethBank.bin": 1, "335-SafeMath.bin": 0, "335-Roles.bin": 0, "335-Ownable.bin": 0, "335-ERC223ReceivingContract.bin": 0, "335-IERC20.bin": 0, "335-ERC20.bin": 0, "335-PauserRole.bin": 0, "335-Pausable.bin": 0, "335-MinterRole.bin": 0, "335-ERC20Mintable.bin": 0, "335-ERC20Burnable.bin": 0, "335-ERC20Pausable.bin": 0, "335-SafeERC20.bin": 0, "335-ERC20Frozen.bin": 0, "335-OneKiloGifttoken.bin": 0, "336-Ownable.bin": 0, "336-BNDESRegistry.bin": 0, "337-IERC20.bin": 0, "337-SafeMath.bin": 0, "337-SafeERC20.bin": 0, "337-ERC20Detailed.bin": 0, "337-ERC20.bin": 0, "337-Roles.bin": 0, "337-PauserRole.bin": 0, "337-Pausable.bin": 0, "337-ERC20Pausable.bin": 0, "337-ERC20Burnable.bin": 0, "337-MinterRole.bin": 0, "337-ERC20Mintable.bin": 0, "337-ERC20Capped.bin": 0, "337-Ownable.bin": 0, "337-SgmToken.bin": 0, "338-ERC20.bin": 0, "338-IERC20.bin": 0, "338-Token.bin": 0, "338-ECTools.bin": 0, "338-StandardToken.bin": 0, "338-HumanStandardToken.bin": 0, "338-LedgerChannel.bin": 1, "339-Token.bin": 0, "339-SafeMath.bin": 0, "339-StandardToken.bin": 0, "339-GRO.bin": 0, "340-SafeMath.bin": 0, "340-Ownable.bin": 0, "340-TokenInterface.bin": 0, "340-KRCICOContract.bin": 0, "341-SafeMath.bin": 0, "341-EventMetadata.bin": 1, "341-Operated.bin": 1, "341-ProofHashes.bin": 1, "341-MultiHashWrapper.bin": 1, "341-iFactory.bin": 0, "341-Template.bin": 1, "341-Feed.bin": 1, "342-Dictionary.bin": 0, "342-IERC20.bin": 0, "342-SafeMath.bin": 0, "342-ReverseRegistrar.bin": 0, "342-Etherclear.bin": 0, "343-SafeMath.bin": 0, "343-Ownable.bin": 0, "343-Pausable.bin": 0, "343-ERC20Basic.bin": 0, "343-BasicToken.bin": 0, "343-ERC20.bin": 0, "343-StandardToken.bin": 0, "343-PausableToken.bin": 0, "343-RefundVault.bin": 0, "343-PallyCoin.bin": 0, "343-Crowdsale.bin": 0, "344-SafeMath.bin": 0, "344-OwnerHelper.bin": 0, "344-ERC20Interface.bin": 0, "344-VantaToken.bin": 0, "345-Ownable.bin": 0, "345-Roles.bin": 0, "345-RBAC.bin": 0, "345-SafeMath.bin": 0, "345-ERC20Basic.bin": 0, "345-ERC20.bin": 0, "345-BasicToken.bin": 0, "345-StandardToken.bin": 0, "345-Pausable.bin": 0, "345-PausableToken.bin": 0, "345-BlackListToken.bin": 0, "345-TwoPhaseToken.bin": 0, "345-UpgradedStandardToken.bin": 0, "345-WitToken.bin": 0, "346-Ownable.bin": 0, "346-Pausable.bin": 0, "346-Destructible.bin": 0, "346-EDCoreInterface.bin": 0, "346-DungeonRunBeta.bin": 0, "347-PrivateDeposit.bin": 1, "347-Log.bin": 0, "348-CrowdsaleParameters.bin": 0, "348-Owned.bin": 0, "348-TKLNToken.bin": 0, "349-IERC20.bin": 0, "349-SafeMath.bin": 0, "349-ERC20.bin": 0, "349-ERC20Detailed.bin": 0, "349-ERC20Burnable.bin": 0, "349-Roles.bin": 0, "349-MinterRole.bin": 0, "349-ERC20Mintable.bin": 0, "349-PauserRole.bin": 0, "349-Pausable.bin": 0, "349-Ownable.bin": 0, "349-ERC20PartialLock.bin": 0, "349-PUKAO.bin": 0, "350-CyberShekel.bin": 0, "350-SimpleDAO.bin": 1, "351-Ownable.bin": 0, "351-Token.bin": 0, "351-TokenBank.bin": 1, "352-IERC20.bin": 0, "352-ERC20.bin": 0, "352-Reentrance.bin": 1, "353-SafeERC20.bin": 0, "353-IERC20.bin": 0, "353-SafeMath.bin": 0, "353-ERC20.bin": 0, "353-Roles.bin": 0, "353-PauserRole.bin": 0, "353-Pausable.bin": 0, "353-ERC20Pausable.bin": 0, "353-ERC20Detailed.bin": 0, "353-ERC20Burnable.bin": 0, "353-MinterRole.bin": 0, "353-ERC20Mintable.bin": 0, "353-ECP.bin": 0, "354-SafeMath.bin": 0, "354-Ownable.bin": 0, "354-Helper.bin": 0, "354-LNXtest.bin": 0, "355-SafeMath.bin": 0, "355-Ownable.bin": 0, "355-Roles.bin": 0, "355-MinterRole.bin": 0, "355-ReentrancyGuard.bin": 0, "355-CertificateControllerMock.bin": 0, "355-CertificateController.bin": 0, "355-IERC777TokensRecipient.bin": 0, "355-IERC777TokensSender.bin": 0, "355-IERC20.bin": 0, "355-IERC1410.bin": 0, "355-IERC777.bin": 0, "355-IERC1400.bin": 0, "355-ERC820Registry.bin": 0, "355-ERC820Client.bin": 0, "355-ERC777.bin": 0, "355-ERC1410.bin": 0, "355-ERC1400.bin": 0, "355-ERC1400ERC20.bin": 0, "356-ModifierEntrancy.bin": 1, "356-Bank.bin": 0, "356-attack.bin": 0, "357-Token.bin": 0, "357-AbstractToken.bin": 0, "357-SafeMath.bin": 0, "357-EtherBank.bin": 1, "358-SafeMath.bin": 0, "358-database.bin": 0, "358-topl_database_lib.bin": 0, "358-iconiq_data_pipe.bin": 0, "359-SafeMath.bin": 0, "359-ERC20Basic.bin": 0, "359-BasicToken.bin": 0, "359-ERC20.bin": 0, "359-StandardToken.bin": 0, "359-SafeERC20.bin": 0, "359-Owned.bin": 0, "359-TokenVesting.bin": 0, "359-BurnableToken.bin": 0, "359-AgateToken.bin": 0, "360-IERC777.bin": 0, "360-IERC777Recipient.bin": 0, "360-IERC777Sender.bin": 0, "360-IERC20.bin": 0, "360-SafeMath.bin": 0, "360-Address.bin": 0, "360-IERC1820Registry.bin": 0, "360-ERC777.bin": 1, "360-Roles.bin": 0, "360-MinterRole.bin": 1, "360-PauserRole.bin": 1, "360-Pausable.bin": 1, "360-SKYBITToken.bin": 1, "361-EventMetadata.bin": 1, "361-Operated.bin": 1, "361-MultiHashWrapper.bin": 1, "361-iFactory.bin": 0, "361-ProofHash.bin": 1, "361-Template.bin": 1, "361-Post.bin": 1, "362-SafeMath.bin": 0, "362-ERC721Interface.bin": 0, "362-ERC20.bin": 0, "362-Ownable.bin": 0, "362-NewAuctionContract.bin": 0, "362-ArconaMarketplaceContract.bin": 0}