{"1-SafeMath.bin": 0, "1-Token.bin": 0, "1-AbstractToken.bin": 0, "1-BOCO.bin": 0, "2-IntegerOverflowMultiTxMultiFuncFeasible.bin": 1, "3-Owned.bin": 0, "3-SafeMath.bin": 0, "3-Pausable.bin": 0, "3-EIP20Interface.bin": 0, "3-IPC16.bin": 0, "4-SafeMath.bin": 0, "4-Ownable.bin": 0, "4-IERC20.bin": 0, "4-ReentrancyGuard.bin": 0, "4-Pausable.bin": 0, "4-GuiderToken.bin": 0, "5-ERC20Basic.bin": 0, "5-SafeMath.bin": 0, "5-ERC20.bin": 0, "5-BasicToken.bin": 0, "5-StandardToken.bin": 0, "5-MOONToken.bin": 0, "6-IntegerOverflowAdd.bin": 1, "7-DependentOnIPFS.bin": 0, "7-Poll.bin": 0, "7-AccountRegistryInterface.bin": 0, "7-SigningLogicInterface.bin": 0, "7-VotingCenter.bin": 0, "8-IERC20.bin": 0, "8-IERC223.bin": 0, "8-ContractReceiver.bin": 0, "8-SafeMath.bin": 0, "8-StandardToken.bin": 0, "8-ACLYD.bin": 0, "9-SafeMath.bin": 0, "9-ERC20Interface.bin": 1, "9-ApproveAndCallFallBack.bin": 1, "9-Owned.bin": 1, "9-ForTheBlockchain.bin": 1, "10-SafeMath.bin": 0, "10-ERC20Interface.bin": 0, "10-ApproveAndCallFallBack.bin": 0, "10-Owned.bin": 0, "10-FixedSupplyToken.bin": 0, "11-SafeMath.bin": 0, "11-ERC20Interface.bin": 0, "11-ApproveAndCallFallBack.bin": 0, "11-Owned.bin": 0, "11-BLUEKEY.bin": 0, "12-DinosaurFarmer2.bin": 0, "12-SafeMath.bin": 0, "13-CareerOnToken.bin": 1, "14-SafeMath.bin": 0, "14-IERC20.bin": 0, "14-Claimable.bin": 0, "14-Keeper.bin": 0, "15-Emitter.bin": 0, "15-Caller.bin": 0, "16-SafeMath.bin": 0, "16-owned.bin": 1, "16-tokenRecipient.bin": 0, "16-TokenERC20.bin": 1, "16-AZT.bin": 1, "17-IERC20.bin": 0, "17-SafeMath.bin": 0, "17-ERC20Detailed.bin": 1, "17-HYDROGEN.bin": 1, "18-ERC20Basic.bin": 0, "18-SafeMath.bin": 0, "18-BasicToken.bin": 0, "18-ERC20.bin": 0, "18-StandardToken.bin": 0, "18-Ownable.bin": 0, "18-MintableToken.bin": 0, "18-Pausable.bin": 0, "18-PausableToken.bin": 0, "18-CompanyToken.bin": 0, "19-owned.bin": 1, "19-tokenRecipient.bin": 1, "19-Token.bin": 1, "19-SafeMath.bin": 0, "19-MindsyncPlatform.bin": 1, "20-Overflow.bin": 1, "21-Overflow_Add.bin": 1, "22-SafeMath.bin": 0, "22-Ownable.bin": 0, "22-ERC20.bin": 0, "22-BIAT.bin": 0, "23-SafeMath.bin": 0, "23-ERC20Interface.bin": 0, "23-ApproveAndCallFallBack.bin": 0, "23-Owned.bin": 0, "23-STONetwork.bin": 0, "24-IERC20.bin": 0, "24-PHO.bin": 1, "25-Token.bin": 1, "26-SafeMath.bin": 0, "26-Ownable.bin": 0, "26-ERC20Basic.bin": 0, "26-BasicToken.bin": 0, "26-BurnableToken.bin": 0, "26-ERC20.bin": 0, "26-StandardToken.bin": 0, "26-Pausable.bin": 0, "26-PausableToken.bin": 0, "26-FreezableToken.bin": 0, "26-TimeLockToken.bin": 0, "26-GINICON.bin": 0, "27-Ownable.bin": 0, "27-Pausable.bin": 0, "27-IERC20.bin": 0, "27-ERC20.bin": 0, "27-ERC20Pausable.bin": 0, "27-MBTCcontract.bin": 0, "27-MBTCToken.bin": 0, "27-SafeMath.bin": 0, "28-TimeLock.bin": 1, "29-SafeMath.bin": 0, "29-ERC20TokenInterface.bin": 1, "29-ERC20Token.bin": 1, "29-AsseteGram.bin": 1, "30-IERC20.bin": 0, "30-SafeMath.bin": 0, "30-ERC20.bin": 0, "30-ERC20Burnable.bin": 0, "30-Roles.bin": 0, "30-PauserRole.bin": 0, "30-Pausable.bin": 0, "30-ERC20Pausable.bin": 0, "30-MinterRole.bin": 0, "30-ERC20Mintable.bin": 0, "30-OliveGardensResort.bin": 0, "31-Owned.bin": 1, "31-SafeMath.bin": 0, "31-Token.bin": 1, "31-Staking.bin": 1, "32-IntegerOverflowBenign1.bin": 1, "33-IntegerOverflowMultiTxOneFuncFeasible.bin": 1, "34-IERC20.bin": 0, "34-SafeMath.bin": 0, "34-IHumanity.bin": 0, "34-HumanityRegistry.bin": 0, "34-UniversalBasicIncome.bin": 0, "35-TAMCContract.bin": 1, "36-IntegerOverflowMappingSym1.bin": 1, "37-SafeMath.bin": 0, "37-Ownable.bin": 0, "37-Operable.bin": 0, "37-DUSDStorage.bin": 0, "38-Uint256HashTable.bin": 0, "39-IERC20.bin": 0, "39-SafeMath.bin": 0, "39-ERC20.bin": 0, "39-Ownable.bin": 0, "39-BTNY.bin": 0, "40-SafeMath.bin": 0, "40-ERC20Interface.bin": 0, "40-ApproveAndCallFallBack.bin": 0, "40-Owned.bin": 0, "40-EPSBets.bin": 0, "41-SafeMath.bin": 0, "41-IERC20.bin": 0, "41-ERC20Detailed.bin": 0, "41-ERC20.bin": 0, "41-ERC20Burnable.bin": 0, "41-ERC20Mintable.bin": 0, "41-ERC20Capped.bin": 0, "41-IERC20Freezable.bin": 0, "41-ERC20Freezable.bin": 0, "41-L2T.bin": 0, "42-SafeMath.bin": 0, "42-owned.bin": 1, "42-ERC20Essential.bin": 0, "42-BitpayerDEX.bin": 1, "43-ERC20Interface.bin": 0, "43-SafeMath.bin": 0, "43-DAIX.bin": 0, "44-SafeMath.bin": 0, "44-ERC20.bin": 1, "44-ERC223ReceivingContract.bin": 1, "44-ERC223.bin": 1, "44-ERC223Token.bin": 1, "44-Owned.bin": 1, "44-Grand.bin": 1, "45-SafeMath.bin": 0, "45-ERC20Basic.bin": 0, "45-BasicToken.bin": 0, "45-ERC20.bin": 0, "45-StandardToken.bin": 0, "45-Ownable.bin": 0, "45-Pausable.bin": 0, "45-PausableToken.bin": 1, "45-BecToken.bin": 0, "46-Ownable.bin": 1, "46-AccountWallet.bin": 1, "47-Ownable.bin": 0, "47-SafeMath.bin": 0, "47-ERC20Basic.bin": 0, "47-BasicToken.bin": 0, "47-BurnableToken.bin": 0, "47-ERC20.bin": 0, "47-StandardToken.bin": 0, "47-MintableToken.bin": 0, "47-Pausable.bin": 0, "47-PausableToken.bin": 0, "47-IndexToken.bin": 0, "48-Ownable.bin": 0, "48-Manageable.bin": 0, "48-MytilcoinStorage.bin": 0, "49-IERC20.bin": 0, "49-Ownable.bin": 0, "49-SafeMath.bin": 0, "49-BasementOperationRealm.bin": 0, "50-ClassicCheck.bin": 0, "51-PasswordEscrow.bin": 0, "52-SafeMath.bin": 0, "52-IERC20.bin": 0, "52-ERC20.bin": 1, "52-ERC20Detailed.bin": 1, "52-SaveWon.bin": 1, "53-SafeMath.bin": 0, "53-ERC20.bin": 0, "53-CentralBankofMalaysia.bin": 0, "54-DAO.bin": 0, "54-WithdrawDAO.bin": 0, "55-Ownable.bin": 1, "55-TokenERC20.bin": 1, "55-TTC.bin": 1, "56-tokenRecipient.bin": 0, "56-MD.bin": 1, "57-SafeMath.bin": 0, "57-owned.bin": 1, "57-ethBank.bin": 1, "58-SafeMath.bin": 0, "58-ERC20Interface.bin": 1, "58-Owned.bin": 1, "58-ExclusivePlatform.bin": 1, "59-ImplementationProvider.bin": 0, "59-ZOSLibOwnable.bin": 0, "59-ZOSLibAddress.bin": 0, "59-ImplementationDirectory.bin": 0, "60-IERC20.bin": 0, "60-SafeMath.bin": 0, "60-ERC20Detailed.bin": 1, "60-BIGBOMBv2.bin": 1, "61-WhiteBetting.bin": 1, "62-SafeMath.bin": 0, "62-IERC20.bin": 0, "62-ERC20.bin": 0, "62-LedgeriumToken.bin": 0, "63-SafeMath.bin": 0, "63-ExtendedMath.bin": 0, "63-ERC20Interface.bin": 1, "63-ApproveAndCallFallBack.bin": 1, "63-Owned.bin": 1, "63-_Yesbuzz.bin": 1, "64-Token.bin": 1, "64-SafeMath.bin": 0, "64-StableDEX.bin": 1, "65-Owned.bin": 1, "65-SafeMath.bin": 0, "65-Token.bin": 1, "65-Staking.bin": 1, "66-AbstractENS.bin": 0, "66-IPublicResolver.bin": 0, "66-IFIFSResolvingRegistrar.bin": 0, "66-FIFSResolvingRegistrar.bin": 0, "67-ELFToken.bin": 0, "67-ELFBurner.bin": 0, "68-SafeMath.bin": 0, "68-Math.bin": 0, "68-ERC20Basic.bin": 0, "68-ERC20.bin": 0, "68-BasicToken.bin": 0, "68-BurnableToken.bin": 0, "68-StandardToken.bin": 0, "68-Ownable.bin": 0, "68-MintableToken.bin": 0, "68-Pausable.bin": 0, "68-PausableToken.bin": 0, "68-MoaCOIN.bin": 0, "69-EventMetadata.bin": 1, "69-Operated.bin": 1, "69-MultiHashWrapper.bin": 1, "69-iFactory.bin": 0, "69-ProofHash.bin": 1, "69-Template.bin": 1, "69-Post.bin": 1, "70-SafeMath.bin": 0, "70-ERC20Interface.bin": 0, "70-Owned.bin": 0, "70-AlluvaToken.bin": 0, "71-IERC20.bin": 0, "71-SafeMath.bin": 0, "71-ERC20.bin": 1, "71-ERC20Burnable.bin": 1, "71-ERC20Detailed.bin": 1, "71-AGR.bin": 1, "72-IERC777.bin": 0, "72-IERC777Recipient.bin": 0, "72-IERC777Sender.bin": 0, "72-IERC20.bin": 0, "72-SafeMath.bin": 0, "72-Address.bin": 0, "72-IERC1820Registry.bin": 0, "72-ERC777.bin": 1, "72-Roles.bin": 0, "72-MinterRole.bin": 1, "72-PauserRole.bin": 1, "72-Pausable.bin": 1, "72-SKYBITToken.bin": 1, "73-Ownable.bin": 1, "73-ChannelWallet.bin": 1, "74-IntegerOverflowMul.bin": 1, "75-TAMC.bin": 1, "76-owned.bin": 1, "76-tokenRecipient.bin": 1, "76-Token.bin": 1, "76-SafeMath.bin": 0, "76-MindsyncPlatform.bin": 1, "77-IntegerOverflowMinimal.bin": 1, "78-IERC20.bin": 0, "78-Marmo.bin": 0, "78-ECDSA.bin": 0, "78-Ownable.bin": 1, "78-ReentrancyGuard.bin": 1, "78-FeeTransactionManager.bin": 1, "79-IERC20.bin": 0, "79-SafeMath.bin": 0, "79-Ownable.bin": 1, "79-ERC20Detailed.bin": 1, "79-DanPanCoin.bin": 1, "80-Owned.bin": 0, "80-Callable.bin": 0, "80-EternalStorage.bin": 0, "81-ERC20Interface.bin": 1, "81-AcunarToken.bin": 1, "81-AcunarIEO.bin": 1, "82-ERC20Interface.bin": 0, "82-SafeMath.bin": 0, "82-PALSToken.bin": 0, "83-IERC20.bin": 0, "83-KNCLock.bin": 0, "83-TriggerKNCLock.bin": 0, "84-Ownable.bin": 0, "84-ERC20Basic.bin": 0, "84-SafeMath.bin": 0, "84-BasicToken.bin": 0, "84-ERC20.bin": 0, "84-StandardToken.bin": 0, "84-BurnableToken.bin": 0, "84-StandardBurnableToken.bin": 0, "84-Amplify.bin": 0, "85-MyToken.bin": 0, "86-Maths.bin": 0, "86-Manageable.bin": 0, "86-ERC20Basic.bin": 0, "86-ERC20.bin": 0, "86-BasicToken.bin": 0, "86-StandardToken.bin": 0, "86-MintableToken.bin": 0, "86-XPToken.bin": 0, "87-SafeMath.bin": 0, "87-Ownable.bin": 0, "87-CutdownToken.bin": 0, "87-ApproveAndCallFallback.bin": 0, "87-DigitizeCoin.bin": 0, "88-StockBet.bin": 1, "89-IntegerOverflowAdd.bin": 1, "90-digitalNotary.bin": 1, "91-IERC20.bin": 0, "91-SafeMath.bin": 0, "91-ERC20.bin": 0, "91-ERC20Detailed.bin": 0, "91-BOSAGORA.bin": 0, "92-SafeMath.bin": 0, "92-IERC20.bin": 0, "92-ERC20.bin": 0, "92-Roles.bin": 0, "92-MinterRole.bin": 0, "92-ERC20Mintable.bin": 0, "92-ERC20Burnable.bin": 0, "92-INOMIX.bin": 0, "93-ERC20Interface.bin": 1, "93-IERC20Interface.bin": 1, "93-RaffleToken.bin": 0, "93-SafeMath.bin": 0, "93-RaffleTokenExchange.bin": 1, "94-ERC20.bin": 0, "94-SafeMath.bin": 0, "94-StandardToken.bin": 0, "94-UpgradeAgent.bin": 0, "94-SafeMathLib.bin": 0, "94-UpgradeableToken.bin": 0, "94-Ownable.bin": 0, "94-ReleasableToken.bin": 0, "94-MintableToken.bin": 0, "94-CrowdsaleToken.bin": 0, "95-SafeMath.bin": 0, "95-FomoFeast.bin": 1, "96-SafeMath.bin": 0, "96-Ownable.bin": 0, "96-IErc20.bin": 0, "96-Monetary.bin": 0, "96-IPriceOracle.bin": 0, "96-Require.bin": 0, "96-Math.bin": 0, "96-Time.bin": 0, "96-IMakerOracle.bin": 0, "96-IOasisDex.bin": 0, "96-DaiPriceOracle.bin": 0, "97-TokenSaleChallenge.bin": 1, "98-Ownable.bin": 1, "98-SafeMath.bin": 0, "98-LollypopToken.bin": 1, "99-SafeMath.bin": 0, "99-Ownable.bin": 1, "99-TokenERC20.bin": 1, "99-XLToken.bin": 1, "100-IntegerOverflowSingleTransaction.bin": 1, "101-EthJackpot.bin": 0, "101-SafeMath.bin": 0, "102-Token.bin": 0, "102-SafeMath.bin": 0, "102-AbstractToken.bin": 0, "102-ProtosToken.bin": 0, "103-Ownable.bin": 0, "103-ModulumInvestorsWhitelist.bin": 0, "104-SafeMath.bin": 0, "104-Ownable.bin": 0, "104-ERC20Basic.bin": 0, "104-ERC20.bin": 0, "104-BasicToken.bin": 0, "104-StandardToken.bin": 0, "104-Pausable.bin": 0, "104-PausableToken.bin": 0, "104-MintableToken.bin": 0, "104-MyAdvancedToken.bin": 0, "105-SafeMath.bin": 0, "105-ERC20Interface.bin": 0, "105-Owned.bin": 0, "105-Pausable.bin": 0, "105-OxyCoin.bin": 0, "106-owned.bin": 0, "106-ORCToken.bin": 0, "107-ERC20TokenInterface.bin": 0, "107-SafeMath.bin": 0, "107-CliffTokenVesting.bin": 0, "108-SafeMath.bin": 0, "108-IERC20.bin": 0, "108-ERC20.bin": 1, "108-ERC20Detailed.bin": 1, "108-SimpleSwapCoin.bin": 1, "109-SafeMath.bin": 0, "109-EIP20Interface.bin": 0, "109-BasicToken.bin": 0, "109-AICoinToken.bin": 0, "110-SafeMath.bin": 0, "110-Ownable.bin": 0, "110-ERC20Basic.bin": 0, "110-ERC20.bin": 0, "110-BasicToken.bin": 0, "110-StandardToken.bin": 0, "110-BurnableToken.bin": 0, "110-MintableToken.bin": 0, "110-Pausable.bin": 0, "110-PausableToken.bin": 0, "110-SignalCoin.bin": 0, "111-SafeMath.bin": 0, "111-Ownable.bin": 0, "111-ERC20Basic.bin": 0, "111-BasicToken.bin": 0, "111-BurnableToken.bin": 0, "111-ERC20.bin": 0, "111-StandardToken.bin": 0, "111-Pausable.bin": 0, "111-PausableToken.bin": 0, "111-FreezableToken.bin": 0, "111-TimeLockToken.bin": 0, "111-GoldToken.bin": 0, "112-SafeMath.bin": 0, "112-owned.bin": 0, "112-Verification.bin": 0, "113-EIP20Interface.bin": 1, "113-HotDollarsToken.bin": 1, "114-SafeMath.bin": 0, "114-ERC20Interface.bin": 1, "114-ApproveAndCallFallBack.bin": 1, "114-Owned.bin": 1, "114-QurasToken.bin": 1, "115-SafeMath.bin": 0, "115-ERC20.bin": 0, "115-UpgradeAgent.bin": 0, "115-CVEN.bin": 0, "116-Ownable.bin": 1, "116-Stoppable.bin": 1, "116-RampInstantPoolInterface.bin": 0, "116-RampInstantEscrowsPoolInterface.bin": 1, "116-RampInstantPool.bin": 1, "116-RampInstantEthPool.bin": 1, "117-Ownable.bin": 1, "117-TokenERC20.bin": 1, "117-YFT.bin": 1, "118-CareerOnToken.bin": 1, "119-EventMetadata.bin": 1, "119-Operated.bin": 1, "119-ProofHashes.bin": 1, "119-MultiHashWrapper.bin": 1, "119-iFactory.bin": 0, "119-Template.bin": 1, "119-Feed.bin": 1, "120-SafeMath.bin": 0, "120-IERC20.bin": 0, "120-UBBCToken.bin": 1}