{"1-Token.rt.hex": 0, "1-SafeMath.rt.hex": 0, "1-StandardToken.rt.hex": 0, "1-GRO.rt.hex": 0, "2-LibBytes.rt.hex": 0, "2-ReentrancyGuard.rt.hex": 0, "2-SafeMath.rt.hex": 0, "2-LibConstants.rt.hex": 0, "2-LibEIP712.rt.hex": 0, "2-LibFillResults.rt.hex": 0, "2-LibMath.rt.hex": 0, "2-LibOrder.rt.hex": 0, "2-LibAbiEncoder.rt.hex": 0, "2-IOwnable.rt.hex": 0, "2-IAuthorizable.rt.hex": 0, "2-IAssetProxy.rt.hex": 0, "2-IValidator.rt.hex": 0, "2-IWallet.rt.hex": 0, "2-IExchangeCore.rt.hex": 0, "2-IAssetProxyDispatcher.rt.hex": 0, "2-IMatchOrders.rt.hex": 0, "2-ISignatureValidator.rt.hex": 0, "2-ITransactions.rt.hex": 0, "2-IWrapperFunctions.rt.hex": 0, "2-IExchange.rt.hex": 0, "2-MExchangeCore.rt.hex": 0, "2-MAssetProxyDispatcher.rt.hex": 0, "2-MMatchOrders.rt.hex": 0, "2-MSignatureValidator.rt.hex": 0, "2-MTransactions.rt.hex": 0, "2-MWrapperFunctions.rt.hex": 0, "2-Ownable.rt.hex": 0, "2-MixinExchangeCore.rt.hex": 0, "2-MixinSignatureValidator.rt.hex": 0, "2-MixinWrapperFunctions.rt.hex": 0, "2-MixinTransactions.rt.hex": 0, "2-MixinAssetProxyDispatcher.rt.hex": 0, "2-MixinMatchOrders.rt.hex": 0, "2-Exchange.rt.hex": 0, "3-IERC20.rt.hex": 0, "3-ERC20.rt.hex": 0, "3-EIP20Interface.rt.hex": 1, "3-HotDollarsToken.rt.hex": 1, "4-SafeMath.rt.hex": 0, "4-Ownable.rt.hex": 0, "4-Helper.rt.hex": 0, "4-LINIX.rt.hex": 0, "5-SafeMath.rt.hex": 0, "5-ItemsInterfaceForEternalStorage.rt.hex": 0, "5-EternalStorage.rt.hex": 0, "6-Ownable.rt.hex": 0, "6-CSFToken.rt.hex": 0, "6-ERC20Basic.rt.hex": 0, "6-Governmental.rt.hex": 1, "6-Attacker.rt.hex": 0, "7-Agriss.rt.hex": 0, "7-lottopollo.rt.hex": 1, "8-StockBet.rt.hex": 1, "9-IERC20.rt.hex": 0, "9-SafeMath.rt.hex": 0, "9-ERC20Detailed.rt.hex": 1, "9-BIGBOMBv2.rt.hex": 1, "10-Owned.rt.hex": 1, "10-SafeMath.rt.hex": 0, "10-Token.rt.hex": 1, "10-Staking.rt.hex": 1, "11-Ownable.rt.hex": 1, "11-SafeMath.rt.hex": 0, "11-LollypopToken.rt.hex": 1, "12-Ownable.rt.hex": 0, "12-Claimable.rt.hex": 0, "12-ERC20Basic.rt.hex": 0, "12-ERC20.rt.hex": 0, "12-SafeERC20.rt.hex": 0, "12-CanReclaimToken.rt.hex": 0, "12-OwnableContract.rt.hex": 0, "12-ControllerInterface.rt.hex": 0, "12-Factory.rt.hex": 0, "13-SafeMath.rt.hex": 0, "13-IERC20.rt.hex": 0, "13-UBBCToken.rt.hex": 1, "14-ERC20Interface.rt.hex": 0, "14-FixedSupplyToken.rt.hex": 0, "14-Owned.rt.hex": 0, "14-IERC20.rt.hex": 0, "14-SafeMath.rt.hex": 0, "14-ERC20Detailed.rt.hex": 1, "14-BIGBOMBv2.rt.hex": 1, "15-ERC20Interface.rt.hex": 1, "15-AcunarToken.rt.hex": 1, "15-AcunarIEO.rt.hex": 1, "16-tokenRecipient.rt.hex": 0, "16-MD.rt.hex": 1, "17-Owned.rt.hex": 1, "17-SafeMath.rt.hex": 0, "17-Token.rt.hex": 1, "17-Staking.rt.hex": 1, "18-SafeMath.rt.hex": 0, "18-lottopollo.rt.hex": 1, "19-SafeMath.rt.hex": 0, "19-IERC20.rt.hex": 0, "19-ERC20Detailed.rt.hex": 0, "19-ERC20.rt.hex": 0, "19-Roles.rt.hex": 0, "19-PauserRole.rt.hex": 0, "19-Pausable.rt.hex": 0, "19-ERC20Pausable.rt.hex": 0, "19-MinterRole.rt.hex": 0, "19-ERC20Mintable.rt.hex": 0, "19-Ownable.rt.hex": 0, "19-IWhitelist.rt.hex": 0, "19-BurnerRole.rt.hex": 0, "19-ERC20Burnable.rt.hex": 0, "19-ERC20Whitelistable.rt.hex": 0, "19-CanReclaimEther.rt.hex": 0, "19-SafeERC20.rt.hex": 0, "19-CanReclaimToken.rt.hex": 0, "19-LeveragedToken.rt.hex": 0, "20-BasicToken.rt.hex": 0, "20-StandardToken.rt.hex": 0, "20-ERC20.rt.hex": 0, "20-ERC20Basic.rt.hex": 0, "20-IERC20.rt.hex": 0, "20-SafeMath.rt.hex": 0, "20-ERC20Detailed.rt.hex": 1, "20-HYDROGEN.rt.hex": 1, "21-MiningRigFarmer.rt.hex": 0, "21-EtherLotto.rt.hex": 1, "22-SafeMath.rt.hex": 0, "22-IERC20.rt.hex": 0, "22-ERC20.rt.hex": 1, "22-ERC20Detailed.rt.hex": 1, "22-SaveWon.rt.hex": 1, "23-SafeMath.rt.hex": 0, "23-owned.rt.hex": 0, "23-tokenRecipient.rt.hex": 0, "23-ParsecTokenERC20.rt.hex": 0, "23-ParsecPresale.rt.hex": 0, "24-Owned.rt.hex": 0, "24-Pausable.rt.hex": 0, "24-SafeMath.rt.hex": 0, "24-IPC16.rt.hex": 0, "24-EIP20Interface.rt.hex": 0, "24-Governmental.rt.hex": 1, "24-Attacker.rt.hex": 0, "25-SafeMath.rt.hex": 0, "25-ERC20TokenInterface.rt.hex": 1, "25-ERC20Token.rt.hex": 1, "25-AsseteGram.rt.hex": 1, "26-ECRecovery.rt.hex": 0, "26-SafeMath.rt.hex": 0, "26-Roles.rt.hex": 0, "26-IERC20.rt.hex": 0, "26-ERC20.rt.hex": 0, "26-Ownable.rt.hex": 0, "26-MinterRole.rt.hex": 0, "26-Mintable.rt.hex": 0, "26-Pausable.rt.hex": 0, "26-Burnable.rt.hex": 0, "26-Lockable.rt.hex": 0, "26-DelegatorRole.rt.hex": 0, "26-Delegatable.rt.hex": 0, "26-TrancheToken.rt.hex": 0, "27-Ownable.rt.hex": 0, "27-SafeMath.rt.hex": 0, "27-CommunityVesting.rt.hex": 0, "27-EcosystemVesting.rt.hex": 0, "27-SeedPrivateAdvisorVesting.rt.hex": 0, "27-TeamVesting.rt.hex": 0, "27-TokenInterface.rt.hex": 0, "27-Vesting.rt.hex": 0, "28-SafeMath.rt.hex": 0, "28-OwnerHelper.rt.hex": 0, "28-ERC20Interface.rt.hex": 0, "28-LINIXToken.rt.hex": 0, "29-digitalNotary.rt.hex": 1, "30-SafeMath.rt.hex": 0, "30-Governmental.rt.hex": 1, "30-Attacker.rt.hex": 0, "31-SafeMath.rt.hex": 0, "31-ItemsInterfaceForEternalStorage.rt.hex": 0, "31-EternalStorage.rt.hex": 0, "32-Ownable.rt.hex": 0, "32-Pausable.rt.hex": 0, "32-Destructible.rt.hex": 0, "32-EDCoreInterface.rt.hex": 0, "32-DungeonRunCore.rt.hex": 0, "33-BasicToken.rt.hex": 0, "33-Ownable.rt.hex": 0, "33-ERC20Basic.rt.hex": 0, "33-IERC20.rt.hex": 0, "33-SafeMath.rt.hex": 0, "33-ERC20Detailed.rt.hex": 1, "33-BIGBOMBv2.rt.hex": 1, "34-SafeMath.rt.hex": 0, "34-owned.rt.hex": 1, "34-ERC20Essential.rt.hex": 0, "34-BitpayerDEX.rt.hex": 1, "35-SafeMath.rt.hex": 0, "35-owned.rt.hex": 0, "35-tokenRecipient.rt.hex": 0, "35-ParsecTokenERC20.rt.hex": 0, "35-ParsecCrowdsale.rt.hex": 0, "36-SafeMath.rt.hex": 0, "36-OwnerHelper.rt.hex": 0, "36-ERC20Interface.rt.hex": 0, "36-LINIXToken.rt.hex": 0, "37-IERC20.rt.hex": 0, "37-PHO.rt.hex": 1, "38-Ownable.rt.hex": 0, "38-SafeMath.rt.hex": 0, "38-ERC20.rt.hex": 1, "38-ERC223ReceivingContract.rt.hex": 1, "38-ERC223.rt.hex": 1, "38-ERC223Token.rt.hex": 1, "38-Owned.rt.hex": 1, "38-Grand.rt.hex": 1, "39-Ownable.rt.hex": 0, "39-Pausable.rt.hex": 0, "39-Destructible.rt.hex": 0, "39-EDCoreInterface.rt.hex": 0, "39-DungeonRunBeta.rt.hex": 0, "40-Ownable.rt.hex": 0, "40-ERC20.rt.hex": 0, "40-WithToken.rt.hex": 0, "40-SSPTypeAware.rt.hex": 0, "40-SSPRegistry.rt.hex": 0, "40-PublisherRegistry.rt.hex": 0, "40-DSPTypeAware.rt.hex": 0, "40-DSPRegistry.rt.hex": 0, "40-DepositRegistry.rt.hex": 0, "40-AuditorRegistry.rt.hex": 0, "40-DepositAware.rt.hex": 0, "40-SecurityDepositAware.rt.hex": 0, "40-AuditorRegistrar.rt.hex": 0, "40-DSPRegistrar.rt.hex": 0, "40-PublisherRegistrar.rt.hex": 0, "40-SSPRegistrar.rt.hex": 0, "40-ChannelApi.rt.hex": 0, "40-RegistryProvider.rt.hex": 0, "40-StateChannelListener.rt.hex": 0, "40-PapyrusDAO.rt.hex": 0, "41-lottopollo.rt.hex": 1, "42-SafeMath.rt.hex": 0, "42-Ownable.rt.hex": 0, "42-PausableOnce.rt.hex": 0, "42-ERC20Basic.rt.hex": 0, "42-BasicToken.rt.hex": 0, "42-ERC20.rt.hex": 0, "42-StandardToken.rt.hex": 0, "42-InterfaceUpgradeAgent.rt.hex": 0, "42-UpgradableToken.rt.hex": 0, "42-Withdrawable.rt.hex": 0, "42-CtdToken.rt.hex": 0, "43-IERC20.rt.hex": 0, "43-SafeMath.rt.hex": 0, "43-ERC20.rt.hex": 0, "43-GrowToken.rt.hex": 0, "44-Ownable.rt.hex": 0, "44-Roles.rt.hex": 0, "44-PauserRole.rt.hex": 0, "44-Pausable.rt.hex": 0, "44-COORole.rt.hex": 0, "44-ReentrancyGuard.rt.hex": 0, "44-SafeMath.rt.hex": 0, "44-KittyBountiesAdmin.rt.hex": 0, "44-KittyCore.rt.hex": 0, "44-KittyBounties.rt.hex": 0, "45-Ownable.rt.hex": 0, "45-SketchMarket.rt.hex": 0, "46-Token.rt.hex": 0, "46-SafeMath.rt.hex": 0, "46-StandardToken.rt.hex": 0, "46-GRO.rt.hex": 0, "47-SafeMath.rt.hex": 0, "47-FomoFeast.rt.hex": 1, "48-SafeMath.rt.hex": 0, "48-Ownable.rt.hex": 0, "48-IErc20.rt.hex": 0, "48-Monetary.rt.hex": 0, "48-IPriceOracle.rt.hex": 0, "48-Require.rt.hex": 0, "48-Math.rt.hex": 0, "48-Time.rt.hex": 0, "48-IMakerOracle.rt.hex": 0, "48-IOasisDex.rt.hex": 0, "48-DaiPriceOracle.rt.hex": 0, "49-SafeMath.rt.hex": 0, "49-ContractReceiver.rt.hex": 0, "49-PetToken.rt.hex": 0, "50-IERC20.rt.hex": 0, "50-ERC20.rt.hex": 0, "50-EIP20Interface.rt.hex": 1, "50-HotDollarsToken.rt.hex": 1, "51-ERC20.rt.hex": 0, "51-SafeMath.rt.hex": 0, "51-JPThor.rt.hex": 0, "51-EtherLotto.rt.hex": 1, "52-NokuPricingPlan.rt.hex": 0, "52-Ownable.rt.hex": 0, "52-Pausable.rt.hex": 0, "52-SafeMath.rt.hex": 0, "52-ERC20Basic.rt.hex": 0, "52-ERC20.rt.hex": 0, "52-BurnableERC20.rt.hex": 0, "52-NokuTokenBurner.rt.hex": 0, "52-BasicToken.rt.hex": 0, "52-BurnableToken.rt.hex": 0, "52-DetailedERC20.rt.hex": 0, "52-StandardToken.rt.hex": 0, "52-MintableToken.rt.hex": 0, "52-NokuCustomERC20.rt.hex": 0, "52-NokuCustomERC20Service.rt.hex": 0, "53-Ownable.rt.hex": 0, "53-KyberContirbutorWhitelist.rt.hex": 0, "53-lottopollo.rt.hex": 1, "54-Owned.rt.hex": 0, "54-ERC20Interface.rt.hex": 0, "54-CoinsNetwork.rt.hex": 0, "54-IERC20.rt.hex": 0, "54-SafeMath.rt.hex": 0, "54-ERC20Detailed.rt.hex": 1, "54-BIGBOMBv2.rt.hex": 1, "55-Ownable.rt.hex": 0, "55-LinkedList.rt.hex": 0, "55-ERC20Basic.rt.hex": 0, "55-SafeMath.rt.hex": 0, "55-BasicToken.rt.hex": 0, "55-ERC20.rt.hex": 0, "55-StandardToken.rt.hex": 0, "55-Pausable.rt.hex": 0, "55-PausableToken.rt.hex": 0, "55-BurnableToken.rt.hex": 0, "55-RepublicToken.rt.hex": 0, "55-DarknodeRegistryStore.rt.hex": 0, "56-Owned.rt.hex": 0, "56-IERC20.rt.hex": 0, "56-SafeMath.rt.hex": 0, "56-ERC20Detailed.rt.hex": 1, "56-BIGBOMBv2.rt.hex": 1, "57-SafeMath.rt.hex": 0, "57-Ownable.rt.hex": 0, "57-Roles.rt.hex": 0, "57-MinterRole.rt.hex": 0, "57-ReentrancyGuard.rt.hex": 0, "57-CertificateControllerMock.rt.hex": 0, "57-CertificateController.rt.hex": 0, "57-IERC777TokensRecipient.rt.hex": 0, "57-IERC777TokensSender.rt.hex": 0, "57-IERC1410.rt.hex": 0, "57-IERC777.rt.hex": 0, "57-IERC1400.rt.hex": 0, "57-ERC820Registry.rt.hex": 0, "57-ERC820Client.rt.hex": 0, "57-ERC777.rt.hex": 0, "57-ERC1410.rt.hex": 0, "57-ERC1400.rt.hex": 0, "58-SafeMath.rt.hex": 0, "58-Ownable.rt.hex": 0, "58-Pausable.rt.hex": 0, "58-ERC20Basic.rt.hex": 0, "58-BasicToken.rt.hex": 0, "58-ERC20.rt.hex": 0, "58-StandardToken.rt.hex": 0, "58-PausableToken.rt.hex": 0, "58-CostumeToken.rt.hex": 0, "58-Crowdsale.rt.hex": 0, "59-EventMetadata.rt.hex": 1, "59-Operated.rt.hex": 1, "59-ProofHashes.rt.hex": 1, "59-MultiHashWrapper.rt.hex": 1, "59-iFactory.rt.hex": 0, "59-Template.rt.hex": 1, "59-Feed.rt.hex": 1, "60-Ownable.rt.hex": 0, "60-Roles.rt.hex": 0, "60-RBAC.rt.hex": 0, "60-SafeMath.rt.hex": 0, "60-ERC20Basic.rt.hex": 0, "60-ERC20.rt.hex": 0, "60-BasicToken.rt.hex": 0, "60-StandardToken.rt.hex": 0, "60-Pausable.rt.hex": 0, "60-PausableToken.rt.hex": 0, "60-BlackListToken.rt.hex": 0, "60-TwoPhaseToken.rt.hex": 0, "60-UpgradedStandardToken.rt.hex": 0, "60-WithToken.rt.hex": 0, "61-SafeMath.rt.hex": 0, "61-IERC20.rt.hex": 0, "61-ERC20Detailed.rt.hex": 1, "61-BIGBOMBv2.rt.hex": 1, "62-SafeMath.rt.hex": 0, "62-ERC20.rt.hex": 0, "62-ReserveToken.rt.hex": 0, "62-EtherDelta.rt.hex": 0, "63-SafeMath.rt.hex": 0, "63-Roles.rt.hex": 0, "63-PauserRole.rt.hex": 0, "63-Pausable.rt.hex": 0, "63-Ownable.rt.hex": 0, "63-KittyBountiesAdmin.rt.hex": 0, "63-KittyCore.rt.hex": 0, "63-KittyBounties.rt.hex": 0, "64-SafeMath.rt.hex": 0, "64-lottopollo.rt.hex": 1, "65-Regatta.rt.hex": 0, "66-SafeMath.rt.hex": 0, "66-Ownable.rt.hex": 0, "66-Helper.rt.hex": 0, "66-LNX.rt.hex": 0, "67-LibBytes.rt.hex": 0, "67-ReentrancyGuard.rt.hex": 0, "67-SafeMath.rt.hex": 0, "67-LibConstants.rt.hex": 0, "67-LibEIP712.rt.hex": 0, "67-LibFillResults.rt.hex": 0, "67-LibMath.rt.hex": 0, "67-LibOrder.rt.hex": 0, "67-LibAbiEncoder.rt.hex": 0, "67-IOwnable.rt.hex": 0, "67-IAuthorizable.rt.hex": 0, "67-IAssetProxy.rt.hex": 0, "67-IValidator.rt.hex": 0, "67-IWallet.rt.hex": 0, "67-IExchangeCore.rt.hex": 0, "67-IAssetProxyDispatcher.rt.hex": 0, "67-IMatchOrders.rt.hex": 0, "67-ISignatureValidator.rt.hex": 0, "67-ITransactions.rt.hex": 0, "67-IWrapperFunctions.rt.hex": 0, "67-IExchange.rt.hex": 0, "67-MExchangeCore.rt.hex": 0, "67-MAssetProxyDispatcher.rt.hex": 0, "67-MMatchOrders.rt.hex": 0, "67-MSignatureValidator.rt.hex": 0, "67-MTransactions.rt.hex": 0, "67-MWrapperFunctions.rt.hex": 0, "67-Ownable.rt.hex": 0, "67-MixinExchangeCore.rt.hex": 0, "67-MixinSignatureValidator.rt.hex": 0, "67-MixinWrapperFunctions.rt.hex": 0, "67-MixinTransactions.rt.hex": 0, "67-MixinAssetProxyDispatcher.rt.hex": 0, "67-MixinMatchOrders.rt.hex": 0, "67-Exchange.rt.hex": 0, "68-SafeMath.rt.hex": 0, "68-OwnerHelper.rt.hex": 0, "68-ERC20Interface.rt.hex": 0, "68-VantaToken.rt.hex": 0, "69-SafeMath.rt.hex": 0, "69-Ownable.rt.hex": 0, "69-ERC20Basic.rt.hex": 0, "69-ERC20.rt.hex": 0, "69-SafeERC20.rt.hex": 0, "69-Crowdsale.rt.hex": 0, "69-TimedCrowdsale.rt.hex": 0, "69-FinalizableCrowdsale.rt.hex": 0, "69-BasicToken.rt.hex": 0, "69-StandardToken.rt.hex": 0, "69-MintableToken.rt.hex": 0, "69-MintedCrowdsale.rt.hex": 0, "69-Pausable.rt.hex": 0, "69-RealtyReturnsTokenInterface.rt.hex": 0, "69-PausableToken.rt.hex": 0, "69-RealtyReturnsToken.rt.hex": 0, "69-LockTokenAllocation.rt.hex": 0, "69-RealtyReturnsTokenCrowdsale.rt.hex": 0, "70-SafeMath.rt.hex": 0, "70-EtherLotto.rt.hex": 1, "71-SafeMath.rt.hex": 0, "71-Governmental.rt.hex": 1, "71-Attacker.rt.hex": 0, "72-SafeMath.rt.hex": 0, "72-ERC20Interface.rt.hex": 1, "72-Owned.rt.hex": 1, "72-ExclusivePlatform.rt.hex": 1, "73-SafeMath.rt.hex": 0, "73-Ownable.rt.hex": 0, "73-Finalizable.rt.hex": 0, "73-IToken.rt.hex": 0, "73-TokenReceivable.rt.hex": 0, "73-EventDefinitions.rt.hex": 0, "73-Token.rt.hex": 0, "73-Controller.rt.hex": 0, "73-PreSale.rt.hex": 0, "73-Ledger.rt.hex": 0, "74-owned.rt.hex": 1, "74-tokenRecipient.rt.hex": 1, "74-Token.rt.hex": 1, "74-SafeMath.rt.hex": 0, "74-MindsyncPlatform.rt.hex": 1, "75-ECRecovery.rt.hex": 0, "75-SigningLogic.rt.hex": 0, "75-ERC20Basic.rt.hex": 0, "75-ERC20.rt.hex": 0, "75-SafeMath.rt.hex": 0, "75-SafeERC20.rt.hex": 0, "75-TokenEscrowMarketplace.rt.hex": 0, "75-Initializable.rt.hex": 0, "75-AttestationLogic.rt.hex": 0, "76-Pool.rt.hex": 0, "76-SafeMath.rt.hex": 0, "76-RigoToken.rt.hex": 0, "76-DragoRegistry.rt.hex": 0, "76-Inflation.rt.hex": 0, "76-ReentrancyGuard.rt.hex": 0, "76-ProofOfPerformanceFace.rt.hex": 0, "76-ProofOfPerformance.rt.hex": 0, "77-SafeMath.rt.hex": 0, "77-IERC20.rt.hex": 0, "77-ERC20.rt.hex": 0, "77-Roles.rt.hex": 0, "77-MinterRole.rt.hex": 0, "77-ERC20Mintable.rt.hex": 0, "77-ERC20Burnable.rt.hex": 0, "77-TuneTradeToken.rt.hex": 0, "77-WhitelistAdminRole.rt.hex": 0, "77-WhitelistedRole.rt.hex": 0, "77-TeamRole.rt.hex": 0, "77-SafeERC20.rt.hex": 0, "77-SwapContract.rt.hex": 0, "78-SafeMath.rt.hex": 0, "78-ItemsInterfaceForEternalStorage.rt.hex": 0, "78-EternalStorage.rt.hex": 0, "79-ECRecovery.rt.hex": 0, "79-Roles.rt.hex": 0, "79-SafeMath.rt.hex": 0, "79-IERC20.rt.hex": 0, "79-ERC20.rt.hex": 0, "79-Ownable.rt.hex": 0, "79-MinterRole.rt.hex": 0, "79-Mintable.rt.hex": 0, "79-Pausable.rt.hex": 0, "79-Burnable.rt.hex": 0, "79-Lockable.rt.hex": 0, "79-DelegatorRole.rt.hex": 0, "79-Delegatable.rt.hex": 0, "79-TrustShoreToken.rt.hex": 0, "80-SafeMath.rt.hex": 0, "80-Roles.rt.hex": 0, "80-RBAC.rt.hex": 0, "80-RBACWithAdmin.rt.hex": 0, "80-Ownable.rt.hex": 0, "80-ERC20Basic.rt.hex": 0, "80-BasicToken.rt.hex": 0, "80-ERC20.rt.hex": 0, "80-DetailedERC20.rt.hex": 0, "80-StandardToken.rt.hex": 0, "80-ERC865.rt.hex": 0, "80-ERC865Token.rt.hex": 0, "80-BeepToken.rt.hex": 0, "81-IERC165.rt.hex": 0, "81-ERC165.rt.hex": 0, "81-IERC721.rt.hex": 0, "81-IERC721Receiver.rt.hex": 0, "81-SafeMath.rt.hex": 0, "81-Address.rt.hex": 0, "81-FormSI060719.rt.hex": 0, "82-Roulette.rt.hex": 1, "83-SafeMath.rt.hex": 0, "83-Roles.rt.hex": 0, "83-PauserRole.rt.hex": 0, "83-Pausable.rt.hex": 0, "83-Ownable.rt.hex": 0, "83-KittyBountiesAdmin.rt.hex": 0, "83-KittyCore.rt.hex": 0, "83-KittyBounties.rt.hex": 0, "84-SafeMath.rt.hex": 0, "84-OwnerHelper.rt.hex": 0, "84-ERC20Interface.rt.hex": 0, "84-ITAMToken.rt.hex": 0, "85-Token.rt.hex": 0, "85-StandardToken.rt.hex": 0, "85-HumanStandardToken.rt.hex": 0, "85-StandardBounties.rt.hex": 0, "86-IAccounting.rt.hex": 0, "86-IAccountingFactory.rt.hex": 0, "86-IERC20.rt.hex": 0, "86-IDisputer.rt.hex": 0, "86-FeeWindow.rt.hex": 0, "86-Universe.rt.hex": 0, "86-ReportingParticipant.rt.hex": 0, "86-Market.rt.hex": 0, "86-IDisputerFactory.rt.hex": 0, "86-ICrowdsourcerParent.rt.hex": 0, "86-ICrowdsourcer.rt.hex": 0, "86-DisputerParams.rt.hex": 0, "86-Crowdsourcer.rt.hex": 0, "86-CrowdsourcerFactory.rt.hex": 0, "87-SafeMath.rt.hex": 0, "87-IERC20.rt.hex": 0, "87-ERC20Detailed.rt.hex": 1, "87-BIGBOMBv2.rt.hex": 1, "88-SafeMath.rt.hex": 0, "88-Ownable.rt.hex": 0, "88-ERC20Basic.rt.hex": 0, "88-ERC20.rt.hex": 0, "88-SafeERC20.rt.hex": 0, "88-Crowdsale.rt.hex": 0, "88-TimedCrowdsale.rt.hex": 0, "88-FinalizableCrowdsale.rt.hex": 0, "88-BasicToken.rt.hex": 0, "88-StandardToken.rt.hex": 0, "88-MintableToken.rt.hex": 0, "88-MintedCrowdsale.rt.hex": 0, "88-Pausable.rt.hex": 0, "88-RealtyReturnsTokenInterface.rt.hex": 0, "88-PausableToken.rt.hex": 0, "88-RealtyReturnsToken.rt.hex": 0, "88-LockTokenAllocation.rt.hex": 0, "88-RealtyReturnsTokenCrowdsale.rt.hex": 0, "89-Ownable.rt.hex": 1, "89-TokenERC20.rt.hex": 1, "89-TTC.rt.hex": 1, "90-SafeMath.rt.hex": 0, "90-ItemsInterfaceForEternalStorage.rt.hex": 0, "90-EternalStorage.rt.hex": 0, "91-SafeMath.rt.hex": 0, "91-IERC20.rt.hex": 0, "91-ERC20.rt.hex": 1, "91-ERC20Detailed.rt.hex": 1, "91-SaveWon.rt.hex": 1, "92-TAMCContract.rt.hex": 1, "93-SafeMath.rt.hex": 0, "93-Roles.rt.hex": 0, "93-PauserRole.rt.hex": 0, "93-Pausable.rt.hex": 0, "93-Ownable.rt.hex": 0, "93-KittyBountiesAdmin.rt.hex": 0, "93-KittyCore.rt.hex": 0, "93-KittyBounties.rt.hex": 0, "94-SafeMath.rt.hex": 0, "94-database.rt.hex": 0, "94-topl_database_lib.rt.hex": 0, "94-iconiq_presale.rt.hex": 0, "95-Ownable.rt.hex": 0, "95-SafeMath.rt.hex": 0, "95-ERC20Basic.rt.hex": 0, "95-BasicToken.rt.hex": 0, "95-ERC20.rt.hex": 0, "95-StandardToken.rt.hex": 0, "95-BurnableToken.rt.hex": 0, "95-Pausable.rt.hex": 0, "95-GiftToken.rt.hex": 0, "95-Whitelist.rt.hex": 0, "95-GiftCrowdsale.rt.hex": 0, "96-SafeMath.rt.hex": 0, "96-owned.rt.hex": 1, "96-tokenRecipient.rt.hex": 0, "96-TokenERC20.rt.hex": 1, "96-AZT.rt.hex": 1, "97-SafeMath.rt.hex": 0, "97-Ownable.rt.hex": 0, "97-Pausable.rt.hex": 0, "97-ERC20Basic.rt.hex": 0, "97-BasicToken.rt.hex": 0, "97-ERC20.rt.hex": 0, "97-StandardToken.rt.hex": 0, "97-PausableToken.rt.hex": 0, "97-RefundVault.rt.hex": 0, "97-PallyCoin.rt.hex": 0, "97-Crowdsale.rt.hex": 0, "98-TimedCrowdsale.rt.hex": 1, "99-SafeMath.rt.hex": 0, "99-database.rt.hex": 0, "99-topl_database_lib.rt.hex": 0, "99-arbits_presale.rt.hex": 0, "100-SafeMath.rt.hex": 0, "100-ERC20Token.rt.hex": 0, "100-UnlockGmi.rt.hex": 0, "101-SafeMath.rt.hex": 0, "101-ERC20Interface.rt.hex": 1, "101-ApproveAndCallFallBack.rt.hex": 1, "101-Owned.rt.hex": 1, "101-QurasToken.rt.hex": 1, "102-IERC20.rt.hex": 0, "102-SafeERC20.rt.hex": 0, "102-owned.rt.hex": 1, "102-tokenRecipient.rt.hex": 1, "102-Token.rt.hex": 1, "102-SafeMath.rt.hex": 0, "102-MindsyncPlatform.rt.hex": 1, "103-IAccessPolicy.rt.hex": 0, "103-IAccessControlled.rt.hex": 0, "103-StandardRoles.rt.hex": 0, "103-AccessControlled.rt.hex": 0, "103-IMigrationTarget.rt.hex": 0, "103-MigrationTarget.rt.hex": 0, "103-EuroTokenMigrationTarget.rt.hex": 0, "103-IMigrationSource.rt.hex": 0, "103-MigrationSource.rt.hex": 0, "103-AccessRoles.rt.hex": 0, "103-IBasicToken.rt.hex": 0, "103-Reclaimable.rt.hex": 0, "103-ITokenMetadata.rt.hex": 0, "103-TokenMetadata.rt.hex": 0, "103-IERC20Allowance.rt.hex": 0, "103-IERC20Token.rt.hex": 0, "103-IERC677Callback.rt.hex": 0, "103-IERC677Allowance.rt.hex": 0, "103-IERC677Token.rt.hex": 0, "103-Math.rt.hex": 0, "103-BasicToken.rt.hex": 0, "103-StandardToken.rt.hex": 0, "103-EuroToken.rt.hex": 0, "104-IERC20.rt.hex": 0, "104-SafeMath.rt.hex": 0, "104-ERC20Detailed.rt.hex": 1, "104-HYDROGEN.rt.hex": 1, "105-IERC20.rt.hex": 0, "105-ERC20Detailed.rt.hex": 0, "105-CareerOnToken.rt.hex": 1, "106-ERC20Interface.rt.hex": 1, "106-IERC20Interface.rt.hex": 1, "106-RaffleToken.rt.hex": 0, "106-SafeMath.rt.hex": 0, "106-RaffleTokenExchange.rt.hex": 1, "107-Moloch.rt.hex": 0, "107-IERC20.rt.hex": 0, "107-Ownable.rt.hex": 0, "107-GuildBank.rt.hex": 0, "107-SafeMath.rt.hex": 0, "108-Stopped.rt.hex": 0, "108-TokenERC20.rt.hex": 0, "108-TCT.rt.hex": 0, "108-MathTCT.rt.hex": 0, "108-Owned.rt.hex": 0, "108-lottopollo.rt.hex": 1, "109-SafeMath.rt.hex": 0, "109-ERC20.rt.hex": 1, "109-ERC223ReceivingContract.rt.hex": 1, "109-ERC223.rt.hex": 1, "109-ERC223Token.rt.hex": 1, "109-Owned.rt.hex": 1, "109-Grand.rt.hex": 1, "110-SafeMath.rt.hex": 0, "110-IERC20.rt.hex": 0, "110-ERC20Detailed.rt.hex": 1, "110-BIGBOMBv2.rt.hex": 1, "111-SafeMath.rt.hex": 0, "111-EtherLotto.rt.hex": 1, "112-Ownable.rt.hex": 0, "112-Roles.rt.hex": 0, "112-RBAC.rt.hex": 0, "112-SafeMath.rt.hex": 0, "112-ERC20Basic.rt.hex": 0, "112-ERC20.rt.hex": 0, "112-BasicToken.rt.hex": 0, "112-StandardToken.rt.hex": 0, "112-Pausable.rt.hex": 0, "112-PausableToken.rt.hex": 0, "112-BlackListToken.rt.hex": 0, "112-TwoPhaseToken.rt.hex": 0, "112-UpgradedStandardToken.rt.hex": 0, "112-WitToken.rt.hex": 0, "113-SafeMathLib.rt.hex": 0, "113-Ownable.rt.hex": 0, "113-Haltable.rt.hex": 0, "113-PricingStrategy.rt.hex": 0, "113-FinalizeAgent.rt.hex": 0, "113-ERC20.rt.hex": 0, "113-FractionalERC20.rt.hex": 0, "113-Crowdsale.rt.hex": 0, "113-SafeMath.rt.hex": 0, "113-StandardToken.rt.hex": 0, "113-UpgradeAgent.rt.hex": 0, "113-UpgradeableToken.rt.hex": 0, "113-ReleasableToken.rt.hex": 0, "113-MintableToken.rt.hex": 0, "113-CrowdsaleToken.rt.hex": 0, "113-MysteriumPricing.rt.hex": 0, "113-MysteriumTokenDistribution.rt.hex": 0, "114-SafeMath.rt.hex": 0, "114-ItemsInterfaceForEternalStorage.rt.hex": 0, "114-EternalStorage.rt.hex": 0, "115-Ownable.rt.hex": 0, "115-Pausable.rt.hex": 0, "115-SafeMath.rt.hex": 0, "115-ERC20Basic.rt.hex": 0, "115-BasicToken.rt.hex": 0, "115-ERC20.rt.hex": 0, "115-StandardToken.rt.hex": 0, "115-MintableToken.rt.hex": 0, "115-StarCoin.rt.hex": 0, "115-InvestorWhiteList.rt.hex": 0, "115-StarCoinPreSale.rt.hex": 0, "116-Token.rt.hex": 1, "116-SafeMath.rt.hex": 0, "116-StableDEX.rt.hex": 1, "117-SafeMath.rt.hex": 0, "117-EtherLotto.rt.hex": 1, "118-SafeMath.rt.hex": 0, "118-IERC20.rt.hex": 0, "118-ERC20.rt.hex": 1, "118-ERC20Detailed.rt.hex": 1, "118-SimpleSwapCoin.rt.hex": 1, "119-SafeMath.rt.hex": 0, "119-Ownable.rt.hex": 1, "119-TokenERC20.rt.hex": 1, "119-XLToken.rt.hex": 1, "120-IERC20.rt.hex": 0, "120-ERC20Detailed.rt.hex": 0, "120-SafeMath.rt.hex": 0, "120-ERC20.rt.hex": 0, "120-ERC20Burnable.rt.hex": 0, "120-Ownable.rt.hex": 0, "120-Roles.rt.hex": 0, "120-PauserRole.rt.hex": 0, "120-Pausable.rt.hex": 0, "120-MinterRole.rt.hex": 0, "120-WhitelistAdminRole.rt.hex": 0, "120-WhitelistedRole.rt.hex": 0, "120-InvictusWhitelist.rt.hex": 0, "120-C10Token.rt.hex": 0, "121-Ownable.rt.hex": 0, "121-Pausable.rt.hex": 0, "121-Destructible.rt.hex": 0, "121-EDCoreInterface.rt.hex": 0, "121-DungeonRunCore.rt.hex": 0, "122-SafeMath.rt.hex": 0, "122-RequestUid.rt.hex": 0, "122-AdminUpgradeable.rt.hex": 0, "122-BICALogicUpgradeable.rt.hex": 0, "122-BICALogic.rt.hex": 0, "122-BICALedger.rt.hex": 0, "122-ERC20Interface.rt.hex": 0, "122-BICAProxy.rt.hex": 0, "123-SafeMath.rt.hex": 0, "123-ExtendedMath.rt.hex": 0, "123-ERC20Interface.rt.hex": 1, "123-ApproveAndCallFallBack.rt.hex": 1, "123-Owned.rt.hex": 1, "123-_Yesbuzz.rt.hex": 1, "124-IERC20.rt.hex": 0, "124-SafeMath.rt.hex": 0, "124-ERC20.rt.hex": 1, "124-ERC20Burnable.rt.hex": 1, "124-ERC20Detailed.rt.hex": 1, "124-AGR.rt.hex": 1, "125-ERC20Basic.rt.hex": 0, "125-BasicToken.rt.hex": 0, "125-CareerOnToken.rt.hex": 1, "126-SafeMath.rt.hex": 0, "126-ERC20.rt.hex": 0, "126-ReserveToken.rt.hex": 0, "126-EtherDelta.rt.hex": 0, "127-Ownable.rt.hex": 1, "127-Stoppable.rt.hex": 1, "127-RampInstantPoolInterface.rt.hex": 0, "127-RampInstantEscrowsPoolInterface.rt.hex": 1, "127-RampInstantPool.rt.hex": 1, "127-RampInstantEthPool.rt.hex": 1, "128-Ownable.rt.hex": 0, "128-Claimable.rt.hex": 0, "128-ERC20Basic.rt.hex": 0, "128-ERC20.rt.hex": 0, "128-SafeERC20.rt.hex": 0, "128-CanReclaimToken.rt.hex": 0, "128-OwnableContract.rt.hex": 0, "128-OwnableContractOwner.rt.hex": 0, "128-ControllerInterface.rt.hex": 0, "128-SafeMath.rt.hex": 0, "128-BasicToken.rt.hex": 0, "128-StandardToken.rt.hex": 0, "128-DetailedERC20.rt.hex": 0, "128-MintableToken.rt.hex": 0, "128-BurnableToken.rt.hex": 0, "128-Pausable.rt.hex": 0, "128-PausableToken.rt.hex": 0, "128-WBTC.rt.hex": 0, "128-MembersInterface.rt.hex": 0, "128-Controller.rt.hex": 0, "129-SafeMathLib.rt.hex": 0, "129-Ownable.rt.hex": 0, "129-Haltable.rt.hex": 0, "129-PricingStrategy.rt.hex": 0, "129-FinalizeAgent.rt.hex": 0, "129-ERC20.rt.hex": 0, "129-FractionalERC20.rt.hex": 0, "129-Crowdsale.rt.hex": 0, "129-MysteriumPricing.rt.hex": 0, "129-SafeMath.rt.hex": 0, "129-StandardToken.rt.hex": 0, "129-MintableToken.rt.hex": 0, "129-MysteriumCrowdsale.rt.hex": 0, "130-SafeMath.rt.hex": 0, "130-ERC20Basic.rt.hex": 0, "130-BasicToken.rt.hex": 0, "130-ERC20.rt.hex": 0, "130-StandardToken.rt.hex": 0, "130-SafeERC20.rt.hex": 0, "130-Owned.rt.hex": 0, "130-TokenVesting.rt.hex": 0, "130-TokenVault.rt.hex": 0, "130-BurnableToken.rt.hex": 0, "130-LCGC_Token.rt.hex": 0, "131-CareerOnToken.rt.hex": 1, "132-SafeMath.rt.hex": 0, "132-IERC20.rt.hex": 0, "132-ERC20Detailed.rt.hex": 1, "132-BIGBOMBv2.rt.hex": 1, "133-Clue.rt.hex": 0, "133-EtherLotto.rt.hex": 1, "134-Token.rt.hex": 0, "134-SafeMath.rt.hex": 0, "134-StandardToken.rt.hex": 0, "134-GRO.rt.hex": 0, "135-PLATPriceOracle.rt.hex": 0, "135-Governmental.rt.hex": 1, "135-Attacker.rt.hex": 0, "136-DSAuthority.rt.hex": 0, "136-DSAuthEvents.rt.hex": 0, "136-DSAuth.rt.hex": 0, "136-AssetPriceOracle.rt.hex": 0, "136-SafeMath.rt.hex": 0, "136-ContractForDifference.rt.hex": 0, "137-SafeMath.rt.hex": 0, "137-IERC20.rt.hex": 0, "137-ERC20Detailed.rt.hex": 0, "137-ERC20.rt.hex": 0, "137-Roles.rt.hex": 0, "137-PauserRole.rt.hex": 0, "137-Pausable.rt.hex": 0, "137-ERC20Pausable.rt.hex": 0, "137-MinterRole.rt.hex": 0, "137-ERC20Mintable.rt.hex": 0, "137-Ownable.rt.hex": 0, "137-IWhitelist.rt.hex": 0, "137-ERC20Whitelistable.rt.hex": 0, "137-BurnerRole.rt.hex": 0, "137-ERC20Burnable.rt.hex": 0, "137-CanReclaimEther.rt.hex": 0, "137-SafeERC20.rt.hex": 0, "137-CanReclaimToken.rt.hex": 0, "137-LeveragedToken.rt.hex": 0, "138-SafeMath.rt.hex": 0, "138-Ownable.rt.hex": 0, "138-Helper.rt.hex": 0, "138-LNXtest.rt.hex": 0, "139-Ownable.rt.hex": 1, "139-ChannelWallet.rt.hex": 1, "140-SafeMath.rt.hex": 0, "140-IERC20.rt.hex": 0, "140-ERC20.rt.hex": 1, "140-ERC20Detailed.rt.hex": 1, "140-SaveWon.rt.hex": 1, "141-SafeMath.rt.hex": 0, "141-IERC20.rt.hex": 0, "141-SafeERC20.rt.hex": 0, "141-Ownable.rt.hex": 0, "141-ERC20Detailed.rt.hex": 0, "141-ERC20.rt.hex": 0, "141-Roles.rt.hex": 0, "141-PauserRole.rt.hex": 0, "141-Pausable.rt.hex": 0, "141-ERC20Pausable.rt.hex": 0, "141-ERC20Burnable.rt.hex": 0, "141-MinterRole.rt.hex": 0, "141-ERC20Mintable.rt.hex": 0, "141-ERC20Capped.rt.hex": 0, "141-SgmToken.rt.hex": 0, "141-OperationsVesting.rt.hex": 0, "142-SafeMath.rt.hex": 0, "142-ERC20Interface.rt.hex": 1, "142-ApproveAndCallFallBack.rt.hex": 1, "142-Owned.rt.hex": 1, "142-ForTheBlockchain.rt.hex": 1, "143-SafeMathLib.rt.hex": 0, "143-Ownable.rt.hex": 0, "143-Haltable.rt.hex": 0, "143-PricingStrategy.rt.hex": 0, "143-FinalizeAgent.rt.hex": 0, "143-ERC20.rt.hex": 0, "143-FractionalERC20.rt.hex": 0, "143-Crowdsale.rt.hex": 0, "143-SafeMath.rt.hex": 0, "143-StandardToken.rt.hex": 0, "143-UpgradeAgent.rt.hex": 0, "143-UpgradeableToken.rt.hex": 0, "143-ReleasableToken.rt.hex": 0, "143-MintableToken.rt.hex": 0, "143-CrowdsaleToken.rt.hex": 0, "143-MysteriumPricing.rt.hex": 0, "143-MysteriumTokenDistribution.rt.hex": 0, "144-PublicResolver.rt.hex": 0, "144-IERC20.rt.hex": 0, "144-SafeMath.rt.hex": 0, "144-ERC20Detailed.rt.hex": 1, "144-BIGBOMBv2.rt.hex": 1, "145-BLAccess.rt.hex": 0, "145-DataStorageInterface.rt.hex": 0, "145-BLStorage.rt.hex": 0, "145-BLBalances.rt.hex": 0, "145-BLBlocks.rt.hex": 0, "145-BLMain.rt.hex": 0, "146-Divs4D.rt.hex": 0, "146-Governmental.rt.hex": 1, "146-Attacker.rt.hex": 0, "147-FixedSupplyToken.rt.hex": 0, "147-ERC20Interface.rt.hex": 0, "147-Owned.rt.hex": 0, "147-IERC20.rt.hex": 0, "147-SafeMath.rt.hex": 0, "147-ERC20Detailed.rt.hex": 1, "147-HYDROGEN.rt.hex": 1, "148-ERC20Basic.rt.hex": 0, "148-SerenityTeamAllocator.rt.hex": 0, "148-IERC20.rt.hex": 0, "148-SafeMath.rt.hex": 0, "148-ERC20Detailed.rt.hex": 1, "148-BIGBOMBv2.rt.hex": 1, "149-Ownable.rt.hex": 1, "149-AccountWallet.rt.hex": 1, "150-SafeMath.rt.hex": 0, "150-IERC20.rt.hex": 0, "150-ERC20Detailed.rt.hex": 1, "150-HYDROGEN.rt.hex": 1, "151-ECRecovery.rt.hex": 0, "151-SigningLogic.rt.hex": 0, "151-Initializable.rt.hex": 0, "151-AccountRegistryLogic.rt.hex": 0, "152-SafeMath.rt.hex": 0, "152-ERC20Basic.rt.hex": 0, "152-BasicToken.rt.hex": 0, "152-ERC20.rt.hex": 0, "152-StandardToken.rt.hex": 0, "152-SafeERC20.rt.hex": 0, "152-Owned.rt.hex": 0, "152-TokenVesting.rt.hex": 0, "152-TokenVault.rt.hex": 0, "152-BurnableToken.rt.hex": 0, "152-LCP_Token.rt.hex": 0, "153-IERC20.rt.hex": 0, "153-Marmo.rt.hex": 0, "153-ECDSA.rt.hex": 0, "153-Ownable.rt.hex": 1, "153-ReentrancyGuard.rt.hex": 1, "153-FeeTransactionManager.rt.hex": 1, "154-SafeMath.rt.hex": 0, "154-Ownable.rt.hex": 0, "154-PausableOnce.rt.hex": 0, "154-ERC20Basic.rt.hex": 0, "154-BasicToken.rt.hex": 0, "154-ERC20.rt.hex": 0, "154-StandardToken.rt.hex": 0, "154-InterfaceUpgradeAgent.rt.hex": 0, "154-UpgradableToken.rt.hex": 0, "154-Withdrawable.rt.hex": 0, "154-SaviorToken.rt.hex": 0, "155-SafeMath.rt.hex": 0, "155-owned.rt.hex": 1, "155-tokenRecipient.rt.hex": 1, "155-Token.rt.hex": 1, "155-MindsyncPlatform.rt.hex": 1, "156-ERC20Token.rt.hex": 0, "156-EtherLotto.rt.hex": 1, "157-IERC20.rt.hex": 0, "157-SafeMath.rt.hex": 0, "157-Ownable.rt.hex": 1, "157-ERC20Detailed.rt.hex": 1, "157-DanPanCoin.rt.hex": 1, "158-BLAccess.rt.hex": 0, "158-DataStorageInterface.rt.hex": 0, "158-BLStorage.rt.hex": 0, "158-BLBalances.rt.hex": 0, "158-BLBlocks.rt.hex": 0, "158-BLMain.rt.hex": 0, "159-SafeMath.rt.hex": 0, "159-IERC20.rt.hex": 0, "159-ERC20Detailed.rt.hex": 1, "159-HYDROGEN.rt.hex": 1, "160-Roles.rt.hex": 0, "160-RBAC.rt.hex": 0, "160-SafeMath.rt.hex": 0, "160-ERC20Basic.rt.hex": 0, "160-BasicToken.rt.hex": 0, "160-BurnableToken.rt.hex": 0, "160-ERC20.rt.hex": 0, "160-StandardToken.rt.hex": 0, "160-DUBI.rt.hex": 0, "160-Purpose.rt.hex": 0, "160-Ownable.rt.hex": 0, "160-SafeERC20.rt.hex": 0, "160-Hodler.rt.hex": 0, "160-HodlFor.rt.hex": 0, "161-SafeMath.rt.hex": 0, "161-Governmental.rt.hex": 1, "161-Attacker.rt.hex": 0, "162-VNXLU.rt.hex": 0, "162-ERC20Interface.rt.hex": 0, "162-Owned.rt.hex": 0, "162-SafeMath.rt.hex": 0, "162-owned.rt.hex": 1, "162-tokenRecipient.rt.hex": 0, "162-TokenERC20.rt.hex": 1, "162-AZT.rt.hex": 1, "163-IERC20.rt.hex": 0, "163-SafeMath.rt.hex": 0, "163-ReverseRegistrar.rt.hex": 0, "163-Etherclear.rt.hex": 0, "164-SafeMath.rt.hex": 0, "164-Governmental.rt.hex": 1, "164-Attacker.rt.hex": 0, "165-CareerOnToken.rt.hex": 1, "166-IERC20.rt.hex": 0, "166-SafeMath.rt.hex": 0, "166-ERC20.rt.hex": 0, "166-ERC20Detailed.rt.hex": 0, "166-Ownable.rt.hex": 0, "166-Remote.rt.hex": 0, "166-ProofOfTrident.rt.hex": 0, "166-ERC20Burnable.rt.hex": 0, "166-Vault.rt.hex": 0, "167-SafeMath.rt.hex": 0, "167-IERC20.rt.hex": 0, "167-ERC20.rt.hex": 1, "167-ERC20Detailed.rt.hex": 1, "167-SaveWon.rt.hex": 1, "168-SafeMath.rt.hex": 0, "168-ERC20Basic.rt.hex": 0, "168-BasicToken.rt.hex": 0, "168-ERC20.rt.hex": 0, "168-StandardToken.rt.hex": 0, "168-SafeERC20.rt.hex": 0, "168-Owned.rt.hex": 0, "168-TokenVesting.rt.hex": 0, "168-TokenVault.rt.hex": 0, "168-BurnableToken.rt.hex": 0, "168-BAG_Token.rt.hex": 0, "169-IAccessPolicy.rt.hex": 0, "169-IAccessControlled.rt.hex": 0, "169-StandardRoles.rt.hex": 0, "169-AccessControlled.rt.hex": 0, "169-IsContract.rt.hex": 0, "169-AccessRoles.rt.hex": 0, "169-IBasicToken.rt.hex": 0, "169-Reclaimable.rt.hex": 0, "169-ITokenMetadata.rt.hex": 0, "169-TokenMetadata.rt.hex": 0, "169-IERC223Callback.rt.hex": 0, "169-IERC223Token.rt.hex": 0, "169-IERC20Allowance.rt.hex": 0, "169-IERC20Token.rt.hex": 0, "169-IERC677Callback.rt.hex": 0, "169-IERC677Allowance.rt.hex": 0, "169-IERC677Token.rt.hex": 0, "169-Math.rt.hex": 0, "169-BasicToken.rt.hex": 0, "169-StandardToken.rt.hex": 0, "169-EtherToken.rt.hex": 0, "170-SafeMath.rt.hex": 0, "170-Roles.rt.hex": 0, "170-PauserRole.rt.hex": 0, "170-Pausable.rt.hex": 0, "170-Ownable.rt.hex": 0, "170-KittyBountiesAdmin.rt.hex": 0, "170-KittyCore.rt.hex": 0, "170-KittyBounties.rt.hex": 0, "171-BasicToken.rt.hex": 0, "171-ERC20Basic.rt.hex": 0, "171-IERC20.rt.hex": 0, "171-SafeMath.rt.hex": 0, "171-ERC20Detailed.rt.hex": 1, "171-HYDROGEN.rt.hex": 1, "172-SafeMath.rt.hex": 0, "172-IERC20.rt.hex": 0, "172-ERC20Detailed.rt.hex": 1, "172-HYDROGEN.rt.hex": 1, "173-SafeMath.rt.hex": 0, "173-owned.rt.hex": 1, "173-ethBank.rt.hex": 1, "174-WhiteBetting.rt.hex": 1, "175-ERC20Basic.rt.hex": 0, "175-ERC20.rt.hex": 0, "175-SafeERC20.rt.hex": 0, "175-EtherLotto.rt.hex": 1, "176-EIP20Interface.rt.hex": 1, "176-HotDollarsToken.rt.hex": 1, "177-TAMC.rt.hex": 1, "178-SafeMath.rt.hex": 0, "178-Ownable.rt.hex": 0, "178-PausableOnce.rt.hex": 0, "178-ERC20Basic.rt.hex": 0, "178-BasicToken.rt.hex": 0, "178-ERC20.rt.hex": 0, "178-StandardToken.rt.hex": 0, "178-InterfaceUpgradeAgent.rt.hex": 0, "178-UpgradableToken.rt.hex": 0, "178-Withdrawable.rt.hex": 0, "178-CtdToken.rt.hex": 0, "179-ComptrollerInterface.rt.hex": 0, "179-ComptrollerErrorReporter.rt.hex": 0, "179-TokenErrorReporter.rt.hex": 0, "179-CarefulMath.rt.hex": 0, "179-Exponential.rt.hex": 0, "179-EIP20Interface.rt.hex": 0, "179-EIP20NonStandardInterface.rt.hex": 0, "179-ReentrancyGuard.rt.hex": 0, "179-InterestRateModel.rt.hex": 0, "179-CToken.rt.hex": 0, "179-CErc20.rt.hex": 0, "180-Ownable.rt.hex": 0, "180-SafeMath.rt.hex": 0, "180-CommunityVesting.rt.hex": 0, "180-EcosystemVesting.rt.hex": 0, "180-SeedPrivateAdvisorVesting.rt.hex": 0, "180-TeamVesting.rt.hex": 0, "180-TokenInterface.rt.hex": 0, "180-Vesting.rt.hex": 0, "181-EtherLotto.rt.hex": 1, "182-IERC20.rt.hex": 0, "182-ERC20Detailed.rt.hex": 0, "182-SafeMath.rt.hex": 0, "182-ERC20.rt.hex": 0, "182-Roles.rt.hex": 0, "182-MinterRole.rt.hex": 0, "182-ERC20Mintable.rt.hex": 0, "182-Ownable.rt.hex": 0, "182-ComplianceService.rt.hex": 0, "182-DividendService.rt.hex": 0, "182-ServiceRegistry.rt.hex": 0, "182-BlueshareToken.rt.hex": 0, "183-FlightDelayAddressResolver.rt.hex": 0, "183-lottopollo.rt.hex": 1, "184-SafeMath.rt.hex": 0, "184-Ownable.rt.hex": 0, "184-IERC20.rt.hex": 0, "184-ERC20.rt.hex": 0, "184-ERC20Detailed.rt.hex": 0, "184-SafeERC20.rt.hex": 0, "184-MoneyMarketInterface.rt.hex": 0, "184-LoanEscrow.rt.hex": 0, "184-DividendDistributingToken.rt.hex": 0, "184-LandRegistryInterface.rt.hex": 0, "184-LandRegistryProxyInterface.rt.hex": 0, "184-WhitelistInterface.rt.hex": 0, "184-WhitelistProxyInterface.rt.hex": 0, "184-TokenizedProperty.rt.hex": 0, "185-Divs4D.rt.hex": 0, "185-Governmental.rt.hex": 1, "185-Attacker.rt.hex": 0, "186-SafeMath.rt.hex": 0, "186-Governmental.rt.hex": 1, "186-Attacker.rt.hex": 0, "187-SafeMath.rt.hex": 0, "187-ERC20Basic.rt.hex": 0, "187-BasicToken.rt.hex": 0, "187-ERC20.rt.hex": 0, "187-StandardToken.rt.hex": 0, "187-SafeERC20.rt.hex": 0, "187-Owned.rt.hex": 0, "187-TokenVesting.rt.hex": 0, "187-TokenVault.rt.hex": 0, "187-BurnableToken.rt.hex": 0, "187-CES_Token.rt.hex": 0, "188-Burnable.rt.hex": 0, "188-Mintable.rt.hex": 0, "188-ERC20Basic.rt.hex": 0, "188-ERC20.rt.hex": 0, "188-SafeERC20.rt.hex": 0, "188-TokenTimelock.rt.hex": 0, "188-SafeMath.rt.hex": 0, "188-Ownable.rt.hex": 0, "188-TokenVesting.rt.hex": 0, "188-Pausable.rt.hex": 0, "188-BasicToken.rt.hex": 0, "188-StandardToken.rt.hex": 0, "188-PausableToken.rt.hex": 0, "188-AdaptableToken.rt.hex": 0, "188-NokuMasterToken.rt.hex": 0, "189-SafeMath.rt.hex": 0, "189-Ownable.rt.hex": 0, "189-ERC20Basic.rt.hex": 0, "189-ERC20.rt.hex": 0, "189-BasicToken.rt.hex": 0, "189-StandardToken.rt.hex": 0, "189-MintableToken.rt.hex": 0, "189-OPUCoin.rt.hex": 0, "189-ColdStorage.rt.hex": 0, "189-Vesting.rt.hex": 0, "189-Allocation.rt.hex": 0, "190-SafeMath.rt.hex": 0, "190-Ownable.rt.hex": 1, "190-Stoppable.rt.hex": 1, "190-RampInstantPoolInterface.rt.hex": 0, "190-RampInstantEscrowsPoolInterface.rt.hex": 1, "190-RampInstantPool.rt.hex": 1, "190-RampInstantEthPool.rt.hex": 1, "191-SafeMath.rt.hex": 0, "191-IERC20.rt.hex": 0, "191-ERC20.rt.hex": 0, "191-Roles.rt.hex": 0, "191-MinterRole.rt.hex": 0, "191-ERC20Mintable.rt.hex": 0, "191-ERC20Burnable.rt.hex": 0, "191-TuneTradeToken.rt.hex": 0, "191-WhitelistAdminRole.rt.hex": 0, "191-WhitelistedRole.rt.hex": 0, "191-TeamRole.rt.hex": 0, "191-SafeERC20.rt.hex": 0, "191-SwapContract.rt.hex": 0, "192-Roles.rt.hex": 0, "192-IERC20.rt.hex": 0, "192-PauserRole.rt.hex": 0, "192-SafeMath.rt.hex": 0, "192-TaxLib.rt.hex": 0, "192-ERC20.rt.hex": 0, "192-Pausable.rt.hex": 0, "192-ERC20Pausable.rt.hex": 0, "192-ERC20Detailed.rt.hex": 0, "192-ERC20Burnable.rt.hex": 0, "192-Ownable.rt.hex": 0, "192-Taxable.rt.hex": 0, "192-BCHHandled.rt.hex": 0, "192-WibxToken.rt.hex": 0, "193-Ownable.rt.hex": 1, "193-TokenERC20.rt.hex": 1, "193-YFT.rt.hex": 1, "194-DragonFarmer.rt.hex": 0, "194-lottopollo.rt.hex": 1, "195-Math.rt.hex": 0, "195-Ownable.rt.hex": 0, "195-SafeMath.rt.hex": 0, "195-Orderbook.rt.hex": 0, "195-RenExTokens.rt.hex": 0, "195-RenExBalances.rt.hex": 0, "195-SettlementUtils.rt.hex": 0, "195-RenExSettlement.rt.hex": 0, "196-Ownable.rt.hex": 0, "196-Pausable.rt.hex": 0, "196-Destructible.rt.hex": 0, "196-EDCoreInterface.rt.hex": 0, "196-DungeonRunBeta.rt.hex": 0, "197-Owned.rt.hex": 0, "197-IERC20.rt.hex": 0, "197-SafeMath.rt.hex": 0, "197-ERC20Detailed.rt.hex": 1, "197-HYDROGEN.rt.hex": 1, "198-TOPToken.rt.hex": 0, "198-ERC20Basic.rt.hex": 0, "198-IERC20.rt.hex": 0, "198-SafeMath.rt.hex": 0, "198-ERC20Detailed.rt.hex": 1, "198-HYDROGEN.rt.hex": 1, "199-Token.rt.hex": 0, "199-SafeMath.rt.hex": 0, "199-StandardToken.rt.hex": 0, "199-GRO.rt.hex": 0, "200-Governmental.rt.hex": 1, "200-Attacker.rt.hex": 0, "201-Dictionary.rt.hex": 0, "201-IERC20.rt.hex": 0, "201-SafeMath.rt.hex": 0, "201-ReverseRegistrar.rt.hex": 0, "201-Etherclear.rt.hex": 0, "202-SafeMath.rt.hex": 0, "202-Ownable.rt.hex": 0, "202-Pausable.rt.hex": 0, "202-ERC20Basic.rt.hex": 0, "202-BasicToken.rt.hex": 0, "202-ERC20.rt.hex": 0, "202-StandardToken.rt.hex": 0, "202-PausableToken.rt.hex": 0, "202-RefundVault.rt.hex": 0, "202-PallyCoin.rt.hex": 0, "202-Crowdsale.rt.hex": 0, "203-SafeMath.rt.hex": 0, "203-OwnerHelper.rt.hex": 0, "203-ERC20Interface.rt.hex": 0, "203-VantaToken.rt.hex": 0, "204-Ownable.rt.hex": 0, "204-Roles.rt.hex": 0, "204-RBAC.rt.hex": 0, "204-SafeMath.rt.hex": 0, "204-ERC20Basic.rt.hex": 0, "204-ERC20.rt.hex": 0, "204-BasicToken.rt.hex": 0, "204-StandardToken.rt.hex": 0, "204-Pausable.rt.hex": 0, "204-PausableToken.rt.hex": 0, "204-BlackListToken.rt.hex": 0, "204-TwoPhaseToken.rt.hex": 0, "204-UpgradedStandardToken.rt.hex": 0, "204-WitToken.rt.hex": 0, "205-Ownable.rt.hex": 0, "205-Pausable.rt.hex": 0, "205-Destructible.rt.hex": 0, "205-EDCoreInterface.rt.hex": 0, "205-DungeonRunBeta.rt.hex": 0, "206-SafeMath.rt.hex": 0, "206-Ownable.rt.hex": 0, "206-Helper.rt.hex": 0, "206-LNXtest.rt.hex": 0, "207-SafeMath.rt.hex": 0, "207-Ownable.rt.hex": 0, "207-Roles.rt.hex": 0, "207-MinterRole.rt.hex": 0, "207-ReentrancyGuard.rt.hex": 0, "207-CertificateControllerMock.rt.hex": 0, "207-CertificateController.rt.hex": 0, "207-IERC777TokensRecipient.rt.hex": 0, "207-IERC777TokensSender.rt.hex": 0, "207-IERC20.rt.hex": 0, "207-IERC1410.rt.hex": 0, "207-IERC777.rt.hex": 0, "207-IERC1400.rt.hex": 0, "207-ERC820Registry.rt.hex": 0, "207-ERC820Client.rt.hex": 0, "207-ERC777.rt.hex": 0, "207-ERC1410.rt.hex": 0, "207-ERC1400.rt.hex": 0, "207-ERC1400ERC20.rt.hex": 0, "208-SafeMath.rt.hex": 0, "208-CareerOnToken.rt.hex": 1, "209-SafeMath.rt.hex": 0, "209-database.rt.hex": 0, "209-topl_database_lib.rt.hex": 0, "209-iconiq_data_pipe.rt.hex": 0, "210-SHEX.rt.hex": 0, "210-SafeMath.rt.hex": 0, "210-lottopollo.rt.hex": 1, "211-IERC777.rt.hex": 0, "211-IERC777Recipient.rt.hex": 0, "211-IERC777Sender.rt.hex": 0, "211-IERC20.rt.hex": 0, "211-SafeMath.rt.hex": 0, "211-Address.rt.hex": 0, "211-IERC1820Registry.rt.hex": 0, "211-ERC777.rt.hex": 1, "211-Roles.rt.hex": 0, "211-MinterRole.rt.hex": 1, "211-PauserRole.rt.hex": 1, "211-Pausable.rt.hex": 1, "211-SKYBITToken.rt.hex": 1, "212-EventMetadata.rt.hex": 1, "212-Operated.rt.hex": 1, "212-MultiHashWrapper.rt.hex": 1, "212-iFactory.rt.hex": 0, "212-ProofHash.rt.hex": 1, "212-Template.rt.hex": 1, "212-Post.rt.hex": 1}