{"1-Token.bin": 0, "1-SafeMath.bin": 0, "1-StandardToken.bin": 0, "1-GRO.bin": 0, "2-LibBytes.bin": 0, "2-ReentrancyGuard.bin": 0, "2-SafeMath.bin": 0, "2-LibConstants.bin": 0, "2-LibEIP712.bin": 0, "2-LibFillResults.bin": 0, "2-LibMath.bin": 0, "2-LibOrder.bin": 0, "2-LibAbiEncoder.bin": 0, "2-IOwnable.bin": 0, "2-IAuthorizable.bin": 0, "2-IAssetProxy.bin": 0, "2-IValidator.bin": 0, "2-IWallet.bin": 0, "2-IExchangeCore.bin": 0, "2-IAssetProxyDispatcher.bin": 0, "2-IMatchOrders.bin": 0, "2-ISignatureValidator.bin": 0, "2-ITransactions.bin": 0, "2-IWrapperFunctions.bin": 0, "2-IExchange.bin": 0, "2-MExchangeCore.bin": 0, "2-MAssetProxyDispatcher.bin": 0, "2-MMatchOrders.bin": 0, "2-MSignatureValidator.bin": 0, "2-MTransactions.bin": 0, "2-MWrapperFunctions.bin": 0, "2-Ownable.bin": 0, "2-MixinExchangeCore.bin": 0, "2-MixinSignatureValidator.bin": 0, "2-MixinWrapperFunctions.bin": 0, "2-MixinTransactions.bin": 0, "2-MixinAssetProxyDispatcher.bin": 0, "2-MixinMatchOrders.bin": 0, "2-Exchange.bin": 0, "3-IERC20.bin": 0, "3-ERC20.bin": 0, "3-EIP20Interface.bin": 1, "3-HotDollarsToken.bin": 1, "4-SafeMath.bin": 0, "4-Ownable.bin": 0, "4-Helper.bin": 0, "4-LINIX.bin": 0, "5-SafeMath.bin": 0, "5-ItemsInterfaceForEternalStorage.bin": 0, "5-EternalStorage.bin": 0, "6-Ownable.bin": 0, "6-CSFToken.bin": 0, "6-ERC20Basic.bin": 0, "6-Governmental.bin": 1, "6-Attacker.bin": 0, "7-Agriss.bin": 0, "7-lottopollo.bin": 1, "8-StockBet.bin": 1, "9-IERC20.bin": 0, "9-SafeMath.bin": 0, "9-ERC20Detailed.bin": 1, "9-BIGBOMBv2.bin": 1, "10-Owned.bin": 1, "10-SafeMath.bin": 0, "10-Token.bin": 1, "10-Staking.bin": 1, "11-Ownable.bin": 1, "11-SafeMath.bin": 0, "11-LollypopToken.bin": 1, "12-Ownable.bin": 0, "12-Claimable.bin": 0, "12-ERC20Basic.bin": 0, "12-ERC20.bin": 0, "12-SafeERC20.bin": 0, "12-CanReclaimToken.bin": 0, "12-OwnableContract.bin": 0, "12-ControllerInterface.bin": 0, "12-Factory.bin": 0, "13-SafeMath.bin": 0, "13-IERC20.bin": 0, "13-UBBCToken.bin": 1, "14-ERC20Interface.bin": 0, "14-FixedSupplyToken.bin": 0, "14-Owned.bin": 0, "14-IERC20.bin": 0, "14-SafeMath.bin": 0, "14-ERC20Detailed.bin": 1, "14-BIGBOMBv2.bin": 1, "15-ERC20Interface.bin": 1, "15-AcunarToken.bin": 1, "15-AcunarIEO.bin": 1, "16-tokenRecipient.bin": 0, "16-MD.bin": 1, "17-Owned.bin": 1, "17-SafeMath.bin": 0, "17-Token.bin": 1, "17-Staking.bin": 1, "18-SafeMath.bin": 0, "18-lottopollo.bin": 1, "19-SafeMath.bin": 0, "19-IERC20.bin": 0, "19-ERC20Detailed.bin": 0, "19-ERC20.bin": 0, "19-Roles.bin": 0, "19-PauserRole.bin": 0, "19-Pausable.bin": 0, "19-ERC20Pausable.bin": 0, "19-MinterRole.bin": 0, "19-ERC20Mintable.bin": 0, "19-Ownable.bin": 0, "19-IWhitelist.bin": 0, "19-BurnerRole.bin": 0, "19-ERC20Burnable.bin": 0, "19-ERC20Whitelistable.bin": 0, "19-CanReclaimEther.bin": 0, "19-SafeERC20.bin": 0, "19-CanReclaimToken.bin": 0, "19-LeveragedToken.bin": 0, "20-BasicToken.bin": 0, "20-StandardToken.bin": 0, "20-ERC20.bin": 0, "20-ERC20Basic.bin": 0, "20-IERC20.bin": 0, "20-SafeMath.bin": 0, "20-ERC20Detailed.bin": 1, "20-HYDROGEN.bin": 1, "21-MiningRigFarmer.bin": 0, "21-EtherLotto.bin": 1, "22-SafeMath.bin": 0, "22-IERC20.bin": 0, "22-ERC20.bin": 1, "22-ERC20Detailed.bin": 1, "22-SaveWon.bin": 1, "23-SafeMath.bin": 0, "23-owned.bin": 0, "23-tokenRecipient.bin": 0, "23-ParsecTokenERC20.bin": 0, "23-ParsecPresale.bin": 0, "24-Owned.bin": 0, "24-Pausable.bin": 0, "24-SafeMath.bin": 0, "24-IPC16.bin": 0, "24-EIP20Interface.bin": 0, "24-Governmental.bin": 1, "24-Attacker.bin": 0, "25-SafeMath.bin": 0, "25-ERC20TokenInterface.bin": 1, "25-ERC20Token.bin": 1, "25-AsseteGram.bin": 1, "26-ECRecovery.bin": 0, "26-SafeMath.bin": 0, "26-Roles.bin": 0, "26-IERC20.bin": 0, "26-ERC20.bin": 0, "26-Ownable.bin": 0, "26-MinterRole.bin": 0, "26-Mintable.bin": 0, "26-Pausable.bin": 0, "26-Burnable.bin": 0, "26-Lockable.bin": 0, "26-DelegatorRole.bin": 0, "26-Delegatable.bin": 0, "26-TrancheToken.bin": 0, "27-Ownable.bin": 0, "27-SafeMath.bin": 0, "27-CommunityVesting.bin": 0, "27-EcosystemVesting.bin": 0, "27-SeedPrivateAdvisorVesting.bin": 0, "27-TeamVesting.bin": 0, "27-TokenInterface.bin": 0, "27-Vesting.bin": 0, "28-SafeMath.bin": 0, "28-OwnerHelper.bin": 0, "28-ERC20Interface.bin": 0, "28-LINIXToken.bin": 0, "29-digitalNotary.bin": 1, "30-SafeMath.bin": 0, "30-Governmental.bin": 1, "30-Attacker.bin": 0, "31-SafeMath.bin": 0, "31-ItemsInterfaceForEternalStorage.bin": 0, "31-EternalStorage.bin": 0, "32-Ownable.bin": 0, "32-Pausable.bin": 0, "32-Destructible.bin": 0, "32-EDCoreInterface.bin": 0, "32-DungeonRunCore.bin": 0, "33-BasicToken.bin": 0, "33-Ownable.bin": 0, "33-ERC20Basic.bin": 0, "33-IERC20.bin": 0, "33-SafeMath.bin": 0, "33-ERC20Detailed.bin": 1, "33-BIGBOMBv2.bin": 1, "34-SafeMath.bin": 0, "34-owned.bin": 1, "34-ERC20Essential.bin": 0, "34-BitpayerDEX.bin": 1, "35-SafeMath.bin": 0, "35-owned.bin": 0, "35-tokenRecipient.bin": 0, "35-ParsecTokenERC20.bin": 0, "35-ParsecCrowdsale.bin": 0, "36-SafeMath.bin": 0, "36-OwnerHelper.bin": 0, "36-ERC20Interface.bin": 0, "36-LINIXToken.bin": 0, "37-IERC20.bin": 0, "37-PHO.bin": 1, "38-Ownable.bin": 0, "38-SafeMath.bin": 0, "38-ERC20.bin": 1, "38-ERC223ReceivingContract.bin": 1, "38-ERC223.bin": 1, "38-ERC223Token.bin": 1, "38-Owned.bin": 1, "38-Grand.bin": 1, "39-Ownable.bin": 0, "39-Pausable.bin": 0, "39-Destructible.bin": 0, "39-EDCoreInterface.bin": 0, "39-DungeonRunBeta.bin": 0, "40-Ownable.bin": 0, "40-ERC20.bin": 0, "40-WithToken.bin": 0, "40-SSPTypeAware.bin": 0, "40-SSPRegistry.bin": 0, "40-PublisherRegistry.bin": 0, "40-DSPTypeAware.bin": 0, "40-DSPRegistry.bin": 0, "40-DepositRegistry.bin": 0, "40-AuditorRegistry.bin": 0, "40-DepositAware.bin": 0, "40-SecurityDepositAware.bin": 0, "40-AuditorRegistrar.bin": 0, "40-DSPRegistrar.bin": 0, "40-PublisherRegistrar.bin": 0, "40-SSPRegistrar.bin": 0, "40-ChannelApi.bin": 0, "40-RegistryProvider.bin": 0, "40-StateChannelListener.bin": 0, "40-PapyrusDAO.bin": 0, "41-lottopollo.bin": 1, "42-SafeMath.bin": 0, "42-Ownable.bin": 0, "42-PausableOnce.bin": 0, "42-ERC20Basic.bin": 0, "42-BasicToken.bin": 0, "42-ERC20.bin": 0, "42-StandardToken.bin": 0, "42-InterfaceUpgradeAgent.bin": 0, "42-UpgradableToken.bin": 0, "42-Withdrawable.bin": 0, "42-CtdToken.bin": 0, "43-IERC20.bin": 0, "43-SafeMath.bin": 0, "43-ERC20.bin": 0, "43-GrowToken.bin": 0, "44-Ownable.bin": 0, "44-Roles.bin": 0, "44-PauserRole.bin": 0, "44-Pausable.bin": 0, "44-COORole.bin": 0, "44-ReentrancyGuard.bin": 0, "44-SafeMath.bin": 0, "44-KittyBountiesAdmin.bin": 0, "44-KittyCore.bin": 0, "44-KittyBounties.bin": 0, "45-Ownable.bin": 0, "45-SketchMarket.bin": 0, "46-Token.bin": 0, "46-SafeMath.bin": 0, "46-StandardToken.bin": 0, "46-GRO.bin": 0, "47-SafeMath.bin": 0, "47-FomoFeast.bin": 1, "48-SafeMath.bin": 0, "48-Ownable.bin": 0, "48-IErc20.bin": 0, "48-Monetary.bin": 0, "48-IPriceOracle.bin": 0, "48-Require.bin": 0, "48-Math.bin": 0, "48-Time.bin": 0, "48-IMakerOracle.bin": 0, "48-IOasisDex.bin": 0, "48-DaiPriceOracle.bin": 0, "49-SafeMath.bin": 0, "49-ContractReceiver.bin": 0, "49-PetToken.bin": 0, "50-IERC20.bin": 0, "50-ERC20.bin": 0, "50-EIP20Interface.bin": 1, "50-HotDollarsToken.bin": 1, "51-ERC20.bin": 0, "51-SafeMath.bin": 0, "51-JPThor.bin": 0, "51-EtherLotto.bin": 1, "52-NokuPricingPlan.bin": 0, "52-Ownable.bin": 0, "52-Pausable.bin": 0, "52-SafeMath.bin": 0, "52-ERC20Basic.bin": 0, "52-ERC20.bin": 0, "52-BurnableERC20.bin": 0, "52-NokuTokenBurner.bin": 0, "52-BasicToken.bin": 0, "52-BurnableToken.bin": 0, "52-DetailedERC20.bin": 0, "52-StandardToken.bin": 0, "52-MintableToken.bin": 0, "52-NokuCustomERC20.bin": 0, "52-NokuCustomERC20Service.bin": 0, "53-Ownable.bin": 0, "53-KyberContirbutorWhitelist.bin": 0, "53-lottopollo.bin": 1, "54-Owned.bin": 0, "54-ERC20Interface.bin": 0, "54-CoinsNetwork.bin": 0, "54-IERC20.bin": 0, "54-SafeMath.bin": 0, "54-ERC20Detailed.bin": 1, "54-BIGBOMBv2.bin": 1, "55-Ownable.bin": 0, "55-LinkedList.bin": 0, "55-ERC20Basic.bin": 0, "55-SafeMath.bin": 0, "55-BasicToken.bin": 0, "55-ERC20.bin": 0, "55-StandardToken.bin": 0, "55-Pausable.bin": 0, "55-PausableToken.bin": 0, "55-BurnableToken.bin": 0, "55-RepublicToken.bin": 0, "55-DarknodeRegistryStore.bin": 0, "56-Owned.bin": 0, "56-IERC20.bin": 0, "56-SafeMath.bin": 0, "56-ERC20Detailed.bin": 1, "56-BIGBOMBv2.bin": 1, "57-SafeMath.bin": 0, "57-Ownable.bin": 0, "57-Roles.bin": 0, "57-MinterRole.bin": 0, "57-ReentrancyGuard.bin": 0, "57-CertificateControllerMock.bin": 0, "57-CertificateController.bin": 0, "57-IERC777TokensRecipient.bin": 0, "57-IERC777TokensSender.bin": 0, "57-IERC1410.bin": 0, "57-IERC777.bin": 0, "57-IERC1400.bin": 0, "57-ERC820Registry.bin": 0, "57-ERC820Client.bin": 0, "57-ERC777.bin": 0, "57-ERC1410.bin": 0, "57-ERC1400.bin": 0, "58-SafeMath.bin": 0, "58-Ownable.bin": 0, "58-Pausable.bin": 0, "58-ERC20Basic.bin": 0, "58-BasicToken.bin": 0, "58-ERC20.bin": 0, "58-StandardToken.bin": 0, "58-PausableToken.bin": 0, "58-CostumeToken.bin": 0, "58-Crowdsale.bin": 0, "59-EventMetadata.bin": 1, "59-Operated.bin": 1, "59-ProofHashes.bin": 1, "59-MultiHashWrapper.bin": 1, "59-iFactory.bin": 0, "59-Template.bin": 1, "59-Feed.bin": 1, "60-Ownable.bin": 0, "60-Roles.bin": 0, "60-RBAC.bin": 0, "60-SafeMath.bin": 0, "60-ERC20Basic.bin": 0, "60-ERC20.bin": 0, "60-BasicToken.bin": 0, "60-StandardToken.bin": 0, "60-Pausable.bin": 0, "60-PausableToken.bin": 0, "60-BlackListToken.bin": 0, "60-TwoPhaseToken.bin": 0, "60-UpgradedStandardToken.bin": 0, "60-WithToken.bin": 0, "61-SafeMath.bin": 0, "61-IERC20.bin": 0, "61-ERC20Detailed.bin": 1, "61-BIGBOMBv2.bin": 1, "62-SafeMath.bin": 0, "62-ERC20.bin": 0, "62-ReserveToken.bin": 0, "62-EtherDelta.bin": 0, "63-SafeMath.bin": 0, "63-Roles.bin": 0, "63-PauserRole.bin": 0, "63-Pausable.bin": 0, "63-Ownable.bin": 0, "63-KittyBountiesAdmin.bin": 0, "63-KittyCore.bin": 0, "63-KittyBounties.bin": 0, "64-SafeMath.bin": 0, "64-lottopollo.bin": 1, "65-Regatta.bin": 0, "66-SafeMath.bin": 0, "66-Ownable.bin": 0, "66-Helper.bin": 0, "66-LNX.bin": 0, "67-LibBytes.bin": 0, "67-ReentrancyGuard.bin": 0, "67-SafeMath.bin": 0, "67-LibConstants.bin": 0, "67-LibEIP712.bin": 0, "67-LibFillResults.bin": 0, "67-LibMath.bin": 0, "67-LibOrder.bin": 0, "67-LibAbiEncoder.bin": 0, "67-IOwnable.bin": 0, "67-IAuthorizable.bin": 0, "67-IAssetProxy.bin": 0, "67-IValidator.bin": 0, "67-IWallet.bin": 0, "67-IExchangeCore.bin": 0, "67-IAssetProxyDispatcher.bin": 0, "67-IMatchOrders.bin": 0, "67-ISignatureValidator.bin": 0, "67-ITransactions.bin": 0, "67-IWrapperFunctions.bin": 0, "67-IExchange.bin": 0, "67-MExchangeCore.bin": 0, "67-MAssetProxyDispatcher.bin": 0, "67-MMatchOrders.bin": 0, "67-MSignatureValidator.bin": 0, "67-MTransactions.bin": 0, "67-MWrapperFunctions.bin": 0, "67-Ownable.bin": 0, "67-MixinExchangeCore.bin": 0, "67-MixinSignatureValidator.bin": 0, "67-MixinWrapperFunctions.bin": 0, "67-MixinTransactions.bin": 0, "67-MixinAssetProxyDispatcher.bin": 0, "67-MixinMatchOrders.bin": 0, "67-Exchange.bin": 0, "68-SafeMath.bin": 0, "68-OwnerHelper.bin": 0, "68-ERC20Interface.bin": 0, "68-VantaToken.bin": 0, "69-SafeMath.bin": 0, "69-Ownable.bin": 0, "69-ERC20Basic.bin": 0, "69-ERC20.bin": 0, "69-SafeERC20.bin": 0, "69-Crowdsale.bin": 0, "69-TimedCrowdsale.bin": 0, "69-FinalizableCrowdsale.bin": 0, "69-BasicToken.bin": 0, "69-StandardToken.bin": 0, "69-MintableToken.bin": 0, "69-MintedCrowdsale.bin": 0, "69-Pausable.bin": 0, "69-RealtyReturnsTokenInterface.bin": 0, "69-PausableToken.bin": 0, "69-RealtyReturnsToken.bin": 0, "69-LockTokenAllocation.bin": 0, "69-RealtyReturnsTokenCrowdsale.bin": 0, "70-SafeMath.bin": 0, "70-EtherLotto.bin": 1, "71-SafeMath.bin": 0, "71-Governmental.bin": 1, "71-Attacker.bin": 0, "72-SafeMath.bin": 0, "72-ERC20Interface.bin": 1, "72-Owned.bin": 1, "72-ExclusivePlatform.bin": 1, "73-SafeMath.bin": 0, "73-Ownable.bin": 0, "73-Finalizable.bin": 0, "73-IToken.bin": 0, "73-TokenReceivable.bin": 0, "73-EventDefinitions.bin": 0, "73-Token.bin": 0, "73-Controller.bin": 0, "73-PreSale.bin": 0, "73-Ledger.bin": 0, "74-owned.bin": 1, "74-tokenRecipient.bin": 1, "74-Token.bin": 1, "74-SafeMath.bin": 0, "74-MindsyncPlatform.bin": 1, "75-ECRecovery.bin": 0, "75-SigningLogic.bin": 0, "75-ERC20Basic.bin": 0, "75-ERC20.bin": 0, "75-SafeMath.bin": 0, "75-SafeERC20.bin": 0, "75-TokenEscrowMarketplace.bin": 0, "75-Initializable.bin": 0, "75-AttestationLogic.bin": 0, "76-Pool.bin": 0, "76-SafeMath.bin": 0, "76-RigoToken.bin": 0, "76-DragoRegistry.bin": 0, "76-Inflation.bin": 0, "76-ReentrancyGuard.bin": 0, "76-ProofOfPerformanceFace.bin": 0, "76-ProofOfPerformance.bin": 0, "77-SafeMath.bin": 0, "77-IERC20.bin": 0, "77-ERC20.bin": 0, "77-Roles.bin": 0, "77-MinterRole.bin": 0, "77-ERC20Mintable.bin": 0, "77-ERC20Burnable.bin": 0, "77-TuneTradeToken.bin": 0, "77-WhitelistAdminRole.bin": 0, "77-WhitelistedRole.bin": 0, "77-TeamRole.bin": 0, "77-SafeERC20.bin": 0, "77-SwapContract.bin": 0, "78-SafeMath.bin": 0, "78-ItemsInterfaceForEternalStorage.bin": 0, "78-EternalStorage.bin": 0, "79-ECRecovery.bin": 0, "79-Roles.bin": 0, "79-SafeMath.bin": 0, "79-IERC20.bin": 0, "79-ERC20.bin": 0, "79-Ownable.bin": 0, "79-MinterRole.bin": 0, "79-Mintable.bin": 0, "79-Pausable.bin": 0, "79-Burnable.bin": 0, "79-Lockable.bin": 0, "79-DelegatorRole.bin": 0, "79-Delegatable.bin": 0, "79-TrustShoreToken.bin": 0, "80-SafeMath.bin": 0, "80-Roles.bin": 0, "80-RBAC.bin": 0, "80-RBACWithAdmin.bin": 0, "80-Ownable.bin": 0, "80-ERC20Basic.bin": 0, "80-BasicToken.bin": 0, "80-ERC20.bin": 0, "80-DetailedERC20.bin": 0, "80-StandardToken.bin": 0, "80-ERC865.bin": 0, "80-ERC865Token.bin": 0, "80-BeepToken.bin": 0, "81-IERC165.bin": 0, "81-ERC165.bin": 0, "81-IERC721.bin": 0, "81-IERC721Receiver.bin": 0, "81-SafeMath.bin": 0, "81-Address.bin": 0, "81-FormSI060719.bin": 0, "82-Roulette.bin": 1, "83-SafeMath.bin": 0, "83-Roles.bin": 0, "83-PauserRole.bin": 0, "83-Pausable.bin": 0, "83-Ownable.bin": 0, "83-KittyBountiesAdmin.bin": 0, "83-KittyCore.bin": 0, "83-KittyBounties.bin": 0, "84-SafeMath.bin": 0, "84-OwnerHelper.bin": 0, "84-ERC20Interface.bin": 0, "84-ITAMToken.bin": 0, "85-Token.bin": 0, "85-StandardToken.bin": 0, "85-HumanStandardToken.bin": 0, "85-StandardBounties.bin": 0, "86-IAccounting.bin": 0, "86-IAccountingFactory.bin": 0, "86-IERC20.bin": 0, "86-IDisputer.bin": 0, "86-FeeWindow.bin": 0, "86-Universe.bin": 0, "86-ReportingParticipant.bin": 0, "86-Market.bin": 0, "86-IDisputerFactory.bin": 0, "86-ICrowdsourcerParent.bin": 0, "86-ICrowdsourcer.bin": 0, "86-DisputerParams.bin": 0, "86-Crowdsourcer.bin": 0, "86-CrowdsourcerFactory.bin": 0, "87-SafeMath.bin": 0, "87-IERC20.bin": 0, "87-ERC20Detailed.bin": 1, "87-BIGBOMBv2.bin": 1, "88-SafeMath.bin": 0, "88-Ownable.bin": 0, "88-ERC20Basic.bin": 0, "88-ERC20.bin": 0, "88-SafeERC20.bin": 0, "88-Crowdsale.bin": 0, "88-TimedCrowdsale.bin": 0, "88-FinalizableCrowdsale.bin": 0, "88-BasicToken.bin": 0, "88-StandardToken.bin": 0, "88-MintableToken.bin": 0, "88-MintedCrowdsale.bin": 0, "88-Pausable.bin": 0, "88-RealtyReturnsTokenInterface.bin": 0, "88-PausableToken.bin": 0, "88-RealtyReturnsToken.bin": 0, "88-LockTokenAllocation.bin": 0, "88-RealtyReturnsTokenCrowdsale.bin": 0, "89-Ownable.bin": 1, "89-TokenERC20.bin": 1, "89-TTC.bin": 1, "90-SafeMath.bin": 0, "90-ItemsInterfaceForEternalStorage.bin": 0, "90-EternalStorage.bin": 0, "91-SafeMath.bin": 0, "91-IERC20.bin": 0, "91-ERC20.bin": 1, "91-ERC20Detailed.bin": 1, "91-SaveWon.bin": 1, "92-TAMCContract.bin": 1, "93-SafeMath.bin": 0, "93-Roles.bin": 0, "93-PauserRole.bin": 0, "93-Pausable.bin": 0, "93-Ownable.bin": 0, "93-KittyBountiesAdmin.bin": 0, "93-KittyCore.bin": 0, "93-KittyBounties.bin": 0, "94-SafeMath.bin": 0, "94-database.bin": 0, "94-topl_database_lib.bin": 0, "94-iconiq_presale.bin": 0, "95-Ownable.bin": 0, "95-SafeMath.bin": 0, "95-ERC20Basic.bin": 0, "95-BasicToken.bin": 0, "95-ERC20.bin": 0, "95-StandardToken.bin": 0, "95-BurnableToken.bin": 0, "95-Pausable.bin": 0, "95-GiftToken.bin": 0, "95-Whitelist.bin": 0, "95-GiftCrowdsale.bin": 0, "96-SafeMath.bin": 0, "96-owned.bin": 1, "96-tokenRecipient.bin": 0, "96-TokenERC20.bin": 1, "96-AZT.bin": 1, "97-SafeMath.bin": 0, "97-Ownable.bin": 0, "97-Pausable.bin": 0, "97-ERC20Basic.bin": 0, "97-BasicToken.bin": 0, "97-ERC20.bin": 0, "97-StandardToken.bin": 0, "97-PausableToken.bin": 0, "97-RefundVault.bin": 0, "97-PallyCoin.bin": 0, "97-Crowdsale.bin": 0, "98-TimedCrowdsale.bin": 1, "99-SafeMath.bin": 0, "99-database.bin": 0, "99-topl_database_lib.bin": 0, "99-arbits_presale.bin": 0, "100-SafeMath.bin": 0, "100-ERC20Token.bin": 0, "100-UnlockGmi.bin": 0, "101-SafeMath.bin": 0, "101-ERC20Interface.bin": 1, "101-ApproveAndCallFallBack.bin": 1, "101-Owned.bin": 1, "101-QurasToken.bin": 1, "102-IERC20.bin": 0, "102-SafeERC20.bin": 0, "102-owned.bin": 1, "102-tokenRecipient.bin": 1, "102-Token.bin": 1, "102-SafeMath.bin": 0, "102-MindsyncPlatform.bin": 1, "103-IAccessPolicy.bin": 0, "103-IAccessControlled.bin": 0, "103-StandardRoles.bin": 0, "103-AccessControlled.bin": 0, "103-IMigrationTarget.bin": 0, "103-MigrationTarget.bin": 0, "103-EuroTokenMigrationTarget.bin": 0, "103-IMigrationSource.bin": 0, "103-MigrationSource.bin": 0, "103-AccessRoles.bin": 0, "103-IBasicToken.bin": 0, "103-Reclaimable.bin": 0, "103-ITokenMetadata.bin": 0, "103-TokenMetadata.bin": 0, "103-IERC20Allowance.bin": 0, "103-IERC20Token.bin": 0, "103-IERC677Callback.bin": 0, "103-IERC677Allowance.bin": 0, "103-IERC677Token.bin": 0, "103-Math.bin": 0, "103-BasicToken.bin": 0, "103-StandardToken.bin": 0, "103-EuroToken.bin": 0, "104-IERC20.bin": 0, "104-SafeMath.bin": 0, "104-ERC20Detailed.bin": 1, "104-HYDROGEN.bin": 1, "105-IERC20.bin": 0, "105-ERC20Detailed.bin": 0, "105-CareerOnToken.bin": 1, "106-ERC20Interface.bin": 1, "106-IERC20Interface.bin": 1, "106-RaffleToken.bin": 0, "106-SafeMath.bin": 0, "106-RaffleTokenExchange.bin": 1, "107-Moloch.bin": 0, "107-IERC20.bin": 0, "107-Ownable.bin": 0, "107-GuildBank.bin": 0, "107-SafeMath.bin": 0, "108-Stopped.bin": 0, "108-TokenERC20.bin": 0, "108-TCT.bin": 0, "108-MathTCT.bin": 0, "108-Owned.bin": 0, "108-lottopollo.bin": 1, "109-SafeMath.bin": 0, "109-ERC20.bin": 1, "109-ERC223ReceivingContract.bin": 1, "109-ERC223.bin": 1, "109-ERC223Token.bin": 1, "109-Owned.bin": 1, "109-Grand.bin": 1, "110-SafeMath.bin": 0, "110-IERC20.bin": 0, "110-ERC20Detailed.bin": 1, "110-BIGBOMBv2.bin": 1, "111-SafeMath.bin": 0, "111-EtherLotto.bin": 1, "112-Ownable.bin": 0, "112-Roles.bin": 0, "112-RBAC.bin": 0, "112-SafeMath.bin": 0, "112-ERC20Basic.bin": 0, "112-ERC20.bin": 0, "112-BasicToken.bin": 0, "112-StandardToken.bin": 0, "112-Pausable.bin": 0, "112-PausableToken.bin": 0, "112-BlackListToken.bin": 0, "112-TwoPhaseToken.bin": 0, "112-UpgradedStandardToken.bin": 0, "112-WitToken.bin": 0, "113-SafeMathLib.bin": 0, "113-Ownable.bin": 0, "113-Haltable.bin": 0, "113-PricingStrategy.bin": 0, "113-FinalizeAgent.bin": 0, "113-ERC20.bin": 0, "113-FractionalERC20.bin": 0, "113-Crowdsale.bin": 0, "113-SafeMath.bin": 0, "113-StandardToken.bin": 0, "113-UpgradeAgent.bin": 0, "113-UpgradeableToken.bin": 0, "113-ReleasableToken.bin": 0, "113-MintableToken.bin": 0, "113-CrowdsaleToken.bin": 0, "113-MysteriumPricing.bin": 0, "113-MysteriumTokenDistribution.bin": 0, "114-SafeMath.bin": 0, "114-ItemsInterfaceForEternalStorage.bin": 0, "114-EternalStorage.bin": 0, "115-Ownable.bin": 0, "115-Pausable.bin": 0, "115-SafeMath.bin": 0, "115-ERC20Basic.bin": 0, "115-BasicToken.bin": 0, "115-ERC20.bin": 0, "115-StandardToken.bin": 0, "115-MintableToken.bin": 0, "115-StarCoin.bin": 0, "115-InvestorWhiteList.bin": 0, "115-StarCoinPreSale.bin": 0, "116-Token.bin": 1, "116-SafeMath.bin": 0, "116-StableDEX.bin": 1, "117-SafeMath.bin": 0, "117-EtherLotto.bin": 1, "118-SafeMath.bin": 0, "118-IERC20.bin": 0, "118-ERC20.bin": 1, "118-ERC20Detailed.bin": 1, "118-SimpleSwapCoin.bin": 1, "119-SafeMath.bin": 0, "119-Ownable.bin": 1, "119-TokenERC20.bin": 1, "119-XLToken.bin": 1, "120-IERC20.bin": 0, "120-ERC20Detailed.bin": 0, "120-SafeMath.bin": 0, "120-ERC20.bin": 0, "120-ERC20Burnable.bin": 0, "120-Ownable.bin": 0, "120-Roles.bin": 0, "120-PauserRole.bin": 0, "120-Pausable.bin": 0, "120-MinterRole.bin": 0, "120-WhitelistAdminRole.bin": 0, "120-WhitelistedRole.bin": 0, "120-InvictusWhitelist.bin": 0, "120-C10Token.bin": 0, "121-Ownable.bin": 0, "121-Pausable.bin": 0, "121-Destructible.bin": 0, "121-EDCoreInterface.bin": 0, "121-DungeonRunCore.bin": 0, "122-SafeMath.bin": 0, "122-RequestUid.bin": 0, "122-AdminUpgradeable.bin": 0, "122-BICALogicUpgradeable.bin": 0, "122-BICALogic.bin": 0, "122-BICALedger.bin": 0, "122-ERC20Interface.bin": 0, "122-BICAProxy.bin": 0, "123-SafeMath.bin": 0, "123-ExtendedMath.bin": 0, "123-ERC20Interface.bin": 1, "123-ApproveAndCallFallBack.bin": 1, "123-Owned.bin": 1, "123-_Yesbuzz.bin": 1, "124-IERC20.bin": 0, "124-SafeMath.bin": 0, "124-ERC20.bin": 1, "124-ERC20Burnable.bin": 1, "124-ERC20Detailed.bin": 1, "124-AGR.bin": 1, "125-ERC20Basic.bin": 0, "125-BasicToken.bin": 0, "125-CareerOnToken.bin": 1, "126-SafeMath.bin": 0, "126-ERC20.bin": 0, "126-ReserveToken.bin": 0, "126-EtherDelta.bin": 0, "127-Ownable.bin": 1, "127-Stoppable.bin": 1, "127-RampInstantPoolInterface.bin": 0, "127-RampInstantEscrowsPoolInterface.bin": 1, "127-RampInstantPool.bin": 1, "127-RampInstantEthPool.bin": 1, "128-Ownable.bin": 0, "128-Claimable.bin": 0, "128-ERC20Basic.bin": 0, "128-ERC20.bin": 0, "128-SafeERC20.bin": 0, "128-CanReclaimToken.bin": 0, "128-OwnableContract.bin": 0, "128-OwnableContractOwner.bin": 0, "128-ControllerInterface.bin": 0, "128-SafeMath.bin": 0, "128-BasicToken.bin": 0, "128-StandardToken.bin": 0, "128-DetailedERC20.bin": 0, "128-MintableToken.bin": 0, "128-BurnableToken.bin": 0, "128-Pausable.bin": 0, "128-PausableToken.bin": 0, "128-WBTC.bin": 0, "128-MembersInterface.bin": 0, "128-Controller.bin": 0, "129-SafeMathLib.bin": 0, "129-Ownable.bin": 0, "129-Haltable.bin": 0, "129-PricingStrategy.bin": 0, "129-FinalizeAgent.bin": 0, "129-ERC20.bin": 0, "129-FractionalERC20.bin": 0, "129-Crowdsale.bin": 0, "129-MysteriumPricing.bin": 0, "129-SafeMath.bin": 0, "129-StandardToken.bin": 0, "129-MintableToken.bin": 0, "129-MysteriumCrowdsale.bin": 0, "130-SafeMath.bin": 0, "130-ERC20Basic.bin": 0, "130-BasicToken.bin": 0, "130-ERC20.bin": 0, "130-StandardToken.bin": 0, "130-SafeERC20.bin": 0, "130-Owned.bin": 0, "130-TokenVesting.bin": 0, "130-TokenVault.bin": 0, "130-BurnableToken.bin": 0, "130-LCGC_Token.bin": 0, "131-CareerOnToken.bin": 1, "132-SafeMath.bin": 0, "132-IERC20.bin": 0, "132-ERC20Detailed.bin": 1, "132-BIGBOMBv2.bin": 1, "133-Clue.bin": 0, "133-EtherLotto.bin": 1, "134-Token.bin": 0, "134-SafeMath.bin": 0, "134-StandardToken.bin": 0, "134-GRO.bin": 0, "135-PLATPriceOracle.bin": 0, "135-Governmental.bin": 1, "135-Attacker.bin": 0, "136-DSAuthority.bin": 0, "136-DSAuthEvents.bin": 0, "136-DSAuth.bin": 0, "136-AssetPriceOracle.bin": 0, "136-SafeMath.bin": 0, "136-ContractForDifference.bin": 0, "137-SafeMath.bin": 0, "137-IERC20.bin": 0, "137-ERC20Detailed.bin": 0, "137-ERC20.bin": 0, "137-Roles.bin": 0, "137-PauserRole.bin": 0, "137-Pausable.bin": 0, "137-ERC20Pausable.bin": 0, "137-MinterRole.bin": 0, "137-ERC20Mintable.bin": 0, "137-Ownable.bin": 0, "137-IWhitelist.bin": 0, "137-ERC20Whitelistable.bin": 0, "137-BurnerRole.bin": 0, "137-ERC20Burnable.bin": 0, "137-CanReclaimEther.bin": 0, "137-SafeERC20.bin": 0, "137-CanReclaimToken.bin": 0, "137-LeveragedToken.bin": 0, "138-SafeMath.bin": 0, "138-Ownable.bin": 0, "138-Helper.bin": 0, "138-LNXtest.bin": 0, "139-Ownable.bin": 1, "139-ChannelWallet.bin": 1, "140-SafeMath.bin": 0, "140-IERC20.bin": 0, "140-ERC20.bin": 1, "140-ERC20Detailed.bin": 1, "140-SaveWon.bin": 1, "141-SafeMath.bin": 0, "141-IERC20.bin": 0, "141-SafeERC20.bin": 0, "141-Ownable.bin": 0, "141-ERC20Detailed.bin": 0, "141-ERC20.bin": 0, "141-Roles.bin": 0, "141-PauserRole.bin": 0, "141-Pausable.bin": 0, "141-ERC20Pausable.bin": 0, "141-ERC20Burnable.bin": 0, "141-MinterRole.bin": 0, "141-ERC20Mintable.bin": 0, "141-ERC20Capped.bin": 0, "141-SgmToken.bin": 0, "141-OperationsVesting.bin": 0, "142-SafeMath.bin": 0, "142-ERC20Interface.bin": 1, "142-ApproveAndCallFallBack.bin": 1, "142-Owned.bin": 1, "142-ForTheBlockchain.bin": 1, "143-SafeMathLib.bin": 0, "143-Ownable.bin": 0, "143-Haltable.bin": 0, "143-PricingStrategy.bin": 0, "143-FinalizeAgent.bin": 0, "143-ERC20.bin": 0, "143-FractionalERC20.bin": 0, "143-Crowdsale.bin": 0, "143-SafeMath.bin": 0, "143-StandardToken.bin": 0, "143-UpgradeAgent.bin": 0, "143-UpgradeableToken.bin": 0, "143-ReleasableToken.bin": 0, "143-MintableToken.bin": 0, "143-CrowdsaleToken.bin": 0, "143-MysteriumPricing.bin": 0, "143-MysteriumTokenDistribution.bin": 0, "144-PublicResolver.bin": 0, "144-IERC20.bin": 0, "144-SafeMath.bin": 0, "144-ERC20Detailed.bin": 1, "144-BIGBOMBv2.bin": 1, "145-BLAccess.bin": 0, "145-DataStorageInterface.bin": 0, "145-BLStorage.bin": 0, "145-BLBalances.bin": 0, "145-BLBlocks.bin": 0, "145-BLMain.bin": 0, "146-Divs4D.bin": 0, "146-Governmental.bin": 1, "146-Attacker.bin": 0, "147-FixedSupplyToken.bin": 0, "147-ERC20Interface.bin": 0, "147-Owned.bin": 0, "147-IERC20.bin": 0, "147-SafeMath.bin": 0, "147-ERC20Detailed.bin": 1, "147-HYDROGEN.bin": 1, "148-ERC20Basic.bin": 0, "148-SerenityTeamAllocator.bin": 0, "148-IERC20.bin": 0, "148-SafeMath.bin": 0, "148-ERC20Detailed.bin": 1, "148-BIGBOMBv2.bin": 1, "149-Ownable.bin": 1, "149-AccountWallet.bin": 1, "150-SafeMath.bin": 0, "150-IERC20.bin": 0, "150-ERC20Detailed.bin": 1, "150-HYDROGEN.bin": 1, "151-ECRecovery.bin": 0, "151-SigningLogic.bin": 0, "151-Initializable.bin": 0, "151-AccountRegistryLogic.bin": 0, "152-SafeMath.bin": 0, "152-ERC20Basic.bin": 0, "152-BasicToken.bin": 0, "152-ERC20.bin": 0, "152-StandardToken.bin": 0, "152-SafeERC20.bin": 0, "152-Owned.bin": 0, "152-TokenVesting.bin": 0, "152-TokenVault.bin": 0, "152-BurnableToken.bin": 0, "152-LCP_Token.bin": 0, "153-IERC20.bin": 0, "153-Marmo.bin": 0, "153-ECDSA.bin": 0, "153-Ownable.bin": 1, "153-ReentrancyGuard.bin": 1, "153-FeeTransactionManager.bin": 1, "154-SafeMath.bin": 0, "154-Ownable.bin": 0, "154-PausableOnce.bin": 0, "154-ERC20Basic.bin": 0, "154-BasicToken.bin": 0, "154-ERC20.bin": 0, "154-StandardToken.bin": 0, "154-InterfaceUpgradeAgent.bin": 0, "154-UpgradableToken.bin": 0, "154-Withdrawable.bin": 0, "154-SaviorToken.bin": 0, "155-SafeMath.bin": 0, "155-owned.bin": 1, "155-tokenRecipient.bin": 1, "155-Token.bin": 1, "155-MindsyncPlatform.bin": 1, "156-ERC20Token.bin": 0, "156-EtherLotto.bin": 1, "157-IERC20.bin": 0, "157-SafeMath.bin": 0, "157-Ownable.bin": 1, "157-ERC20Detailed.bin": 1, "157-DanPanCoin.bin": 1, "158-BLAccess.bin": 0, "158-DataStorageInterface.bin": 0, "158-BLStorage.bin": 0, "158-BLBalances.bin": 0, "158-BLBlocks.bin": 0, "158-BLMain.bin": 0, "159-SafeMath.bin": 0, "159-IERC20.bin": 0, "159-ERC20Detailed.bin": 1, "159-HYDROGEN.bin": 1, "160-Roles.bin": 0, "160-RBAC.bin": 0, "160-SafeMath.bin": 0, "160-ERC20Basic.bin": 0, "160-BasicToken.bin": 0, "160-BurnableToken.bin": 0, "160-ERC20.bin": 0, "160-StandardToken.bin": 0, "160-DUBI.bin": 0, "160-Purpose.bin": 0, "160-Ownable.bin": 0, "160-SafeERC20.bin": 0, "160-Hodler.bin": 0, "160-HodlFor.bin": 0, "161-SafeMath.bin": 0, "161-Governmental.bin": 1, "161-Attacker.bin": 0, "162-VNXLU.bin": 0, "162-ERC20Interface.bin": 0, "162-Owned.bin": 0, "162-SafeMath.bin": 0, "162-owned.bin": 1, "162-tokenRecipient.bin": 0, "162-TokenERC20.bin": 1, "162-AZT.bin": 1, "163-IERC20.bin": 0, "163-SafeMath.bin": 0, "163-ReverseRegistrar.bin": 0, "163-Etherclear.bin": 0, "164-SafeMath.bin": 0, "164-Governmental.bin": 1, "164-Attacker.bin": 0, "165-CareerOnToken.bin": 1, "166-IERC20.bin": 0, "166-SafeMath.bin": 0, "166-ERC20.bin": 0, "166-ERC20Detailed.bin": 0, "166-Ownable.bin": 0, "166-Remote.bin": 0, "166-ProofOfTrident.bin": 0, "166-ERC20Burnable.bin": 0, "166-Vault.bin": 0, "167-SafeMath.bin": 0, "167-IERC20.bin": 0, "167-ERC20.bin": 1, "167-ERC20Detailed.bin": 1, "167-SaveWon.bin": 1, "168-SafeMath.bin": 0, "168-ERC20Basic.bin": 0, "168-BasicToken.bin": 0, "168-ERC20.bin": 0, "168-StandardToken.bin": 0, "168-SafeERC20.bin": 0, "168-Owned.bin": 0, "168-TokenVesting.bin": 0, "168-TokenVault.bin": 0, "168-BurnableToken.bin": 0, "168-BAG_Token.bin": 0, "169-IAccessPolicy.bin": 0, "169-IAccessControlled.bin": 0, "169-StandardRoles.bin": 0, "169-AccessControlled.bin": 0, "169-IsContract.bin": 0, "169-AccessRoles.bin": 0, "169-IBasicToken.bin": 0, "169-Reclaimable.bin": 0, "169-ITokenMetadata.bin": 0, "169-TokenMetadata.bin": 0, "169-IERC223Callback.bin": 0, "169-IERC223Token.bin": 0, "169-IERC20Allowance.bin": 0, "169-IERC20Token.bin": 0, "169-IERC677Callback.bin": 0, "169-IERC677Allowance.bin": 0, "169-IERC677Token.bin": 0, "169-Math.bin": 0, "169-BasicToken.bin": 0, "169-StandardToken.bin": 0, "169-EtherToken.bin": 0, "170-SafeMath.bin": 0, "170-Roles.bin": 0, "170-PauserRole.bin": 0, "170-Pausable.bin": 0, "170-Ownable.bin": 0, "170-KittyBountiesAdmin.bin": 0, "170-KittyCore.bin": 0, "170-KittyBounties.bin": 0, "171-BasicToken.bin": 0, "171-ERC20Basic.bin": 0, "171-IERC20.bin": 0, "171-SafeMath.bin": 0, "171-ERC20Detailed.bin": 1, "171-HYDROGEN.bin": 1, "172-SafeMath.bin": 0, "172-IERC20.bin": 0, "172-ERC20Detailed.bin": 1, "172-HYDROGEN.bin": 1, "173-SafeMath.bin": 0, "173-owned.bin": 1, "173-ethBank.bin": 1, "174-WhiteBetting.bin": 1, "175-ERC20Basic.bin": 0, "175-ERC20.bin": 0, "175-SafeERC20.bin": 0, "175-EtherLotto.bin": 1, "176-EIP20Interface.bin": 1, "176-HotDollarsToken.bin": 1, "177-TAMC.bin": 1, "178-SafeMath.bin": 0, "178-Ownable.bin": 0, "178-PausableOnce.bin": 0, "178-ERC20Basic.bin": 0, "178-BasicToken.bin": 0, "178-ERC20.bin": 0, "178-StandardToken.bin": 0, "178-InterfaceUpgradeAgent.bin": 0, "178-UpgradableToken.bin": 0, "178-Withdrawable.bin": 0, "178-CtdToken.bin": 0, "179-ComptrollerInterface.bin": 0, "179-ComptrollerErrorReporter.bin": 0, "179-TokenErrorReporter.bin": 0, "179-CarefulMath.bin": 0, "179-Exponential.bin": 0, "179-EIP20Interface.bin": 0, "179-EIP20NonStandardInterface.bin": 0, "179-ReentrancyGuard.bin": 0, "179-InterestRateModel.bin": 0, "179-CToken.bin": 0, "179-CErc20.bin": 0, "180-Ownable.bin": 0, "180-SafeMath.bin": 0, "180-CommunityVesting.bin": 0, "180-EcosystemVesting.bin": 0, "180-SeedPrivateAdvisorVesting.bin": 0, "180-TeamVesting.bin": 0, "180-TokenInterface.bin": 0, "180-Vesting.bin": 0, "181-EtherLotto.bin": 1, "182-IERC20.bin": 0, "182-ERC20Detailed.bin": 0, "182-SafeMath.bin": 0, "182-ERC20.bin": 0, "182-Roles.bin": 0, "182-MinterRole.bin": 0, "182-ERC20Mintable.bin": 0, "182-Ownable.bin": 0, "182-ComplianceService.bin": 0, "182-DividendService.bin": 0, "182-ServiceRegistry.bin": 0, "182-BlueshareToken.bin": 0, "183-FlightDelayAddressResolver.bin": 0, "183-lottopollo.bin": 1, "184-SafeMath.bin": 0, "184-Ownable.bin": 0, "184-IERC20.bin": 0, "184-ERC20.bin": 0, "184-ERC20Detailed.bin": 0, "184-SafeERC20.bin": 0, "184-MoneyMarketInterface.bin": 0, "184-LoanEscrow.bin": 0, "184-DividendDistributingToken.bin": 0, "184-LandRegistryInterface.bin": 0, "184-LandRegistryProxyInterface.bin": 0, "184-WhitelistInterface.bin": 0, "184-WhitelistProxyInterface.bin": 0, "184-TokenizedProperty.bin": 0, "185-Divs4D.bin": 0, "185-Governmental.bin": 1, "185-Attacker.bin": 0, "186-SafeMath.bin": 0, "186-Governmental.bin": 1, "186-Attacker.bin": 0, "187-SafeMath.bin": 0, "187-ERC20Basic.bin": 0, "187-BasicToken.bin": 0, "187-ERC20.bin": 0, "187-StandardToken.bin": 0, "187-SafeERC20.bin": 0, "187-Owned.bin": 0, "187-TokenVesting.bin": 0, "187-TokenVault.bin": 0, "187-BurnableToken.bin": 0, "187-CES_Token.bin": 0, "188-Burnable.bin": 0, "188-Mintable.bin": 0, "188-ERC20Basic.bin": 0, "188-ERC20.bin": 0, "188-SafeERC20.bin": 0, "188-TokenTimelock.bin": 0, "188-SafeMath.bin": 0, "188-Ownable.bin": 0, "188-TokenVesting.bin": 0, "188-Pausable.bin": 0, "188-BasicToken.bin": 0, "188-StandardToken.bin": 0, "188-PausableToken.bin": 0, "188-AdaptableToken.bin": 0, "188-NokuMasterToken.bin": 0, "189-SafeMath.bin": 0, "189-Ownable.bin": 0, "189-ERC20Basic.bin": 0, "189-ERC20.bin": 0, "189-BasicToken.bin": 0, "189-StandardToken.bin": 0, "189-MintableToken.bin": 0, "189-OPUCoin.bin": 0, "189-ColdStorage.bin": 0, "189-Vesting.bin": 0, "189-Allocation.bin": 0, "190-SafeMath.bin": 0, "190-Ownable.bin": 1, "190-Stoppable.bin": 1, "190-RampInstantPoolInterface.bin": 0, "190-RampInstantEscrowsPoolInterface.bin": 1, "190-RampInstantPool.bin": 1, "190-RampInstantEthPool.bin": 1, "191-SafeMath.bin": 0, "191-IERC20.bin": 0, "191-ERC20.bin": 0, "191-Roles.bin": 0, "191-MinterRole.bin": 0, "191-ERC20Mintable.bin": 0, "191-ERC20Burnable.bin": 0, "191-TuneTradeToken.bin": 0, "191-WhitelistAdminRole.bin": 0, "191-WhitelistedRole.bin": 0, "191-TeamRole.bin": 0, "191-SafeERC20.bin": 0, "191-SwapContract.bin": 0, "192-Roles.bin": 0, "192-IERC20.bin": 0, "192-PauserRole.bin": 0, "192-SafeMath.bin": 0, "192-TaxLib.bin": 0, "192-ERC20.bin": 0, "192-Pausable.bin": 0, "192-ERC20Pausable.bin": 0, "192-ERC20Detailed.bin": 0, "192-ERC20Burnable.bin": 0, "192-Ownable.bin": 0, "192-Taxable.bin": 0, "192-BCHHandled.bin": 0, "192-WibxToken.bin": 0, "193-Ownable.bin": 1, "193-TokenERC20.bin": 1, "193-YFT.bin": 1, "194-DragonFarmer.bin": 0, "194-lottopollo.bin": 1, "195-Math.bin": 0, "195-Ownable.bin": 0, "195-SafeMath.bin": 0, "195-Orderbook.bin": 0, "195-RenExTokens.bin": 0, "195-RenExBalances.bin": 0, "195-SettlementUtils.bin": 0, "195-RenExSettlement.bin": 0, "196-Ownable.bin": 0, "196-Pausable.bin": 0, "196-Destructible.bin": 0, "196-EDCoreInterface.bin": 0, "196-DungeonRunBeta.bin": 0, "197-Owned.bin": 0, "197-IERC20.bin": 0, "197-SafeMath.bin": 0, "197-ERC20Detailed.bin": 1, "197-HYDROGEN.bin": 1, "198-TOPToken.bin": 0, "198-ERC20Basic.bin": 0, "198-IERC20.bin": 0, "198-SafeMath.bin": 0, "198-ERC20Detailed.bin": 1, "198-HYDROGEN.bin": 1, "199-Token.bin": 0, "199-SafeMath.bin": 0, "199-StandardToken.bin": 0, "199-GRO.bin": 0, "200-Governmental.bin": 1, "200-Attacker.bin": 0, "201-Dictionary.bin": 0, "201-IERC20.bin": 0, "201-SafeMath.bin": 0, "201-ReverseRegistrar.bin": 0, "201-Etherclear.bin": 0, "202-SafeMath.bin": 0, "202-Ownable.bin": 0, "202-Pausable.bin": 0, "202-ERC20Basic.bin": 0, "202-BasicToken.bin": 0, "202-ERC20.bin": 0, "202-StandardToken.bin": 0, "202-PausableToken.bin": 0, "202-RefundVault.bin": 0, "202-PallyCoin.bin": 0, "202-Crowdsale.bin": 0, "203-SafeMath.bin": 0, "203-OwnerHelper.bin": 0, "203-ERC20Interface.bin": 0, "203-VantaToken.bin": 0, "204-Ownable.bin": 0, "204-Roles.bin": 0, "204-RBAC.bin": 0, "204-SafeMath.bin": 0, "204-ERC20Basic.bin": 0, "204-ERC20.bin": 0, "204-BasicToken.bin": 0, "204-StandardToken.bin": 0, "204-Pausable.bin": 0, "204-PausableToken.bin": 0, "204-BlackListToken.bin": 0, "204-TwoPhaseToken.bin": 0, "204-UpgradedStandardToken.bin": 0, "204-WitToken.bin": 0, "205-Ownable.bin": 0, "205-Pausable.bin": 0, "205-Destructible.bin": 0, "205-EDCoreInterface.bin": 0, "205-DungeonRunBeta.bin": 0, "206-SafeMath.bin": 0, "206-Ownable.bin": 0, "206-Helper.bin": 0, "206-LNXtest.bin": 0, "207-SafeMath.bin": 0, "207-Ownable.bin": 0, "207-Roles.bin": 0, "207-MinterRole.bin": 0, "207-ReentrancyGuard.bin": 0, "207-CertificateControllerMock.bin": 0, "207-CertificateController.bin": 0, "207-IERC777TokensRecipient.bin": 0, "207-IERC777TokensSender.bin": 0, "207-IERC20.bin": 0, "207-IERC1410.bin": 0, "207-IERC777.bin": 0, "207-IERC1400.bin": 0, "207-ERC820Registry.bin": 0, "207-ERC820Client.bin": 0, "207-ERC777.bin": 0, "207-ERC1410.bin": 0, "207-ERC1400.bin": 0, "207-ERC1400ERC20.bin": 0, "208-SafeMath.bin": 0, "208-CareerOnToken.bin": 1, "209-SafeMath.bin": 0, "209-database.bin": 0, "209-topl_database_lib.bin": 0, "209-iconiq_data_pipe.bin": 0, "210-SHEX.bin": 0, "210-SafeMath.bin": 0, "210-lottopollo.bin": 1, "211-IERC777.bin": 0, "211-IERC777Recipient.bin": 0, "211-IERC777Sender.bin": 0, "211-IERC20.bin": 0, "211-SafeMath.bin": 0, "211-Address.bin": 0, "211-IERC1820Registry.bin": 0, "211-ERC777.bin": 1, "211-Roles.bin": 0, "211-MinterRole.bin": 1, "211-PauserRole.bin": 1, "211-Pausable.bin": 1, "211-SKYBITToken.bin": 1, "212-EventMetadata.bin": 1, "212-Operated.bin": 1, "212-MultiHashWrapper.bin": 1, "212-iFactory.bin": 0, "212-ProofHash.bin": 1, "212-Template.bin": 1, "212-Post.bin": 1}