{"1-IERC777.rt.hex": 0, "1-IERC777Recipient.rt.hex": 0, "1-IERC777Sender.rt.hex": 0, "1-IERC20.rt.hex": 0, "1-SafeMath.rt.hex": 0, "1-Address.rt.hex": 0, "1-IERC1820Registry.rt.hex": 0, "1-ERC777.rt.hex": 1, "1-Roles.rt.hex": 0, "1-MinterRole.rt.hex": 1, "1-PauserRole.rt.hex": 1, "1-Pausable.rt.hex": 1, "1-SKYBITToken.rt.hex": 1, "2-ERC20Basic.rt.hex": 0, "2-SerenityTeamAllocator.rt.hex": 0, "3-AirDropContract.rt.hex": 1, "4-airPort.rt.hex": 1, "5-Lotto.rt.hex": 1, "6-SafeMath.rt.hex": 0, "6-Ownable.rt.hex": 0, "6-ERC20Basic.rt.hex": 0, "6-ERC20.rt.hex": 0, "6-BasicToken.rt.hex": 0, "6-StandardToken.rt.hex": 0, "6-BurnableToken.rt.hex": 0, "6-MintableToken.rt.hex": 0, "6-Pausable.rt.hex": 0, "6-PausableToken.rt.hex": 0, "6-SignalCoin.rt.hex": 0, "7-SafeMath.rt.hex": 0, "7-Token.rt.hex": 0, "7-AbstractToken.rt.hex": 0, "7-BOCO.rt.hex": 0, "8-SafeMath.rt.hex": 0, "8-ERC20.rt.hex": 1, "8-ERC223ReceivingContract.rt.hex": 1, "8-ERC223.rt.hex": 1, "8-ERC223Token.rt.hex": 1, "8-Owned.rt.hex": 1, "8-Grand.rt.hex": 1, "9-TAMC.rt.hex": 1, "10-Ownable.rt.hex": 0, "10-Operable.rt.hex": 0, "10-BlacklistStore.rt.hex": 0, "11-IERC20.rt.hex": 0, "11-KNCLock.rt.hex": 0, "11-TriggerKNCLock.rt.hex": 0, "12-ERC20.rt.hex": 0, "12-ERC223.rt.hex": 0, "12-Ownable.rt.hex": 0, "12-SafeMath.rt.hex": 0, "12-Generic223Receiver.rt.hex": 0, "12-FISH.rt.hex": 0, "13-Ownable.rt.hex": 1, "13-ChannelWallet.rt.hex": 1, "14-SendBack.rt.hex": 1, "15-Pie.rt.hex": 1, "16-Ownable.rt.hex": 1, "16-Stoppable.rt.hex": 1, "16-RampInstantPoolInterface.rt.hex": 0, "16-RampInstantEscrowsPoolInterface.rt.hex": 1, "16-RampInstantPool.rt.hex": 1, "16-RampInstantEthPool.rt.hex": 1, "17-SafeMath.rt.hex": 0, "17-Math.rt.hex": 0, "17-ERC20Basic.rt.hex": 0, "17-ERC20.rt.hex": 0, "17-BasicToken.rt.hex": 0, "17-BurnableToken.rt.hex": 0, "17-StandardToken.rt.hex": 0, "17-Ownable.rt.hex": 0, "17-MintableToken.rt.hex": 0, "17-Pausable.rt.hex": 0, "17-PausableToken.rt.hex": 0, "17-MoaCOIN.rt.hex": 0, "18-IERC20.rt.hex": 0, "18-SafeMath.rt.hex": 0, "18-Ownable.rt.hex": 1, "18-ERC20Detailed.rt.hex": 1, "18-DanPanCoin.rt.hex": 1, "19-SafeMath.rt.hex": 0, "19-FomoFeast.rt.hex": 1, "20-MerklIO.rt.hex": 0, "21-IERC20.rt.hex": 0, "21-SafeMath.rt.hex": 0, "21-ERC20.rt.hex": 0, "21-Ownable.rt.hex": 0, "21-BTNY.rt.hex": 0, "22-SimpleWallet.rt.hex": 1, "23-Owned.rt.hex": 1, "23-SafeMath.rt.hex": 0, "23-Token.rt.hex": 1, "23-Staking.rt.hex": 1, "24-Owned.rt.hex": 1, "24-SafeMath.rt.hex": 0, "24-Token.rt.hex": 1, "24-Staking.rt.hex": 1, "25-IERC20.rt.hex": 0, "25-SafeMath.rt.hex": 0, "25-ERC20.rt.hex": 0, "25-ERC20Detailed.rt.hex": 0, "25-BOSAGORA.rt.hex": 0, "26-Ownable.rt.hex": 1, "26-AccountWallet.rt.hex": 1, "27-MultiplicatorX4.rt.hex": 1, "28-owned.rt.hex": 1, "28-tokenRecipient.rt.hex": 1, "28-Token.rt.hex": 1, "28-SafeMath.rt.hex": 0, "28-MindsyncPlatform.rt.hex": 1, "29-ERC20TokenInterface.rt.hex": 0, "29-SafeMath.rt.hex": 0, "29-CliffTokenVesting.rt.hex": 0, "30-owned.rt.hex": 0, "30-TokenERC20.rt.hex": 0, "30-A0101Token.rt.hex": 0, "31-IERC20.rt.hex": 0, "31-IERC223.rt.hex": 0, "31-ContractReceiver.rt.hex": 0, "31-SafeMath.rt.hex": 0, "31-StandardToken.rt.hex": 0, "31-ACLYD.rt.hex": 0, "32-EBU.rt.hex": 1, "33-Freebie.rt.hex": 1, "34-SafeMath.rt.hex": 0, "34-ERC20Interface.rt.hex": 0, "34-ApproveAndCallFallBack.rt.hex": 0, "34-Owned.rt.hex": 0, "34-EPSBets.rt.hex": 0, "35-Ownable.rt.hex": 1, "35-TokenERC20.rt.hex": 1, "35-YFT.rt.hex": 1, "36-WhaleGiveaway1.rt.hex": 1, "37-IERC20.rt.hex": 0, "37-SafeMath.rt.hex": 0, "37-IHumanity.rt.hex": 0, "37-HumanityRegistry.rt.hex": 0, "37-UniversalBasicIncome.rt.hex": 0, "38-Owned.rt.hex": 1, "38-WedIndex.rt.hex": 0, "39-DependentOnIPFS.rt.hex": 0, "39-Poll.rt.hex": 0, "39-AccountRegistryInterface.rt.hex": 0, "39-SigningLogicInterface.rt.hex": 0, "39-VotingCenter.rt.hex": 0, "40-SimpleWallet.rt.hex": 1, "41-ImplementationProvider.rt.hex": 0, "41-ZOSLibOwnable.rt.hex": 0, "41-ZOSLibAddress.rt.hex": 0, "41-ImplementationDirectory.rt.hex": 0, "42-Ownable.rt.hex": 0, "42-IERC20.rt.hex": 0, "42-ERC20Detailed.rt.hex": 0, "42-SafeMath.rt.hex": 0, "42-ERC20.rt.hex": 0, "42-Roles.rt.hex": 0, "42-MinterRole.rt.hex": 0, "42-ERC20Mintable.rt.hex": 0, "42-PauserRole.rt.hex": 0, "42-Pausable.rt.hex": 0, "42-ERC20Pausable.rt.hex": 0, "42-CrowdliToken.rt.hex": 0, "43-Prism.rt.hex": 0, "44-DrainMe.rt.hex": 1, "45-ELFToken.rt.hex": 0, "45-ELFBurner.rt.hex": 0, "46-IERC20.rt.hex": 0, "46-Marmo.rt.hex": 0, "46-ECDSA.rt.hex": 0, "46-Ownable.rt.hex": 1, "46-ReentrancyGuard.rt.hex": 1, "46-FeeTransactionManager.rt.hex": 1, "47-ERC20Interface.rt.hex": 0, "47-SafeMath.rt.hex": 0, "47-PALSToken.rt.hex": 0, "48-ERC20Basic.rt.hex": 0, "48-SafeMath.rt.hex": 0, "48-ERC20.rt.hex": 0, "48-BasicToken.rt.hex": 0, "48-StandardToken.rt.hex": 0, "48-MOONToken.rt.hex": 0, "49-SafeMath.rt.hex": 0, "49-ERC20Interface.rt.hex": 0, "49-ApproveAndCallFallBack.rt.hex": 0, "49-Owned.rt.hex": 0, "49-CalegariToken.rt.hex": 0, "50-SafeMath.rt.hex": 0, "50-Ownable.rt.hex": 0, "50-EtherPornStars.rt.hex": 0, "51-HelloEx.rt.hex": 0, "51-Call.rt.hex": 0, "52-SafeMath.rt.hex": 0, "52-ERC20Interface.rt.hex": 0, "52-ApproveAndCallFallBack.rt.hex": 0, "52-Owned.rt.hex": 0, "52-DissolutionToken.rt.hex": 0, "53-Token.rt.hex": 1, "53-SafeMath.rt.hex": 0, "53-StableDEX.rt.hex": 1, "54-RevertReason.rt.hex": 0, "55-ERC20Interface.rt.hex": 0, "55-Owned.rt.hex": 0, "55-Admined.rt.hex": 0, "55-DeveryRegistry.rt.hex": 0, "56-owned.rt.hex": 1, "56-tokenRecipient.rt.hex": 1, "56-Token.rt.hex": 1, "56-SafeMath.rt.hex": 0, "56-MindsyncPlatform.rt.hex": 1, "57-SafeMath.rt.hex": 0, "57-owned.rt.hex": 1, "57-ERC20Essential.rt.hex": 0, "57-BitpayerDEX.rt.hex": 1, "58-Ownable.rt.hex": 0, "58-InvestorWhiteList.rt.hex": 0, "59-SafeMath.rt.hex": 0, "59-ERC20Interface.rt.hex": 1, "59-ApproveAndCallFallBack.rt.hex": 1, "59-Owned.rt.hex": 1, "59-ForTheBlockchain.rt.hex": 1, "60-Ownable.rt.hex": 0, "60-Pausable.rt.hex": 0, "60-IERC20.rt.hex": 0, "60-ERC20.rt.hex": 0, "60-ERC20Pausable.rt.hex": 0, "60-MBTCcontract.rt.hex": 0, "60-MBTCToken.rt.hex": 0, "60-SafeMath.rt.hex": 0, "61-Ownable.rt.hex": 0, "61-Token.rt.hex": 1, "61-TokenBank.rt.hex": 1, "62-Emitter.rt.hex": 0, "62-Caller.rt.hex": 0, "63-IERC20.rt.hex": 0, "63-Ownable.rt.hex": 0, "63-SafeMath.rt.hex": 0, "63-BasementOperationRealm.rt.hex": 0, "64-MultiplicatorX3.rt.hex": 1, "65-SafeMath.rt.hex": 0, "65-Ownable.rt.hex": 1, "65-TokenERC20.rt.hex": 1, "65-XLToken.rt.hex": 1, "66-SafeMath.rt.hex": 0, "66-EIP20Interface.rt.hex": 0, "66-BasicToken.rt.hex": 0, "66-AICoinToken.rt.hex": 0, "67-DinosaurFarmer2.rt.hex": 0, "67-SafeMath.rt.hex": 0, "68-ERC20Interface.rt.hex": 1, "68-AcunarToken.rt.hex": 1, "68-AcunarIEO.rt.hex": 1, "69-IERC20.rt.hex": 0, "69-SafeMath.rt.hex": 0, "69-ERC20Detailed.rt.hex": 1, "69-HYDROGEN.rt.hex": 1, "70-SafeMath.rt.hex": 0, "70-ERC20Interface.rt.hex": 1, "70-ApproveAndCallFallBack.rt.hex": 1, "70-Owned.rt.hex": 1, "70-QurasToken.rt.hex": 1, "71-SafeMath.rt.hex": 0, "71-token.rt.hex": 0, "71-Crowdsale.rt.hex": 0, "72-WhaleGiveaway2.rt.hex": 1, "73-SafeMathLib.rt.hex": 0, "73-ERC20Lib.rt.hex": 0, "73-FQCoin.rt.hex": 0, "74-ERC20Interface.rt.hex": 0, "74-SafeMath.rt.hex": 0, "74-DAIX.rt.hex": 0, "75-SafeMath.rt.hex": 0, "75-Ownable.rt.hex": 0, "75-IErc20.rt.hex": 0, "75-Monetary.rt.hex": 0, "75-IPriceOracle.rt.hex": 0, "75-Require.rt.hex": 0, "75-Math.rt.hex": 0, "75-Time.rt.hex": 0, "75-IMakerOracle.rt.hex": 0, "75-IOasisDex.rt.hex": 0, "75-DaiPriceOracle.rt.hex": 0, "76-Ownable.rt.hex": 0, "76-CREDITS.rt.hex": 0, "76-CREDITCoins.rt.hex": 0, "76-ContractSendCreditCoins.rt.hex": 0, "77-ERC20.rt.hex": 0, "77-CoinCasso.rt.hex": 0, "77-SafeMath.rt.hex": 0, "78-SafeMath.rt.hex": 0, "78-IERC20.rt.hex": 0, "78-ERC20.rt.hex": 0, "78-LedgeriumToken.rt.hex": 0, "79-SafeMath.rt.hex": 0, "79-ERC20.rt.hex": 0, "79-UpgradeAgent.rt.hex": 0, "79-CVEN.rt.hex": 0, "80-SafeMath.rt.hex": 0, "80-ERC20Basic.rt.hex": 0, "80-BasicToken.rt.hex": 0, "80-ERC20.rt.hex": 0, "80-StandardToken.rt.hex": 0, "80-SafeERC20.rt.hex": 0, "80-Owned.rt.hex": 0, "80-TokenVesting.rt.hex": 0, "80-TokenVault.rt.hex": 0, "80-BurnableToken.rt.hex": 0, "80-LCGC_Token.rt.hex": 0, "81-Proxy.rt.hex": 1, "81-VaultProxy.rt.hex": 0, "82-EventMetadata.rt.hex": 1, "82-Operated.rt.hex": 1, "82-ProofHashes.rt.hex": 1, "82-MultiHashWrapper.rt.hex": 1, "82-iFactory.rt.hex": 0, "82-Template.rt.hex": 1, "82-Feed.rt.hex": 1, "83-SafeMath.rt.hex": 0, "83-owned.rt.hex": 1, "83-ethBank.rt.hex": 1, "84-SafeMath.rt.hex": 0, "84-ERC20Interface.rt.hex": 0, "84-ApproveAndCallFallBack.rt.hex": 0, "84-Owned.rt.hex": 0, "84-Metha.rt.hex": 0, "85-tokenRecipient.rt.hex": 0, "85-MigrationAgent.rt.hex": 0, "85-ERC20.rt.hex": 0, "85-SafeMath.rt.hex": 0, "85-StandardToken.rt.hex": 0, "85-daoPOLSKAtokens.rt.hex": 1, "86-SafeMath.rt.hex": 0, "86-Ownable.rt.hex": 0, "86-ERC20Interface.rt.hex": 0, "86-RADION.rt.hex": 0, "87-ERC20Basic.rt.hex": 0, "87-ERC20.rt.hex": 0, "87-Ownable.rt.hex": 0, "87-TokenLocker.rt.hex": 0, "88-HomeyJar.rt.hex": 1, "89-SafeMath.rt.hex": 0, "89-IERC20.rt.hex": 0, "89-ERC20.rt.hex": 0, "89-Roles.rt.hex": 0, "89-MinterRole.rt.hex": 0, "89-ERC20Mintable.rt.hex": 0, "89-ERC20Burnable.rt.hex": 0, "89-INOMIX.rt.hex": 0, "90-WhaleGiveaway2.rt.hex": 1, "91-SafeMath.rt.hex": 0, "91-owned.rt.hex": 0, "91-Verification.rt.hex": 0, "92-KingOfTheEtherThrone.rt.hex": 1, "93-Proxy.rt.hex": 1, "93-DepositProxy.rt.hex": 0, "94-SafeMath.rt.hex": 0, "94-ERC20TokenInterface.rt.hex": 1, "94-ERC20Token.rt.hex": 1, "94-AsseteGram.rt.hex": 1, "95-Proxy.rt.hex": 1, "95-VaultProxy.rt.hex": 0, "96-RealOldFuckMaker.rt.hex": 1, "97-SafeMath.rt.hex": 0, "97-IERC20.rt.hex": 0, "97-UBBCToken.rt.hex": 1, "98-SafeMath.rt.hex": 0, "98-ERC20Interface.rt.hex": 0, "98-ApproveAndCallFallBack.rt.hex": 0, "98-Owned.rt.hex": 0, "98-STONetwork.rt.hex": 0, "99-SafeMath.rt.hex": 0, "99-Ownable.rt.hex": 0, "99-CutdownToken.rt.hex": 0, "99-ApproveAndCallFallback.rt.hex": 0, "99-DigitizeCoin.rt.hex": 0, "100-TownCrier.rt.hex": 1, "101-AmIOnTheFork.rt.hex": 0, "101-ReplaySafeSplit.rt.hex": 0, "102-SafeMath.rt.hex": 0, "102-IERC20.rt.hex": 0, "102-Claimable.rt.hex": 0, "102-Keeper.rt.hex": 0, "103-IERC20.rt.hex": 0, "103-SafeMath.rt.hex": 0, "103-ERC20.rt.hex": 1, "103-ERC20Burnable.rt.hex": 1, "103-ERC20Detailed.rt.hex": 1, "103-AGR.rt.hex": 1, "104-SafeMath.rt.hex": 0, "104-ERC20Interface.rt.hex": 0, "104-ApproveAndCallFallBack.rt.hex": 0, "104-Owned.rt.hex": 0, "104-ITSToken.rt.hex": 0, "105-SafeMath.rt.hex": 0, "105-ERC20.rt.hex": 0, "105-CentralBankofMalaysia.rt.hex": 0, "106-SafeMath.rt.hex": 0, "106-ERC20Interface.rt.hex": 0, "106-ApproveAndCallFallBack.rt.hex": 0, "106-Owned.rt.hex": 0, "106-FixedSupplyToken.rt.hex": 0, "107-SafeMath.rt.hex": 0, "107-ERC20Interface.rt.hex": 1, "107-Owned.rt.hex": 1, "107-ExclusivePlatform.rt.hex": 1, "108-Lotto.rt.hex": 1, "109-IERC20.rt.hex": 0, "109-SafeMath.rt.hex": 0, "109-ERC20.rt.hex": 0, "109-MyToken.rt.hex": 0, "110-SimpleStorage.rt.hex": 0, "111-IERC20.rt.hex": 0, "111-SafeMath.rt.hex": 0, "111-ERC20Detailed.rt.hex": 1, "111-BIGBOMBv2.rt.hex": 1, "112-demo.rt.hex": 1, "113-B.rt.hex": 1, "114-Owned.rt.hex": 1, "114-Marriage.rt.hex": 0, "115-SafeMath.rt.hex": 0, "115-ExtendedMath.rt.hex": 0, "115-ERC20Interface.rt.hex": 1, "115-ApproveAndCallFallBack.rt.hex": 1, "115-Owned.rt.hex": 1, "115-_Yesbuzz.rt.hex": 1, "116-DAO.rt.hex": 0, "116-WithdrawDAO.rt.hex": 0, "117-SafeMath.rt.hex": 0, "117-Ownable.rt.hex": 0, "117-ERC20Basic.rt.hex": 0, "117-BasicToken.rt.hex": 0, "117-BurnableToken.rt.hex": 0, "117-ERC20.rt.hex": 0, "117-StandardToken.rt.hex": 0, "117-Pausable.rt.hex": 0, "117-PausableToken.rt.hex": 0, "117-FreezableToken.rt.hex": 0, "117-TimeLockToken.rt.hex": 0, "117-GoldToken.rt.hex": 0, "118-IERC20.rt.hex": 0, "118-SafeMath.rt.hex": 0, "118-ERC20.rt.hex": 0, "118-ERC20Detailed.rt.hex": 0, "118-Ownable.rt.hex": 0, "118-HealthyLife.rt.hex": 0, "119-ItemsStorage.rt.hex": 0, "120-FiftyFlip.rt.hex": 1, "120-ERC20Interface.rt.hex": 0, "121-owned.rt.hex": 0, "121-ORCToken.rt.hex": 0, "122-WhiteBetting.rt.hex": 1, "123-CareerOnToken.rt.hex": 1, "124-CareerOnToken.rt.hex": 1, "125-SafeMath.rt.hex": 0, "125-IERC20.rt.hex": 0, "125-ERC20.rt.hex": 1, "125-ERC20Detailed.rt.hex": 1, "125-SaveWon.rt.hex": 1, "126-Ownable.rt.hex": 0, "126-Token.rt.hex": 1, "126-TokenBank.rt.hex": 1, "127-Ownable.rt.hex": 0, "127-ERC20Basic.rt.hex": 0, "127-SafeMath.rt.hex": 0, "127-BasicToken.rt.hex": 0, "127-ERC20.rt.hex": 0, "127-StandardToken.rt.hex": 0, "127-BurnableToken.rt.hex": 0, "127-StandardBurnableToken.rt.hex": 0, "127-Amplify.rt.hex": 0, "128-ERC20Interface.rt.hex": 1, "128-IERC20Interface.rt.hex": 1, "128-RaffleToken.rt.hex": 0, "128-SafeMath.rt.hex": 0, "128-RaffleTokenExchange.rt.hex": 1, "129-SafeMath.rt.hex": 0, "129-IERC20.rt.hex": 0, "129-ERC20Detailed.rt.hex": 0, "129-ERC20.rt.hex": 0, "129-ERC20Burnable.rt.hex": 0, "129-ERC20Mintable.rt.hex": 0, "129-ERC20Capped.rt.hex": 0, "129-IERC20Freezable.rt.hex": 0, "129-ERC20Freezable.rt.hex": 0, "129-L2T.rt.hex": 0, "130-Centra4.rt.hex": 1, "131-SafeMath.rt.hex": 0, "131-Ownable.rt.hex": 0, "131-ERC20Basic.rt.hex": 0, "131-ERC20.rt.hex": 0, "131-BasicToken.rt.hex": 0, "131-StandardToken.rt.hex": 0, "131-Pausable.rt.hex": 0, "131-PausableToken.rt.hex": 0, "131-MintableToken.rt.hex": 0, "131-MyAdvancedToken.rt.hex": 0, "132-tokenRecipient.rt.hex": 0, "132-MD.rt.hex": 1, "133-TestCert.rt.hex": 0, "134-Ownable.rt.hex": 0, "134-Token.rt.hex": 1, "134-TokenBank.rt.hex": 1, "135-SafeMath.rt.hex": 0, "135-Token.rt.hex": 0, "135-AbstractToken.rt.hex": 0, "135-PRIN.rt.hex": 0, "136-IERC20.rt.hex": 0, "136-Ownable.rt.hex": 0, "136-SafeMath.rt.hex": 0, "136-GlobalBlockchainBank.rt.hex": 0, "137-Maths.rt.hex": 0, "137-Manageable.rt.hex": 0, "137-ERC20Basic.rt.hex": 0, "137-ERC20.rt.hex": 0, "137-BasicToken.rt.hex": 0, "137-StandardToken.rt.hex": 0, "137-MintableToken.rt.hex": 0, "137-XPToken.rt.hex": 0, "138-AbstractENS.rt.hex": 0, "138-IPublicResolver.rt.hex": 0, "138-IFIFSResolvingRegistrar.rt.hex": 0, "138-FIFSResolvingRegistrar.rt.hex": 0, "139-IERC165.rt.hex": 0, "139-ERC165.rt.hex": 0, "139-IERC721.rt.hex": 0, "139-IERC721Receiver.rt.hex": 0, "139-SafeMath.rt.hex": 0, "139-Address.rt.hex": 0, "139-ERC721.rt.hex": 0, "139-IERC721Metadata.rt.hex": 0, "139-ERC721Metadata.rt.hex": 0, "139-GatherStandardTrophies.rt.hex": 0, "140-Uint256HashTable.rt.hex": 0, "141-Token.rt.hex": 0, "141-EtherGet.rt.hex": 1, "142-Owned.rt.hex": 1, "142-Token.rt.hex": 0, "142-TokenSender.rt.hex": 0, "143-ERC20.rt.hex": 0, "143-OwnableMintable.rt.hex": 0, "143-SafeMath.rt.hex": 0, "143-HSYToken.rt.hex": 0, "144-digitalNotary.rt.hex": 1, "145-SafeMath.rt.hex": 0, "145-ERC20.rt.hex": 0, "145-MultiSign.rt.hex": 0, "146-EventMetadata.rt.hex": 1, "146-Operated.rt.hex": 1, "146-MultiHashWrapper.rt.hex": 1, "146-iFactory.rt.hex": 0, "146-ProofHash.rt.hex": 1, "146-Template.rt.hex": 1, "146-Post.rt.hex": 1, "147-Pie.rt.hex": 1, "148-Ownable.rt.hex": 1, "148-SafeMath.rt.hex": 0, "148-LollypopToken.rt.hex": 1, "149-ERC20Basic.rt.hex": 0, "149-ERC20.rt.hex": 0, "149-SafeMath.rt.hex": 0, "149-StandardToken.rt.hex": 0, "149-BurnableToken.rt.hex": 0, "149-UpgradeAgent.rt.hex": 0, "149-UpgradeableToken.rt.hex": 0, "149-Ownable.rt.hex": 0, "149-ReleasableToken.rt.hex": 0, "149-SafeMathLib.rt.hex": 0, "149-MintableToken.rt.hex": 0, "149-CrowdsaleToken.rt.hex": 0, "149-BurnableCrowdsaleToken.rt.hex": 0, "150-AmIOnTheFork.rt.hex": 0, "150-ForkSweeper.rt.hex": 0, "151-ERC20.rt.hex": 0, "151-Ownable.rt.hex": 0, "151-ERC721.rt.hex": 0, "151-GeneScienceInterface.rt.hex": 0, "151-PandaAccessControl.rt.hex": 0, "151-PandaBase.rt.hex": 0, "151-ERC721Metadata.rt.hex": 0, "151-PandaOwnership.rt.hex": 0, "151-PandaBreeding.rt.hex": 1, "151-ClockAuctionBase.rt.hex": 0, "151-Pausable.rt.hex": 0, "151-ClockAuction.rt.hex": 1, "151-SiringClockAuction.rt.hex": 0, "151-SaleClockAuction.rt.hex": 0, "151-SaleClockAuctionERC20.rt.hex": 0, "151-PandaAuction.rt.hex": 0, "151-PandaMinting.rt.hex": 0, "151-PandaCore.rt.hex": 1, "152-EBU.rt.hex": 1, "153-keepMyEther.rt.hex": 1, "154-WhaleGiveaway1.rt.hex": 1, "155-EIP20Interface.rt.hex": 1, "155-HotDollarsToken.rt.hex": 1, "156-Ownable.rt.hex": 0, "156-SafeMath.rt.hex": 0, "156-CommunityVesting.rt.hex": 0, "156-EcosystemVesting.rt.hex": 0, "156-SeedPrivateAdvisorVesting.rt.hex": 0, "156-TeamVesting.rt.hex": 0, "156-TokenInterface.rt.hex": 0, "156-Vesting.rt.hex": 0, "157-SafeMath.rt.hex": 0, "157-IERC20.rt.hex": 0, "157-ERC20.rt.hex": 0, "157-ERC20Detailed.rt.hex": 0, "157-ExtistenzToken.rt.hex": 0, "158-ReturnValue.rt.hex": 1, "159-SafeMath.rt.hex": 0, "159-ERC20Interface.rt.hex": 0, "159-ApproveAndCallFallBack.rt.hex": 0, "159-Owned.rt.hex": 0, "159-FmlSupplyToken.rt.hex": 0, "160-Caller.rt.hex": 1, "161-SafeMath.rt.hex": 0, "161-ERC20Interface.rt.hex": 0, "161-Owned.rt.hex": 0, "161-AlluvaToken.rt.hex": 0, "162-StoreIPHash.rt.hex": 0, "163-SafeMath.rt.hex": 0, "163-IERC20.rt.hex": 0, "163-ERC20.rt.hex": 1, "163-ERC20Detailed.rt.hex": 1, "163-SimpleSwapCoin.rt.hex": 1, "164-FreeEth.rt.hex": 1, "165-SafeMath.rt.hex": 0, "165-owned.rt.hex": 0, "165-ERC20.rt.hex": 0, "165-StandardToken.rt.hex": 0, "165-ioeXTokenERC20.rt.hex": 0, "166-SafeMath.rt.hex": 0, "166-ERC20Interface.rt.hex": 0, "166-ApproveAndCallFallBack.rt.hex": 0, "166-Owned.rt.hex": 0, "166-BLUEKEY.rt.hex": 0, "167-calc.rt.hex": 0, "168-BurnableERC20.rt.hex": 0, "168-Burner.rt.hex": 0, "169-SafeMath.rt.hex": 0, "169-Ownable.rt.hex": 0, "169-TokenCHK.rt.hex": 0, "169-SpaceImpulse_ERC20.rt.hex": 0, "169-tokenRecipient.rt.hex": 0, "169-SpaceImpulseERC20.rt.hex": 0, "170-SafeMath.rt.hex": 0, "170-owned.rt.hex": 1, "170-tokenRecipient.rt.hex": 0, "170-TokenERC20.rt.hex": 1, "170-AZT.rt.hex": 1, "171-Splitter.rt.hex": 1, "171-Puppet.rt.hex": 1, "171-SafeMath.rt.hex": 0, "172-demo.rt.hex": 1, "173-IERC20.rt.hex": 0, "173-PHO.rt.hex": 1, "174-Ownable.rt.hex": 0, "174-ModulumInvestorsWhitelist.rt.hex": 0, "175-EthJackpot.rt.hex": 0, "175-SafeMath.rt.hex": 0, "176-HackerSpaceBarneysToken.rt.hex": 0, "177-SafeMath.rt.hex": 0, "177-IERC20.rt.hex": 0, "177-ERC20.rt.hex": 0, "177-ERC20Detailed.rt.hex": 0, "177-Chairman.rt.hex": 0, "178-Honey.rt.hex": 1, "179-airDrop.rt.hex": 1, "180-Delta.rt.hex": 1, "181-Ownable.rt.hex": 1, "181-TokenERC20.rt.hex": 1, "181-TTC.rt.hex": 1, "182-StockBet.rt.hex": 1, "183-ERC20Basic.rt.hex": 0, "183-SafeMath.rt.hex": 0, "183-ERC223.rt.hex": 0, "183-ERC223ReceivingContract.rt.hex": 0, "183-PGGamePlatform.rt.hex": 0, "184-SafeMath.rt.hex": 0, "184-Ownable.rt.hex": 0, "184-ERC20Basic.rt.hex": 0, "184-BasicToken.rt.hex": 0, "184-BurnableToken.rt.hex": 0, "184-ERC20.rt.hex": 0, "184-StandardToken.rt.hex": 0, "184-Pausable.rt.hex": 0, "184-PausableToken.rt.hex": 0, "184-FreezableToken.rt.hex": 0, "184-TimeLockToken.rt.hex": 0, "184-GINICON.rt.hex": 0, "185-SafeMath.rt.hex": 0, "185-IERC20.rt.hex": 0, "185-ERC20.rt.hex": 0, "185-Controller.rt.hex": 0, "185-LobefyToken.rt.hex": 0, "186-Ownable.rt.hex": 0, "186-Manageable.rt.hex": 0, "186-MytilcoinStorage.rt.hex": 0, "187-Ownable.rt.hex": 0, "187-Token.rt.hex": 1, "187-TokenBank.rt.hex": 0, "188-TAMCContract.rt.hex": 1, "189-airdrop.rt.hex": 1, "190-Greeter.rt.hex": 0}