{"1-IERC777.bin": 0, "1-IERC777Recipient.bin": 0, "1-IERC777Sender.bin": 0, "1-IERC20.bin": 0, "1-SafeMath.bin": 0, "1-Address.bin": 0, "1-IERC1820Registry.bin": 0, "1-ERC777.bin": 1, "1-Roles.bin": 0, "1-MinterRole.bin": 1, "1-PauserRole.bin": 1, "1-Pausable.bin": 1, "1-SKYBITToken.bin": 1, "2-lottopollo.bin": 1, "3-SafeMath.bin": 0, "3-IERC20.bin": 0, "3-ERC20Detailed.bin": 0, "3-ERC20.bin": 0, "3-EShopToken.bin": 0, "4-Ownable.bin": 0, "4-Migrations.bin": 0, "5-SafeMath.bin": 0, "5-ERC20.bin": 1, "5-ERC223ReceivingContract.bin": 1, "5-ERC223.bin": 1, "5-ERC223Token.bin": 1, "5-Owned.bin": 1, "5-Grand.bin": 1, "6-Voucher.bin": 0, "7-TAMC.bin": 1, "8-ERC20Interface.bin": 0, "8-UsernameRegistry.bin": 0, "9-IERC20.bin": 0, "9-SafeMath.bin": 0, "9-ERC20.bin": 0, "9-Remitano.bin": 0, "10-Ownable.bin": 1, "10-ChannelWallet.bin": 1, "11-SafeMath.bin": 0, "11-IERC20.bin": 0, "11-ERC20.bin": 0, "11-ERC20Detailed.bin": 0, "11-MBLToken.bin": 0, "12-TokenLib.bin": 0, "12-TokenInterface.bin": 0, "12-Devcon2Token.bin": 0, "13-Ownable.bin": 1, "13-Stoppable.bin": 1, "13-RampInstantPoolInterface.bin": 0, "13-RampInstantEscrowsPoolInterface.bin": 1, "13-RampInstantPool.bin": 1, "13-RampInstantEthPool.bin": 1, "14-TimedCrowdsale.bin": 1, "15-IERC20.bin": 0, "15-SafeMath.bin": 0, "15-Ownable.bin": 1, "15-ERC20Detailed.bin": 1, "15-DanPanCoin.bin": 1, "16-SafeMath.bin": 0, "16-FomoFeast.bin": 1, "17-Owned.bin": 1, "17-SafeMath.bin": 0, "17-Token.bin": 1, "17-Staking.bin": 1, "18-Owned.bin": 1, "18-SafeMath.bin": 0, "18-Token.bin": 1, "18-Staking.bin": 1, "19-SafeMath.bin": 0, "19-Mono.bin": 0, "20-Ownable.bin": 0, "20-Manageable.bin": 0, "20-TilcoinStorage.bin": 0, "21-Ownable.bin": 1, "21-AccountWallet.bin": 1, "22-owned.bin": 1, "22-tokenRecipient.bin": 1, "22-Token.bin": 1, "22-SafeMath.bin": 0, "22-MindsyncPlatform.bin": 1, "23-ERC20Basic.bin": 0, "23-SafeMath.bin": 0, "23-BasicToken.bin": 0, "23-ERC20.bin": 0, "23-StandardToken.bin": 0, "23-Ownable.bin": 0, "23-Pausable.bin": 0, "23-PausableToken.bin": 0, "23-DetailedERC20.bin": 0, "23-Kawanggawa.bin": 0, "24-Ownable.bin": 0, "24-Roles.bin": 0, "24-WhitelistAdminRole.bin": 0, "24-WhitelistedRole.bin": 0, "24-InvictusWhitelist.bin": 0, "25-Ownable.bin": 0, "25-Globalnetworktoken.bin": 0, "26-EtherLotto.bin": 1, "27-Ownable.bin": 1, "27-TokenERC20.bin": 1, "27-YFT.bin": 1, "28-SafeMath.bin": 0, "28-FitToken.bin": 0, "29-SafeMath.bin": 0, "29-ERC20Basic.bin": 0, "29-ERC20.bin": 0, "29-BasicToken.bin": 0, "29-StandardToken.bin": 0, "29-CodeToken.bin": 0, "30-ERC20Basic.bin": 0, "30-SafeMath.bin": 0, "30-BasicToken.bin": 0, "30-ERC20.bin": 0, "30-StandardToken.bin": 0, "30-Ownable.bin": 0, "30-Pausable.bin": 0, "30-PausableToken.bin": 0, "30-DetailedERC20.bin": 0, "30-DukunToken.bin": 0, "31-IERC20.bin": 0, "31-Marmo.bin": 0, "31-ECDSA.bin": 0, "31-Ownable.bin": 1, "31-ReentrancyGuard.bin": 1, "31-FeeTransactionManager.bin": 1, "32-SafeMath.bin": 0, "32-ERC721Interface.bin": 0, "32-ERC20.bin": 0, "32-Ownable.bin": 0, "32-NewAuctionContract.bin": 0, "32-ArconaMarketplaceContract.bin": 0, "33-SafeMath.bin": 0, "33-ERC20Interface.bin": 0, "33-ApproveAndCallFallBack.bin": 0, "33-Owned.bin": 0, "33-FixedSupplyToken.bin": 0, "34-Token.bin": 1, "34-SafeMath.bin": 0, "34-StableDEX.bin": 1, "35-owned.bin": 1, "35-tokenRecipient.bin": 1, "35-Token.bin": 1, "35-SafeMath.bin": 0, "35-MindsyncPlatform.bin": 1, "36-SafeMath.bin": 0, "36-owned.bin": 1, "36-ERC20Essential.bin": 0, "36-BitpayerDEX.bin": 1, "37-SafeMath.bin": 0, "37-ERC20Interface.bin": 1, "37-ApproveAndCallFallBack.bin": 1, "37-Owned.bin": 1, "37-ForTheBlockchain.bin": 1, "38-SafeMath.bin": 0, "38-Token.bin": 0, "38-Ownable.bin": 0, "38-Vesting.bin": 0, "39-SafeMath.bin": 0, "39-ERC20Basic.bin": 0, "39-ERC20.bin": 0, "39-BasicToken.bin": 0, "39-StandardToken.bin": 0, "39-Ownable.bin": 0, "39-VIRToken.bin": 0, "40-SafeMath.bin": 0, "40-ERC20Basic.bin": 0, "40-ERC20.bin": 0, "40-BasicToken.bin": 0, "40-StandardToken.bin": 0, "40-Ownable.bin": 0, "40-Gentrion.bin": 0, "41-SafeMath.bin": 0, "41-Ownable.bin": 1, "41-TokenERC20.bin": 1, "41-XLToken.bin": 1, "42-SafeMath.bin": 0, "42-ERC20Basic.bin": 0, "42-BasicToken.bin": 0, "42-ERC20.bin": 0, "42-StandardToken.bin": 0, "42-SafeERC20.bin": 0, "42-Owned.bin": 0, "42-TokenVesting.bin": 0, "42-TokenVault.bin": 0, "42-BurnableToken.bin": 0, "42-ZTC_Token.bin": 0, "43-ERC20Interface.bin": 1, "43-AcunarToken.bin": 1, "43-AcunarIEO.bin": 1, "44-IERC20.bin": 0, "44-SafeMath.bin": 0, "44-ERC20Detailed.bin": 1, "44-HYDROGEN.bin": 1, "45-SafeMath.bin": 0, "45-ERC20Interface.bin": 1, "45-ApproveAndCallFallBack.bin": 1, "45-Owned.bin": 1, "45-QurasToken.bin": 1, "46-Roulette.bin": 1, "47-Ownable.bin": 0, "47-Registry.bin": 0, "48-SafeMath.bin": 0, "48-ERC20Interface.bin": 0, "48-Owned.bin": 0, "48-ZygStop.bin": 0, "48-Utils.bin": 0, "48-BuyZygoma.bin": 0, "49-Ownable.bin": 0, "49-Pausable.bin": 0, "49-SafeMath.bin": 0, "49-Stoppable.bin": 0, "49-e2pEscrow.bin": 0, "50-IERC20.bin": 0, "50-SafeMath.bin": 0, "50-ERC20.bin": 0, "50-ERC20Burnable.bin": 0, "50-Roles.bin": 0, "50-PauserRole.bin": 0, "50-Pausable.bin": 0, "50-ERC20Pausable.bin": 0, "50-MinterRole.bin": 0, "50-ERC20Mintable.bin": 0, "50-ETHPlay.bin": 0, "51-CafeMaker.bin": 0, "52-EventMetadata.bin": 1, "52-Operated.bin": 1, "52-ProofHashes.bin": 1, "52-MultiHashWrapper.bin": 1, "52-iFactory.bin": 0, "52-Template.bin": 1, "52-Feed.bin": 1, "53-MakerCDP.bin": 0, "53-UniqueCDP.bin": 0, "54-SafeMath.bin": 0, "54-owned.bin": 1, "54-ethBank.bin": 1, "55-Governmental.bin": 1, "55-Attacker.bin": 0, "56-SafeMath.bin": 0, "56-ERC20TokenInterface.bin": 1, "56-ERC20Token.bin": 1, "56-AsseteGram.bin": 1, "57-SafeMath.bin": 0, "57-IERC20.bin": 0, "57-UBBCToken.bin": 1, "58-Ownable.bin": 0, "58-Roles.bin": 0, "58-RBAC.bin": 0, "58-SafeMath.bin": 0, "58-ERC20Basic.bin": 0, "58-ERC20.bin": 0, "58-BasicToken.bin": 0, "58-StandardToken.bin": 0, "58-Pausable.bin": 0, "58-PausableToken.bin": 0, "58-BlackListToken.bin": 0, "58-TwoPhaseToken.bin": 0, "58-UpgradedStandardToken.bin": 0, "58-WitToken.bin": 0, "59-IERC20.bin": 0, "59-SafeMath.bin": 0, "59-ERC20.bin": 1, "59-ERC20Burnable.bin": 1, "59-ERC20Detailed.bin": 1, "59-AGR.bin": 1, "60-ERC20.bin": 0, "60-DSMath.bin": 0, "60-SEER.bin": 0, "61-SafeMath.bin": 0, "61-ERC20Interface.bin": 1, "61-Owned.bin": 1, "61-ExclusivePlatform.bin": 1, "62-IERC20.bin": 0, "62-SafeMath.bin": 0, "62-ERC20Detailed.bin": 1, "62-BIGBOMBv2.bin": 1, "63-ERC20Interface.bin": 0, "63-Owned.bin": 0, "63-SafeMath.bin": 0, "63-VNXLU.bin": 0, "64-SafeMath.bin": 0, "64-ExtendedMath.bin": 0, "64-ERC20Interface.bin": 1, "64-ApproveAndCallFallBack.bin": 1, "64-Owned.bin": 1, "64-_Yesbuzz.bin": 1, "65-IERC20.bin": 0, "65-ERC20Detailed.bin": 0, "65-SafeMath.bin": 0, "65-ERC20.bin": 0, "65-ERC20Burnable.bin": 0, "65-Ownable.bin": 0, "65-Roles.bin": 0, "65-PauserRole.bin": 0, "65-Pausable.bin": 0, "65-MinterRole.bin": 0, "65-WhitelistAdminRole.bin": 0, "65-WhitelistedRole.bin": 0, "65-InvictusWhitelist.bin": 0, "65-C10Token.bin": 0, "66-IERC20.bin": 0, "66-Ownable.bin": 0, "66-SafeMath.bin": 0, "66-DaEXCoin.bin": 0, "67-WhiteBetting.bin": 1, "68-CareerOnToken.bin": 1, "69-Ownable.bin": 0, "69-Autonomy.bin": 0, "69-Destructible.bin": 0, "69-Claimable.bin": 0, "69-DRCWalletMgrParams.bin": 0, "70-SafeMath.bin": 0, "70-ERC20.bin": 0, "70-Owned.bin": 0, "70-ERC20Token.bin": 0, "70-PandaGoldToken.bin": 0, "71-SafeMath.bin": 0, "71-ERC20.bin": 0, "71-FENIX.bin": 0, "72-CareerOnToken.bin": 1, "73-SafeMath.bin": 0, "73-IERC20.bin": 0, "73-ERC20.bin": 1, "73-ERC20Detailed.bin": 1, "73-SaveWon.bin": 1, "74-IERC20.bin": 0, "74-SafeMath.bin": 0, "74-ERC20.bin": 0, "74-ERC20Detailed.bin": 0, "74-Roles.bin": 0, "74-MinterRole.bin": 0, "74-ERC20Mintable.bin": 0, "74-ClcgToken.bin": 0, "75-ERC20Interface.bin": 1, "75-IERC20Interface.bin": 1, "75-RaffleToken.bin": 0, "75-SafeMath.bin": 0, "75-RaffleTokenExchange.bin": 1, "76-tokenRecipient.bin": 0, "76-MD.bin": 1, "77-IERC20.bin": 0, "77-SafeMath.bin": 0, "77-ERC20.bin": 0, "77-RemiToken.bin": 0, "78-SafeMath.bin": 0, "78-Roles.bin": 0, "78-CapperRole.bin": 0, "78-PauserRole.bin": 0, "78-Pausable.bin": 0, "78-MinterRole.bin": 0, "78-IERC20.bin": 0, "78-ERC20.bin": 0, "78-ERC20Mintable.bin": 0, "78-ERC20Burnable.bin": 0, "78-ERC20Capped.bin": 0, "78-ERC20Pausable.bin": 0, "78-Ownable.bin": 0, "78-BlueseedsToken.bin": 0, "79-digitalNotary.bin": 1, "80-EventMetadata.bin": 1, "80-Operated.bin": 1, "80-MultiHashWrapper.bin": 1, "80-iFactory.bin": 0, "80-ProofHash.bin": 1, "80-Template.bin": 1, "80-Post.bin": 1, "81-Ownable.bin": 1, "81-SafeMath.bin": 0, "81-LollypopToken.bin": 1, "82-IERC20.bin": 0, "82-Ownable.bin": 0, "82-DIP_Team_Transfer.bin": 0, "83-Roles.bin": 0, "83-MinterRole.bin": 0, "83-SafeMath.bin": 0, "83-IERC20.bin": 0, "83-ERC20.bin": 0, "83-ERC20Burnable.bin": 0, "83-ERC20Mintable.bin": 0, "83-AzulToken.bin": 0, "84-EIP20Interface.bin": 1, "84-HotDollarsToken.bin": 1, "85-Math.bin": 0, "85-SafeMath.bin": 0, "85-Ownable.bin": 0, "85-CanReclaimToken.bin": 0, "85-HasNoContracts.bin": 0, "85-HasNoTokens.bin": 0, "85-ERC20Basic.bin": 0, "85-ERC20.bin": 0, "85-BasicToken.bin": 0, "85-StandardToken.bin": 0, "85-SafeERC20.bin": 0, "85-DULACoin.bin": 0, "86-IERC20.bin": 0, "86-SafeMath.bin": 0, "86-ERC20.bin": 0, "86-Ownable.bin": 0, "86-ARTIDToken.bin": 0, "87-SafeMath.bin": 0, "87-ERC20Interface.bin": 0, "87-ApproveAndCallFallBack.bin": 0, "87-Owned.bin": 0, "87-InGRedientToken.bin": 0, "88-SafeMath.bin": 0, "88-ERC20Interface.bin": 0, "88-PLTC.bin": 0, "89-tokenRecipient.bin": 0, "89-owned.bin": 0, "89-token.bin": 0, "89-SVC.bin": 0, "90-IERC20.bin": 0, "90-SafeMath.bin": 0, "90-ERC20.bin": 0, "90-Peculium.bin": 0, "91-SafeMath.bin": 0, "91-IERC20.bin": 0, "91-ERC20.bin": 1, "91-ERC20Detailed.bin": 1, "91-SimpleSwapCoin.bin": 1, "92-SafeMath.bin": 0, "92-owned.bin": 1, "92-tokenRecipient.bin": 0, "92-TokenERC20.bin": 1, "92-AZT.bin": 1, "93-HRKD.bin": 0, "93-SafeMath.bin": 0, "94-IERC20.bin": 0, "94-PHO.bin": 1, "95-Numa.bin": 0, "96-Ownable.bin": 1, "96-TokenERC20.bin": 1, "96-TTC.bin": 1, "97-RTCoinInterface.bin": 0, "97-SafeMath.bin": 0, "97-Payments.bin": 0, "98-StockBet.bin": 1, "99-ECRecovery.bin": 0, "99-Ownable.bin": 0, "99-Claimable.bin": 0, "99-ERC20Basic.bin": 0, "99-ERC20.bin": 0, "99-RedemptionCertificate.bin": 0, "100-TAMCContract.bin": 1}