[
    {
        "contract_name": "0xcead721ef5b11f1a7b530171aab69b16c5e66b6e-WALLET.sol",
        "targets": 1
    },
    {
        "contract_name": "0xcead721ef5b11f1a7b530171aab69b16c5e66b6e-Log.sol",
        "targets": 0
    },
    {
        "contract_name": "0x01f8c4e3fa3edeb29e514cba738d87ce8c091d3f-PERSONAL_BANK.sol",
        "targets": 1
    },
    {
        "contract_name": "0x01f8c4e3fa3edeb29e514cba738d87ce8c091d3f-LogFile.sol",
        "targets": 0
    },
    {
        "contract_name": "0xbaf51e761510c1a11bf48dd87c0307ac8a8c8a4f-ETH_VAULT.sol",
        "targets": 1
    },
    {
        "contract_name": "0xbaf51e761510c1a11bf48dd87c0307ac8a8c8a4f-Log.sol",
        "targets": 0
    },
    {
        "contract_name": "0x4e73b32ed6c35f570686b89848e5f39f20ecc106-PRIVATE_ETH_CELL.sol",
        "targets": 1
    },
    {
        "contract_name": "0x4e73b32ed6c35f570686b89848e5f39f20ecc106-LogFile.sol",
        "targets": 0
    },
    {
        "contract_name": "0x23a91059fdc9579a9fbd0edc5f2ea0bfdb70deb4-PrivateBank.sol",
        "targets": 1
    },
    {
        "contract_name": "0x23a91059fdc9579a9fbd0edc5f2ea0bfdb70deb4-Log.sol",
        "targets": 0
    },
    {
        "contract_name": "0xbe4041d55db380c5ae9d4a9b9703f1ed4e7e3888-MONEY_BOX.sol",
        "targets": 1
    },
    {
        "contract_name": "0xbe4041d55db380c5ae9d4a9b9703f1ed4e7e3888-Log.sol",
        "targets": 0
    },
    {
        "contract_name": "0x4320e6f8c05b27ab4707cd1f6d5ce6f3e4b3a5a1-ACCURAL_DEPOSIT.sol",
        "targets": 1
    },
    {
        "contract_name": "0x4320e6f8c05b27ab4707cd1f6d5ce6f3e4b3a5a1-LogFile.sol",
        "targets": 0
    },
    {
        "contract_name": "0x627fa62ccbb1c1b04ffaecd72a53e37fc0e17839-Ownable.sol",
        "targets": 0
    },
    {
        "contract_name": "0x627fa62ccbb1c1b04ffaecd72a53e37fc0e17839-Token.sol",
        "targets": 0
    },
    {
        "contract_name": "0x627fa62ccbb1c1b04ffaecd72a53e37fc0e17839-TokenBank.sol",
        "targets": 1
    },
    {
        "contract_name": "reentrancy_cross_function-Reentrancy_cross_function.sol",
        "targets": 1
    },
    {
        "contract_name": "0x561eac93c92360949ab1f1403323e6db345cbf31-BANK_SAFE.sol",
        "targets": 1
    },
    {
        "contract_name": "0x561eac93c92360949ab1f1403323e6db345cbf31-LogFile.sol",
        "targets": 0
    },
    {
        "contract_name": "0xaae1f51cf3339f18b6d3f3bdc75a5facd744b0b8-DEP_BANK.sol",
        "targets": 1
    },
    {
        "contract_name": "0xaae1f51cf3339f18b6d3f3bdc75a5facd744b0b8-LogFile.sol",
        "targets": 0
    },
    {
        "contract_name": "reentrance-Reentrance.sol",
        "targets": 1
    },
    {
        "contract_name": "0x7b368c4e805c3870b6c49a3f1f49f69af8662cf3-W_WALLET.sol",
        "targets": 1
    },
    {
        "contract_name": "0x7b368c4e805c3870b6c49a3f1f49f69af8662cf3-Log.sol",
        "targets": 0
    },
    {
        "contract_name": "reentrancy_insecure-Reentrancy_insecure.sol",
        "targets": 1
    },
    {
        "contract_name": "etherstore-EtherStore.sol",
        "targets": 1
    },
    {
        "contract_name": "modifier_reentrancy-ModifierEntrancy.sol",
        "targets": 1
    },
    {
        "contract_name": "modifier_reentrancy-Bank.sol",
        "targets": 0
    },
    {
        "contract_name": "modifier_reentrancy-attack.sol",
        "targets": 0
    },
    {
        "contract_name": "0x7541b76cb60f4c60af330c208b0623b7f54bf615-U_BANK.sol",
        "targets": 1
    },
    {
        "contract_name": "0x7541b76cb60f4c60af330c208b0623b7f54bf615-Log.sol",
        "targets": 0
    },
    {
        "contract_name": "0xb5e1b1ee15c6fa0e48fce100125569d430f1bd12-Private_Bank.sol",
        "targets": 1
    },
    {
        "contract_name": "0xb5e1b1ee15c6fa0e48fce100125569d430f1bd12-Log.sol",
        "targets": 0
    },
    {
        "contract_name": "etherbank-EtherBank.sol",
        "targets": 1
    },
    {
        "contract_name": "reentrancy_simple-Reentrance.sol",
        "targets": 1
    },
    {
        "contract_name": "reentrancy_dao-ReentrancyDAO.sol",
        "targets": 1
    },
    {
        "contract_name": "0x7a8721a9d64c74da899424c1b52acbf58ddc9782-PrivateDeposit.sol",
        "targets": 1
    },
    {
        "contract_name": "0x7a8721a9d64c74da899424c1b52acbf58ddc9782-Log.sol",
        "targets": 0
    },
    {
        "contract_name": "0x93c32845fae42c83a70e5f06214c8433665c2ab5-X_WALLET.sol",
        "targets": 1
    },
    {
        "contract_name": "0x93c32845fae42c83a70e5f06214c8433665c2ab5-Log.sol",
        "targets": 0
    },
    {
        "contract_name": "0x96edbe868531bd23a6c05e9d0c424ea64fb1b78b-PENNY_BY_PENNY.sol",
        "targets": 1
    },
    {
        "contract_name": "0x96edbe868531bd23a6c05e9d0c424ea64fb1b78b-LogFile.sol",
        "targets": 0
    },
    {
        "contract_name": "0xf015c35649c82f5467c9c74b7f28ee67665aad68-MY_BANK.sol",
        "targets": 1
    },
    {
        "contract_name": "0xf015c35649c82f5467c9c74b7f28ee67665aad68-Log.sol",
        "targets": 0
    },
    {
        "contract_name": "0x941d225236464a25eb18076df7da6a91d0f95e9e-ETH_FUND.sol",
        "targets": 1
    },
    {
        "contract_name": "0x941d225236464a25eb18076df7da6a91d0f95e9e-Log.sol",
        "targets": 0
    },
    {
        "contract_name": "spank_chain_payment-Token.sol",
        "targets": 0
    },
    {
        "contract_name": "spank_chain_payment-ECTools.sol",
        "targets": 0
    },
    {
        "contract_name": "spank_chain_payment-StandardToken.sol",
        "targets": 0
    },
    {
        "contract_name": "spank_chain_payment-HumanStandardToken.sol",
        "targets": 0
    },
    {
        "contract_name": "spank_chain_payment-LedgerChannel.sol",
        "targets": 1
    },
    {
        "contract_name": "0xb93430ce38ac4a6bb47fb1fc085ea669353fd89e-PrivateBank.sol",
        "targets": 1
    },
    {
        "contract_name": "0xb93430ce38ac4a6bb47fb1fc085ea669353fd89e-Log.sol",
        "targets": 0
    },
    {
        "contract_name": "0x8c7777c45481dba411450c228cb692ac3d550344-ETH_VAULT.sol",
        "targets": 1
    },
    {
        "contract_name": "0x8c7777c45481dba411450c228cb692ac3d550344-Log.sol",
        "targets": 0
    },
    {
        "contract_name": "simple_dao-SimpleDAO.sol",
        "targets": 1
    },
    {
        "contract_name": "reentrancy_bonus-Reentrancy_bonus.sol",
        "targets": 1
    },
    {
        "contract_name": "buggy_50-digitalNotary.sol",
        "targets": 1
    },
    {
        "contract_name": "buggy_18-SafeMath.sol",
        "targets": 0
    },
    {
        "contract_name": "buggy_18-ExtendedMath.sol",
        "targets": 0
    },
    {
        "contract_name": "buggy_18-ERC20Interface.sol",
        "targets": 1
    },
    {
        "contract_name": "buggy_18-ApproveAndCallFallBack.sol",
        "targets": 1
    },
    {
        "contract_name": "buggy_18-Owned.sol",
        "targets": 1
    },
    {
        "contract_name": "buggy_18-_Yesbuzz.sol",
        "targets": 1
    },
    {
        "contract_name": "buggy_29-ERC20Interface.sol",
        "targets": 1
    },
    {
        "contract_name": "buggy_29-IERC20Interface.sol",
        "targets": 1
    },
    {
        "contract_name": "buggy_29-RaffleToken.sol",
        "targets": 0
    },
    {
        "contract_name": "buggy_29-SafeMath.sol",
        "targets": 0
    },
    {
        "contract_name": "buggy_29-RaffleTokenExchange.sol",
        "targets": 1
    },
    {
        "contract_name": "buggy_30-IERC777.sol",
        "targets": 0
    },
    {
        "contract_name": "buggy_30-IERC777Recipient.sol",
        "targets": 0
    },
    {
        "contract_name": "buggy_30-IERC777Sender.sol",
        "targets": 0
    },
    {
        "contract_name": "buggy_30-IERC20.sol",
        "targets": 0
    },
    {
        "contract_name": "buggy_30-SafeMath.sol",
        "targets": 0
    },
    {
        "contract_name": "buggy_30-Address.sol",
        "targets": 0
    },
    {
        "contract_name": "buggy_30-IERC1820Registry.sol",
        "targets": 0
    },
    {
        "contract_name": "buggy_30-ERC777.sol",
        "targets": 1
    },
    {
        "contract_name": "buggy_30-Roles.sol",
        "targets": 0
    },
    {
        "contract_name": "buggy_30-MinterRole.sol",
        "targets": 1
    },
    {
        "contract_name": "buggy_30-PauserRole.sol",
        "targets": 1
    },
    {
        "contract_name": "buggy_30-Pausable.sol",
        "targets": 1
    },
    {
        "contract_name": "buggy_30-SKYBITToken.sol",
        "targets": 1
    },
    {
        "contract_name": "buggy_21-Token.sol",
        "targets": 1
    },
    {
        "contract_name": "buggy_21-SafeMath.sol",
        "targets": 0
    },
    {
        "contract_name": "buggy_21-StableDEX.sol",
        "targets": 1
    },
    {
        "contract_name": "buggy_48-SafeMath.sol",
        "targets": 0
    },
    {
        "contract_name": "buggy_48-ERC20Interface.sol",
        "targets": 1
    },
    {
        "contract_name": "buggy_48-ApproveAndCallFallBack.sol",
        "targets": 1
    },
    {
        "contract_name": "buggy_48-Owned.sol",
        "targets": 1
    },
    {
        "contract_name": "buggy_48-QurasToken.sol",
        "targets": 1
    },
    {
        "contract_name": "buggy_4-IERC20.sol",
        "targets": 0
    },
    {
        "contract_name": "buggy_4-PHO.sol",
        "targets": 1
    },
    {
        "contract_name": "buggy_15-tokenRecipient.sol",
        "targets": 0
    },
    {
        "contract_name": "buggy_15-MD.sol",
        "targets": 1
    },
    {
        "contract_name": "buggy_19-SafeMath.sol",
        "targets": 0
    },
    {
        "contract_name": "buggy_19-owned.sol",
        "targets": 1
    },
    {
        "contract_name": "buggy_19-ethBank.sol",
        "targets": 1
    },
    {
        "contract_name": "buggy_22-owned.sol",
        "targets": 1
    },
    {
        "contract_name": "buggy_22-tokenRecipient.sol",
        "targets": 1
    },
    {
        "contract_name": "buggy_22-Token.sol",
        "targets": 1
    },
    {
        "contract_name": "buggy_22-SafeMath.sol",
        "targets": 0
    },
    {
        "contract_name": "buggy_22-MindsyncPlatform.sol",
        "targets": 1
    },
    {
        "contract_name": "buggy_20-Ownable.sol",
        "targets": 1
    },
    {
        "contract_name": "buggy_20-Stoppable.sol",
        "targets": 1
    },
    {
        "contract_name": "buggy_20-RampInstantPoolInterface.sol",
        "targets": 0
    },
    {
        "contract_name": "buggy_20-RampInstantEscrowsPoolInterface.sol",
        "targets": 1
    },
    {
        "contract_name": "buggy_20-RampInstantPool.sol",
        "targets": 1
    },
    {
        "contract_name": "buggy_20-RampInstantEthPool.sol",
        "targets": 1
    },
    {
        "contract_name": "buggy_45-StockBet.sol",
        "targets": 1
    },
    {
        "contract_name": "buggy_31-IERC20.sol",
        "targets": 0
    },
    {
        "contract_name": "buggy_31-Marmo.sol",
        "targets": 0
    },
    {
        "contract_name": "buggy_31-ECDSA.sol",
        "targets": 0
    },
    {
        "contract_name": "buggy_31-Ownable.sol",
        "targets": 1
    },
    {
        "contract_name": "buggy_31-ReentrancyGuard.sol",
        "targets": 1
    },
    {
        "contract_name": "buggy_31-FeeTransactionManager.sol",
        "targets": 1
    },
    {
        "contract_name": "buggy_26-SafeMath.sol",
        "targets": 0
    },
    {
        "contract_name": "buggy_26-IERC20.sol",
        "targets": 0
    },
    {
        "contract_name": "buggy_26-UBBCToken.sol",
        "targets": 1
    },
    {
        "contract_name": "buggy_44-EventMetadata.sol",
        "targets": 1
    },
    {
        "contract_name": "buggy_44-Operated.sol",
        "targets": 1
    },
    {
        "contract_name": "buggy_44-ProofHashes.sol",
        "targets": 1
    },
    {
        "contract_name": "buggy_44-MultiHashWrapper.sol",
        "targets": 1
    },
    {
        "contract_name": "buggy_44-iFactory.sol",
        "targets": 0
    },
    {
        "contract_name": "buggy_44-Template.sol",
        "targets": 1
    },
    {
        "contract_name": "buggy_44-Feed.sol",
        "targets": 1
    },
    {
        "contract_name": "buggy_27-IERC20.sol",
        "targets": 0
    },
    {
        "contract_name": "buggy_27-SafeMath.sol",
        "targets": 0
    },
    {
        "contract_name": "buggy_27-Ownable.sol",
        "targets": 1
    },
    {
        "contract_name": "buggy_27-ERC20Detailed.sol",
        "targets": 1
    },
    {
        "contract_name": "buggy_27-DanPanCoin.sol",
        "targets": 1
    },
    {
        "contract_name": "buggy_24-SafeMath.sol",
        "targets": 0
    },
    {
        "contract_name": "buggy_24-FomoFeast.sol",
        "targets": 1
    },
    {
        "contract_name": "buggy_43-EventMetadata.sol",
        "targets": 1
    },
    {
        "contract_name": "buggy_43-Operated.sol",
        "targets": 1
    },
    {
        "contract_name": "buggy_43-MultiHashWrapper.sol",
        "targets": 1
    },
    {
        "contract_name": "buggy_43-iFactory.sol",
        "targets": 0
    },
    {
        "contract_name": "buggy_43-ProofHash.sol",
        "targets": 1
    },
    {
        "contract_name": "buggy_43-Template.sol",
        "targets": 1
    },
    {
        "contract_name": "buggy_43-Post.sol",
        "targets": 1
    },
    {
        "contract_name": "buggy_40-SafeMath.sol",
        "targets": 0
    },
    {
        "contract_name": "buggy_40-IERC20.sol",
        "targets": 0
    },
    {
        "contract_name": "buggy_40-ERC20.sol",
        "targets": 1
    },
    {
        "contract_name": "buggy_40-ERC20Detailed.sol",
        "targets": 1
    },
    {
        "contract_name": "buggy_40-SimpleSwapCoin.sol",
        "targets": 1
    },
    {
        "contract_name": "buggy_47-ERC20Interface.sol",
        "targets": 1
    },
    {
        "contract_name": "buggy_47-AcunarToken.sol",
        "targets": 1
    },
    {
        "contract_name": "buggy_47-AcunarIEO.sol",
        "targets": 1
    },
    {
        "contract_name": "buggy_49-TAMC.sol",
        "targets": 1
    },
    {
        "contract_name": "buggy_3-CareerOnToken.sol",
        "targets": 1
    },
    {
        "contract_name": "buggy_23-IERC20.sol",
        "targets": 0
    },
    {
        "contract_name": "buggy_23-SafeMath.sol",
        "targets": 0
    },
    {
        "contract_name": "buggy_23-ERC20.sol",
        "targets": 1
    },
    {
        "contract_name": "buggy_23-ERC20Burnable.sol",
        "targets": 1
    },
    {
        "contract_name": "buggy_23-ERC20Detailed.sol",
        "targets": 1
    },
    {
        "contract_name": "buggy_23-AGR.sol",
        "targets": 1
    },
    {
        "contract_name": "buggy_38-IERC20.sol",
        "targets": 0
    },
    {
        "contract_name": "buggy_38-SafeMath.sol",
        "targets": 0
    },
    {
        "contract_name": "buggy_38-ERC20Detailed.sol",
        "targets": 1
    },
    {
        "contract_name": "buggy_38-BIGBOMBv2.sol",
        "targets": 1
    },
    {
        "contract_name": "buggy_34-Ownable.sol",
        "targets": 1
    },
    {
        "contract_name": "buggy_34-SafeMath.sol",
        "targets": 0
    },
    {
        "contract_name": "buggy_34-LollypopToken.sol",
        "targets": 1
    },
    {
        "contract_name": "buggy_35-SafeMath.sol",
        "targets": 0
    },
    {
        "contract_name": "buggy_35-owned.sol",
        "targets": 1
    },
    {
        "contract_name": "buggy_35-ERC20Essential.sol",
        "targets": 0
    },
    {
        "contract_name": "buggy_35-BitpayerDEX.sol",
        "targets": 1
    },
    {
        "contract_name": "buggy_36-owned.sol",
        "targets": 1
    },
    {
        "contract_name": "buggy_36-tokenRecipient.sol",
        "targets": 1
    },
    {
        "contract_name": "buggy_36-Token.sol",
        "targets": 1
    },
    {
        "contract_name": "buggy_36-SafeMath.sol",
        "targets": 0
    },
    {
        "contract_name": "buggy_36-MindsyncPlatform.sol",
        "targets": 1
    },
    {
        "contract_name": "buggy_7-Ownable.sol",
        "targets": 1
    },
    {
        "contract_name": "buggy_7-AccountWallet.sol",
        "targets": 1
    },
    {
        "contract_name": "buggy_6-Ownable.sol",
        "targets": 1
    },
    {
        "contract_name": "buggy_6-ChannelWallet.sol",
        "targets": 1
    },
    {
        "contract_name": "buggy_11-SafeMath.sol",
        "targets": 0
    },
    {
        "contract_name": "buggy_11-ERC20Interface.sol",
        "targets": 1
    },
    {
        "contract_name": "buggy_11-ApproveAndCallFallBack.sol",
        "targets": 1
    },
    {
        "contract_name": "buggy_11-Owned.sol",
        "targets": 1
    },
    {
        "contract_name": "buggy_11-ForTheBlockchain.sol",
        "targets": 1
    },
    {
        "contract_name": "buggy_16-SafeMath.sol",
        "targets": 0
    },
    {
        "contract_name": "buggy_16-ERC20Interface.sol",
        "targets": 1
    },
    {
        "contract_name": "buggy_16-Owned.sol",
        "targets": 1
    },
    {
        "contract_name": "buggy_16-ExclusivePlatform.sol",
        "targets": 1
    },
    {
        "contract_name": "buggy_33-Owned.sol",
        "targets": 1
    },
    {
        "contract_name": "buggy_33-SafeMath.sol",
        "targets": 0
    },
    {
        "contract_name": "buggy_33-Token.sol",
        "targets": 1
    },
    {
        "contract_name": "buggy_33-Staking.sol",
        "targets": 1
    },
    {
        "contract_name": "buggy_28-IERC20.sol",
        "targets": 0
    },
    {
        "contract_name": "buggy_28-SafeMath.sol",
        "targets": 0
    },
    {
        "contract_name": "buggy_28-ERC20Detailed.sol",
        "targets": 1
    },
    {
        "contract_name": "buggy_28-HYDROGEN.sol",
        "targets": 1
    },
    {
        "contract_name": "buggy_2-CareerOnToken.sol",
        "targets": 1
    },
    {
        "contract_name": "buggy_32-SafeMath.sol",
        "targets": 0
    },
    {
        "contract_name": "buggy_32-ERC20TokenInterface.sol",
        "targets": 1
    },
    {
        "contract_name": "buggy_32-ERC20Token.sol",
        "targets": 1
    },
    {
        "contract_name": "buggy_32-AsseteGram.sol",
        "targets": 1
    },
    {
        "contract_name": "buggy_17-SafeMath.sol",
        "targets": 0
    },
    {
        "contract_name": "buggy_17-owned.sol",
        "targets": 1
    },
    {
        "contract_name": "buggy_17-tokenRecipient.sol",
        "targets": 0
    },
    {
        "contract_name": "buggy_17-TokenERC20.sol",
        "targets": 1
    },
    {
        "contract_name": "buggy_17-AZT.sol",
        "targets": 1
    },
    {
        "contract_name": "buggy_39-TAMCContract.sol",
        "targets": 1
    },
    {
        "contract_name": "buggy_14-SafeMath.sol",
        "targets": 0
    },
    {
        "contract_name": "buggy_14-IERC20.sol",
        "targets": 0
    },
    {
        "contract_name": "buggy_14-ERC20.sol",
        "targets": 1
    },
    {
        "contract_name": "buggy_14-ERC20Detailed.sol",
        "targets": 1
    },
    {
        "contract_name": "buggy_14-SaveWon.sol",
        "targets": 1
    },
    {
        "contract_name": "buggy_42-Owned.sol",
        "targets": 1
    },
    {
        "contract_name": "buggy_42-SafeMath.sol",
        "targets": 0
    },
    {
        "contract_name": "buggy_42-Token.sol",
        "targets": 1
    },
    {
        "contract_name": "buggy_42-Staking.sol",
        "targets": 1
    },
    {
        "contract_name": "buggy_25-WhiteBetting.sol",
        "targets": 1
    },
    {
        "contract_name": "0xa9f5ccdd11178ac90746ad76153bb9d0915edd9f-IERC20.sol",
        "targets": 0
    },
    {
        "contract_name": "0xa9f5ccdd11178ac90746ad76153bb9d0915edd9f-Ownable.sol",
        "targets": 0
    },
    {
        "contract_name": "0xa9f5ccdd11178ac90746ad76153bb9d0915edd9f-SafeMath.sol",
        "targets": 0
    },
    {
        "contract_name": "0xa9f5ccdd11178ac90746ad76153bb9d0915edd9f-CyberNerve.sol",
        "targets": 0
    },
    {
        "contract_name": "0x198482924b5ed2c8dd5a0c824fcd618c6b49e6e8-IERC20.sol",
        "targets": 0
    },
    {
        "contract_name": "0x198482924b5ed2c8dd5a0c824fcd618c6b49e6e8-SafeMath.sol",
        "targets": 0
    },
    {
        "contract_name": "0x198482924b5ed2c8dd5a0c824fcd618c6b49e6e8-Owned.sol",
        "targets": 0
    },
    {
        "contract_name": "0x198482924b5ed2c8dd5a0c824fcd618c6b49e6e8-RICHToken.sol",
        "targets": 0
    },
    {
        "contract_name": "0xa0008f510fe9ee696e7e320c9e5cbf61e27791ee-SafeMath.sol",
        "targets": 0
    },
    {
        "contract_name": "0xa0008f510fe9ee696e7e320c9e5cbf61e27791ee-Ownable.sol",
        "targets": 0
    },
    {
        "contract_name": "0xa0008f510fe9ee696e7e320c9e5cbf61e27791ee-ERC20Basic.sol",
        "targets": 0
    },
    {
        "contract_name": "0xa0008f510fe9ee696e7e320c9e5cbf61e27791ee-BasicToken.sol",
        "targets": 0
    },
    {
        "contract_name": "0xa0008f510fe9ee696e7e320c9e5cbf61e27791ee-ERC20.sol",
        "targets": 0
    },
    {
        "contract_name": "0xa0008f510fe9ee696e7e320c9e5cbf61e27791ee-StandardToken.sol",
        "targets": 0
    },
    {
        "contract_name": "0xa0008f510fe9ee696e7e320c9e5cbf61e27791ee-MintableToken.sol",
        "targets": 0
    },
    {
        "contract_name": "0xa0008f510fe9ee696e7e320c9e5cbf61e27791ee-CappedToken.sol",
        "targets": 0
    },
    {
        "contract_name": "0xa0008f510fe9ee696e7e320c9e5cbf61e27791ee-GambioToken.sol",
        "targets": 0
    },
    {
        "contract_name": "0xa2d75fdceb750cc0fd96b3d6c10780ef1a12c58b-SafeMath.sol",
        "targets": 0
    },
    {
        "contract_name": "0xa2d75fdceb750cc0fd96b3d6c10780ef1a12c58b-R.sol",
        "targets": 0
    },
    {
        "contract_name": "0xa2d75fdceb750cc0fd96b3d6c10780ef1a12c58b-Rationals.sol",
        "targets": 0
    },
    {
        "contract_name": "0xa2d75fdceb750cc0fd96b3d6c10780ef1a12c58b-Ownable.sol",
        "targets": 0
    },
    {
        "contract_name": "0xa2d75fdceb750cc0fd96b3d6c10780ef1a12c58b-Pausable.sol",
        "targets": 0
    },
    {
        "contract_name": "0xa2d75fdceb750cc0fd96b3d6c10780ef1a12c58b-Roles.sol",
        "targets": 0
    },
    {
        "contract_name": "0xa2d75fdceb750cc0fd96b3d6c10780ef1a12c58b-RBAC.sol",
        "targets": 0
    },
    {
        "contract_name": "0xa2d75fdceb750cc0fd96b3d6c10780ef1a12c58b-ERC20Basic.sol",
        "targets": 0
    },
    {
        "contract_name": "0xa2d75fdceb750cc0fd96b3d6c10780ef1a12c58b-ERC20.sol",
        "targets": 0
    },
    {
        "contract_name": "0xa2d75fdceb750cc0fd96b3d6c10780ef1a12c58b-Exchange.sol",
        "targets": 0
    },
    {
        "contract_name": "0x634446285f22aa660b36424ecd27455ab9bde51c-ERC20Basic.sol",
        "targets": 0
    },
    {
        "contract_name": "0x634446285f22aa660b36424ecd27455ab9bde51c-SafeMath.sol",
        "targets": 0
    },
    {
        "contract_name": "0x634446285f22aa660b36424ecd27455ab9bde51c-BasicToken.sol",
        "targets": 0
    },
    {
        "contract_name": "0x634446285f22aa660b36424ecd27455ab9bde51c-ERC20.sol",
        "targets": 0
    },
    {
        "contract_name": "0x634446285f22aa660b36424ecd27455ab9bde51c-StandardToken.sol",
        "targets": 0
    },
    {
        "contract_name": "0x634446285f22aa660b36424ecd27455ab9bde51c-Ownable.sol",
        "targets": 0
    },
    {
        "contract_name": "0x634446285f22aa660b36424ecd27455ab9bde51c-Pausable.sol",
        "targets": 0
    },
    {
        "contract_name": "0x634446285f22aa660b36424ecd27455ab9bde51c-PausableToken.sol",
        "targets": 0
    },
    {
        "contract_name": "0x634446285f22aa660b36424ecd27455ab9bde51c-DetailedERC20.sol",
        "targets": 0
    },
    {
        "contract_name": "0x634446285f22aa660b36424ecd27455ab9bde51c-CirilloChain.sol",
        "targets": 0
    },
    {
        "contract_name": "0xa8eda9d4aee0eb882f8752c6ba7e16d9233c9ad2-IERC20.sol",
        "targets": 0
    },
    {
        "contract_name": "0xa8eda9d4aee0eb882f8752c6ba7e16d9233c9ad2-SafeMath.sol",
        "targets": 0
    },
    {
        "contract_name": "0xa8eda9d4aee0eb882f8752c6ba7e16d9233c9ad2-ERC20.sol",
        "targets": 0
    },
    {
        "contract_name": "0xa8eda9d4aee0eb882f8752c6ba7e16d9233c9ad2-Roles.sol",
        "targets": 0
    },
    {
        "contract_name": "0xa8eda9d4aee0eb882f8752c6ba7e16d9233c9ad2-PauserRole.sol",
        "targets": 0
    },
    {
        "contract_name": "0xa8eda9d4aee0eb882f8752c6ba7e16d9233c9ad2-Pausable.sol",
        "targets": 0
    },
    {
        "contract_name": "0xa8eda9d4aee0eb882f8752c6ba7e16d9233c9ad2-ERC20Pausable.sol",
        "targets": 0
    },
    {
        "contract_name": "0xa8eda9d4aee0eb882f8752c6ba7e16d9233c9ad2-LevelToken.sol",
        "targets": 0
    },
    {
        "contract_name": "0x892697720ad461f019fd1f4bc4d52447a59c0687-BitCreditCore.sol",
        "targets": 0
    },
    {
        "contract_name": "0x892697720ad461f019fd1f4bc4d52447a59c0687-SafeMath.sol",
        "targets": 0
    },
    {
        "contract_name": "0x892697720ad461f019fd1f4bc4d52447a59c0687-ERC20.sol",
        "targets": 0
    },
    {
        "contract_name": "0x892697720ad461f019fd1f4bc4d52447a59c0687-BitCore.sol",
        "targets": 0
    },
    {
        "contract_name": "0xa1c32fcbb0a0d4bda9451950b6c5c1a9106b8afc-SafeMath.sol",
        "targets": 0
    },
    {
        "contract_name": "0xa1c32fcbb0a0d4bda9451950b6c5c1a9106b8afc-IERC20.sol",
        "targets": 0
    },
    {
        "contract_name": "0xa1c32fcbb0a0d4bda9451950b6c5c1a9106b8afc-ERC20.sol",
        "targets": 0
    },
    {
        "contract_name": "0xa1c32fcbb0a0d4bda9451950b6c5c1a9106b8afc-Roles.sol",
        "targets": 0
    },
    {
        "contract_name": "0xa1c32fcbb0a0d4bda9451950b6c5c1a9106b8afc-MinterRole.sol",
        "targets": 0
    },
    {
        "contract_name": "0xa1c32fcbb0a0d4bda9451950b6c5c1a9106b8afc-ERC20Mintable.sol",
        "targets": 0
    },
    {
        "contract_name": "0xa1c32fcbb0a0d4bda9451950b6c5c1a9106b8afc-ERC20Burnable.sol",
        "targets": 0
    },
    {
        "contract_name": "0xa1c32fcbb0a0d4bda9451950b6c5c1a9106b8afc-TuneTradeToken.sol",
        "targets": 0
    },
    {
        "contract_name": "0xa1c32fcbb0a0d4bda9451950b6c5c1a9106b8afc-WhitelistAdminRole.sol",
        "targets": 0
    },
    {
        "contract_name": "0xa1c32fcbb0a0d4bda9451950b6c5c1a9106b8afc-WhitelistedRole.sol",
        "targets": 0
    },
    {
        "contract_name": "0xa1c32fcbb0a0d4bda9451950b6c5c1a9106b8afc-TeamRole.sol",
        "targets": 0
    },
    {
        "contract_name": "0xa1c32fcbb0a0d4bda9451950b6c5c1a9106b8afc-SafeERC20.sol",
        "targets": 0
    },
    {
        "contract_name": "0xa1c32fcbb0a0d4bda9451950b6c5c1a9106b8afc-SwapContract.sol",
        "targets": 0
    },
    {
        "contract_name": "0xa3cd2dd81c0115d801282f1711e9656ae2770566-SafeMath.sol",
        "targets": 0
    },
    {
        "contract_name": "0xa3cd2dd81c0115d801282f1711e9656ae2770566-database.sol",
        "targets": 0
    },
    {
        "contract_name": "0xa3cd2dd81c0115d801282f1711e9656ae2770566-topl_database_lib.sol",
        "targets": 0
    },
    {
        "contract_name": "0xa3cd2dd81c0115d801282f1711e9656ae2770566-arbits_presale.sol",
        "targets": 0
    },
    {
        "contract_name": "0xa8bf8d59fac7134a822ab47bf2d4506438530964-SafeMath.sol",
        "targets": 0
    },
    {
        "contract_name": "0xa8bf8d59fac7134a822ab47bf2d4506438530964-ERC20Basic.sol",
        "targets": 0
    },
    {
        "contract_name": "0xa8bf8d59fac7134a822ab47bf2d4506438530964-ERC20.sol",
        "targets": 0
    },
    {
        "contract_name": "0xa8bf8d59fac7134a822ab47bf2d4506438530964-BasicToken.sol",
        "targets": 0
    },
    {
        "contract_name": "0xa8bf8d59fac7134a822ab47bf2d4506438530964-StandardToken.sol",
        "targets": 0
    },
    {
        "contract_name": "0xa8bf8d59fac7134a822ab47bf2d4506438530964-realimmocoin.sol",
        "targets": 0
    },
    {
        "contract_name": "0xa7c58385b66e5d9905fef9dc43d7fb270e527497-Ownable.sol",
        "targets": 0
    },
    {
        "contract_name": "0xa7c58385b66e5d9905fef9dc43d7fb270e527497-TokenWhitelist.sol",
        "targets": 0
    },
    {
        "contract_name": "0xa6fd6f9b44127dbdc02fa1712fbedd21d14b4f20-SafeMath.sol",
        "targets": 0
    },
    {
        "contract_name": "0xa6fd6f9b44127dbdc02fa1712fbedd21d14b4f20-BCE.sol",
        "targets": 0
    },
    {
        "contract_name": "0xa8ec550c291993a450ea525d90863e61a7ebef5c-SafeMath.sol",
        "targets": 0
    },
    {
        "contract_name": "0xa8ec550c291993a450ea525d90863e61a7ebef5c-ERC20.sol",
        "targets": 0
    },
    {
        "contract_name": "0xa8ec550c291993a450ea525d90863e61a7ebef5c-UnitedStatesFederalReserveSystem.sol",
        "targets": 0
    },
    {
        "contract_name": "0xa5e5916a380fea1e633df88d7b5e1835a85b8262-IERC20.sol",
        "targets": 0
    },
    {
        "contract_name": "0xa5e5916a380fea1e633df88d7b5e1835a85b8262-tokenRecipient.sol",
        "targets": 0
    },
    {
        "contract_name": "0xa5e5916a380fea1e633df88d7b5e1835a85b8262-owned.sol",
        "targets": 0
    },
    {
        "contract_name": "0xa5e5916a380fea1e633df88d7b5e1835a85b8262-SafeMath.sol",
        "targets": 0
    },
    {
        "contract_name": "0xa5e5916a380fea1e633df88d7b5e1835a85b8262-BrewerscoinToken.sol",
        "targets": 0
    },
    {
        "contract_name": "0x501202610ce02b97fcbd406157431214ca55ec75-SafeMath.sol",
        "targets": 0
    },
    {
        "contract_name": "0x501202610ce02b97fcbd406157431214ca55ec75-ERC20Basic.sol",
        "targets": 0
    },
    {
        "contract_name": "0x501202610ce02b97fcbd406157431214ca55ec75-ERC20.sol",
        "targets": 0
    },
    {
        "contract_name": "0x501202610ce02b97fcbd406157431214ca55ec75-BasicToken.sol",
        "targets": 0
    },
    {
        "contract_name": "0x501202610ce02b97fcbd406157431214ca55ec75-StandardToken.sol",
        "targets": 0
    },
    {
        "contract_name": "0x501202610ce02b97fcbd406157431214ca55ec75-Ownable.sol",
        "targets": 0
    },
    {
        "contract_name": "0x501202610ce02b97fcbd406157431214ca55ec75-VIRToken.sol",
        "targets": 0
    },
    {
        "contract_name": "0x7714365713c0167e07d1c19a168ba9a2c392d84b-Ownable.sol",
        "targets": 0
    },
    {
        "contract_name": "0x7714365713c0167e07d1c19a168ba9a2c392d84b-HashStore.sol",
        "targets": 0
    },
    {
        "contract_name": "0x6817178368e30a0cd92662442a966b428e8f2d49-theCyberGatekeeper.sol",
        "targets": 0
    },
    {
        "contract_name": "0x6817178368e30a0cd92662442a966b428e8f2d49-GateProxy.sol",
        "targets": 0
    },
    {
        "contract_name": "0x416768387836bd8715d127ef9065975325cfad14-GoTDragonFarm.sol",
        "targets": 0
    },
    {
        "contract_name": "0x416768387836bd8715d127ef9065975325cfad14-SafeMath.sol",
        "targets": 0
    },
    {
        "contract_name": "0x980358360409b1cc913a916bc0bf6f52f775242a-IERC20.sol",
        "targets": 0
    },
    {
        "contract_name": "0x980358360409b1cc913a916bc0bf6f52f775242a-KNCLock.sol",
        "targets": 0
    },
    {
        "contract_name": "0x6064997937870a11b97490350dfc68e18685f8b1-Ownable.sol",
        "targets": 0
    },
    {
        "contract_name": "0x6064997937870a11b97490350dfc68e18685f8b1-Roles.sol",
        "targets": 0
    },
    {
        "contract_name": "0x6064997937870a11b97490350dfc68e18685f8b1-RBAC.sol",
        "targets": 0
    },
    {
        "contract_name": "0x6064997937870a11b97490350dfc68e18685f8b1-SafeMath.sol",
        "targets": 0
    },
    {
        "contract_name": "0x6064997937870a11b97490350dfc68e18685f8b1-ERC20Basic.sol",
        "targets": 0
    },
    {
        "contract_name": "0x6064997937870a11b97490350dfc68e18685f8b1-ERC20.sol",
        "targets": 0
    },
    {
        "contract_name": "0x6064997937870a11b97490350dfc68e18685f8b1-BasicToken.sol",
        "targets": 0
    },
    {
        "contract_name": "0x6064997937870a11b97490350dfc68e18685f8b1-StandardToken.sol",
        "targets": 0
    },
    {
        "contract_name": "0x6064997937870a11b97490350dfc68e18685f8b1-Pausable.sol",
        "targets": 0
    },
    {
        "contract_name": "0x6064997937870a11b97490350dfc68e18685f8b1-PausableToken.sol",
        "targets": 0
    },
    {
        "contract_name": "0x6064997937870a11b97490350dfc68e18685f8b1-BlackListToken.sol",
        "targets": 0
    },
    {
        "contract_name": "0x6064997937870a11b97490350dfc68e18685f8b1-TwoPhaseToken.sol",
        "targets": 0
    },
    {
        "contract_name": "0x6064997937870a11b97490350dfc68e18685f8b1-UpgradedStandardToken.sol",
        "targets": 0
    },
    {
        "contract_name": "0x6064997937870a11b97490350dfc68e18685f8b1-WithToken.sol",
        "targets": 0
    },
    {
        "contract_name": "0x759685437c6d4658b00b5cebdf907dfdeba52357-SafeMath.sol",
        "targets": 0
    },
    {
        "contract_name": "0x759685437c6d4658b00b5cebdf907dfdeba52357-MyToken.sol",
        "targets": 0
    },
    {
        "contract_name": "0x67793426747f8c79332520c1291c4fc6443c8407-Token.sol",
        "targets": 0
    },
    {
        "contract_name": "0x67793426747f8c79332520c1291c4fc6443c8407-CELLCrowdsale.sol",
        "targets": 0
    },
    {
        "contract_name": "0x2492644798cb3b5162159a6e7d261fe74435eeea-ProofOfLove.sol",
        "targets": 0
    },
    {
        "contract_name": "0x618737029ae07215dfc2c0b4204b8f91e9909366-Ownable.sol",
        "targets": 0
    },
    {
        "contract_name": "0x618737029ae07215dfc2c0b4204b8f91e9909366-InvestorWhiteList.sol",
        "targets": 0
    },
    {
        "contract_name": "0x311118596fe611e3ffe0be3b616f60e891c6877e-SafeMath.sol",
        "targets": 0
    },
    {
        "contract_name": "0x311118596fe611e3ffe0be3b616f60e891c6877e-ERC20Standard.sol",
        "targets": 0
    },
    {
        "contract_name": "0x311118596fe611e3ffe0be3b616f60e891c6877e-BIP.sol",
        "targets": 0
    },
    {
        "contract_name": "0x4927643162fe6d18c7f046b3d155d8da0eee80e8-SafeMath.sol",
        "targets": 0
    },
    {
        "contract_name": "0x4927643162fe6d18c7f046b3d155d8da0eee80e8-IERC20.sol",
        "targets": 0
    },
    {
        "contract_name": "0x4927643162fe6d18c7f046b3d155d8da0eee80e8-Owned.sol",
        "targets": 0
    },
    {
        "contract_name": "0x4927643162fe6d18c7f046b3d155d8da0eee80e8-IGCToken.sol",
        "targets": 0
    },
    {
        "contract_name": "0x96870071f10cd91825f6ba416a41a65359c6e3e2-A.sol",
        "targets": 0
    },
    {
        "contract_name": "0x96870071f10cd91825f6ba416a41a65359c6e3e2-B.sol",
        "targets": 0
    },
    {
        "contract_name": "0xa6f3594ab9982c09885ecf7506f7e356f2f89454-ERC20TokenInterface.sol",
        "targets": 0
    },
    {
        "contract_name": "0xa6f3594ab9982c09885ecf7506f7e356f2f89454-SafeMath.sol",
        "targets": 0
    },
    {
        "contract_name": "0xa6f3594ab9982c09885ecf7506f7e356f2f89454-CliffTokenVesting.sol",
        "targets": 0
    },
    {
        "contract_name": "0xa08b00eb41a452540c44e953d9ee86f86793af55-Ownable.sol",
        "targets": 0
    },
    {
        "contract_name": "0xa08b00eb41a452540c44e953d9ee86f86793af55-AccountRegistryInterface.sol",
        "targets": 0
    },
    {
        "contract_name": "0xa08b00eb41a452540c44e953d9ee86f86793af55-AccountRegistry.sol",
        "targets": 0
    },
    {
        "contract_name": "0x9341097483f88fbb65bfc6ea4c26a04e0c4429a0-ERC20Interface.sol",
        "targets": 0
    },
    {
        "contract_name": "0x9341097483f88fbb65bfc6ea4c26a04e0c4429a0-Owned.sol",
        "targets": 0
    },
    {
        "contract_name": "0x9341097483f88fbb65bfc6ea4c26a04e0c4429a0-Mortal.sol",
        "targets": 0
    },
    {
        "contract_name": "0x9341097483f88fbb65bfc6ea4c26a04e0c4429a0-CoquinhoERC20.sol",
        "targets": 0
    },
    {
        "contract_name": "0x678042580304a7f32dd03b027d90083818dc16a1-EtherealFoundationOwned.sol",
        "targets": 0
    },
    {
        "contract_name": "0x678042580304a7f32dd03b027d90083818dc16a1-EtherealTipJar.sol",
        "targets": 0
    },
    {
        "contract_name": "0xa4d1dbfe6850b4e9b8935c8b80ae11b1c12a0927-SafeMath.sol",
        "targets": 0
    },
    {
        "contract_name": "0xa4d1dbfe6850b4e9b8935c8b80ae11b1c12a0927-ERC20Basic.sol",
        "targets": 0
    },
    {
        "contract_name": "0xa4d1dbfe6850b4e9b8935c8b80ae11b1c12a0927-BasicToken.sol",
        "targets": 0
    },
    {
        "contract_name": "0xa4d1dbfe6850b4e9b8935c8b80ae11b1c12a0927-ERC20.sol",
        "targets": 0
    },
    {
        "contract_name": "0xa4d1dbfe6850b4e9b8935c8b80ae11b1c12a0927-StandardToken.sol",
        "targets": 0
    },
    {
        "contract_name": "0xa4d1dbfe6850b4e9b8935c8b80ae11b1c12a0927-Ownable.sol",
        "targets": 0
    },
    {
        "contract_name": "0xa4d1dbfe6850b4e9b8935c8b80ae11b1c12a0927-MintableToken.sol",
        "targets": 0
    },
    {
        "contract_name": "0xa4d1dbfe6850b4e9b8935c8b80ae11b1c12a0927-CappedToken.sol",
        "targets": 0
    },
    {
        "contract_name": "0xa4d1dbfe6850b4e9b8935c8b80ae11b1c12a0927-BurnableToken.sol",
        "targets": 0
    },
    {
        "contract_name": "0xa4d1dbfe6850b4e9b8935c8b80ae11b1c12a0927-Pausable.sol",
        "targets": 0
    },
    {
        "contract_name": "0xa4d1dbfe6850b4e9b8935c8b80ae11b1c12a0927-PausableToken.sol",
        "targets": 0
    },
    {
        "contract_name": "0xa4d1dbfe6850b4e9b8935c8b80ae11b1c12a0927-SafeERC20.sol",
        "targets": 0
    },
    {
        "contract_name": "0xa4d1dbfe6850b4e9b8935c8b80ae11b1c12a0927-TokenTimelock.sol",
        "targets": 0
    },
    {
        "contract_name": "0xa4d1dbfe6850b4e9b8935c8b80ae11b1c12a0927-MaxToken.sol",
        "targets": 0
    },
    {
        "contract_name": "0xa3f7871a4b86bcc3b6e97c8fd0745e71c55e1f82-IERC20.sol",
        "targets": 0
    },
    {
        "contract_name": "0xa3f7871a4b86bcc3b6e97c8fd0745e71c55e1f82-SafeMath.sol",
        "targets": 0
    },
    {
        "contract_name": "0xa3f7871a4b86bcc3b6e97c8fd0745e71c55e1f82-ERC20.sol",
        "targets": 0
    },
    {
        "contract_name": "0xa3f7871a4b86bcc3b6e97c8fd0745e71c55e1f82-CoineruPlatinum.sol",
        "targets": 0
    },
    {
        "contract_name": "0xa2b5ceb15354343c6f7a1569ac250cdd9b0634ba-SafeMath.sol",
        "targets": 0
    },
    {
        "contract_name": "0xa2b5ceb15354343c6f7a1569ac250cdd9b0634ba-IERC20.sol",
        "targets": 0
    },
    {
        "contract_name": "0xa2b5ceb15354343c6f7a1569ac250cdd9b0634ba-Ownable.sol",
        "targets": 0
    },
    {
        "contract_name": "0xa2b5ceb15354343c6f7a1569ac250cdd9b0634ba-TokenRecover.sol",
        "targets": 0
    },
    {
        "contract_name": "0xa2b5ceb15354343c6f7a1569ac250cdd9b0634ba-Roles.sol",
        "targets": 0
    },
    {
        "contract_name": "0xa2b5ceb15354343c6f7a1569ac250cdd9b0634ba-OperatorRole.sol",
        "targets": 0
    },
    {
        "contract_name": "0xa2b5ceb15354343c6f7a1569ac250cdd9b0634ba-Contributions.sol",
        "targets": 0
    },
    {
        "contract_name": "0xa02d0b6bfce1dbd02b9cbb70e6b480333e8a86ec-SafeMath.sol",
        "targets": 0
    },
    {
        "contract_name": "0xa02d0b6bfce1dbd02b9cbb70e6b480333e8a86ec-IERC20.sol",
        "targets": 0
    },
    {
        "contract_name": "0xa02d0b6bfce1dbd02b9cbb70e6b480333e8a86ec-ERC20.sol",
        "targets": 0
    },
    {
        "contract_name": "0xa02d0b6bfce1dbd02b9cbb70e6b480333e8a86ec-ERC20Detailed.sol",
        "targets": 0
    },
    {
        "contract_name": "0xa02d0b6bfce1dbd02b9cbb70e6b480333e8a86ec-IPWT.sol",
        "targets": 0
    },
    {
        "contract_name": "0x9652847049867929260c9e16b31dfbb3b011817f-SafeMath.sol",
        "targets": 0
    },
    {
        "contract_name": "0x9652847049867929260c9e16b31dfbb3b011817f-ERC20Interface.sol",
        "targets": 0
    },
    {
        "contract_name": "0x9652847049867929260c9e16b31dfbb3b011817f-ApproveAndCallFallBack.sol",
        "targets": 0
    },
    {
        "contract_name": "0x9652847049867929260c9e16b31dfbb3b011817f-Owned.sol",
        "targets": 0
    },
    {
        "contract_name": "0x9652847049867929260c9e16b31dfbb3b011817f-FixedSupplyToken.sol",
        "targets": 0
    },
    {
        "contract_name": "0xa5c11e420fd480675302f8e09e40b22ff65e5dfc-X2Contract.sol",
        "targets": 0
    },
    {
        "contract_name": "0xa5c11e420fd480675302f8e09e40b22ff65e5dfc-SafeMath.sol",
        "targets": 0
    },
    {
        "contract_name": "0xa7e648d515f80a67c1d4e3af3317299ecbdf23a5-Token.sol",
        "targets": 0
    },
    {
        "contract_name": "0xa7e648d515f80a67c1d4e3af3317299ecbdf23a5-SafeMath.sol",
        "targets": 0
    },
    {
        "contract_name": "0xa7e648d515f80a67c1d4e3af3317299ecbdf23a5-Ownable.sol",
        "targets": 0
    },
    {
        "contract_name": "0xa7e648d515f80a67c1d4e3af3317299ecbdf23a5-Investing.sol",
        "targets": 0
    },
    {
        "contract_name": "0x88088019a2a235f9e7495124d0b0e90f41a777b0-SafeMath.sol",
        "targets": 0
    },
    {
        "contract_name": "0x88088019a2a235f9e7495124d0b0e90f41a777b0-iERC20Token.sol",
        "targets": 0
    },
    {
        "contract_name": "0x88088019a2a235f9e7495124d0b0e90f41a777b0-iDividendToken.sol",
        "targets": 0
    },
    {
        "contract_name": "0x88088019a2a235f9e7495124d0b0e90f41a777b0-ETT.sol",
        "targets": 0
    },
    {
        "contract_name": "0xa5b91fbfec2f9a708592f9cd3c9e20becdfcb816-ERC20Basic.sol",
        "targets": 0
    },
    {
        "contract_name": "0xa5b91fbfec2f9a708592f9cd3c9e20becdfcb816-VIPToken.sol",
        "targets": 0
    },
    {
        "contract_name": "0xa1b85dbba00f8d99ad1da05010fcc9e92c4aec60-SafeMath.sol",
        "targets": 0
    },
    {
        "contract_name": "0xa1b85dbba00f8d99ad1da05010fcc9e92c4aec60-ERC20Basic.sol",
        "targets": 0
    },
    {
        "contract_name": "0xa1b85dbba00f8d99ad1da05010fcc9e92c4aec60-ERC20.sol",
        "targets": 0
    },
    {
        "contract_name": "0xa1b85dbba00f8d99ad1da05010fcc9e92c4aec60-BasicToken.sol",
        "targets": 0
    },
    {
        "contract_name": "0xa1b85dbba00f8d99ad1da05010fcc9e92c4aec60-StandardToken.sol",
        "targets": 0
    },
    {
        "contract_name": "0xa1b85dbba00f8d99ad1da05010fcc9e92c4aec60-SWIFTSCO.sol",
        "targets": 0
    },
    {
        "contract_name": "0x2860685847546b39f8c75a6dfb7d8d40d34b75f6-Ownable.sol",
        "targets": 0
    },
    {
        "contract_name": "0x2860685847546b39f8c75a6dfb7d8d40d34b75f6-SafeMath.sol",
        "targets": 0
    },
    {
        "contract_name": "0x2860685847546b39f8c75a6dfb7d8d40d34b75f6-ERC20Basic.sol",
        "targets": 0
    },
    {
        "contract_name": "0x2860685847546b39f8c75a6dfb7d8d40d34b75f6-BasicToken.sol",
        "targets": 0
    },
    {
        "contract_name": "0x2860685847546b39f8c75a6dfb7d8d40d34b75f6-BurnableToken.sol",
        "targets": 0
    },
    {
        "contract_name": "0x2860685847546b39f8c75a6dfb7d8d40d34b75f6-ERC20.sol",
        "targets": 0
    },
    {
        "contract_name": "0x2860685847546b39f8c75a6dfb7d8d40d34b75f6-StandardToken.sol",
        "targets": 0
    },
    {
        "contract_name": "0x2860685847546b39f8c75a6dfb7d8d40d34b75f6-MintableToken.sol",
        "targets": 0
    },
    {
        "contract_name": "0x2860685847546b39f8c75a6dfb7d8d40d34b75f6-Pausable.sol",
        "targets": 0
    },
    {
        "contract_name": "0x2860685847546b39f8c75a6dfb7d8d40d34b75f6-PausableToken.sol",
        "targets": 0
    },
    {
        "contract_name": "0x2860685847546b39f8c75a6dfb7d8d40d34b75f6-IndexToken.sol",
        "targets": 0
    },
    {
        "contract_name": "0x1839864616602fee4d5cc7a6448dd257636c9a9a-SafeMath.sol",
        "targets": 0
    },
    {
        "contract_name": "0x1839864616602fee4d5cc7a6448dd257636c9a9a-Token.sol",
        "targets": 0
    },
    {
        "contract_name": "0x1839864616602fee4d5cc7a6448dd257636c9a9a-AbstractToken.sol",
        "targets": 0
    },
    {
        "contract_name": "0x1839864616602fee4d5cc7a6448dd257636c9a9a-TradeBTC.sol",
        "targets": 0
    },
    {
        "contract_name": "0x5199071825cc1d6cd019b0d7d42b08106f6cf16d-SafeMath.sol",
        "targets": 0
    },
    {
        "contract_name": "0x5199071825cc1d6cd019b0d7d42b08106f6cf16d-Math.sol",
        "targets": 0
    },
    {
        "contract_name": "0x5199071825cc1d6cd019b0d7d42b08106f6cf16d-Ownable.sol",
        "targets": 0
    },
    {
        "contract_name": "0x5199071825cc1d6cd019b0d7d42b08106f6cf16d-AccessControlledBase.sol",
        "targets": 0
    },
    {
        "contract_name": "0x5199071825cc1d6cd019b0d7d42b08106f6cf16d-StaticAccessControlled.sol",
        "targets": 0
    },
    {
        "contract_name": "0x5199071825cc1d6cd019b0d7d42b08106f6cf16d-GeneralERC20.sol",
        "targets": 0
    },
    {
        "contract_name": "0x5199071825cc1d6cd019b0d7d42b08106f6cf16d-TokenInteract.sol",
        "targets": 0
    },
    {
        "contract_name": "0x5199071825cc1d6cd019b0d7d42b08106f6cf16d-TokenProxy.sol",
        "targets": 0
    },
    {
        "contract_name": "0x5199071825cc1d6cd019b0d7d42b08106f6cf16d-Vault.sol",
        "targets": 0
    },
    {
        "contract_name": "0x445897386fdd9f76f4c1b339a583d00ff215d6c2-tokenRecipient.sol",
        "targets": 0
    },
    {
        "contract_name": "0x445897386fdd9f76f4c1b339a583d00ff215d6c2-TokenERC20.sol",
        "targets": 0
    },
    {
        "contract_name": "0xa8db62c8441dafec990e7736988ee1c49b96d454-SafeMath.sol",
        "targets": 0
    },
    {
        "contract_name": "0xa8db62c8441dafec990e7736988ee1c49b96d454-ERC20Interface.sol",
        "targets": 0
    },
    {
        "contract_name": "0xa8db62c8441dafec990e7736988ee1c49b96d454-ApproveAndCallFallBack.sol",
        "targets": 0
    },
    {
        "contract_name": "0xa8db62c8441dafec990e7736988ee1c49b96d454-Owned.sol",
        "targets": 0
    },
    {
        "contract_name": "0xa8db62c8441dafec990e7736988ee1c49b96d454-FixedSupplyToken.sol",
        "targets": 0
    },
    {
        "contract_name": "0xa7fac98b27435c90b916950bbeed91c7dbfe3e44-ERC20Basic.sol",
        "targets": 0
    },
    {
        "contract_name": "0xa7fac98b27435c90b916950bbeed91c7dbfe3e44-ERC20.sol",
        "targets": 0
    },
    {
        "contract_name": "0xa7fac98b27435c90b916950bbeed91c7dbfe3e44-SafeERC20.sol",
        "targets": 0
    },
    {
        "contract_name": "0xa7fac98b27435c90b916950bbeed91c7dbfe3e44-TokenTimelock.sol",
        "targets": 0
    },
    {
        "contract_name": "0xa7fac98b27435c90b916950bbeed91c7dbfe3e44-ZipperTokenTimelockFactoryMonthLockup.sol",
        "targets": 0
    },
    {
        "contract_name": "0x173566176a1deebb47569c8366e84ba7b10b3b8b-SafeMath.sol",
        "targets": 0
    },
    {
        "contract_name": "0x173566176a1deebb47569c8366e84ba7b10b3b8b-Ownable.sol",
        "targets": 0
    },
    {
        "contract_name": "0x173566176a1deebb47569c8366e84ba7b10b3b8b-TokenInterface.sol",
        "targets": 0
    },
    {
        "contract_name": "0x173566176a1deebb47569c8366e84ba7b10b3b8b-KRCPreSaleContract.sol",
        "targets": 0
    },
    {
        "contract_name": "0xa6af8a6e0a1911425252f2dbd12da9361f4bcd9e-Migrations.sol",
        "targets": 0
    },
    {
        "contract_name": "0x488690160a80702e6b8e47c7d62ec2779eb5f240-SimpleStorage.sol",
        "targets": 0
    },
    {
        "contract_name": "0x945192524c6605d20be6c529dd318666b74078bc-SafeMath.sol",
        "targets": 0
    },
    {
        "contract_name": "0x945192524c6605d20be6c529dd318666b74078bc-Ownable.sol",
        "targets": 0
    },
    {
        "contract_name": "0x945192524c6605d20be6c529dd318666b74078bc-IERC20.sol",
        "targets": 0
    },
    {
        "contract_name": "0x945192524c6605d20be6c529dd318666b74078bc-ERC20.sol",
        "targets": 0
    },
    {
        "contract_name": "0x945192524c6605d20be6c529dd318666b74078bc-BitsrentToken.sol",
        "targets": 0
    },
    {
        "contract_name": "0x12345678979f29ebc99e00bdc5693ddea564ca80-FixedAddress.sol",
        "targets": 0
    },
    {
        "contract_name": "0x12345678979f29ebc99e00bdc5693ddea564ca80-RegistryInterface.sol",
        "targets": 0
    },
    {
        "contract_name": "0x12345678979f29ebc99e00bdc5693ddea564ca80-AccessModifiers.sol",
        "targets": 0
    },
    {
        "contract_name": "0x12345678979f29ebc99e00bdc5693ddea564ca80-TreasuryInterface.sol",
        "targets": 0
    },
    {
        "contract_name": "0x12345678979f29ebc99e00bdc5693ddea564ca80-Treasury.sol",
        "targets": 0
    },
    {
        "contract_name": "0x966889549fe7b3b950063151f6e2ad7651becdb9-Token.sol",
        "targets": 0
    },
    {
        "contract_name": "0x966889549fe7b3b950063151f6e2ad7651becdb9-SafeMath.sol",
        "targets": 0
    },
    {
        "contract_name": "0x966889549fe7b3b950063151f6e2ad7651becdb9-AbstractToken.sol",
        "targets": 0
    },
    {
        "contract_name": "0x966889549fe7b3b950063151f6e2ad7651becdb9-DroidEIP20Token.sol",
        "targets": 0
    },
    {
        "contract_name": "0xa08d1762538439848b71a39cfef7f0454f1176ed-SafeMath.sol",
        "targets": 0
    },
    {
        "contract_name": "0xa08d1762538439848b71a39cfef7f0454f1176ed-JerryTokenERC20.sol",
        "targets": 0
    },
    {
        "contract_name": "0xa4f9fe0ad9b9765dc0364444332fa4c69923a6d3-SafeMath.sol",
        "targets": 0
    },
    {
        "contract_name": "0xa4f9fe0ad9b9765dc0364444332fa4c69923a6d3-ERC20TokenInterface.sol",
        "targets": 0
    },
    {
        "contract_name": "0xa4f9fe0ad9b9765dc0364444332fa4c69923a6d3-admined.sol",
        "targets": 0
    },
    {
        "contract_name": "0xa4f9fe0ad9b9765dc0364444332fa4c69923a6d3-ERC20Token.sol",
        "targets": 0
    },
    {
        "contract_name": "0xa4f9fe0ad9b9765dc0364444332fa4c69923a6d3-AssetGRP.sol",
        "targets": 0
    },
    {
        "contract_name": "0x627125882d592bbf122815364667efff3bdcd4c6-ERC20Interface.sol",
        "targets": 0
    },
    {
        "contract_name": "0x627125882d592bbf122815364667efff3bdcd4c6-HorizonContractBase.sol",
        "targets": 0
    },
    {
        "contract_name": "0x627125882d592bbf122815364667efff3bdcd4c6-SafeMath.sol",
        "targets": 0
    },
    {
        "contract_name": "0x627125882d592bbf122815364667efff3bdcd4c6-ICOToken.sol",
        "targets": 0
    },
    {
        "contract_name": "0x66322181534ff227904daf5ea692a2f2ba62d582-RandoLotto.sol",
        "targets": 0
    },
    {
        "contract_name": "0x12345678982cb986dd291b50239295e3cb10cdf6-FixedAddress.sol",
        "targets": 0
    },
    {
        "contract_name": "0x12345678982cb986dd291b50239295e3cb10cdf6-RegistryInterface.sol",
        "targets": 0
    },
    {
        "contract_name": "0x12345678982cb986dd291b50239295e3cb10cdf6-Ownable.sol",
        "targets": 0
    },
    {
        "contract_name": "0x12345678982cb986dd291b50239295e3cb10cdf6-Registry.sol",
        "targets": 0
    },
    {
        "contract_name": "0xa1b756be589441519b1a08e16bc4f60ab177d916-SafeMath.sol",
        "targets": 0
    },
    {
        "contract_name": "0xa1b756be589441519b1a08e16bc4f60ab177d916-IERC20.sol",
        "targets": 0
    },
    {
        "contract_name": "0xa1b756be589441519b1a08e16bc4f60ab177d916-ERC20Detailed.sol",
        "targets": 0
    },
    {
        "contract_name": "0xa1b756be589441519b1a08e16bc4f60ab177d916-ERC20.sol",
        "targets": 0
    },
    {
        "contract_name": "0xa1b756be589441519b1a08e16bc4f60ab177d916-Roles.sol",
        "targets": 0
    },
    {
        "contract_name": "0xa1b756be589441519b1a08e16bc4f60ab177d916-PauserRole.sol",
        "targets": 0
    },
    {
        "contract_name": "0xa1b756be589441519b1a08e16bc4f60ab177d916-Pausable.sol",
        "targets": 0
    },
    {
        "contract_name": "0xa1b756be589441519b1a08e16bc4f60ab177d916-ERC20Pausable.sol",
        "targets": 0
    },
    {
        "contract_name": "0xa1b756be589441519b1a08e16bc4f60ab177d916-MinterRole.sol",
        "targets": 0
    },
    {
        "contract_name": "0xa1b756be589441519b1a08e16bc4f60ab177d916-ERC20Mintable.sol",
        "targets": 0
    },
    {
        "contract_name": "0xa1b756be589441519b1a08e16bc4f60ab177d916-Ownable.sol",
        "targets": 0
    },
    {
        "contract_name": "0xa1b756be589441519b1a08e16bc4f60ab177d916-IWhitelist.sol",
        "targets": 0
    },
    {
        "contract_name": "0xa1b756be589441519b1a08e16bc4f60ab177d916-ERC20Whitelistable.sol",
        "targets": 0
    },
    {
        "contract_name": "0xa1b756be589441519b1a08e16bc4f60ab177d916-BurnerRole.sol",
        "targets": 0
    },
    {
        "contract_name": "0xa1b756be589441519b1a08e16bc4f60ab177d916-ERC20Burnable.sol",
        "targets": 0
    },
    {
        "contract_name": "0xa1b756be589441519b1a08e16bc4f60ab177d916-CanReclaimEther.sol",
        "targets": 0
    },
    {
        "contract_name": "0xa1b756be589441519b1a08e16bc4f60ab177d916-SafeERC20.sol",
        "targets": 0
    },
    {
        "contract_name": "0xa1b756be589441519b1a08e16bc4f60ab177d916-CanReclaimToken.sol",
        "targets": 0
    },
    {
        "contract_name": "0xa1b756be589441519b1a08e16bc4f60ab177d916-LeveragedToken.sol",
        "targets": 0
    },
    {
        "contract_name": "0x2842366841b3a117ef143cc04568768be758b49e-Charity_For_My_Friend.sol",
        "targets": 0
    },
    {
        "contract_name": "0x66158309d118b797882c27ee40cb803c7e49173a-IBancorConverter.sol",
        "targets": 0
    },
    {
        "contract_name": "0x66158309d118b797882c27ee40cb803c7e49173a-IExchange.sol",
        "targets": 0
    },
    {
        "contract_name": "0x66158309d118b797882c27ee40cb803c7e49173a-Owned.sol",
        "targets": 0
    },
    {
        "contract_name": "0x66158309d118b797882c27ee40cb803c7e49173a-Exchange.sol",
        "targets": 0
    },
    {
        "contract_name": "0x66158309d118b797882c27ee40cb803c7e49173a-SafeMath.sol",
        "targets": 0
    },
    {
        "contract_name": "0x767385821ba49a86c343ea9d674702a9177ab816-SafeMath.sol",
        "targets": 0
    },
    {
        "contract_name": "0x767385821ba49a86c343ea9d674702a9177ab816-ERC20Interface.sol",
        "targets": 0
    },
    {
        "contract_name": "0x767385821ba49a86c343ea9d674702a9177ab816-ApproveAndCallFallBack.sol",
        "targets": 0
    },
    {
        "contract_name": "0x767385821ba49a86c343ea9d674702a9177ab816-Owned.sol",
        "targets": 0
    },
    {
        "contract_name": "0x767385821ba49a86c343ea9d674702a9177ab816-FixedSupplyToken.sol",
        "targets": 0
    },
    {
        "contract_name": "0xa7f1863212762d6b6f7b958b46a21ba9e4818422-SafeMath.sol",
        "targets": 0
    },
    {
        "contract_name": "0xa7f1863212762d6b6f7b958b46a21ba9e4818422-ERC20Interface.sol",
        "targets": 0
    },
    {
        "contract_name": "0xa7f1863212762d6b6f7b958b46a21ba9e4818422-ApproveAndCallFallBack.sol",
        "targets": 0
    },
    {
        "contract_name": "0xa7f1863212762d6b6f7b958b46a21ba9e4818422-Owned.sol",
        "targets": 0
    },
    {
        "contract_name": "0xa7f1863212762d6b6f7b958b46a21ba9e4818422-Bitwin.sol",
        "targets": 0
    },
    {
        "contract_name": "0xa2dbb4808d9ec74dc548cae39d3660e57f189840-Roles.sol",
        "targets": 0
    },
    {
        "contract_name": "0xa2dbb4808d9ec74dc548cae39d3660e57f189840-PauserRole.sol",
        "targets": 0
    },
    {
        "contract_name": "0xa2dbb4808d9ec74dc548cae39d3660e57f189840-IERC20.sol",
        "targets": 0
    },
    {
        "contract_name": "0xa2dbb4808d9ec74dc548cae39d3660e57f189840-ERC20Detailed.sol",
        "targets": 0
    },
    {
        "contract_name": "0xa2dbb4808d9ec74dc548cae39d3660e57f189840-SafeMath.sol",
        "targets": 0
    },
    {
        "contract_name": "0xa2dbb4808d9ec74dc548cae39d3660e57f189840-ERC20.sol",
        "targets": 0
    },
    {
        "contract_name": "0xa2dbb4808d9ec74dc548cae39d3660e57f189840-Pausable.sol",
        "targets": 0
    },
    {
        "contract_name": "0xa2dbb4808d9ec74dc548cae39d3660e57f189840-ERC20Pausable.sol",
        "targets": 0
    },
    {
        "contract_name": "0xa2dbb4808d9ec74dc548cae39d3660e57f189840-DeepCloud.sol",
        "targets": 0
    },
    {
        "contract_name": "0xa3baa9cd4f5c0f75541e7c78462a6f36ed62049a-Roles.sol",
        "targets": 0
    },
    {
        "contract_name": "0xa3baa9cd4f5c0f75541e7c78462a6f36ed62049a-Ownable.sol",
        "targets": 0
    },
    {
        "contract_name": "0xa3baa9cd4f5c0f75541e7c78462a6f36ed62049a-OperatorRole.sol",
        "targets": 0
    },
    {
        "contract_name": "0xa3baa9cd4f5c0f75541e7c78462a6f36ed62049a-Referrers.sol",
        "targets": 0
    },
    {
        "contract_name": "0x53402193b152e08223a21e4dfc1768fbefee1c2f-SafeMath.sol",
        "targets": 0
    },
    {
        "contract_name": "0x53402193b152e08223a21e4dfc1768fbefee1c2f-Token.sol",
        "targets": 0
    },
    {
        "contract_name": "0x53402193b152e08223a21e4dfc1768fbefee1c2f-AbstractToken.sol",
        "targets": 0
    },
    {
        "contract_name": "0x53402193b152e08223a21e4dfc1768fbefee1c2f-LANDS.sol",
        "targets": 0
    },
    {
        "contract_name": "0xa2e4fb662ba999a1e1bac839340c4d34e36e5d19-FlightDelayAddressResolver.sol",
        "targets": 0
    },
    {
        "contract_name": "0x424646690d85aae60bb1f14c7a7c0ae98c459593-Utils.sol",
        "targets": 0
    },
    {
        "contract_name": "0x424646690d85aae60bb1f14c7a7c0ae98c459593-Ownable.sol",
        "targets": 0
    },
    {
        "contract_name": "0x424646690d85aae60bb1f14c7a7c0ae98c459593-ERC20Token.sol",
        "targets": 0
    },
    {
        "contract_name": "0x424646690d85aae60bb1f14c7a7c0ae98c459593-StandardToken.sol",
        "targets": 0
    },
    {
        "contract_name": "0x424646690d85aae60bb1f14c7a7c0ae98c459593-ERCCToken.sol",
        "targets": 0
    },
    {
        "contract_name": "0xa5f3a4a1c21126f643dc10c3ea8eae8b336a5d66-Ownable.sol",
        "targets": 0
    },
    {
        "contract_name": "0xa5f3a4a1c21126f643dc10c3ea8eae8b336a5d66-Migrations.sol",
        "targets": 0
    },
    {
        "contract_name": "0x444147624d24efaf097c5c5417c4adc9ba20da66-HelloEx.sol",
        "targets": 0
    },
    {
        "contract_name": "0x444147624d24efaf097c5c5417c4adc9ba20da66-Call.sol",
        "targets": 0
    },
    {
        "contract_name": "0x6805661283c64a79323d187f9d6b2ca4dae59fd0-SPRING_BOARD_1_ETH.sol",
        "targets": 0
    }
]