{"1-PENNY_BY_PENNY.rt.hex": 1, "1-LogFile.rt.hex": 0, "2-SafeMath.rt.hex": 0, "2-ERC20Interface.rt.hex": 0, "2-ApproveAndCallFallBack.rt.hex": 0, "2-Owned.rt.hex": 0, "2-FixedSupplyToken.rt.hex": 0, "3-Roles.rt.hex": 0, "3-PauserRole.rt.hex": 0, "3-IERC20.rt.hex": 0, "3-ERC20Detailed.rt.hex": 0, "3-SafeMath.rt.hex": 0, "3-ERC20.rt.hex": 0, "3-Pausable.rt.hex": 0, "3-ERC20Pausable.rt.hex": 0, "3-DeepCloud.rt.hex": 0, "4-SimpleDAO.rt.hex": 1, "5-theCyberGatekeeper.rt.hex": 0, "5-GateProxy.rt.hex": 0, "6-SafeMath.rt.hex": 0, "6-IERC20.rt.hex": 0, "6-ERC20Detailed.rt.hex": 0, "6-ERC20.rt.hex": 0, "6-Roles.rt.hex": 0, "6-PauserRole.rt.hex": 0, "6-Pausable.rt.hex": 0, "6-ERC20Pausable.rt.hex": 0, "6-MinterRole.rt.hex": 0, "6-ERC20Mintable.rt.hex": 0, "6-Ownable.rt.hex": 0, "6-IWhitelist.rt.hex": 0, "6-ERC20Whitelistable.rt.hex": 0, "6-BurnerRole.rt.hex": 0, "6-ERC20Burnable.rt.hex": 0, "6-CanReclaimEther.rt.hex": 0, "6-SafeERC20.rt.hex": 0, "6-CanReclaimToken.rt.hex": 0, "6-LeveragedToken.rt.hex": 0, "7-IERC20.rt.hex": 0, "7-SafeMath.rt.hex": 0, "7-ERC20.rt.hex": 0, "7-CoineruPlatinum.rt.hex": 0, "8-IBancorConverter.rt.hex": 0, "8-IExchange.rt.hex": 0, "8-Owned.rt.hex": 0, "8-Exchange.rt.hex": 0, "8-SafeMath.rt.hex": 0, "9-Ownable.rt.hex": 0, "9-Roles.rt.hex": 0, "9-RBAC.rt.hex": 0, "9-SafeMath.rt.hex": 0, "9-ERC20Basic.rt.hex": 0, "9-ERC20.rt.hex": 0, "9-BasicToken.rt.hex": 0, "9-StandardToken.rt.hex": 0, "9-Pausable.rt.hex": 0, "9-PausableToken.rt.hex": 0, "9-BlackListToken.rt.hex": 0, "9-TwoPhaseToken.rt.hex": 0, "9-UpgradedStandardToken.rt.hex": 0, "9-WithToken.rt.hex": 0, "10-SafeMath.rt.hex": 0, "10-ERC20Interface.rt.hex": 1, "10-ApproveAndCallFallBack.rt.hex": 1, "10-Owned.rt.hex": 1, "10-ForTheBlockchain.rt.hex": 1, "11-FixedAddress.rt.hex": 0, "11-RegistryInterface.rt.hex": 0, "11-AccessModifiers.rt.hex": 0, "11-TreasuryInterface.rt.hex": 0, "11-Treasury.rt.hex": 0, "12-SafeMath.rt.hex": 0, "12-ERC20Basic.rt.hex": 0, "12-ERC20.rt.hex": 0, "12-BasicToken.rt.hex": 0, "12-StandardToken.rt.hex": 0, "12-Ownable.rt.hex": 0, "12-VIRToken.rt.hex": 0, "13-ERC20TokenInterface.rt.hex": 0, "13-SafeMath.rt.hex": 0, "13-CliffTokenVesting.rt.hex": 0, "14-Token.rt.hex": 0, "14-CELLCrowdsale.rt.hex": 0, "15-SafeMath.rt.hex": 0, "15-ERC20Standard.rt.hex": 0, "15-BIP.rt.hex": 0, "16-CareerOnToken.rt.hex": 1, "17-SafeMath.rt.hex": 0, "17-ERC20.rt.hex": 0, "17-UnitedStatesFederalReserveSystem.rt.hex": 0, "18-IERC20.rt.hex": 0, "18-SafeMath.rt.hex": 0, "18-Owned.rt.hex": 0, "18-RICHToken.rt.hex": 0, "19-SafeMath.rt.hex": 0, "19-owned.rt.hex": 1, "19-tokenRecipient.rt.hex": 0, "19-TokenERC20.rt.hex": 1, "19-AZT.rt.hex": 1, "20-PrivateBank.rt.hex": 1, "20-Log.rt.hex": 0, "21-IERC20.rt.hex": 0, "21-SafeMath.rt.hex": 0, "21-ERC20Detailed.rt.hex": 1, "21-HYDROGEN.rt.hex": 1, "22-EtherealFoundationOwned.rt.hex": 0, "22-EtherealTipJar.rt.hex": 0, "23-owned.rt.hex": 1, "23-tokenRecipient.rt.hex": 1, "23-Token.rt.hex": 1, "23-SafeMath.rt.hex": 0, "23-MindsyncPlatform.rt.hex": 1, "24-IERC20.rt.hex": 0, "24-KNCLock.rt.hex": 0, "25-ACCURAL_DEPOSIT.rt.hex": 1, "25-LogFile.rt.hex": 0, "26-Ownable.rt.hex": 0, "26-InvestorWhiteList.rt.hex": 0, "27-IERC20.rt.hex": 0, "27-PHO.rt.hex": 1, "28-PRIVATE_ETH_CELL.rt.hex": 1, "28-LogFile.rt.hex": 0, "29-Ownable.rt.hex": 0, "29-Migrations.rt.hex": 0, "30-SPRING_BOARD_1_ETH.rt.hex": 0, "31-FixedAddress.rt.hex": 0, "31-RegistryInterface.rt.hex": 0, "31-Ownable.rt.hex": 0, "31-Registry.rt.hex": 0, "32-A.rt.hex": 0, "32-B.rt.hex": 0, "33-SafeMath.rt.hex": 0, "33-ERC20TokenInterface.rt.hex": 1, "33-ERC20Token.rt.hex": 1, "33-AsseteGram.rt.hex": 1, "34-SafeMath.rt.hex": 0, "34-IERC20.rt.hex": 0, "34-Owned.rt.hex": 0, "34-IGCToken.rt.hex": 0, "35-SafeMath.rt.hex": 0, "35-Token.rt.hex": 0, "35-AbstractToken.rt.hex": 0, "35-LANDS.rt.hex": 0, "36-W_WALLET.rt.hex": 1, "36-Log.rt.hex": 0, "37-Owned.rt.hex": 1, "37-SafeMath.rt.hex": 0, "37-Token.rt.hex": 1, "37-Staking.rt.hex": 1, "38-TAMCContract.rt.hex": 1, "39-ERC20Basic.rt.hex": 0, "39-ERC20.rt.hex": 0, "39-SafeERC20.rt.hex": 0, "39-TokenTimelock.rt.hex": 0, "39-ZipperTokenTimelockFactoryMonthLockup.rt.hex": 0, "40-Reentrancy_cross_function.rt.hex": 1, "41-IERC20.rt.hex": 0, "41-tokenRecipient.rt.hex": 0, "41-owned.rt.hex": 0, "41-SafeMath.rt.hex": 0, "41-BrewerscoinToken.rt.hex": 0, "42-SafeMath.rt.hex": 0, "42-IERC20.rt.hex": 0, "42-ERC20.rt.hex": 0, "42-Roles.rt.hex": 0, "42-MinterRole.rt.hex": 0, "42-ERC20Mintable.rt.hex": 0, "42-ERC20Burnable.rt.hex": 0, "42-TuneTradeToken.rt.hex": 0, "42-WhitelistAdminRole.rt.hex": 0, "42-WhitelistedRole.rt.hex": 0, "42-TeamRole.rt.hex": 0, "42-SafeERC20.rt.hex": 0, "42-SwapContract.rt.hex": 0, "43-SafeMath.rt.hex": 0, "43-Ownable.rt.hex": 0, "43-IERC20.rt.hex": 0, "43-ERC20.rt.hex": 0, "43-BitsrentToken.rt.hex": 0, "44-SafeMath.rt.hex": 0, "44-owned.rt.hex": 1, "44-ERC20Essential.rt.hex": 0, "44-BitpayerDEX.rt.hex": 1, "45-ERC20Interface.rt.hex": 0, "45-HorizonContractBase.rt.hex": 0, "45-SafeMath.rt.hex": 0, "45-ICOToken.rt.hex": 0, "46-Reentrancy_bonus.rt.hex": 1, "47-Ownable.rt.hex": 0, "47-SafeMath.rt.hex": 0, "47-ERC20Basic.rt.hex": 0, "47-BasicToken.rt.hex": 0, "47-BurnableToken.rt.hex": 0, "47-ERC20.rt.hex": 0, "47-StandardToken.rt.hex": 0, "47-MintableToken.rt.hex": 0, "47-Pausable.rt.hex": 0, "47-PausableToken.rt.hex": 0, "47-IndexToken.rt.hex": 0, "48-ETH_VAULT.rt.hex": 1, "48-Log.rt.hex": 0, "49-Ownable.rt.hex": 1, "49-AccountWallet.rt.hex": 1, "50-SafeMath.rt.hex": 0, "50-IERC20.rt.hex": 0, "50-ERC20.rt.hex": 1, "50-ERC20Detailed.rt.hex": 1, "50-SaveWon.rt.hex": 1, "51-Reentrance.rt.hex": 1, "52-SafeMath.rt.hex": 0, "52-JerryTokenERC20.rt.hex": 0, "53-BitCreditCore.rt.hex": 0, "53-SafeMath.rt.hex": 0, "53-ERC20.rt.hex": 0, "53-BitCore.rt.hex": 0, "54-tokenRecipient.rt.hex": 0, "54-MD.rt.hex": 1, "55-SafeMath.rt.hex": 0, "55-owned.rt.hex": 1, "55-ethBank.rt.hex": 1, "56-HelloEx.rt.hex": 0, "56-Call.rt.hex": 0, "57-SafeMath.rt.hex": 0, "57-ERC20Interface.rt.hex": 1, "57-Owned.rt.hex": 1, "57-ExclusivePlatform.rt.hex": 1, "58-tokenRecipient.rt.hex": 0, "58-TokenERC20.rt.hex": 0, "59-IERC20.rt.hex": 0, "59-SafeMath.rt.hex": 0, "59-ERC20Detailed.rt.hex": 1, "59-BIGBOMBv2.rt.hex": 1, "60-ETH_VAULT.rt.hex": 1, "60-Log.rt.hex": 0, "61-WhiteBetting.rt.hex": 1, "62-SafeMath.rt.hex": 0, "62-IERC20.rt.hex": 0, "62-Ownable.rt.hex": 0, "62-TokenRecover.rt.hex": 0, "62-Roles.rt.hex": 0, "62-OperatorRole.rt.hex": 0, "62-Contributions.rt.hex": 0, "63-EtherStore.rt.hex": 1, "64-SafeMath.rt.hex": 0, "64-ERC20Interface.rt.hex": 0, "64-ApproveAndCallFallBack.rt.hex": 0, "64-Owned.rt.hex": 0, "64-FixedSupplyToken.rt.hex": 0, "65-SafeMath.rt.hex": 0, "65-ExtendedMath.rt.hex": 0, "65-ERC20Interface.rt.hex": 1, "65-ApproveAndCallFallBack.rt.hex": 1, "65-Owned.rt.hex": 1, "65-_Yesbuzz.rt.hex": 1, "66-Ownable.rt.hex": 0, "66-TokenWhitelist.rt.hex": 0, "67-PrivateDeposit.rt.hex": 1, "67-Log.rt.hex": 0, "68-Token.rt.hex": 1, "68-SafeMath.rt.hex": 0, "68-StableDEX.rt.hex": 1, "69-Ownable.rt.hex": 0, "69-HashStore.rt.hex": 0, "70-Owned.rt.hex": 1, "70-SafeMath.rt.hex": 0, "70-Token.rt.hex": 1, "70-Staking.rt.hex": 1, "71-EtherBank.rt.hex": 1, "72-Roles.rt.hex": 0, "72-Ownable.rt.hex": 0, "72-OperatorRole.rt.hex": 0, "72-Referrers.rt.hex": 0, "73-DEP_BANK.rt.hex": 1, "73-LogFile.rt.hex": 0, "74-EventMetadata.rt.hex": 1, "74-Operated.rt.hex": 1, "74-MultiHashWrapper.rt.hex": 1, "74-iFactory.rt.hex": 0, "74-ProofHash.rt.hex": 1, "74-Template.rt.hex": 1, "74-Post.rt.hex": 1, "75-Ownable.rt.hex": 0, "75-Token.rt.hex": 0, "75-TokenBank.rt.hex": 1, "76-Token.rt.hex": 0, "76-SafeMath.rt.hex": 0, "76-Ownable.rt.hex": 0, "76-Investing.rt.hex": 0, "77-ERC20Interface.rt.hex": 0, "77-Owned.rt.hex": 0, "77-Mortal.rt.hex": 0, "77-CoquinhoERC20.rt.hex": 0, "78-IERC20.rt.hex": 0, "78-SafeMath.rt.hex": 0, "78-ERC20.rt.hex": 1, "78-ERC20Burnable.rt.hex": 1, "78-ERC20Detailed.rt.hex": 1, "78-AGR.rt.hex": 1, "79-IERC20.rt.hex": 0, "79-Ownable.rt.hex": 0, "79-SafeMath.rt.hex": 0, "79-CyberNerve.rt.hex": 0, "80-ETH_FUND.rt.hex": 1, "80-Log.rt.hex": 0, "81-SafeMath.rt.hex": 0, "81-Math.rt.hex": 0, "81-Ownable.rt.hex": 0, "81-AccessControlledBase.rt.hex": 0, "81-StaticAccessControlled.rt.hex": 0, "81-GeneralERC20.rt.hex": 0, "81-TokenInteract.rt.hex": 0, "81-TokenProxy.rt.hex": 0, "81-Vault.rt.hex": 0, "82-Token.rt.hex": 0, "82-ECTools.rt.hex": 0, "82-StandardToken.rt.hex": 0, "82-HumanStandardToken.rt.hex": 0, "82-LedgerChannel.rt.hex": 1, "83-ERC20Basic.rt.hex": 0, "83-SafeMath.rt.hex": 0, "83-BasicToken.rt.hex": 0, "83-ERC20.rt.hex": 0, "83-StandardToken.rt.hex": 0, "83-Ownable.rt.hex": 0, "83-Pausable.rt.hex": 0, "83-PausableToken.rt.hex": 0, "83-DetailedERC20.rt.hex": 0, "83-CirilloChain.rt.hex": 0, "84-IERC777.rt.hex": 0, "84-IERC777Recipient.rt.hex": 0, "84-IERC777Sender.rt.hex": 0, "84-IERC20.rt.hex": 0, "84-SafeMath.rt.hex": 0, "84-Address.rt.hex": 0, "84-IERC1820Registry.rt.hex": 0, "84-ERC777.rt.hex": 1, "84-Roles.rt.hex": 0, "84-MinterRole.rt.hex": 1, "84-PauserRole.rt.hex": 1, "84-Pausable.rt.hex": 1, "84-SKYBITToken.rt.hex": 1, "85-Ownable.rt.hex": 1, "85-ChannelWallet.rt.hex": 1, "86-MONEY_BOX.rt.hex": 1, "86-Log.rt.hex": 0, "87-TAMC.rt.hex": 1, "88-SafeMath.rt.hex": 0, "88-ERC20Basic.rt.hex": 0, "88-ERC20.rt.hex": 0, "88-BasicToken.rt.hex": 0, "88-StandardToken.rt.hex": 0, "88-realimmocoin.rt.hex": 0, "89-SafeMath.rt.hex": 0, "89-R.rt.hex": 0, "89-Rationals.rt.hex": 0, "89-Ownable.rt.hex": 0, "89-Pausable.rt.hex": 0, "89-Roles.rt.hex": 0, "89-RBAC.rt.hex": 0, "89-ERC20Basic.rt.hex": 0, "89-ERC20.rt.hex": 0, "89-Exchange.rt.hex": 0, "90-owned.rt.hex": 1, "90-tokenRecipient.rt.hex": 1, "90-Token.rt.hex": 1, "90-SafeMath.rt.hex": 0, "90-MindsyncPlatform.rt.hex": 1, "91-SafeMath.rt.hex": 0, "91-MyToken.rt.hex": 0, "92-ProofOfLove.rt.hex": 0, "93-IERC20.rt.hex": 0, "93-Marmo.rt.hex": 0, "93-ECDSA.rt.hex": 0, "93-Ownable.rt.hex": 1, "93-ReentrancyGuard.rt.hex": 1, "93-FeeTransactionManager.rt.hex": 1, "94-SafeMath.rt.hex": 0, "94-ERC20Basic.rt.hex": 0, "94-BasicToken.rt.hex": 0, "94-ERC20.rt.hex": 0, "94-StandardToken.rt.hex": 0, "94-Ownable.rt.hex": 0, "94-MintableToken.rt.hex": 0, "94-CappedToken.rt.hex": 0, "94-BurnableToken.rt.hex": 0, "94-Pausable.rt.hex": 0, "94-PausableToken.rt.hex": 0, "94-SafeERC20.rt.hex": 0, "94-TokenTimelock.rt.hex": 0, "94-MaxToken.rt.hex": 0, "95-IERC20.rt.hex": 0, "95-SafeMath.rt.hex": 0, "95-Ownable.rt.hex": 1, "95-ERC20Detailed.rt.hex": 1, "95-DanPanCoin.rt.hex": 1, "96-PrivateBank.rt.hex": 1, "96-Log.rt.hex": 0, "97-Reentrance.rt.hex": 1, "98-ERC20Interface.rt.hex": 1, "98-AcunarToken.rt.hex": 1, "98-AcunarIEO.rt.hex": 1, "99-SafeMath.rt.hex": 0, "99-iERC20Token.rt.hex": 0, "99-iDividendToken.rt.hex": 0, "99-ETT.rt.hex": 0, "100-X2Contract.rt.hex": 0, "100-SafeMath.rt.hex": 0, "101-Reentrancy_insecure.rt.hex": 1, "102-StockBet.rt.hex": 1, "103-Token.rt.hex": 0, "103-SafeMath.rt.hex": 0, "103-AbstractToken.rt.hex": 0, "103-DroidEIP20Token.rt.hex": 0, "104-ReentrancyDAO.rt.hex": 1, "105-SafeMath.rt.hex": 0, "105-Ownable.rt.hex": 0, "105-TokenInterface.rt.hex": 0, "105-KRCPreSaleContract.rt.hex": 0, "106-Charity_For_My_Friend.rt.hex": 0, "107-Migrations.rt.hex": 0, "108-SafeMath.rt.hex": 0, "108-database.rt.hex": 0, "108-topl_database_lib.rt.hex": 0, "108-arbits_presale.rt.hex": 0, "109-ERC20Basic.rt.hex": 0, "109-VIPToken.rt.hex": 0, "110-digitalNotary.rt.hex": 1, "111-FlightDelayAddressResolver.rt.hex": 0, "112-SimpleStorage.rt.hex": 0, "113-GoTDragonFarm.rt.hex": 0, "113-SafeMath.rt.hex": 0, "114-ERC20Interface.rt.hex": 1, "114-IERC20Interface.rt.hex": 1, "114-RaffleToken.rt.hex": 0, "114-SafeMath.rt.hex": 0, "114-RaffleTokenExchange.rt.hex": 1, "115-SafeMath.rt.hex": 0, "115-FomoFeast.rt.hex": 1, "116-SafeMath.rt.hex": 0, "116-BCE.rt.hex": 0, "117-Ownable.rt.hex": 1, "117-SafeMath.rt.hex": 0, "117-LollypopToken.rt.hex": 1, "118-Utils.rt.hex": 0, "118-Ownable.rt.hex": 0, "118-ERC20Token.rt.hex": 0, "118-StandardToken.rt.hex": 0, "118-ERCCToken.rt.hex": 0, "119-SafeMath.rt.hex": 0, "119-ERC20Basic.rt.hex": 0, "119-ERC20.rt.hex": 0, "119-BasicToken.rt.hex": 0, "119-StandardToken.rt.hex": 0, "119-SWIFTSCO.rt.hex": 0, "120-SafeMath.rt.hex": 0, "120-ERC20TokenInterface.rt.hex": 0, "120-admined.rt.hex": 0, "120-ERC20Token.rt.hex": 0, "120-AssetGRP.rt.hex": 0, "121-Private_Bank.rt.hex": 1, "121-Log.rt.hex": 0, "122-Ownable.rt.hex": 0, "122-AccountRegistryInterface.rt.hex": 0, "122-AccountRegistry.rt.hex": 0, "123-BANK_SAFE.rt.hex": 1, "123-LogFile.rt.hex": 0, "124-WALLET.rt.hex": 1, "124-Log.rt.hex": 0, "125-RandoLotto.rt.hex": 0, "126-SafeMath.rt.hex": 0, "126-IERC20.rt.hex": 0, "126-ERC20.rt.hex": 1, "126-ERC20Detailed.rt.hex": 1, "126-SimpleSwapCoin.rt.hex": 1, "127-MY_BANK.rt.hex": 1, "127-Log.rt.hex": 0, "128-SafeMath.rt.hex": 0, "128-Ownable.rt.hex": 0, "128-ERC20Basic.rt.hex": 0, "128-BasicToken.rt.hex": 0, "128-ERC20.rt.hex": 0, "128-StandardToken.rt.hex": 0, "128-MintableToken.rt.hex": 0, "128-CappedToken.rt.hex": 0, "128-GambioToken.rt.hex": 0, "129-SafeMath.rt.hex": 0, "129-ERC20Interface.rt.hex": 0, "129-ApproveAndCallFallBack.rt.hex": 0, "129-Owned.rt.hex": 0, "129-FixedSupplyToken.rt.hex": 0, "130-SafeMath.rt.hex": 0, "130-IERC20.rt.hex": 0, "130-ERC20.rt.hex": 0, "130-ERC20Detailed.rt.hex": 0, "130-IPWT.rt.hex": 0, "131-U_BANK.rt.hex": 1, "131-Log.rt.hex": 0, "132-SafeMath.rt.hex": 0, "132-ERC20Interface.rt.hex": 1, "132-ApproveAndCallFallBack.rt.hex": 1, "132-Owned.rt.hex": 1, "132-QurasToken.rt.hex": 1, "133-Ownable.rt.hex": 1, "133-Stoppable.rt.hex": 1, "133-RampInstantPoolInterface.rt.hex": 0, "133-RampInstantEscrowsPoolInterface.rt.hex": 1, "133-RampInstantPool.rt.hex": 1, "133-RampInstantEthPool.rt.hex": 1, "134-CareerOnToken.rt.hex": 1, "135-X_WALLET.rt.hex": 1, "135-Log.rt.hex": 0, "136-EventMetadata.rt.hex": 1, "136-Operated.rt.hex": 1, "136-ProofHashes.rt.hex": 1, "136-MultiHashWrapper.rt.hex": 1, "136-iFactory.rt.hex": 0, "136-Template.rt.hex": 1, "136-Feed.rt.hex": 1, "137-SafeMath.rt.hex": 0, "137-ERC20Interface.rt.hex": 0, "137-ApproveAndCallFallBack.rt.hex": 0, "137-Owned.rt.hex": 0, "137-Bitwin.rt.hex": 0, "138-PERSONAL_BANK.rt.hex": 1, "138-LogFile.rt.hex": 0, "139-IERC20.rt.hex": 0, "139-SafeMath.rt.hex": 0, "139-ERC20.rt.hex": 0, "139-Roles.rt.hex": 0, "139-PauserRole.rt.hex": 0, "139-Pausable.rt.hex": 0, "139-ERC20Pausable.rt.hex": 0, "139-LevelToken.rt.hex": 0, "140-ModifierEntrancy.rt.hex": 1, "140-Bank.rt.hex": 0, "140-attack.rt.hex": 0, "141-SafeMath.rt.hex": 0, "141-IERC20.rt.hex": 0, "141-UBBCToken.rt.hex": 1, "142-SafeMath.rt.hex": 0, "142-Token.rt.hex": 0, "142-AbstractToken.rt.hex": 0, "142-TradeBTC.rt.hex": 0}