{"1-SafeMath.rt.hex": 0, "1-ERC20Interface.rt.hex": 0, "1-ApproveAndCallFallBack.rt.hex": 0, "1-Owned.rt.hex": 0, "1-Moveo.rt.hex": 0, "2-IERC20.rt.hex": 0, "2-SafeMath.rt.hex": 0, "2-ERC20.rt.hex": 0, "2-ERC20Detailed.rt.hex": 0, "2-PB0.rt.hex": 0, "3-SafeMath.rt.hex": 0, "3-ERC20Interface.rt.hex": 0, "3-ApproveAndCallFallBack.rt.hex": 0, "3-Owned.rt.hex": 0, "3-EracoinToken.rt.hex": 0, "4-Ownable.rt.hex": 0, "4-IEOResolver.rt.hex": 0, "5-SafeMath.rt.hex": 0, "5-ERC20Interface.rt.hex": 1, "5-ApproveAndCallFallBack.rt.hex": 1, "5-Owned.rt.hex": 1, "5-ForTheBlockchain.rt.hex": 1, "6-CareerOnToken.rt.hex": 1, "7-SafeMath.rt.hex": 0, "7-owned.rt.hex": 1, "7-tokenRecipient.rt.hex": 0, "7-TokenERC20.rt.hex": 1, "7-AZT.rt.hex": 1, "8-IERC20.rt.hex": 0, "8-SafeMath.rt.hex": 0, "8-ERC20Detailed.rt.hex": 1, "8-HYDROGEN.rt.hex": 1, "9-owned.rt.hex": 1, "9-tokenRecipient.rt.hex": 1, "9-Token.rt.hex": 1, "9-SafeMath.rt.hex": 0, "9-MindsyncPlatform.rt.hex": 1, "10-Ownable.rt.hex": 0, "10-ECRecovery.rt.hex": 0, "10-Utils.rt.hex": 0, "10-RenExBrokerVerifier.rt.hex": 0, "11-IERC20.rt.hex": 0, "11-PHO.rt.hex": 1, "12-CrowdsaleToken.rt.hex": 0, "12-CrowdsaleState.rt.hex": 0, "12-HardCap.rt.hex": 0, "12-Ownable.rt.hex": 0, "12-ERC20Allowance.rt.hex": 0, "12-CryptoPoliceProxy.rt.hex": 0, "13-tokenRecipient.rt.hex": 0, "13-SIMAT.rt.hex": 0, "14-SafeMath.rt.hex": 0, "14-ERC20TokenInterface.rt.hex": 1, "14-ERC20Token.rt.hex": 1, "14-AsseteGram.rt.hex": 1, "15-SafeMath.rt.hex": 0, "15-ETH_v3.rt.hex": 0, "16-Owned.rt.hex": 1, "16-SafeMath.rt.hex": 0, "16-Token.rt.hex": 1, "16-Staking.rt.hex": 1, "17-SafeMath.rt.hex": 0, "17-ERC20.rt.hex": 0, "17-BancodeMexico.rt.hex": 0, "18-TAMCContract.rt.hex": 1, "19-SafeMath.rt.hex": 0, "19-Ownable.rt.hex": 0, "19-tokenRecipient.rt.hex": 0, "19-TokenERC20.rt.hex": 0, "20-EthTxOrderDependenceMinimal.rt.hex": 1, "21-SafeMath.rt.hex": 0, "21-ContractReceiver.rt.hex": 0, "21-ERC23BasicToken.rt.hex": 0, "21-ERC23StandardToken.rt.hex": 0, "21-Ownable.rt.hex": 0, "21-MintableToken.rt.hex": 0, "21-ANSAToken.rt.hex": 0, "22-SafeMath.rt.hex": 0, "22-IERC20.rt.hex": 0, "22-HubToken.rt.hex": 0, "23-SafeMath.rt.hex": 0, "23-Ownable.rt.hex": 0, "23-CheToken.rt.hex": 0, "24-Token.rt.hex": 0, "24-SafeMath.rt.hex": 0, "24-AbstractToken.rt.hex": 0, "24-CatenaToken.rt.hex": 0, "25-SafeMath.rt.hex": 0, "25-owned.rt.hex": 1, "25-ERC20Essential.rt.hex": 0, "25-BitpayerDEX.rt.hex": 1, "26-OddsAndEvens.rt.hex": 1, "27-Ownable.rt.hex": 1, "27-AccountWallet.rt.hex": 1, "28-SafeMath.rt.hex": 0, "28-Ownable.rt.hex": 0, "28-ERC20Basic.rt.hex": 0, "28-ERC20.rt.hex": 0, "28-SafeERC20.rt.hex": 0, "28-Crowdsale.rt.hex": 0, "28-TimedCrowdsale.rt.hex": 0, "28-FinalizableCrowdsale.rt.hex": 0, "28-BasicToken.rt.hex": 0, "28-StandardToken.rt.hex": 0, "28-MintableToken.rt.hex": 0, "28-MintedCrowdsale.rt.hex": 0, "28-Pausable.rt.hex": 0, "28-RealtyReturnsTokenInterface.rt.hex": 0, "28-PausableToken.rt.hex": 0, "28-RealtyReturnsToken.rt.hex": 0, "28-LockTokenAllocation.rt.hex": 0, "28-RealtyReturnsTokenCrowdsale.rt.hex": 0, "29-SafeMath.rt.hex": 0, "29-GivingLog.rt.hex": 0, "30-SafeMath.rt.hex": 0, "30-IERC20.rt.hex": 0, "30-ERC20.rt.hex": 1, "30-ERC20Detailed.rt.hex": 1, "30-SaveWon.rt.hex": 1, "31-SafeMath.rt.hex": 0, "31-ERC20Interface.rt.hex": 0, "31-ApproveAndCallFallBack.rt.hex": 0, "31-Owned.rt.hex": 0, "31-PUNISHMENT.rt.hex": 0, "32-ERC20.rt.hex": 0, "32-SafeMath.rt.hex": 0, "32-Ownable.rt.hex": 0, "32-StandardToken.rt.hex": 0, "32-TravelHelperToken.rt.hex": 0, "33-SafeMath.rt.hex": 0, "33-ERC20Interface.rt.hex": 0, "33-ApproveAndCallFallBack.rt.hex": 0, "33-Owned.rt.hex": 0, "33-FixedSupplyToken.rt.hex": 0, "34-tokenRecipient.rt.hex": 0, "34-MD.rt.hex": 1, "35-SafeMath.rt.hex": 0, "35-owned.rt.hex": 1, "35-ethBank.rt.hex": 1, "36-SafeMath.rt.hex": 0, "36-ERC20Interface.rt.hex": 1, "36-Owned.rt.hex": 1, "36-ExclusivePlatform.rt.hex": 1, "37-IERC20.rt.hex": 0, "37-SafeMath.rt.hex": 0, "37-ERC20Detailed.rt.hex": 1, "37-BIGBOMBv2.rt.hex": 1, "38-WhiteBetting.rt.hex": 1, "39-MYCCToken.rt.hex": 0, "40-SafeMath.rt.hex": 0, "40-ERC20Interface.rt.hex": 0, "40-ApproveAndCallFallBack.rt.hex": 0, "40-Owned.rt.hex": 0, "40-BlotterAcidTab.rt.hex": 0, "41-SafeMath.rt.hex": 0, "41-ExtendedMath.rt.hex": 0, "41-ERC20Interface.rt.hex": 1, "41-ApproveAndCallFallBack.rt.hex": 1, "41-Owned.rt.hex": 1, "41-_Yesbuzz.rt.hex": 1, "42-IERC20.rt.hex": 0, "42-SafeMath.rt.hex": 0, "42-ERC20.rt.hex": 0, "42-Roles.rt.hex": 0, "42-Ownable.rt.hex": 0, "42-SafeERC20.rt.hex": 0, "42-FBB_Token.rt.hex": 0, "43-Token.rt.hex": 1, "43-SafeMath.rt.hex": 0, "43-StableDEX.rt.hex": 1, "44-FindThisHash.rt.hex": 1, "45-Owned.rt.hex": 1, "45-SafeMath.rt.hex": 0, "45-Token.rt.hex": 1, "45-Staking.rt.hex": 1, "46-EventMetadata.rt.hex": 1, "46-Operated.rt.hex": 1, "46-MultiHashWrapper.rt.hex": 1, "46-iFactory.rt.hex": 0, "46-ProofHash.rt.hex": 1, "46-Template.rt.hex": 1, "46-Post.rt.hex": 1, "47-IERC20.rt.hex": 0, "47-SafeMath.rt.hex": 0, "47-ERC20.rt.hex": 1, "47-ERC20Burnable.rt.hex": 1, "47-ERC20Detailed.rt.hex": 1, "47-AGR.rt.hex": 1, "48-SafeMath.rt.hex": 0, "48-Ownable.rt.hex": 0, "48-IERC20.rt.hex": 0, "48-ERC20.rt.hex": 0, "48-ERC20Burnable.rt.hex": 0, "48-ERC20Mintable.rt.hex": 0, "48-tokenRecipient.rt.hex": 0, "48-BFECoin.rt.hex": 0, "49-JNS.rt.hex": 0, "50-IERC777.rt.hex": 0, "50-IERC777Recipient.rt.hex": 0, "50-IERC777Sender.rt.hex": 0, "50-IERC20.rt.hex": 0, "50-SafeMath.rt.hex": 0, "50-Address.rt.hex": 0, "50-IERC1820Registry.rt.hex": 0, "50-ERC777.rt.hex": 1, "50-Roles.rt.hex": 0, "50-MinterRole.rt.hex": 1, "50-PauserRole.rt.hex": 1, "50-Pausable.rt.hex": 1, "50-SKYBITToken.rt.hex": 1, "51-Ownable.rt.hex": 1, "51-ChannelWallet.rt.hex": 1, "52-Ownable.rt.hex": 0, "52-SafeMath.rt.hex": 0, "52-Roles.rt.hex": 0, "52-PauserRole.rt.hex": 0, "52-Pausable.rt.hex": 0, "52-INiftyTradingCardCreator.rt.hex": 0, "52-INiftyFootballTradingCardGenerator.rt.hex": 0, "52-NiftyFootballAdmin.rt.hex": 0, "53-ERC20Basic.rt.hex": 0, "53-Ownable.rt.hex": 0, "53-ERC20.rt.hex": 0, "53-Relay.rt.hex": 0, "54-TAMC.rt.hex": 1, "55-Token.rt.hex": 0, "55-SafeMath.rt.hex": 0, "55-AbstractToken.rt.hex": 0, "55-CuboToken.rt.hex": 0, "56-owned.rt.hex": 1, "56-tokenRecipient.rt.hex": 1, "56-Token.rt.hex": 1, "56-SafeMath.rt.hex": 0, "56-MindsyncPlatform.rt.hex": 1, "57-Ownable.rt.hex": 0, "57-Pausable.rt.hex": 0, "57-SafeMath.rt.hex": 0, "57-Stoppable.rt.hex": 0, "57-e2pEscrow.rt.hex": 0, "58-ERC20Basic.rt.hex": 0, "58-ERC20.rt.hex": 0, "58-ERC20OldBasic.rt.hex": 0, "58-ERC20Old.rt.hex": 0, "58-SafeMath.rt.hex": 0, "58-BasicToken.rt.hex": 0, "58-Ownable.rt.hex": 0, "58-WrapperLock.rt.hex": 0, "59-IERC20.rt.hex": 0, "59-Marmo.rt.hex": 0, "59-ECDSA.rt.hex": 0, "59-Ownable.rt.hex": 1, "59-ReentrancyGuard.rt.hex": 1, "59-FeeTransactionManager.rt.hex": 1, "60-IERC20.rt.hex": 0, "60-SafeMath.rt.hex": 0, "60-Ownable.rt.hex": 1, "60-ERC20Detailed.rt.hex": 1, "60-DanPanCoin.rt.hex": 1, "61-SafeMath.rt.hex": 0, "61-IERC20.rt.hex": 0, "61-ERC20.rt.hex": 0, "61-Roles.rt.hex": 0, "61-MinterRole.rt.hex": 0, "61-Ownable.rt.hex": 0, "61-ERC20Mintable.rt.hex": 0, "61-ERC20Burnable.rt.hex": 0, "61-HadacoinV18.rt.hex": 0, "62-ERC20Interface.rt.hex": 1, "62-AcunarToken.rt.hex": 1, "62-AcunarIEO.rt.hex": 1, "63-SafeMath.rt.hex": 0, "63-Ownable.rt.hex": 0, "63-Pausable.rt.hex": 0, "63-ERC20Basic.rt.hex": 0, "63-ERC20.rt.hex": 0, "63-BasicToken.rt.hex": 0, "63-StandardToken.rt.hex": 0, "63-FrankToken.rt.hex": 0, "64-StockBet.rt.hex": 1, "65-digitalNotary.rt.hex": 1, "66-SafeMath.rt.hex": 0, "66-ERC20Basic.rt.hex": 0, "66-BasicToken.rt.hex": 0, "66-ERC20.rt.hex": 0, "66-StandardToken.rt.hex": 0, "66-SafeERC20.rt.hex": 0, "66-Owned.rt.hex": 0, "66-TokenVesting.rt.hex": 0, "66-TokenVault.rt.hex": 0, "66-BurnableToken.rt.hex": 0, "66-JEC_Token.rt.hex": 0, "67-IERC20.rt.hex": 0, "67-SafeMath.rt.hex": 0, "67-ERC20.rt.hex": 0, "67-ERC20Detailed.rt.hex": 0, "67-GRT.rt.hex": 0, "68-ERC20Interface.rt.hex": 1, "68-IERC20Interface.rt.hex": 1, "68-RaffleToken.rt.hex": 0, "68-SafeMath.rt.hex": 0, "68-RaffleTokenExchange.rt.hex": 1, "69-SafeMath.rt.hex": 0, "69-IERC20.rt.hex": 0, "69-ERC20.rt.hex": 0, "69-ERC20Detailed.rt.hex": 0, "69-DecimatedERC20.rt.hex": 0, "70-SafeMath.rt.hex": 0, "70-Roles.rt.hex": 0, "70-PauserRole.rt.hex": 0, "70-Pausable.rt.hex": 0, "70-Ownable.rt.hex": 0, "70-KittyBountiesAdmin.rt.hex": 0, "70-KittyCore.rt.hex": 0, "70-KittyBounties.rt.hex": 0, "71-SafeMath.rt.hex": 0, "71-FomoFeast.rt.hex": 1, "72-Ownable.rt.hex": 1, "72-SafeMath.rt.hex": 0, "72-LollypopToken.rt.hex": 1, "73-SafeMath.rt.hex": 0, "73-ERC20.rt.hex": 0, "73-CentralBankofSeychelles.rt.hex": 0, "74-Ownable.rt.hex": 0, "74-IERC20.rt.hex": 0, "74-Airdrop.rt.hex": 0, "75-ERC20Basic.rt.hex": 0, "75-SafeMath.rt.hex": 0, "75-BasicToken.rt.hex": 0, "75-ERC20.rt.hex": 0, "75-StandardToken.rt.hex": 0, "75-Ownable.rt.hex": 0, "75-MintableToken.rt.hex": 0, "75-EventaToken.rt.hex": 0, "76-SafeMath.rt.hex": 0, "76-ERC20.rt.hex": 1, "77-SafeMath.rt.hex": 0, "77-Ownable.rt.hex": 0, "77-Pausable.rt.hex": 0, "77-ERC20Basic.rt.hex": 0, "77-BasicToken.rt.hex": 0, "77-ERC20.rt.hex": 0, "77-StandardToken.rt.hex": 0, "77-PausableToken.rt.hex": 0, "77-BurnableToken.rt.hex": 0, "77-MintableToken.rt.hex": 0, "77-VIONcoin.rt.hex": 0, "78-SafeMath.rt.hex": 0, "78-Ownable.rt.hex": 0, "78-GTXRecord.rt.hex": 0, "79-SafeMath.rt.hex": 0, "79-ERC20.rt.hex": 0, "79-Ownable.rt.hex": 0, "79-MultiToken.rt.hex": 0, "80-SafeMath.rt.hex": 0, "80-IERC20.rt.hex": 0, "80-ERC20.rt.hex": 1, "80-ERC20Detailed.rt.hex": 1, "80-SimpleSwapCoin.rt.hex": 1, "81-SafeMath.rt.hex": 0, "81-ERC20Interface.rt.hex": 1, "81-ApproveAndCallFallBack.rt.hex": 1, "81-Owned.rt.hex": 1, "81-QurasToken.rt.hex": 1, "82-Ownable.rt.hex": 1, "82-Stoppable.rt.hex": 1, "82-RampInstantPoolInterface.rt.hex": 0, "82-RampInstantEscrowsPoolInterface.rt.hex": 1, "82-RampInstantPool.rt.hex": 1, "82-RampInstantEthPool.rt.hex": 1, "83-CareerOnToken.rt.hex": 1, "84-Ownable.rt.hex": 0, "84-ExchangeRate.rt.hex": 0, "85-EventMetadata.rt.hex": 1, "85-Operated.rt.hex": 1, "85-ProofHashes.rt.hex": 1, "85-MultiHashWrapper.rt.hex": 1, "85-iFactory.rt.hex": 0, "85-Template.rt.hex": 1, "85-Feed.rt.hex": 1, "86-IAccounting.rt.hex": 0, "86-IAccountingFactory.rt.hex": 0, "86-IERC20.rt.hex": 0, "86-IDisputer.rt.hex": 0, "86-ICrowdsourcerParent.rt.hex": 0, "86-FeeWindow.rt.hex": 0, "86-Universe.rt.hex": 0, "86-ReportingParticipant.rt.hex": 0, "86-Market.rt.hex": 0, "86-ICrowdsourcer.rt.hex": 0, "86-IDisputerFactory.rt.hex": 0, "86-DisputerParams.rt.hex": 0, "86-Crowdsourcer.rt.hex": 0, "87-SafeMath.rt.hex": 0, "87-ERC20.rt.hex": 0, "87-TRIPAGO.rt.hex": 0, "88-SafeMath.rt.hex": 0, "88-IERC20.rt.hex": 0, "88-UBBCToken.rt.hex": 1}