{"1-PENNY_BY_PENNY.bin": 1, "1-LogFile.bin": 0, "2-SafeMath.bin": 0, "2-ERC20Interface.bin": 0, "2-ApproveAndCallFallBack.bin": 0, "2-Owned.bin": 0, "2-FixedSupplyToken.bin": 0, "3-Roles.bin": 0, "3-PauserRole.bin": 0, "3-IERC20.bin": 0, "3-ERC20Detailed.bin": 0, "3-SafeMath.bin": 0, "3-ERC20.bin": 0, "3-Pausable.bin": 0, "3-ERC20Pausable.bin": 0, "3-DeepCloud.bin": 0, "4-SimpleDAO.bin": 1, "5-theCyberGatekeeper.bin": 0, "5-GateProxy.bin": 0, "6-SafeMath.bin": 0, "6-IERC20.bin": 0, "6-ERC20Detailed.bin": 0, "6-ERC20.bin": 0, "6-Roles.bin": 0, "6-PauserRole.bin": 0, "6-Pausable.bin": 0, "6-ERC20Pausable.bin": 0, "6-MinterRole.bin": 0, "6-ERC20Mintable.bin": 0, "6-Ownable.bin": 0, "6-IWhitelist.bin": 0, "6-ERC20Whitelistable.bin": 0, "6-BurnerRole.bin": 0, "6-ERC20Burnable.bin": 0, "6-CanReclaimEther.bin": 0, "6-SafeERC20.bin": 0, "6-CanReclaimToken.bin": 0, "6-LeveragedToken.bin": 0, "7-IERC20.bin": 0, "7-SafeMath.bin": 0, "7-ERC20.bin": 0, "7-CoineruPlatinum.bin": 0, "8-IBancorConverter.bin": 0, "8-IExchange.bin": 0, "8-Owned.bin": 0, "8-Exchange.bin": 0, "8-SafeMath.bin": 0, "9-Ownable.bin": 0, "9-Roles.bin": 0, "9-RBAC.bin": 0, "9-SafeMath.bin": 0, "9-ERC20Basic.bin": 0, "9-ERC20.bin": 0, "9-BasicToken.bin": 0, "9-StandardToken.bin": 0, "9-Pausable.bin": 0, "9-PausableToken.bin": 0, "9-BlackListToken.bin": 0, "9-TwoPhaseToken.bin": 0, "9-UpgradedStandardToken.bin": 0, "9-WithToken.bin": 0, "10-SafeMath.bin": 0, "10-ERC20Interface.bin": 1, "10-ApproveAndCallFallBack.bin": 1, "10-Owned.bin": 1, "10-ForTheBlockchain.bin": 1, "11-FixedAddress.bin": 0, "11-RegistryInterface.bin": 0, "11-AccessModifiers.bin": 0, "11-TreasuryInterface.bin": 0, "11-Treasury.bin": 0, "12-SafeMath.bin": 0, "12-ERC20Basic.bin": 0, "12-ERC20.bin": 0, "12-BasicToken.bin": 0, "12-StandardToken.bin": 0, "12-Ownable.bin": 0, "12-VIRToken.bin": 0, "13-ERC20TokenInterface.bin": 0, "13-SafeMath.bin": 0, "13-CliffTokenVesting.bin": 0, "14-Token.bin": 0, "14-CELLCrowdsale.bin": 0, "15-SafeMath.bin": 0, "15-ERC20Standard.bin": 0, "15-BIP.bin": 0, "16-CareerOnToken.bin": 1, "17-SafeMath.bin": 0, "17-ERC20.bin": 0, "17-UnitedStatesFederalReserveSystem.bin": 0, "18-IERC20.bin": 0, "18-SafeMath.bin": 0, "18-Owned.bin": 0, "18-RICHToken.bin": 0, "19-SafeMath.bin": 0, "19-owned.bin": 1, "19-tokenRecipient.bin": 0, "19-TokenERC20.bin": 1, "19-AZT.bin": 1, "20-PrivateBank.bin": 1, "20-Log.bin": 0, "21-IERC20.bin": 0, "21-SafeMath.bin": 0, "21-ERC20Detailed.bin": 1, "21-HYDROGEN.bin": 1, "22-EtherealFoundationOwned.bin": 0, "22-EtherealTipJar.bin": 0, "23-owned.bin": 1, "23-tokenRecipient.bin": 1, "23-Token.bin": 1, "23-SafeMath.bin": 0, "23-MindsyncPlatform.bin": 1, "24-IERC20.bin": 0, "24-KNCLock.bin": 0, "25-ACCURAL_DEPOSIT.bin": 1, "25-LogFile.bin": 0, "26-Ownable.bin": 0, "26-InvestorWhiteList.bin": 0, "27-IERC20.bin": 0, "27-PHO.bin": 1, "28-PRIVATE_ETH_CELL.bin": 1, "28-LogFile.bin": 0, "29-Ownable.bin": 0, "29-Migrations.bin": 0, "30-SPRING_BOARD_1_ETH.bin": 0, "31-FixedAddress.bin": 0, "31-RegistryInterface.bin": 0, "31-Ownable.bin": 0, "31-Registry.bin": 0, "32-A.bin": 0, "32-B.bin": 0, "33-SafeMath.bin": 0, "33-ERC20TokenInterface.bin": 1, "33-ERC20Token.bin": 1, "33-AsseteGram.bin": 1, "34-SafeMath.bin": 0, "34-IERC20.bin": 0, "34-Owned.bin": 0, "34-IGCToken.bin": 0, "35-SafeMath.bin": 0, "35-Token.bin": 0, "35-AbstractToken.bin": 0, "35-LANDS.bin": 0, "36-W_WALLET.bin": 1, "36-Log.bin": 0, "37-Owned.bin": 1, "37-SafeMath.bin": 0, "37-Token.bin": 1, "37-Staking.bin": 1, "38-TAMCContract.bin": 1, "39-ERC20Basic.bin": 0, "39-ERC20.bin": 0, "39-SafeERC20.bin": 0, "39-TokenTimelock.bin": 0, "39-ZipperTokenTimelockFactoryMonthLockup.bin": 0, "40-Reentrancy_cross_function.bin": 1, "41-IERC20.bin": 0, "41-tokenRecipient.bin": 0, "41-owned.bin": 0, "41-SafeMath.bin": 0, "41-BrewerscoinToken.bin": 0, "42-SafeMath.bin": 0, "42-IERC20.bin": 0, "42-ERC20.bin": 0, "42-Roles.bin": 0, "42-MinterRole.bin": 0, "42-ERC20Mintable.bin": 0, "42-ERC20Burnable.bin": 0, "42-TuneTradeToken.bin": 0, "42-WhitelistAdminRole.bin": 0, "42-WhitelistedRole.bin": 0, "42-TeamRole.bin": 0, "42-SafeERC20.bin": 0, "42-SwapContract.bin": 0, "43-SafeMath.bin": 0, "43-Ownable.bin": 0, "43-IERC20.bin": 0, "43-ERC20.bin": 0, "43-BitsrentToken.bin": 0, "44-SafeMath.bin": 0, "44-owned.bin": 1, "44-ERC20Essential.bin": 0, "44-BitpayerDEX.bin": 1, "45-ERC20Interface.bin": 0, "45-HorizonContractBase.bin": 0, "45-SafeMath.bin": 0, "45-ICOToken.bin": 0, "46-Reentrancy_bonus.bin": 1, "47-Ownable.bin": 0, "47-SafeMath.bin": 0, "47-ERC20Basic.bin": 0, "47-BasicToken.bin": 0, "47-BurnableToken.bin": 0, "47-ERC20.bin": 0, "47-StandardToken.bin": 0, "47-MintableToken.bin": 0, "47-Pausable.bin": 0, "47-PausableToken.bin": 0, "47-IndexToken.bin": 0, "48-ETH_VAULT.bin": 1, "48-Log.bin": 0, "49-Ownable.bin": 1, "49-AccountWallet.bin": 1, "50-SafeMath.bin": 0, "50-IERC20.bin": 0, "50-ERC20.bin": 1, "50-ERC20Detailed.bin": 1, "50-SaveWon.bin": 1, "51-Reentrance.bin": 1, "52-SafeMath.bin": 0, "52-JerryTokenERC20.bin": 0, "53-BitCreditCore.bin": 0, "53-SafeMath.bin": 0, "53-ERC20.bin": 0, "53-BitCore.bin": 0, "54-tokenRecipient.bin": 0, "54-MD.bin": 1, "55-SafeMath.bin": 0, "55-owned.bin": 1, "55-ethBank.bin": 1, "56-HelloEx.bin": 0, "56-Call.bin": 0, "57-SafeMath.bin": 0, "57-ERC20Interface.bin": 1, "57-Owned.bin": 1, "57-ExclusivePlatform.bin": 1, "58-tokenRecipient.bin": 0, "58-TokenERC20.bin": 0, "59-IERC20.bin": 0, "59-SafeMath.bin": 0, "59-ERC20Detailed.bin": 1, "59-BIGBOMBv2.bin": 1, "60-ETH_VAULT.bin": 1, "60-Log.bin": 0, "61-WhiteBetting.bin": 1, "62-SafeMath.bin": 0, "62-IERC20.bin": 0, "62-Ownable.bin": 0, "62-TokenRecover.bin": 0, "62-Roles.bin": 0, "62-OperatorRole.bin": 0, "62-Contributions.bin": 0, "63-EtherStore.bin": 1, "64-SafeMath.bin": 0, "64-ERC20Interface.bin": 0, "64-ApproveAndCallFallBack.bin": 0, "64-Owned.bin": 0, "64-FixedSupplyToken.bin": 0, "65-SafeMath.bin": 0, "65-ExtendedMath.bin": 0, "65-ERC20Interface.bin": 1, "65-ApproveAndCallFallBack.bin": 1, "65-Owned.bin": 1, "65-_Yesbuzz.bin": 1, "66-Ownable.bin": 0, "66-TokenWhitelist.bin": 0, "67-PrivateDeposit.bin": 1, "67-Log.bin": 0, "68-Token.bin": 1, "68-SafeMath.bin": 0, "68-StableDEX.bin": 1, "69-Ownable.bin": 0, "69-HashStore.bin": 0, "70-Owned.bin": 1, "70-SafeMath.bin": 0, "70-Token.bin": 1, "70-Staking.bin": 1, "71-EtherBank.bin": 1, "72-Roles.bin": 0, "72-Ownable.bin": 0, "72-OperatorRole.bin": 0, "72-Referrers.bin": 0, "73-DEP_BANK.bin": 1, "73-LogFile.bin": 0, "74-EventMetadata.bin": 1, "74-Operated.bin": 1, "74-MultiHashWrapper.bin": 1, "74-iFactory.bin": 0, "74-ProofHash.bin": 1, "74-Template.bin": 1, "74-Post.bin": 1, "75-Ownable.bin": 0, "75-Token.bin": 0, "75-TokenBank.bin": 1, "76-Token.bin": 0, "76-SafeMath.bin": 0, "76-Ownable.bin": 0, "76-Investing.bin": 0, "77-ERC20Interface.bin": 0, "77-Owned.bin": 0, "77-Mortal.bin": 0, "77-CoquinhoERC20.bin": 0, "78-IERC20.bin": 0, "78-SafeMath.bin": 0, "78-ERC20.bin": 1, "78-ERC20Burnable.bin": 1, "78-ERC20Detailed.bin": 1, "78-AGR.bin": 1, "79-IERC20.bin": 0, "79-Ownable.bin": 0, "79-SafeMath.bin": 0, "79-CyberNerve.bin": 0, "80-ETH_FUND.bin": 1, "80-Log.bin": 0, "81-SafeMath.bin": 0, "81-Math.bin": 0, "81-Ownable.bin": 0, "81-AccessControlledBase.bin": 0, "81-StaticAccessControlled.bin": 0, "81-GeneralERC20.bin": 0, "81-TokenInteract.bin": 0, "81-TokenProxy.bin": 0, "81-Vault.bin": 0, "82-Token.bin": 0, "82-ECTools.bin": 0, "82-StandardToken.bin": 0, "82-HumanStandardToken.bin": 0, "82-LedgerChannel.bin": 1, "83-ERC20Basic.bin": 0, "83-SafeMath.bin": 0, "83-BasicToken.bin": 0, "83-ERC20.bin": 0, "83-StandardToken.bin": 0, "83-Ownable.bin": 0, "83-Pausable.bin": 0, "83-PausableToken.bin": 0, "83-DetailedERC20.bin": 0, "83-CirilloChain.bin": 0, "84-IERC777.bin": 0, "84-IERC777Recipient.bin": 0, "84-IERC777Sender.bin": 0, "84-IERC20.bin": 0, "84-SafeMath.bin": 0, "84-Address.bin": 0, "84-IERC1820Registry.bin": 0, "84-ERC777.bin": 1, "84-Roles.bin": 0, "84-MinterRole.bin": 1, "84-PauserRole.bin": 1, "84-Pausable.bin": 1, "84-SKYBITToken.bin": 1, "85-Ownable.bin": 1, "85-ChannelWallet.bin": 1, "86-MONEY_BOX.bin": 1, "86-Log.bin": 0, "87-TAMC.bin": 1, "88-SafeMath.bin": 0, "88-ERC20Basic.bin": 0, "88-ERC20.bin": 0, "88-BasicToken.bin": 0, "88-StandardToken.bin": 0, "88-realimmocoin.bin": 0, "89-SafeMath.bin": 0, "89-R.bin": 0, "89-Rationals.bin": 0, "89-Ownable.bin": 0, "89-Pausable.bin": 0, "89-Roles.bin": 0, "89-RBAC.bin": 0, "89-ERC20Basic.bin": 0, "89-ERC20.bin": 0, "89-Exchange.bin": 0, "90-owned.bin": 1, "90-tokenRecipient.bin": 1, "90-Token.bin": 1, "90-SafeMath.bin": 0, "90-MindsyncPlatform.bin": 1, "91-SafeMath.bin": 0, "91-MyToken.bin": 0, "92-ProofOfLove.bin": 0, "93-IERC20.bin": 0, "93-Marmo.bin": 0, "93-ECDSA.bin": 0, "93-Ownable.bin": 1, "93-ReentrancyGuard.bin": 1, "93-FeeTransactionManager.bin": 1, "94-SafeMath.bin": 0, "94-ERC20Basic.bin": 0, "94-BasicToken.bin": 0, "94-ERC20.bin": 0, "94-StandardToken.bin": 0, "94-Ownable.bin": 0, "94-MintableToken.bin": 0, "94-CappedToken.bin": 0, "94-BurnableToken.bin": 0, "94-Pausable.bin": 0, "94-PausableToken.bin": 0, "94-SafeERC20.bin": 0, "94-TokenTimelock.bin": 0, "94-MaxToken.bin": 0, "95-IERC20.bin": 0, "95-SafeMath.bin": 0, "95-Ownable.bin": 1, "95-ERC20Detailed.bin": 1, "95-DanPanCoin.bin": 1, "96-PrivateBank.bin": 1, "96-Log.bin": 0, "97-Reentrance.bin": 1, "98-ERC20Interface.bin": 1, "98-AcunarToken.bin": 1, "98-AcunarIEO.bin": 1, "99-SafeMath.bin": 0, "99-iERC20Token.bin": 0, "99-iDividendToken.bin": 0, "99-ETT.bin": 0, "100-X2Contract.bin": 0, "100-SafeMath.bin": 0, "101-Reentrancy_insecure.bin": 1, "102-StockBet.bin": 1, "103-Token.bin": 0, "103-SafeMath.bin": 0, "103-AbstractToken.bin": 0, "103-DroidEIP20Token.bin": 0, "104-ReentrancyDAO.bin": 1, "105-SafeMath.bin": 0, "105-Ownable.bin": 0, "105-TokenInterface.bin": 0, "105-KRCPreSaleContract.bin": 0, "106-Charity_For_My_Friend.bin": 0, "107-Migrations.bin": 0, "108-SafeMath.bin": 0, "108-database.bin": 0, "108-topl_database_lib.bin": 0, "108-arbits_presale.bin": 0, "109-ERC20Basic.bin": 0, "109-VIPToken.bin": 0, "110-digitalNotary.bin": 1, "111-FlightDelayAddressResolver.bin": 0, "112-SimpleStorage.bin": 0, "113-GoTDragonFarm.bin": 0, "113-SafeMath.bin": 0, "114-ERC20Interface.bin": 1, "114-IERC20Interface.bin": 1, "114-RaffleToken.bin": 0, "114-SafeMath.bin": 0, "114-RaffleTokenExchange.bin": 1, "115-SafeMath.bin": 0, "115-FomoFeast.bin": 1, "116-SafeMath.bin": 0, "116-BCE.bin": 0, "117-Ownable.bin": 1, "117-SafeMath.bin": 0, "117-LollypopToken.bin": 1, "118-Utils.bin": 0, "118-Ownable.bin": 0, "118-ERC20Token.bin": 0, "118-StandardToken.bin": 0, "118-ERCCToken.bin": 0, "119-SafeMath.bin": 0, "119-ERC20Basic.bin": 0, "119-ERC20.bin": 0, "119-BasicToken.bin": 0, "119-StandardToken.bin": 0, "119-SWIFTSCO.bin": 0, "120-SafeMath.bin": 0, "120-ERC20TokenInterface.bin": 0, "120-admined.bin": 0, "120-ERC20Token.bin": 0, "120-AssetGRP.bin": 0, "121-Private_Bank.bin": 1, "121-Log.bin": 0, "122-Ownable.bin": 0, "122-AccountRegistryInterface.bin": 0, "122-AccountRegistry.bin": 0, "123-BANK_SAFE.bin": 1, "123-LogFile.bin": 0, "124-WALLET.bin": 1, "124-Log.bin": 0, "125-RandoLotto.bin": 0, "126-SafeMath.bin": 0, "126-IERC20.bin": 0, "126-ERC20.bin": 1, "126-ERC20Detailed.bin": 1, "126-SimpleSwapCoin.bin": 1, "127-MY_BANK.bin": 1, "127-Log.bin": 0, "128-SafeMath.bin": 0, "128-Ownable.bin": 0, "128-ERC20Basic.bin": 0, "128-BasicToken.bin": 0, "128-ERC20.bin": 0, "128-StandardToken.bin": 0, "128-MintableToken.bin": 0, "128-CappedToken.bin": 0, "128-GambioToken.bin": 0, "129-SafeMath.bin": 0, "129-ERC20Interface.bin": 0, "129-ApproveAndCallFallBack.bin": 0, "129-Owned.bin": 0, "129-FixedSupplyToken.bin": 0, "130-SafeMath.bin": 0, "130-IERC20.bin": 0, "130-ERC20.bin": 0, "130-ERC20Detailed.bin": 0, "130-IPWT.bin": 0, "131-U_BANK.bin": 1, "131-Log.bin": 0, "132-SafeMath.bin": 0, "132-ERC20Interface.bin": 1, "132-ApproveAndCallFallBack.bin": 1, "132-Owned.bin": 1, "132-QurasToken.bin": 1, "133-Ownable.bin": 1, "133-Stoppable.bin": 1, "133-RampInstantPoolInterface.bin": 0, "133-RampInstantEscrowsPoolInterface.bin": 1, "133-RampInstantPool.bin": 1, "133-RampInstantEthPool.bin": 1, "134-CareerOnToken.bin": 1, "135-X_WALLET.bin": 1, "135-Log.bin": 0, "136-EventMetadata.bin": 1, "136-Operated.bin": 1, "136-ProofHashes.bin": 1, "136-MultiHashWrapper.bin": 1, "136-iFactory.bin": 0, "136-Template.bin": 1, "136-Feed.bin": 1, "137-SafeMath.bin": 0, "137-ERC20Interface.bin": 0, "137-ApproveAndCallFallBack.bin": 0, "137-Owned.bin": 0, "137-Bitwin.bin": 0, "138-PERSONAL_BANK.bin": 1, "138-LogFile.bin": 0, "139-IERC20.bin": 0, "139-SafeMath.bin": 0, "139-ERC20.bin": 0, "139-Roles.bin": 0, "139-PauserRole.bin": 0, "139-Pausable.bin": 0, "139-ERC20Pausable.bin": 0, "139-LevelToken.bin": 0, "140-ModifierEntrancy.bin": 1, "140-Bank.bin": 0, "140-attack.bin": 0, "141-SafeMath.bin": 0, "141-IERC20.bin": 0, "141-UBBCToken.bin": 1, "142-SafeMath.bin": 0, "142-Token.bin": 0, "142-AbstractToken.bin": 0, "142-TradeBTC.bin": 0}