{"1-ERC20Basic.bin": 0, "1-SafeMath.bin": 0, "1-BasicToken.bin": 0, "1-ERC20.bin": 0, "1-StandardToken.bin": 0, "1-Ownable.bin": 0, "1-Pausable.bin": 0, "1-PausableToken.bin": 0, "1-IRegistry.bin": 0, "1-IBrickblockToken.bin": 0, "1-AccessToken.bin": 0, "2-Token.bin": 0, "2-SafeMath.bin": 0, "2-StandardToken.bin": 0, "2-GRO.bin": 0, "3-Blacklistable.bin": 0, "3-Ownable.bin": 0, "3-SafeMath.bin": 0, "3-FomoFeast.bin": 1, "4-TokenERC20.bin": 0, "4-CareerOnToken.bin": 1, "5-GigsToken.bin": 0, "5-OddsAndEvens.bin": 1, "6-LibBytes.bin": 0, "6-ReentrancyGuard.bin": 0, "6-SafeMath.bin": 0, "6-LibConstants.bin": 0, "6-LibEIP712.bin": 0, "6-LibFillResults.bin": 0, "6-LibMath.bin": 0, "6-LibOrder.bin": 0, "6-LibAbiEncoder.bin": 0, "6-IOwnable.bin": 0, "6-IAuthorizable.bin": 0, "6-IAssetProxy.bin": 0, "6-IValidator.bin": 0, "6-IWallet.bin": 0, "6-IExchangeCore.bin": 0, "6-IAssetProxyDispatcher.bin": 0, "6-IMatchOrders.bin": 0, "6-ISignatureValidator.bin": 0, "6-ITransactions.bin": 0, "6-IWrapperFunctions.bin": 0, "6-IExchange.bin": 0, "6-MExchangeCore.bin": 0, "6-MAssetProxyDispatcher.bin": 0, "6-MMatchOrders.bin": 0, "6-MSignatureValidator.bin": 0, "6-MTransactions.bin": 0, "6-MWrapperFunctions.bin": 0, "6-Ownable.bin": 0, "6-MixinExchangeCore.bin": 0, "6-MixinSignatureValidator.bin": 0, "6-MixinWrapperFunctions.bin": 0, "6-MixinTransactions.bin": 0, "6-MixinAssetProxyDispatcher.bin": 0, "6-MixinMatchOrders.bin": 0, "6-Exchange.bin": 0, "7-SafeMath.bin": 0, "7-owned.bin": 1, "7-tokenRecipient.bin": 0, "7-TokenERC20.bin": 1, "7-AZT.bin": 1, "8-SafeMath.bin": 0, "8-ERC20Interface.bin": 1, "8-ApproveAndCallFallBack.bin": 1, "8-Owned.bin": 1, "8-ForTheBlockchain.bin": 1, "9-Ownable.bin": 0, "9-ERC20.bin": 0, "9-IERC20.bin": 0, "9-owned.bin": 1, "9-tokenRecipient.bin": 1, "9-Token.bin": 1, "9-SafeMath.bin": 0, "9-MindsyncPlatform.bin": 1, "10-MockOracle.bin": 0, "10-OracleInterface.bin": 0, "10-SafeMath.bin": 0, "10-IERC20.bin": 0, "10-ERC20.bin": 1, "10-ERC20Detailed.bin": 1, "10-SimpleSwapCoin.bin": 1, "11-EthTxOrderDependenceMinimal.bin": 1, "12-SafeMath.bin": 0, "12-Ownable.bin": 0, "12-Helper.bin": 0, "12-LINIX.bin": 0, "13-SafeMath.bin": 0, "13-ItemsInterfaceForEternalStorage.bin": 0, "13-EternalStorage.bin": 0, "14-IERC20.bin": 0, "14-Roles.bin": 0, "14-MinterRole.bin": 0, "14-ERC20.bin": 0, "14-ERC20Mintable.bin": 0, "14-ERC20Capped.bin": 0, "14-SafeMath.bin": 0, "14-PauserRole.bin": 0, "14-Pausable.bin": 0, "14-ERC20Pausable.bin": 0, "14-ERC20Burnable.bin": 0, "14-ERC20Detailed.bin": 0, "14-MTB19.bin": 0, "15-HERC20.bin": 0, "15-SafeMath.bin": 0, "15-ERC20.bin": 0, "15-Ownable.bin": 0, "15-Pausable.bin": 0, "15-Blacklistable.bin": 0, "15-LakesCash.bin": 0, "16-SafeMath.bin": 0, "16-OddsAndEvens.bin": 1, "17-SafeMath.bin": 0, "17-IERC20.bin": 0, "17-ERC20Pistachio.bin": 0, "17-ERC20Burnable.bin": 0, "17-Roles.bin": 0, "17-MinterRole.bin": 0, "17-ERC20Mintable.bin": 0, "17-PauserRole.bin": 0, "17-Pausable.bin": 0, "17-ERC20Chocolate.bin": 0, "18-StockBet.bin": 1, "19-IERC20.bin": 0, "19-SafeMath.bin": 0, "19-ERC20Detailed.bin": 1, "19-BIGBOMBv2.bin": 1, "20-Owned.bin": 1, "20-SafeMath.bin": 0, "20-Token.bin": 1, "20-Staking.bin": 1, "21-SafeMath.bin": 0, "21-ERC20Basic.bin": 0, "21-BasicToken.bin": 0, "21-ERC20.bin": 0, "21-StandardToken.bin": 0, "21-SafeERC20.bin": 0, "21-Owned.bin": 0, "21-TokenVesting.bin": 0, "21-TokenVault.bin": 0, "21-BurnableToken.bin": 0, "21-JEC_Token.bin": 0, "22-Ownable.bin": 1, "22-SafeMath.bin": 0, "22-LollypopToken.bin": 1, "23-Ownable.bin": 0, "23-Claimable.bin": 0, "23-ERC20Basic.bin": 0, "23-ERC20.bin": 0, "23-SafeERC20.bin": 0, "23-CanReclaimToken.bin": 0, "23-OwnableContract.bin": 0, "23-ControllerInterface.bin": 0, "23-Factory.bin": 0, "24-SafeMath.bin": 0, "24-IERC20.bin": 0, "24-UBBCToken.bin": 1, "25-SafeMath.bin": 0, "25-ERC20Basic.bin": 0, "25-BasicToken.bin": 0, "25-ERC20.bin": 0, "25-StandardToken.bin": 0, "25-SafeERC20.bin": 0, "25-Owned.bin": 0, "25-TokenVesting.bin": 0, "25-TokenVault.bin": 0, "25-BurnableToken.bin": 0, "25-BKC_Token.bin": 0, "26-ERC20Interface.bin": 1, "26-AcunarToken.bin": 1, "26-AcunarIEO.bin": 1, "27-tokenRecipient.bin": 0, "27-MD.bin": 1, "28-Owned.bin": 1, "28-SafeMath.bin": 0, "28-Token.bin": 1, "28-Staking.bin": 1, "29-SafeMath.bin": 0, "29-IERC20.bin": 0, "29-ERC20.bin": 1, "29-ERC20Detailed.bin": 1, "29-SimpleSwapCoin.bin": 1, "30-Ownable.bin": 0, "30-IERC20.bin": 0, "30-PHO.bin": 1, "31-SafeMath.bin": 0, "31-IERC20.bin": 0, "31-PHO.bin": 1, "32-Roles.bin": 0, "32-PauserRole.bin": 0, "32-IERC20.bin": 0, "32-ERC20Detailed.bin": 0, "32-SafeMath.bin": 0, "32-ERC20.bin": 0, "32-Pausable.bin": 0, "32-ERC20Pausable.bin": 0, "32-DeepCloud.bin": 0, "33-SafeMath.bin": 0, "33-IERC20.bin": 0, "33-ERC20Detailed.bin": 0, "33-ERC20.bin": 0, "33-Roles.bin": 0, "33-PauserRole.bin": 0, "33-Pausable.bin": 0, "33-ERC20Pausable.bin": 0, "33-MinterRole.bin": 0, "33-ERC20Mintable.bin": 0, "33-Ownable.bin": 0, "33-IWhitelist.bin": 0, "33-BurnerRole.bin": 0, "33-ERC20Burnable.bin": 0, "33-ERC20Whitelistable.bin": 0, "33-CanReclaimEther.bin": 0, "33-SafeERC20.bin": 0, "33-CanReclaimToken.bin": 0, "33-LeveragedToken.bin": 0, "34-SafeMath.bin": 0, "34-ERC20Basic.bin": 0, "34-ERC20.bin": 0, "34-BasicToken.bin": 0, "34-BurnableToken.bin": 0, "34-StandardToken.bin": 0, "34-Ownable.bin": 0, "34-Pausable.bin": 0, "34-PausableToken.bin": 0, "34-DistributableAndPausableToken.bin": 0, "34-TokenUpgrader.bin": 0, "34-UpgradeableToken.bin": 0, "34-Token.bin": 0, "35-Ownable.bin": 0, "35-IERC20.bin": 0, "35-ERC20Detailed.bin": 0, "35-SafeMath.bin": 0, "35-ERC20.bin": 0, "35-Roles.bin": 0, "35-MinterRole.bin": 0, "35-ERC20Mintable.bin": 0, "35-ERC20Burnable.bin": 0, "35-Loche.bin": 0, "36-SafeMath.bin": 0, "36-IERC20.bin": 0, "36-PHO.bin": 1, "37-SafeMath.bin": 0, "37-owned.bin": 0, "37-tokenRecipient.bin": 0, "37-ParsecTokenERC20.bin": 0, "37-ParsecPresale.bin": 0, "38-Owned.bin": 0, "38-IERC20.bin": 0, "38-SafeMath.bin": 0, "38-ERC20Detailed.bin": 1, "38-HYDROGEN.bin": 1, "39-SafeMath.bin": 0, "39-ERC20TokenInterface.bin": 1, "39-ERC20Token.bin": 1, "39-AsseteGram.bin": 1, "40-Ownable.bin": 0, "40-Pausable.bin": 0, "40-SafeMath.bin": 0, "40-ERC20Basic.bin": 0, "40-BasicToken.bin": 0, "40-ERC20.bin": 0, "40-StandardToken.bin": 0, "40-PausableToken.bin": 0, "40-BrickblockToken.bin": 0, "41-ECRecovery.bin": 0, "41-SafeMath.bin": 0, "41-Roles.bin": 0, "41-IERC20.bin": 0, "41-ERC20.bin": 0, "41-Ownable.bin": 0, "41-MinterRole.bin": 0, "41-Mintable.bin": 0, "41-Pausable.bin": 0, "41-Burnable.bin": 0, "41-Lockable.bin": 0, "41-DelegatorRole.bin": 0, "41-Delegatable.bin": 0, "41-TrancheToken.bin": 0, "42-SafeMath.bin": 0, "42-OddsAndEvens.bin": 1, "43-Ownable.bin": 0, "43-SafeMath.bin": 0, "43-CommunityVesting.bin": 0, "43-EcosystemVesting.bin": 0, "43-SeedPrivateAdvisorVesting.bin": 0, "43-TeamVesting.bin": 0, "43-TokenInterface.bin": 0, "43-Vesting.bin": 0, "44-SafeMath.bin": 0, "44-OwnerHelper.bin": 0, "44-ERC20Interface.bin": 0, "44-LINIXToken.bin": 0, "45-SafeMath.bin": 0, "45-IERC20.bin": 0, "45-ERC20.bin": 1, "45-ERC20Burnable.bin": 1, "45-ERC20Detailed.bin": 1, "45-AGR.bin": 1, "46-digitalNotary.bin": 1, "47-SafeMath.bin": 0, "47-IERC20.bin": 0, "47-ERC20Detailed.bin": 1, "47-BIGBOMBv2.bin": 1, "48-SafeMath.bin": 0, "48-Roles.bin": 0, "48-CapperRole.bin": 0, "48-PauserRole.bin": 0, "48-Pausable.bin": 0, "48-MinterRole.bin": 0, "48-IERC20.bin": 0, "48-ERC20.bin": 0, "48-ERC20Mintable.bin": 0, "48-ERC20Burnable.bin": 0, "48-ERC20Capped.bin": 0, "48-ERC20Pausable.bin": 0, "48-Ownable.bin": 0, "48-BlueseedsToken.bin": 0, "49-SafeMath.bin": 0, "49-FomoFeast.bin": 1, "50-SafeMath.bin": 0, "50-ItemsInterfaceForEternalStorage.bin": 0, "50-EternalStorage.bin": 0, "51-ERC20.bin": 0, "51-Ownable.bin": 0, "51-SafeMath.bin": 0, "51-FomoFeast.bin": 1, "52-SafeMath.bin": 0, "52-IERC20.bin": 0, "52-PHO.bin": 1, "53-Ownable.bin": 0, "53-Pausable.bin": 0, "53-Destructible.bin": 0, "53-EDCoreInterface.bin": 0, "53-DungeonRunCore.bin": 0, "54-SafeMath.bin": 0, "54-ERC20Basic.bin": 0, "54-ERC20.bin": 0, "54-BasicToken.bin": 0, "54-StandardToken.bin": 0, "54-BBIToken.bin": 0, "55-SafeMath.bin": 0, "55-owned.bin": 1, "55-ERC20Essential.bin": 0, "55-BitpayerDEX.bin": 1, "56-SafeMath.bin": 0, "56-owned.bin": 0, "56-tokenRecipient.bin": 0, "56-ParsecTokenERC20.bin": 0, "56-ParsecCrowdsale.bin": 0, "57-SafeMath.bin": 0, "57-OwnerHelper.bin": 0, "57-ERC20Interface.bin": 0, "57-LINIXToken.bin": 0, "58-Owned.bin": 0, "58-ERC20Interface.bin": 0, "58-ForTheBlockchain.bin": 0, "58-EventMetadata.bin": 1, "58-Operated.bin": 1, "58-MultiHashWrapper.bin": 1, "58-iFactory.bin": 0, "58-ProofHash.bin": 1, "58-Template.bin": 1, "58-Post.bin": 1, "59-IERC20.bin": 0, "59-PHO.bin": 1, "60-Ownable.bin": 0, "60-Pausable.bin": 0, "60-Destructible.bin": 0, "60-EDCoreInterface.bin": 0, "60-DungeonRunBeta.bin": 0, "61-ERC20.bin": 0, "61-IERC20.bin": 0, "61-SafeMath.bin": 0, "61-owned.bin": 1, "61-ethBank.bin": 1, "62-Ownable.bin": 0, "62-ERC20.bin": 0, "62-WithToken.bin": 0, "62-SSPTypeAware.bin": 0, "62-SSPRegistry.bin": 0, "62-PublisherRegistry.bin": 0, "62-DSPTypeAware.bin": 0, "62-DSPRegistry.bin": 0, "62-DepositRegistry.bin": 0, "62-AuditorRegistry.bin": 0, "62-DepositAware.bin": 0, "62-SecurityDepositAware.bin": 0, "62-AuditorRegistrar.bin": 0, "62-DSPRegistrar.bin": 0, "62-PublisherRegistrar.bin": 0, "62-SSPRegistrar.bin": 0, "62-ChannelApi.bin": 0, "62-RegistryProvider.bin": 0, "62-StateChannelListener.bin": 0, "62-PapyrusDAO.bin": 0, "63-SafeMath.bin": 0, "63-ERC20Interface.bin": 1, "63-ApproveAndCallFallBack.bin": 1, "63-Owned.bin": 1, "63-ForTheBlockchain.bin": 1, "64-SafeMath.bin": 0, "64-Ownable.bin": 0, "64-PausableOnce.bin": 0, "64-ERC20Basic.bin": 0, "64-BasicToken.bin": 0, "64-ERC20.bin": 0, "64-StandardToken.bin": 0, "64-InterfaceUpgradeAgent.bin": 0, "64-UpgradableToken.bin": 0, "64-Withdrawable.bin": 0, "64-CtdToken.bin": 0, "65-IERC20.bin": 0, "65-SafeMath.bin": 0, "65-ERC20.bin": 0, "65-GrowToken.bin": 0, "66-Ownable.bin": 0, "66-Roles.bin": 0, "66-PauserRole.bin": 0, "66-Pausable.bin": 0, "66-COORole.bin": 0, "66-ReentrancyGuard.bin": 0, "66-SafeMath.bin": 0, "66-KittyBountiesAdmin.bin": 0, "66-KittyCore.bin": 0, "66-KittyBounties.bin": 0, "67-Ownable.bin": 0, "67-SketchMarket.bin": 0, "68-SafeMath.bin": 0, "68-EthTxOrderDependenceMinimal.bin": 1, "69-Token.bin": 0, "69-SafeMath.bin": 0, "69-StandardToken.bin": 0, "69-GRO.bin": 0, "70-SafeMath.bin": 0, "70-FomoFeast.bin": 1, "71-SafeMath.bin": 0, "71-Ownable.bin": 0, "71-IErc20.bin": 0, "71-Monetary.bin": 0, "71-IPriceOracle.bin": 0, "71-Require.bin": 0, "71-Math.bin": 0, "71-Time.bin": 0, "71-IMakerOracle.bin": 0, "71-IOasisDex.bin": 0, "71-DaiPriceOracle.bin": 0, "72-Owned.bin": 0, "72-IERC20.bin": 0, "72-SafeMath.bin": 0, "72-ERC20Detailed.bin": 1, "72-BIGBOMBv2.bin": 1, "73-MiningRigFarmer.bin": 0, "73-OddsAndEvens.bin": 1, "74-ZOSLibOwnable.bin": 0, "74-SafeMath.bin": 0, "74-FomoFeast.bin": 1, "75-BasicToken.bin": 0, "75-ERC20Basic.bin": 0, "75-owned.bin": 1, "75-tokenRecipient.bin": 1, "75-Token.bin": 1, "75-SafeMath.bin": 0, "75-MindsyncPlatform.bin": 1, "76-SafeMath.bin": 0, "76-ContractReceiver.bin": 0, "76-PetToken.bin": 0, "77-SafeMath.bin": 0, "77-ERC721Interface.bin": 0, "77-ERC20.bin": 0, "77-Ownable.bin": 0, "77-NewAuctionContract.bin": 0, "77-AuctionContract.bin": 0, "78-SafeMath.bin": 0, "78-OddsAndEvens.bin": 1, "79-SafeMath.bin": 0, "79-Ownable.bin": 0, "79-ERC20Basic.bin": 0, "79-ERC20.bin": 0, "79-DetailedERC20.bin": 0, "79-BasicToken.bin": 0, "79-StandardToken.bin": 0, "79-UnlimitedAllowanceToken.bin": 0, "79-BZRxToken.bin": 0, "79-BZRxTransferProxy.bin": 0, "80-SafeMath.bin": 0, "80-FomoFeast.bin": 1, "81-IERC20.bin": 0, "81-ERC20.bin": 0, "81-EventMetadata.bin": 1, "81-Operated.bin": 1, "81-MultiHashWrapper.bin": 1, "81-iFactory.bin": 0, "81-ProofHash.bin": 1, "81-Template.bin": 1, "81-Post.bin": 1, "82-ERC20.bin": 0, "82-IERC20.bin": 0, "82-EventMetadata.bin": 1, "82-Operated.bin": 1, "82-MultiHashWrapper.bin": 1, "82-iFactory.bin": 0, "82-ProofHash.bin": 1, "82-Template.bin": 1, "82-Post.bin": 1, "83-IERC20.bin": 0, "83-PauserRole.bin": 0, "83-Roles.bin": 0, "83-SafeMath.bin": 0, "83-ERC20.bin": 0, "83-MinterRole.bin": 0, "83-ERC20Mintable.bin": 0, "83-ERC20Burnable.bin": 0, "83-Pausable.bin": 0, "83-ERC20Pausable.bin": 0, "83-ERC20Detailed.bin": 0, "83-Ownable.bin": 0, "83-Migrations.bin": 0, "83-ELToken.bin": 0, "84-NokuPricingPlan.bin": 0, "84-Ownable.bin": 0, "84-Pausable.bin": 0, "84-SafeMath.bin": 0, "84-ERC20Basic.bin": 0, "84-ERC20.bin": 0, "84-BurnableERC20.bin": 0, "84-NokuTokenBurner.bin": 0, "84-BasicToken.bin": 0, "84-BurnableToken.bin": 0, "84-DetailedERC20.bin": 0, "84-StandardToken.bin": 0, "84-MintableToken.bin": 0, "84-NokuCustomERC20.bin": 0, "84-NokuCustomERC20Service.bin": 0, "85-IERC20.bin": 0, "85-SafeMath.bin": 0, "85-ERC20.bin": 0, "85-ERC20Detailed.bin": 0, "85-ERC20Burnable.bin": 0, "85-Roles.bin": 0, "85-MinterRole.bin": 0, "85-ERC20Mintable.bin": 0, "85-PauserRole.bin": 0, "85-Pausable.bin": 0, "85-ERC20PartialLock.bin": 0, "85-LXANK.bin": 0, "86-SafeMath.bin": 0, "86-IERC20.bin": 0, "86-ERC20.bin": 1, "86-ERC20Detailed.bin": 1, "86-SimpleSwapCoin.bin": 1, "87-FixedSupplyBurnableToken.bin": 0, "87-ERC20Interface.bin": 0, "87-Owned.bin": 0, "87-EventMetadata.bin": 1, "87-Operated.bin": 1, "87-ProofHashes.bin": 1, "87-MultiHashWrapper.bin": 1, "87-iFactory.bin": 0, "87-Template.bin": 1, "87-Feed.bin": 1, "88-Ownable.bin": 0, "88-LinkedList.bin": 0, "88-ERC20Basic.bin": 0, "88-SafeMath.bin": 0, "88-BasicToken.bin": 0, "88-ERC20.bin": 0, "88-StandardToken.bin": 0, "88-Pausable.bin": 0, "88-PausableToken.bin": 0, "88-BurnableToken.bin": 0, "88-RepublicToken.bin": 0, "88-DarknodeRegistryStore.bin": 0, "89-SafeMath.bin": 0, "89-owned.bin": 1, "89-ethBank.bin": 1, "90-IERC20.bin": 0, "90-ERC20.bin": 0, "90-EventMetadata.bin": 1, "90-Operated.bin": 1, "90-MultiHashWrapper.bin": 1, "90-iFactory.bin": 0, "90-ProofHash.bin": 1, "90-Template.bin": 1, "90-Post.bin": 1, "91-SafeMath.bin": 0, "91-Ownable.bin": 0, "91-Roles.bin": 0, "91-MinterRole.bin": 0, "91-ReentrancyGuard.bin": 0, "91-CertificateControllerMock.bin": 0, "91-CertificateController.bin": 0, "91-IERC777TokensRecipient.bin": 0, "91-IERC777TokensSender.bin": 0, "91-IERC1410.bin": 0, "91-IERC777.bin": 0, "91-IERC1400.bin": 0, "91-ERC820Registry.bin": 0, "91-ERC820Client.bin": 0, "91-ERC777.bin": 0, "91-ERC1410.bin": 0, "91-ERC1400.bin": 0, "92-Ownable.bin": 0, "92-SafeMath.bin": 0, "92-IERC20.bin": 0, "92-ERC20.bin": 1, "92-ERC20Detailed.bin": 1, "92-SimpleSwapCoin.bin": 1, "93-SafeMath.bin": 0, "93-FomoFeast.bin": 1, "94-SafeMath.bin": 0, "94-Ownable.bin": 0, "94-Pausable.bin": 0, "94-ERC20Basic.bin": 0, "94-BasicToken.bin": 0, "94-ERC20.bin": 0, "94-StandardToken.bin": 0, "94-PausableToken.bin": 0, "94-CostumeToken.bin": 0, "94-Crowdsale.bin": 0, "95-EventMetadata.bin": 1, "95-Operated.bin": 1, "95-ProofHashes.bin": 1, "95-MultiHashWrapper.bin": 1, "95-iFactory.bin": 0, "95-Template.bin": 1, "95-Feed.bin": 1, "96-SafeMath.bin": 0, "96-IERC20.bin": 0, "96-PHO.bin": 1, "97-SafeMath.bin": 0, "97-IERC20.bin": 0, "97-ERC20Detailed.bin": 1, "97-HYDROGEN.bin": 1, "98-Ownable.bin": 0, "98-Roles.bin": 0, "98-RBAC.bin": 0, "98-SafeMath.bin": 0, "98-ERC20Basic.bin": 0, "98-ERC20.bin": 0, "98-BasicToken.bin": 0, "98-StandardToken.bin": 0, "98-Pausable.bin": 0, "98-PausableToken.bin": 0, "98-BlackListToken.bin": 0, "98-TwoPhaseToken.bin": 0, "98-UpgradedStandardToken.bin": 0, "98-WithToken.bin": 0, "99-SafeMath.bin": 0, "99-ERC20Interface.bin": 0, "99-admined.bin": 0, "99-ICO.bin": 0, "100-ERC20.bin": 0, "100-IERC20.bin": 0, "100-SafeMath.bin": 0, "100-FomoFeast.bin": 1, "101-SafeMath.bin": 0, "101-ERC20.bin": 1, "102-AbstractToken.bin": 0, "102-ALTYN.bin": 0, "102-SafeMath.bin": 0, "102-Token.bin": 0, "102-CareerOnToken.bin": 1, "103-Ownable.bin": 0, "103-Pausable.bin": 0, "103-Destructible.bin": 0, "103-EDCoreInterface.bin": 0, "103-DungeonRunAlpha.bin": 0, "104-SafeMath.bin": 0, "104-ERC20.bin": 0, "104-ReserveToken.bin": 0, "104-EtherDelta.bin": 0, "105-SafeMath.bin": 0, "105-Roles.bin": 0, "105-PauserRole.bin": 0, "105-Pausable.bin": 0, "105-Ownable.bin": 0, "105-KittyBountiesAdmin.bin": 0, "105-KittyCore.bin": 0, "105-KittyBounties.bin": 0, "106-IConnections.bin": 0, "106-Connections.bin": 0, "107-SafeMath.bin": 0, "107-FomoFeast.bin": 1, "108-SafeMath.bin": 0, "108-ERC20Basic.bin": 0, "108-BasicToken.bin": 0, "108-ERC20.bin": 0, "108-StandardToken.bin": 0, "108-SafeERC20.bin": 0, "108-Owned.bin": 0, "108-TokenVesting.bin": 0, "108-TokenVault.bin": 0, "108-BurnableToken.bin": 0, "108-BKB_Token.bin": 0, "109-SafeMath.bin": 0, "109-Token.bin": 0, "109-AbstractToken.bin": 0, "109-CareerOnToken.bin": 1, "110-SafeMath.bin": 0, "110-Roles.bin": 0, "110-PauserRole.bin": 0, "110-AdministratorRole.bin": 0, "110-Ownable.bin": 0, "110-Pausable.bin": 0, "110-IERC20.bin": 0, "110-ERC20.bin": 0, "110-ERC20Detailed.bin": 0, "110-ETMToken.bin": 0, "111-SafeMath.bin": 0, "111-ERC20Basic.bin": 0, "111-BasicToken.bin": 0, "111-ERC20.bin": 0, "111-StandardToken.bin": 0, "111-SafeERC20.bin": 0, "111-Owned.bin": 0, "111-TokenVesting.bin": 0, "111-TokenVault.bin": 0, "111-BurnableToken.bin": 0, "111-ZTC_Token.bin": 0, "112-RTCoinInterface.bin": 0, "112-ERC20Interface.bin": 0, "112-SafeMath.bin": 0, "112-Stake.bin": 0, "113-SafeMath.bin": 0, "113-Ownable.bin": 0, "113-ERC20Basic.bin": 0, "113-ERC20.bin": 0, "113-DetailedERC20.bin": 0, "113-BasicToken.bin": 0, "113-StandardToken.bin": 0, "113-UnlimitedAllowanceToken.bin": 0, "113-BZRxToken.bin": 0, "113-BZRxTransferProxy.bin": 0, "114-TokenTimelock.bin": 0, "114-SafeMath.bin": 0, "114-IERC20.bin": 0, "114-ERC20.bin": 1, "114-ERC20Detailed.bin": 1, "114-SaveWon.bin": 1, "115-Regatta.bin": 0, "116-SafeMath.bin": 0, "116-Ownable.bin": 0, "116-Helper.bin": 0, "116-LNX.bin": 0, "117-LibBytes.bin": 0, "117-ReentrancyGuard.bin": 0, "117-SafeMath.bin": 0, "117-LibConstants.bin": 0, "117-LibEIP712.bin": 0, "117-LibFillResults.bin": 0, "117-LibMath.bin": 0, "117-LibOrder.bin": 0, "117-LibAbiEncoder.bin": 0, "117-IOwnable.bin": 0, "117-IAuthorizable.bin": 0, "117-IAssetProxy.bin": 0, "117-IValidator.bin": 0, "117-IWallet.bin": 0, "117-IExchangeCore.bin": 0, "117-IAssetProxyDispatcher.bin": 0, "117-IMatchOrders.bin": 0, "117-ISignatureValidator.bin": 0, "117-ITransactions.bin": 0, "117-IWrapperFunctions.bin": 0, "117-IExchange.bin": 0, "117-MExchangeCore.bin": 0, "117-MAssetProxyDispatcher.bin": 0, "117-MMatchOrders.bin": 0, "117-MSignatureValidator.bin": 0, "117-MTransactions.bin": 0, "117-MWrapperFunctions.bin": 0, "117-Ownable.bin": 0, "117-MixinExchangeCore.bin": 0, "117-MixinSignatureValidator.bin": 0, "117-MixinWrapperFunctions.bin": 0, "117-MixinTransactions.bin": 0, "117-MixinAssetProxyDispatcher.bin": 0, "117-MixinMatchOrders.bin": 0, "117-Exchange.bin": 0, "118-SafeMath.bin": 0, "118-OwnerHelper.bin": 0, "118-ERC20Interface.bin": 0, "118-VantaToken.bin": 0, "119-SafeMath.bin": 0, "119-ERC20TokenInterface.bin": 1, "119-ERC20Token.bin": 1, "119-AsseteGram.bin": 1, "120-SafeMath.bin": 0, "120-Ownable.bin": 0, "120-ERC20Basic.bin": 0, "120-ERC20.bin": 0, "120-SafeERC20.bin": 0, "120-Crowdsale.bin": 0, "120-TimedCrowdsale.bin": 0, "120-FinalizableCrowdsale.bin": 0, "120-BasicToken.bin": 0, "120-StandardToken.bin": 0, "120-MintableToken.bin": 0, "120-MintedCrowdsale.bin": 0, "120-Pausable.bin": 0, "120-RealtyReturnsTokenInterface.bin": 0, "120-PausableToken.bin": 0, "120-RealtyReturnsToken.bin": 0, "120-LockTokenAllocation.bin": 0, "120-RealtyReturnsTokenCrowdsale.bin": 0, "121-SafeMath.bin": 0, "121-EventMetadata.bin": 1, "121-Operated.bin": 1, "121-ProofHashes.bin": 1, "121-MultiHashWrapper.bin": 1, "121-iFactory.bin": 0, "121-Template.bin": 1, "121-Feed.bin": 1, "122-SafeMath.bin": 0, "122-IERC20.bin": 0, "122-ERC20.bin": 1, "122-ERC20Detailed.bin": 1, "122-SaveWon.bin": 1, "123-Ownable.bin": 0, "123-Administratable.bin": 0, "123-IERC20.bin": 0, "123-SafeMath.bin": 0, "123-ERC20.bin": 0, "123-ERC20Burnable.bin": 0, "123-Whitelistable.bin": 0, "123-Freezable.bin": 0, "123-TimeLockable.bin": 0, "123-BLUCON.bin": 0, "123-Migrations.bin": 0, "124-SafeMath.bin": 0, "124-ERC20Basic.bin": 0, "124-BasicToken.bin": 0, "124-ERC20.bin": 0, "124-StandardToken.bin": 0, "124-SafeERC20.bin": 0, "124-Owned.bin": 0, "124-TokenVesting.bin": 0, "124-TokenVault.bin": 0, "124-BurnableToken.bin": 0, "124-WKA_Token.bin": 0, "125-SafeMath.bin": 0, "125-IERC20.bin": 0, "125-ERC20.bin": 1, "125-ERC20Burnable.bin": 1, "125-ERC20Detailed.bin": 1, "125-AGR.bin": 1, "126-SafeMath.bin": 0, "126-ERC20Interface.bin": 1, "126-Owned.bin": 1, "126-ExclusivePlatform.bin": 1, "127-SafeMath.bin": 0, "127-Ownable.bin": 0, "127-Finalizable.bin": 0, "127-IToken.bin": 0, "127-TokenReceivable.bin": 0, "127-EventDefinitions.bin": 0, "127-Token.bin": 0, "127-Controller.bin": 0, "127-PreSale.bin": 0, "127-Ledger.bin": 0, "128-ECRecovery.bin": 0, "128-SigningLogic.bin": 0, "128-ERC20Basic.bin": 0, "128-ERC20.bin": 0, "128-SafeMath.bin": 0, "128-SafeERC20.bin": 0, "128-TokenEscrowMarketplace.bin": 0, "128-Initializable.bin": 0, "128-AttestationLogic.bin": 0, "129-SafeMath.bin": 0, "129-CareerOnToken.bin": 1, "130-Pool.bin": 0, "130-SafeMath.bin": 0, "130-RigoToken.bin": 0, "130-DragoRegistry.bin": 0, "130-Inflation.bin": 0, "130-ReentrancyGuard.bin": 0, "130-ProofOfPerformanceFace.bin": 0, "130-ProofOfPerformance.bin": 0, "131-Ownable.bin": 0, "131-OddsAndEvens.bin": 1, "132-SafeMath.bin": 0, "132-IERC20.bin": 0, "132-ERC20.bin": 0, "132-Roles.bin": 0, "132-MinterRole.bin": 0, "132-ERC20Mintable.bin": 0, "132-ERC20Burnable.bin": 0, "132-TuneTradeToken.bin": 0, "132-WhitelistAdminRole.bin": 0, "132-WhitelistedRole.bin": 0, "132-TeamRole.bin": 0, "132-SafeERC20.bin": 0, "132-SwapContract.bin": 0, "133-SafeMath.bin": 0, "133-ItemsInterfaceForEternalStorage.bin": 0, "133-EternalStorage.bin": 0, "134-ECRecovery.bin": 0, "134-Roles.bin": 0, "134-SafeMath.bin": 0, "134-IERC20.bin": 0, "134-ERC20.bin": 0, "134-Ownable.bin": 0, "134-MinterRole.bin": 0, "134-Mintable.bin": 0, "134-Pausable.bin": 0, "134-Burnable.bin": 0, "134-Lockable.bin": 0, "134-DelegatorRole.bin": 0, "134-Delegatable.bin": 0, "134-TrustShoreToken.bin": 0, "135-SafeMath.bin": 0, "135-Ownable.bin": 0, "135-ERC20.bin": 0, "135-StandardToken.bin": 0, "135-EIForceCoin.bin": 0, "136-SafeMath.bin": 0, "136-Roles.bin": 0, "136-RBAC.bin": 0, "136-RBACWithAdmin.bin": 0, "136-Ownable.bin": 0, "136-ERC20Basic.bin": 0, "136-BasicToken.bin": 0, "136-ERC20.bin": 0, "136-DetailedERC20.bin": 0, "136-StandardToken.bin": 0, "136-ERC865.bin": 0, "136-ERC865Token.bin": 0, "136-BeepToken.bin": 0, "137-SafeMath.bin": 0, "137-IERC20.bin": 0, "137-ERC20Detailed.bin": 1, "137-HYDROGEN.bin": 1, "138-IERC165.bin": 0, "138-ERC165.bin": 0, "138-IERC721.bin": 0, "138-IERC721Receiver.bin": 0, "138-SafeMath.bin": 0, "138-Address.bin": 0, "138-FormSI060719.bin": 0, "139-SafeMath.bin": 0, "139-IERC20.bin": 0, "139-PHO.bin": 1, "140-IERC20.bin": 0, "140-ERC20.bin": 0, "140-CareerOnToken.bin": 1, "141-SafeMath.bin": 0, "141-owned.bin": 1, "141-ethBank.bin": 1, "142-SafeMath.bin": 0, "142-Roles.bin": 0, "142-PauserRole.bin": 0, "142-Pausable.bin": 0, "142-Ownable.bin": 0, "142-KittyBountiesAdmin.bin": 0, "142-KittyCore.bin": 0, "142-KittyBounties.bin": 0, "143-SafeMath.bin": 0, "143-OwnerHelper.bin": 0, "143-ERC20Interface.bin": 0, "143-ITAMToken.bin": 0, "144-SafeMath.bin": 0, "144-Ownable.bin": 0, "144-ERC20Basic.bin": 0, "144-ERC20.bin": 0, "144-DetailedERC20.bin": 0, "144-BasicToken.bin": 0, "144-StandardToken.bin": 0, "144-UnlimitedAllowanceToken.bin": 0, "144-BZRxToken.bin": 0, "144-BZRxTransferProxy.bin": 0, "145-Token.bin": 0, "145-StandardToken.bin": 0, "145-HumanStandardToken.bin": 0, "145-StandardBounties.bin": 0, "146-Ownable.bin": 0, "146-Crowdsale.bin": 0, "146-SafeMath.bin": 0, "146-IERC20.bin": 0, "146-ERC20.bin": 1, "146-ERC20Detailed.bin": 1, "146-SimpleSwapCoin.bin": 1, "147-ERC20Interface.bin": 0, "147-MEADCOIN.bin": 0, "147-SafeMath.bin": 0, "147-Owned.bin": 0, "147-EventMetadata.bin": 1, "147-Operated.bin": 1, "147-MultiHashWrapper.bin": 1, "147-iFactory.bin": 0, "147-ProofHash.bin": 1, "147-Template.bin": 1, "147-Post.bin": 1, "148-AbstractToken.bin": 0, "148-Token.bin": 0, "148-SafeMath.bin": 0, "148-OddsAndEvens.bin": 1, "149-IAccounting.bin": 0, "149-IAccountingFactory.bin": 0, "149-IERC20.bin": 0, "149-IDisputer.bin": 0, "149-FeeWindow.bin": 0, "149-Universe.bin": 0, "149-ReportingParticipant.bin": 0, "149-Market.bin": 0, "149-IDisputerFactory.bin": 0, "149-ICrowdsourcerParent.bin": 0, "149-ICrowdsourcer.bin": 0, "149-DisputerParams.bin": 0, "149-Crowdsourcer.bin": 0, "149-CrowdsourcerFactory.bin": 0, "150-BasicToken.bin": 0, "150-Ownable.bin": 0, "150-ERC20.bin": 0, "150-Pausable.bin": 0, "150-REALT.bin": 0, "150-ERC20Basic.bin": 0, "150-StandardToken.bin": 0, "150-SafeMath.bin": 0, "150-ERC20Interface.bin": 1, "150-ApproveAndCallFallBack.bin": 1, "150-Owned.bin": 1, "150-ForTheBlockchain.bin": 1, "151-SafeMath.bin": 0, "151-Ownable.bin": 0, "151-ERC20Basic.bin": 0, "151-ERC20.bin": 0, "151-SafeERC20.bin": 0, "151-Crowdsale.bin": 0, "151-TimedCrowdsale.bin": 0, "151-FinalizableCrowdsale.bin": 0, "151-BasicToken.bin": 0, "151-StandardToken.bin": 0, "151-MintableToken.bin": 0, "151-MintedCrowdsale.bin": 0, "151-Pausable.bin": 0, "151-RealtyReturnsTokenInterface.bin": 0, "151-PausableToken.bin": 0, "151-RealtyReturnsToken.bin": 0, "151-LockTokenAllocation.bin": 0, "151-RealtyReturnsTokenCrowdsale.bin": 0, "152-SafeMath.bin": 0, "152-FomoFeast.bin": 1, "153-SafeMath.bin": 0, "153-ERC20Interface.bin": 1, "153-ApproveAndCallFallBack.bin": 1, "153-Owned.bin": 1, "153-ForTheBlockchain.bin": 1, "154-ProofOfExistence.bin": 0, "154-EthTxOrderDependenceMinimal.bin": 1, "155-Bitwin.bin": 0, "155-ERC20Interface.bin": 0, "155-Owned.bin": 0, "155-IERC20.bin": 0, "155-SafeMath.bin": 0, "155-ERC20Detailed.bin": 1, "155-HYDROGEN.bin": 1, "156-SafeMath.bin": 0, "156-ItemsInterfaceForEternalStorage.bin": 0, "156-EternalStorage.bin": 0, "157-SafeMath.bin": 0, "157-IERC20.bin": 0, "157-ERC20.bin": 1, "157-ERC20Detailed.bin": 1, "157-SaveWon.bin": 1, "158-Ownable.bin": 0, "158-Pausable.bin": 0, "158-Destructible.bin": 0, "158-EDCoreInterface.bin": 0, "158-DungeonRunAlpha.bin": 0, "159-TAMCContract.bin": 1, "160-SafeMath.bin": 0, "160-Roles.bin": 0, "160-PauserRole.bin": 0, "160-Pausable.bin": 0, "160-Ownable.bin": 0, "160-KittyBountiesAdmin.bin": 0, "160-KittyCore.bin": 0, "160-KittyBounties.bin": 0, "161-BasicToken.bin": 0, "161-ERC20Basic.bin": 0, "161-IERC20.bin": 0, "161-SafeMath.bin": 0, "161-ERC20.bin": 1, "161-ERC20Burnable.bin": 1, "161-ERC20Detailed.bin": 1, "161-AGR.bin": 1, "162-SafeMath.bin": 0, "162-IERC20.bin": 0, "162-UBBCToken.bin": 1, "163-SafeMath.bin": 0, "163-database.bin": 0, "163-topl_database_lib.bin": 0, "163-iconiq_presale.bin": 0, "164-Ownable.bin": 0, "164-SafeMath.bin": 0, "164-ERC20Basic.bin": 0, "164-BasicToken.bin": 0, "164-ERC20.bin": 0, "164-StandardToken.bin": 0, "164-BurnableToken.bin": 0, "164-Pausable.bin": 0, "164-GiftToken.bin": 0, "164-Whitelist.bin": 0, "164-GiftCrowdsale.bin": 0, "165-CPTXToken.bin": 0, "165-ERC20.bin": 0, "165-Pausable.bin": 0, "165-Ownable.bin": 0, "165-EthTxOrderDependenceMinimal.bin": 1, "166-SafeMath.bin": 0, "166-ERC20Interface.bin": 1, "166-ApproveAndCallFallBack.bin": 1, "166-Owned.bin": 1, "166-ForTheBlockchain.bin": 1, "167-SafeMath.bin": 0, "167-owned.bin": 1, "167-tokenRecipient.bin": 0, "167-TokenERC20.bin": 1, "167-AZT.bin": 1, "168-SafeMath.bin": 0, "168-Ownable.bin": 0, "168-Pausable.bin": 0, "168-ERC20Basic.bin": 0, "168-BasicToken.bin": 0, "168-ERC20.bin": 0, "168-StandardToken.bin": 0, "168-PausableToken.bin": 0, "168-RefundVault.bin": 0, "168-PallyCoin.bin": 0, "168-Crowdsale.bin": 0, "169-FormSI060719.bin": 0, "169-ERC165.bin": 0, "169-IERC165.bin": 0, "169-IERC721.bin": 0, "169-IERC20.bin": 0, "169-SafeMath.bin": 0, "169-ERC20Detailed.bin": 1, "169-HYDROGEN.bin": 1, "170-SafeMath.bin": 0, "170-database.bin": 0, "170-topl_database_lib.bin": 0, "170-arbits_presale.bin": 0, "171-ERC20Basic.bin": 0, "171-ERC20.bin": 0, "171-SafeMath.bin": 0, "171-SafeERC20.bin": 0, "171-Crowdsale.bin": 0, "171-TimedCrowdsale.bin": 0, "171-CappedCrowdsale.bin": 0, "171-BasicToken.bin": 0, "171-StandardToken.bin": 0, "171-Ownable.bin": 0, "171-MintableToken.bin": 0, "171-MintedCrowdsale.bin": 0, "171-DetailedERC20.bin": 0, "171-Pausable.bin": 0, "171-PausableToken.bin": 0, "171-LoonieToken.bin": 0, "171-LoonieCrowdsale.bin": 0, "172-SafeMath.bin": 0, "172-ERC20Token.bin": 0, "172-UnlockGmi.bin": 0, "173-SafeMath.bin": 0, "173-ERC20Interface.bin": 1, "173-ApproveAndCallFallBack.bin": 1, "173-Owned.bin": 1, "173-ForTheBlockchain.bin": 1, "174-Ownable.bin": 0, "174-BasicToken.bin": 0, "174-ERC20Basic.bin": 0, "174-EthTxOrderDependenceMinimal.bin": 1, "175-Lockable.bin": 0, "175-IERC20.bin": 0, "175-PHO.bin": 1, "176-Crowdsale.bin": 0, "176-SafeMath.bin": 0, "176-Ownable.bin": 0, "176-ERC20Basic.bin": 0, "176-ERC20.bin": 0, "176-SafeERC20.bin": 0, "176-QuinadsCrowdsale.bin": 0, "177-SafeMath.bin": 0, "177-IERC20.bin": 0, "177-ERC20.bin": 1, "177-ERC20Detailed.bin": 1, "177-SimpleSwapCoin.bin": 1, "178-SafeMath.bin": 0, "178-ERC20Interface.bin": 1, "178-ApproveAndCallFallBack.bin": 1, "178-Owned.bin": 1, "178-QurasToken.bin": 1, "179-IERC20.bin": 0, "179-ERC20.bin": 0, "179-SafeMath.bin": 0, "179-owned.bin": 1, "179-tokenRecipient.bin": 0, "179-TokenERC20.bin": 1, "179-AZT.bin": 1, "180-KittyBountiesAdmin.bin": 0, "180-Ownable.bin": 0, "180-Pausable.bin": 0, "180-PauserRole.bin": 0, "180-KittyBounties.bin": 0, "180-EventMetadata.bin": 1, "180-Operated.bin": 1, "180-ProofHashes.bin": 1, "180-MultiHashWrapper.bin": 1, "180-iFactory.bin": 0, "180-Template.bin": 1, "180-Feed.bin": 1, "181-SafeMath.bin": 0, "181-IERC20.bin": 0, "181-ERC20.bin": 1, "181-ERC20Burnable.bin": 1, "181-ERC20Detailed.bin": 1, "181-AGR.bin": 1, "182-SafeMath.bin": 0, "182-ERC721Interface.bin": 0, "182-ERC20.bin": 0, "182-Ownable.bin": 0, "182-NewAuctionContract.bin": 0, "182-ArconaMarketplaceContract.bin": 0, "183-IAccessPolicy.bin": 0, "183-IAccessControlled.bin": 0, "183-StandardRoles.bin": 0, "183-AccessControlled.bin": 0, "183-IMigrationTarget.bin": 0, "183-MigrationTarget.bin": 0, "183-EuroTokenMigrationTarget.bin": 0, "183-IMigrationSource.bin": 0, "183-MigrationSource.bin": 0, "183-AccessRoles.bin": 0, "183-IBasicToken.bin": 0, "183-Reclaimable.bin": 0, "183-ITokenMetadata.bin": 0, "183-TokenMetadata.bin": 0, "183-IERC20Allowance.bin": 0, "183-IERC20Token.bin": 0, "183-IERC677Callback.bin": 0, "183-IERC677Allowance.bin": 0, "183-IERC677Token.bin": 0, "183-Math.bin": 0, "183-BasicToken.bin": 0, "183-StandardToken.bin": 0, "183-EuroToken.bin": 0, "184-IERC20.bin": 0, "184-SafeMath.bin": 0, "184-ERC20Detailed.bin": 1, "184-HYDROGEN.bin": 1, "185-ERC20Interface.bin": 1, "185-IERC20Interface.bin": 1, "185-RaffleToken.bin": 0, "185-SafeMath.bin": 0, "185-RaffleTokenExchange.bin": 1, "186-Moloch.bin": 0, "186-IERC20.bin": 0, "186-Ownable.bin": 0, "186-GuildBank.bin": 0, "186-SafeMath.bin": 0, "187-SafeMath.bin": 0, "187-ERC20.bin": 0, "187-SATCoin.bin": 0, "188-Token.bin": 0, "188-SafeMath.bin": 0, "188-AbstractToken.bin": 0, "188-CareerOnToken.bin": 1, "189-Ownable.bin": 0, "189-Roles.bin": 0, "189-RBAC.bin": 0, "189-SafeMath.bin": 0, "189-ERC20Basic.bin": 0, "189-ERC20.bin": 0, "189-BasicToken.bin": 0, "189-StandardToken.bin": 0, "189-Pausable.bin": 0, "189-PausableToken.bin": 0, "189-BlackListToken.bin": 0, "189-TwoPhaseToken.bin": 0, "189-UpgradedStandardToken.bin": 0, "189-WitToken.bin": 0, "190-SafeMathLib.bin": 0, "190-Ownable.bin": 0, "190-Haltable.bin": 0, "190-PricingStrategy.bin": 0, "190-FinalizeAgent.bin": 0, "190-ERC20.bin": 0, "190-FractionalERC20.bin": 0, "190-Crowdsale.bin": 0, "190-SafeMath.bin": 0, "190-StandardToken.bin": 0, "190-UpgradeAgent.bin": 0, "190-UpgradeableToken.bin": 0, "190-ReleasableToken.bin": 0, "190-MintableToken.bin": 0, "190-CrowdsaleToken.bin": 0, "190-MysteriumPricing.bin": 0, "190-MysteriumTokenDistribution.bin": 0, "191-ERC20.bin": 0, "191-IERC20.bin": 0, "191-EventMetadata.bin": 1, "191-Operated.bin": 1, "191-ProofHashes.bin": 1, "191-MultiHashWrapper.bin": 1, "191-iFactory.bin": 0, "191-Template.bin": 1, "191-Feed.bin": 1, "192-ERC20.bin": 0, "192-IERC20.bin": 0, "192-owned.bin": 1, "192-tokenRecipient.bin": 1, "192-Token.bin": 1, "192-SafeMath.bin": 0, "192-MindsyncPlatform.bin": 1, "193-SafeMath.bin": 0, "193-ItemsInterfaceForEternalStorage.bin": 0, "193-EternalStorage.bin": 0, "194-Ownable.bin": 0, "194-Pausable.bin": 0, "194-SafeMath.bin": 0, "194-ERC20Basic.bin": 0, "194-BasicToken.bin": 0, "194-ERC20.bin": 0, "194-StandardToken.bin": 0, "194-MintableToken.bin": 0, "194-StarCoin.bin": 0, "194-InvestorWhiteList.bin": 0, "194-StarCoinPreSale.bin": 0, "195-Token.bin": 1, "195-SafeMath.bin": 0, "195-StableDEX.bin": 1, "196-Ownable.bin": 0, "196-KittyBountiesAdmin.bin": 0, "196-PauserRole.bin": 0, "196-Pausable.bin": 0, "196-EventMetadata.bin": 1, "196-Operated.bin": 1, "196-ProofHashes.bin": 1, "196-MultiHashWrapper.bin": 1, "196-iFactory.bin": 0, "196-Template.bin": 1, "196-Feed.bin": 1, "197-SafeMath.bin": 0, "197-IERC20.bin": 0, "197-ERC20.bin": 1, "197-ERC20Detailed.bin": 1, "197-SimpleSwapCoin.bin": 1, "198-Prize.bin": 0, "198-IERC20.bin": 0, "198-SafeMath.bin": 0, "198-Ownable.bin": 1, "198-ERC20Detailed.bin": 1, "198-DanPanCoin.bin": 1, "199-Pausable.bin": 0, "199-Ownable.bin": 0, "199-IERC20.bin": 0, "199-PHO.bin": 1, "200-SafeMath_Connor.bin": 0, "200-SafeMath.bin": 0, "200-ERC20Interface.bin": 1, "200-ApproveAndCallFallBack.bin": 1, "200-Owned.bin": 1, "200-ForTheBlockchain.bin": 1, "201-IERC20.bin": 0, "201-ERC20Detailed.bin": 0, "201-SafeMath.bin": 0, "201-ERC20.bin": 0, "201-ERC20Burnable.bin": 0, "201-Ownable.bin": 0, "201-Roles.bin": 0, "201-PauserRole.bin": 0, "201-Pausable.bin": 0, "201-MinterRole.bin": 0, "201-WhitelistAdminRole.bin": 0, "201-WhitelistedRole.bin": 0, "201-InvictusWhitelist.bin": 0, "201-C10Token.bin": 0, "202-Ownable.bin": 0, "202-SafeMath.bin": 0, "202-ERC20Basic.bin": 0, "202-ERC20.bin": 0, "202-BasicToken.bin": 0, "202-StandardToken.bin": 0, "202-TeuToken.bin": 0, "202-Pausable.bin": 0, "202-TeuBookingDeposit.bin": 0, "203-Ownable.bin": 0, "203-Pausable.bin": 0, "203-Destructible.bin": 0, "203-EDCoreInterface.bin": 0, "203-DungeonRunCore.bin": 0, "204-SafeMath.bin": 0, "204-RequestUid.bin": 0, "204-AdminUpgradeable.bin": 0, "204-BICALogicUpgradeable.bin": 0, "204-BICALogic.bin": 0, "204-BICALedger.bin": 0, "204-ERC20Interface.bin": 0, "204-BICAProxy.bin": 0, "205-Owned.bin": 1, "205-SafeMath.bin": 0, "205-ERC20Interface.bin": 1, "205-ApproveAndCallFallBack.bin": 1, "205-ForTheBlockchain.bin": 1, "206-IERC165.bin": 0, "206-IERC721.bin": 0, "206-IERC721Receiver.bin": 0, "206-SafeMath.bin": 0, "206-Address.bin": 0, "206-ERC165.bin": 0, "206-ERC721.bin": 0, "206-IERC721Metadata.bin": 0, "206-ERC721Metadata.bin": 0, "206-Roles.bin": 0, "206-MinterRole.bin": 0, "206-ERC721MetadataMintable.bin": 0, "206-Ownable.bin": 0, "206-RadxCollectible.bin": 0, "207-NokuPricingPlan.bin": 0, "207-Ownable.bin": 0, "207-Pausable.bin": 0, "207-SafeMath.bin": 0, "207-ERC20Basic.bin": 0, "207-ERC20.bin": 0, "207-BurnableERC20.bin": 0, "207-NokuTokenBurner.bin": 0, "207-BasicToken.bin": 0, "207-BurnableToken.bin": 0, "207-DetailedERC20.bin": 0, "207-StandardToken.bin": 0, "207-MintableToken.bin": 0, "207-NokuCustomERC20.bin": 0, "208-SafeMath.bin": 0, "208-ExtendedMath.bin": 0, "208-ERC20Interface.bin": 1, "208-ApproveAndCallFallBack.bin": 1, "208-Owned.bin": 1, "208-_Yesbuzz.bin": 1, "209-SafeMath.bin": 0, "209-ERC20Basic.bin": 0, "209-ERC20.bin": 0, "209-Escrow.bin": 0, "210-IERC20.bin": 0, "210-SafeMath.bin": 0, "210-ERC20.bin": 1, "210-ERC20Burnable.bin": 1, "210-ERC20Detailed.bin": 1, "210-AGR.bin": 1, "211-SafeMath.bin": 0, "211-ERC20.bin": 0, "211-ReserveToken.bin": 0, "211-EtherDelta.bin": 0, "212-SafeMath.bin": 0, "212-IERC20.bin": 0, "212-ERC20Detailed.bin": 1, "212-HYDROGEN.bin": 1, "213-Pausable.bin": 0, "213-PauserRole.bin": 0, "213-EthTxOrderDependenceMinimal.bin": 1, "214-SafeMath.bin": 0, "214-IERC20.bin": 0, "214-ERC20Detailed.bin": 1, "214-BIGBOMBv2.bin": 1, "215-Ownable.bin": 1, "215-Stoppable.bin": 1, "215-RampInstantPoolInterface.bin": 0, "215-RampInstantEscrowsPoolInterface.bin": 1, "215-RampInstantPool.bin": 1, "215-RampInstantEthPool.bin": 1, "216-Ownable.bin": 0, "216-Claimable.bin": 0, "216-ERC20Basic.bin": 0, "216-ERC20.bin": 0, "216-SafeERC20.bin": 0, "216-CanReclaimToken.bin": 0, "216-OwnableContract.bin": 0, "216-OwnableContractOwner.bin": 0, "216-ControllerInterface.bin": 0, "216-SafeMath.bin": 0, "216-BasicToken.bin": 0, "216-StandardToken.bin": 0, "216-DetailedERC20.bin": 0, "216-MintableToken.bin": 0, "216-BurnableToken.bin": 0, "216-Pausable.bin": 0, "216-PausableToken.bin": 0, "216-WBTC.bin": 0, "216-MembersInterface.bin": 0, "216-Controller.bin": 0, "217-SafeMathLib.bin": 0, "217-Ownable.bin": 0, "217-Haltable.bin": 0, "217-PricingStrategy.bin": 0, "217-FinalizeAgent.bin": 0, "217-ERC20.bin": 0, "217-FractionalERC20.bin": 0, "217-Crowdsale.bin": 0, "217-MysteriumPricing.bin": 0, "217-SafeMath.bin": 0, "217-StandardToken.bin": 0, "217-MintableToken.bin": 0, "217-MysteriumCrowdsale.bin": 0, "218-SafeMath.bin": 0, "218-ERC20Basic.bin": 0, "218-BasicToken.bin": 0, "218-ERC20.bin": 0, "218-StandardToken.bin": 0, "218-SafeERC20.bin": 0, "218-Owned.bin": 0, "218-TokenVesting.bin": 0, "218-TokenVault.bin": 0, "218-BurnableToken.bin": 0, "218-LCGC_Token.bin": 0, "219-CareerOnToken.bin": 1, "220-StandardERC20Factory.bin": 0, "220-SafeMath.bin": 0, "220-Roles.bin": 0, "220-MinterRole.bin": 0, "220-PauserRole.bin": 0, "220-Pausable.bin": 0, "220-IERC20.bin": 0, "220-ERC20.bin": 0, "220-ERC20Burnable.bin": 0, "220-ERC20Pausable.bin": 0, "220-StandardERC20.bin": 0, "221-Token.bin": 0, "221-SafeMath.bin": 0, "221-StandardToken.bin": 0, "221-GRO.bin": 0, "222-DSAuthority.bin": 0, "222-DSAuthEvents.bin": 0, "222-DSAuth.bin": 0, "222-AssetPriceOracle.bin": 0, "222-SafeMath.bin": 0, "222-ContractForDifference.bin": 0, "223-CLPT.bin": 0, "223-AbstractToken.bin": 0, "223-Token.bin": 0, "223-SafeMath.bin": 0, "223-EventMetadata.bin": 1, "223-Operated.bin": 1, "223-ProofHashes.bin": 1, "223-MultiHashWrapper.bin": 1, "223-iFactory.bin": 0, "223-Template.bin": 1, "223-Feed.bin": 1, "224-SafeMath.bin": 0, "224-IERC20.bin": 0, "224-ERC20Detailed.bin": 1, "224-BIGBOMBv2.bin": 1, "225-owned.bin": 1, "225-tokenRecipient.bin": 1, "225-Token.bin": 1, "225-SafeMath.bin": 0, "225-MindsyncPlatform.bin": 1, "226-SafeMath.bin": 0, "226-IERC20.bin": 0, "226-ERC20Detailed.bin": 0, "226-ERC20.bin": 0, "226-Roles.bin": 0, "226-PauserRole.bin": 0, "226-Pausable.bin": 0, "226-ERC20Pausable.bin": 0, "226-MinterRole.bin": 0, "226-ERC20Mintable.bin": 0, "226-Ownable.bin": 0, "226-IWhitelist.bin": 0, "226-ERC20Whitelistable.bin": 0, "226-BurnerRole.bin": 0, "226-ERC20Burnable.bin": 0, "226-CanReclaimEther.bin": 0, "226-SafeERC20.bin": 0, "226-CanReclaimToken.bin": 0, "226-LeveragedToken.bin": 0, "227-SafeMath.bin": 0, "227-IERC20.bin": 0, "227-ERC20.bin": 1, "227-ERC20Detailed.bin": 1, "227-SaveWon.bin": 1, "228-SafeMath.bin": 0, "228-EventMetadata.bin": 1, "228-Operated.bin": 1, "228-MultiHashWrapper.bin": 1, "228-iFactory.bin": 0, "228-ProofHash.bin": 1, "228-Template.bin": 1, "228-Post.bin": 1, "229-SafeMath.bin": 0, "229-Ownable.bin": 0, "229-Helper.bin": 0, "229-LNXtest.bin": 0, "230-Ownable.bin": 1, "230-ChannelWallet.bin": 1, "231-SafeMath.bin": 0, "231-ERC20Basic.bin": 0, "231-ERC20.bin": 0, "231-BasicToken.bin": 0, "231-StandardToken.bin": 0, "231-Role.bin": 0, "231-Pausable.bin": 0, "231-SamToken.bin": 0, "232-SafeMath.bin": 0, "232-IERC20.bin": 0, "232-SafeERC20.bin": 0, "232-Ownable.bin": 0, "232-ERC20Detailed.bin": 0, "232-ERC20.bin": 0, "232-Roles.bin": 0, "232-PauserRole.bin": 0, "232-Pausable.bin": 0, "232-ERC20Pausable.bin": 0, "232-ERC20Burnable.bin": 0, "232-MinterRole.bin": 0, "232-ERC20Mintable.bin": 0, "232-ERC20Capped.bin": 0, "232-SgmToken.bin": 0, "232-OperationsVesting.bin": 0, "233-SafeMath.bin": 0, "233-IERC20.bin": 0, "233-Ownable.bin": 1, "233-ERC20Detailed.bin": 1, "233-DanPanCoin.bin": 1, "234-BasicToken.bin": 0, "234-StandardToken.bin": 0, "234-ERC20.bin": 0, "234-ERC20Basic.bin": 0, "234-SafeMath.bin": 0, "234-owned.bin": 1, "234-ethBank.bin": 1, "235-SafeMath.bin": 0, "235-ERC20Interface.bin": 1, "235-ApproveAndCallFallBack.bin": 1, "235-Owned.bin": 1, "235-ForTheBlockchain.bin": 1, "236-Divs4D.bin": 0, "236-OddsAndEvens.bin": 1, "237-SafeMathLib.bin": 0, "237-Ownable.bin": 0, "237-Haltable.bin": 0, "237-PricingStrategy.bin": 0, "237-FinalizeAgent.bin": 0, "237-ERC20.bin": 0, "237-FractionalERC20.bin": 0, "237-Crowdsale.bin": 0, "237-SafeMath.bin": 0, "237-StandardToken.bin": 0, "237-UpgradeAgent.bin": 0, "237-UpgradeableToken.bin": 0, "237-ReleasableToken.bin": 0, "237-MintableToken.bin": 0, "237-CrowdsaleToken.bin": 0, "237-MysteriumPricing.bin": 0, "237-MysteriumTokenDistribution.bin": 0, "238-SafeMath.bin": 0, "238-ERC20Basic.bin": 0, "238-BasicToken.bin": 0, "238-ERC20.bin": 0, "238-StandardToken.bin": 0, "238-SafeERC20.bin": 0, "238-Owned.bin": 0, "238-TokenVesting.bin": 0, "238-TokenVault.bin": 0, "238-BurnableToken.bin": 0, "238-NIC_Token.bin": 0, "239-BLAccess.bin": 0, "239-DataStorageInterface.bin": 0, "239-BLStorage.bin": 0, "239-BLBalances.bin": 0, "239-BLBlocks.bin": 0, "239-BLMain.bin": 0, "240-IERC20.bin": 0, "240-SafeMath.bin": 0, "240-ERC20.bin": 0, "240-ERC20Detailed.bin": 0, "240-Ownable.bin": 0, "240-Pausable.bin": 0, "240-ERC20Pausable.bin": 0, "240-WalletPausable.bin": 0, "240-ERC20WalletPausable.bin": 0, "240-TransferAndPause.bin": 0, "240-Ortp.bin": 0, "241-SafeMath.bin": 0, "241-IERC20.bin": 0, "241-ERC20Detailed.bin": 1, "241-BIGBOMBv2.bin": 1, "242-SafeMath.bin": 0, "242-IERC20.bin": 0, "242-Ownable.bin": 1, "242-ERC20Detailed.bin": 1, "242-DanPanCoin.bin": 1, "243-SafeMath.bin": 0, "243-IERC20.bin": 0, "243-Ownable.bin": 1, "243-ERC20Detailed.bin": 1, "243-DanPanCoin.bin": 1, "244-IERC20.bin": 0, "244-SafeMath.bin": 0, "244-ERC20.bin": 0, "244-ERC20Detailed.bin": 0, "244-Roles.bin": 0, "244-MinterRole.bin": 0, "244-ERC20Mintable.bin": 0, "244-ERC20Burnable.bin": 0, "244-PauserRole.bin": 0, "244-Pausable.bin": 0, "244-ERC20Pausable.bin": 0, "244-INRD.bin": 0, "245-SafeMath.bin": 0, "245-ERC20Basic.bin": 0, "245-BasicToken.bin": 0, "245-ERC20.bin": 0, "245-StandardToken.bin": 0, "245-Ownable.bin": 0, "245-MintableToken.bin": 0, "245-RocketToken.bin": 0, "245-Crowdsale.bin": 0, "245-RocketTokenCrowdsale.bin": 0, "246-Ownable.bin": 1, "246-AccountWallet.bin": 1, "247-ECRecovery.bin": 0, "247-SigningLogic.bin": 0, "247-Initializable.bin": 0, "247-AccountRegistryLogic.bin": 0, "248-SafeMath.bin": 0, "248-Ownable.bin": 1, "248-ChannelWallet.bin": 1, "249-SafeMath.bin": 0, "249-ERC20Basic.bin": 0, "249-BasicToken.bin": 0, "249-ERC20.bin": 0, "249-StandardToken.bin": 0, "249-SafeERC20.bin": 0, "249-Owned.bin": 0, "249-TokenVesting.bin": 0, "249-TokenVault.bin": 0, "249-BurnableToken.bin": 0, "249-LCP_Token.bin": 0, "250-IERC20.bin": 0, "250-Marmo.bin": 0, "250-ECDSA.bin": 0, "250-Ownable.bin": 1, "250-ReentrancyGuard.bin": 1, "250-FeeTransactionManager.bin": 1, "251-SafeMath.bin": 0, "251-Ownable.bin": 0, "251-PausableOnce.bin": 0, "251-ERC20Basic.bin": 0, "251-BasicToken.bin": 0, "251-ERC20.bin": 0, "251-StandardToken.bin": 0, "251-InterfaceUpgradeAgent.bin": 0, "251-UpgradableToken.bin": 0, "251-Withdrawable.bin": 0, "251-SaviorToken.bin": 0, "252-SafeMath.bin": 0, "252-Ownable.bin": 0, "252-Pausable.bin": 0, "252-ERC20.bin": 0, "252-StandardToken.bin": 0, "252-PausableERC20Token.bin": 0, "252-BurnablePausableERC20Token.bin": 0, "252-FreezableBurnablePausableERC20Token.bin": 0, "252-WDT.bin": 0, "253-IAccounting.bin": 0, "253-IAccountingFactory.bin": 0, "253-IERC20.bin": 0, "253-IDisputer.bin": 0, "253-ICrowdsourcerParent.bin": 0, "253-FeeWindow.bin": 0, "253-Universe.bin": 0, "253-ReportingParticipant.bin": 0, "253-Market.bin": 0, "253-ICrowdsourcer.bin": 0, "253-IDisputerFactory.bin": 0, "253-DisputerParams.bin": 0, "253-Crowdsourcer.bin": 0, "254-IERC20.bin": 0, "254-SafeMath.bin": 0, "254-Ownable.bin": 1, "254-ERC20Detailed.bin": 1, "254-DanPanCoin.bin": 1, "255-ERC20.bin": 0, "255-SafeMath.bin": 0, "255-StandardToken.bin": 0, "255-BurnableToken.bin": 0, "255-SafeERC20.bin": 0, "255-Crowdsale.bin": 0, "255-Ownable.bin": 0, "255-EvedoToken.bin": 0, "255-EvedoCrowdSale.bin": 0, "255-EvedoExclusiveSale.bin": 0, "256-BLAccess.bin": 0, "256-DataStorageInterface.bin": 0, "256-BLStorage.bin": 0, "256-BLBalances.bin": 0, "256-BLBlocks.bin": 0, "256-BLMain.bin": 0, "257-SafeMath.bin": 0, "257-IERC20.bin": 0, "257-ERC20Detailed.bin": 1, "257-BIGBOMBv2.bin": 1, "258-Roles.bin": 0, "258-RBAC.bin": 0, "258-SafeMath.bin": 0, "258-ERC20Basic.bin": 0, "258-BasicToken.bin": 0, "258-BurnableToken.bin": 0, "258-ERC20.bin": 0, "258-StandardToken.bin": 0, "258-DUBI.bin": 0, "258-Purpose.bin": 0, "258-Ownable.bin": 0, "258-SafeERC20.bin": 0, "258-Hodler.bin": 0, "258-HodlFor.bin": 0, "259-OddsAndEvens.bin": 1, "260-Ownable.bin": 0, "260-SafeMath.bin": 0, "260-IERC20.bin": 0, "260-SafeERC20.bin": 0, "260-MaticTokenVesting.bin": 0, "261-IERC20.bin": 0, "261-SafeMath.bin": 0, "261-ReverseRegistrar.bin": 0, "261-Etherclear.bin": 0, "262-Token.bin": 0, "262-FLX.bin": 0, "262-SafeMath.bin": 0, "262-AbstractToken.bin": 0, "262-EventMetadata.bin": 1, "262-Operated.bin": 1, "262-ProofHashes.bin": 1, "262-MultiHashWrapper.bin": 1, "262-iFactory.bin": 0, "262-Template.bin": 1, "262-Feed.bin": 1, "263-Roles.bin": 0, "263-RBAC.bin": 0, "263-SafeMath.bin": 0, "263-ERC20Basic.bin": 0, "263-BasicToken.bin": 0, "263-BurnableToken.bin": 0, "263-ERC20.bin": 0, "263-StandardToken.bin": 0, "263-DUBI.bin": 0, "263-Purpose.bin": 0, "263-Ownable.bin": 0, "263-SafeERC20.bin": 0, "263-Hodler.bin": 0, "264-IERC20.bin": 0, "264-ERC20.bin": 0, "264-OddsAndEvens.bin": 1, "265-SafeMath.bin": 0, "265-IERC20.bin": 0, "265-PHO.bin": 1, "266-CareerOnToken.bin": 1, "267-IERC20.bin": 0, "267-SafeMath.bin": 0, "267-ERC20.bin": 0, "267-ERC20Detailed.bin": 0, "267-Ownable.bin": 0, "267-Remote.bin": 0, "267-ProofOfTrident.bin": 0, "267-ERC20Burnable.bin": 0, "267-Vault.bin": 0, "268-SafeMath.bin": 0, "268-IERC20.bin": 0, "268-ERC20Detailed.bin": 1, "268-HYDROGEN.bin": 1, "269-IERC20.bin": 0, "269-ERC20.bin": 0, "269-CareerOnToken.bin": 1, "270-SafeMath.bin": 0, "270-ERC20Basic.bin": 0, "270-BasicToken.bin": 0, "270-ERC20.bin": 0, "270-StandardToken.bin": 0, "270-SafeERC20.bin": 0, "270-Owned.bin": 0, "270-TokenVesting.bin": 0, "270-TokenVault.bin": 0, "270-BurnableToken.bin": 0, "270-BAG_Token.bin": 0, "271-ERC20Basic.bin": 0, "271-BasicToken.bin": 0, "271-EthTxOrderDependenceMinimal.bin": 1, "272-IAccessPolicy.bin": 0, "272-IAccessControlled.bin": 0, "272-StandardRoles.bin": 0, "272-AccessControlled.bin": 0, "272-IsContract.bin": 0, "272-AccessRoles.bin": 0, "272-IBasicToken.bin": 0, "272-Reclaimable.bin": 0, "272-ITokenMetadata.bin": 0, "272-TokenMetadata.bin": 0, "272-IERC223Callback.bin": 0, "272-IERC223Token.bin": 0, "272-IERC20Allowance.bin": 0, "272-IERC20Token.bin": 0, "272-IERC677Callback.bin": 0, "272-IERC677Allowance.bin": 0, "272-IERC677Token.bin": 0, "272-Math.bin": 0, "272-BasicToken.bin": 0, "272-StandardToken.bin": 0, "272-EtherToken.bin": 0, "273-SafeMath.bin": 0, "273-Roles.bin": 0, "273-PauserRole.bin": 0, "273-Pausable.bin": 0, "273-Ownable.bin": 0, "273-KittyBountiesAdmin.bin": 0, "273-KittyCore.bin": 0, "273-KittyBounties.bin": 0, "274-SafeMath.bin": 0, "274-IERC20.bin": 0, "274-ERC20Detailed.bin": 1, "274-HYDROGEN.bin": 1, "275-SafeMath.bin": 0, "275-IERC20.bin": 0, "275-ERC20.bin": 1, "275-ERC20Detailed.bin": 1, "275-SimpleSwapCoin.bin": 1, "276-Owned.bin": 0, "276-FixedSupplyToken.bin": 0, "276-ERC20Interface.bin": 0, "276-IERC20.bin": 0, "276-SafeMath.bin": 0, "276-Ownable.bin": 1, "276-ERC20Detailed.bin": 1, "276-DanPanCoin.bin": 1, "277-SafeMath.bin": 0, "277-ERC20Basic.bin": 0, "277-ERC20.bin": 0, "277-Escrow.bin": 0, "278-SafeMath.bin": 0, "278-owned.bin": 1, "278-ethBank.bin": 1, "279-WhiteBetting.bin": 1, "280-ERC20.bin": 0, "280-StandardToken.bin": 0, "280-EthTxOrderDependenceMinimal.bin": 1, "281-SafeMath.bin": 0, "281-Ownable.bin": 0, "281-SKYFToken.bin": 0, "282-SafeMath.bin": 0, "282-Token.bin": 0, "282-AbstractToken.bin": 0, "282-ETM.bin": 0, "282-CareerOnToken.bin": 1, "283-TAMC.bin": 1, "284-SafeMath.bin": 0, "284-Ownable.bin": 0, "284-PausableOnce.bin": 0, "284-ERC20Basic.bin": 0, "284-BasicToken.bin": 0, "284-ERC20.bin": 0, "284-StandardToken.bin": 0, "284-InterfaceUpgradeAgent.bin": 0, "284-UpgradableToken.bin": 0, "284-Withdrawable.bin": 0, "284-CtdToken.bin": 0, "285-ComptrollerInterface.bin": 0, "285-ComptrollerErrorReporter.bin": 0, "285-TokenErrorReporter.bin": 0, "285-CarefulMath.bin": 0, "285-Exponential.bin": 0, "285-EIP20Interface.bin": 0, "285-EIP20NonStandardInterface.bin": 0, "285-ReentrancyGuard.bin": 0, "285-InterestRateModel.bin": 0, "285-CToken.bin": 0, "285-CErc20.bin": 0, "286-ERC20.bin": 0, "286-SafeMath.bin": 0, "286-Ownable.bin": 0, "286-StandardToken.bin": 0, "286-TravelHelperToken.bin": 0, "287-Ownable.bin": 0, "287-SafeMath.bin": 0, "287-CommunityVesting.bin": 0, "287-EcosystemVesting.bin": 0, "287-SeedPrivateAdvisorVesting.bin": 0, "287-TeamVesting.bin": 0, "287-TokenInterface.bin": 0, "287-Vesting.bin": 0, "288-SafeMath.bin": 0, "288-ERC20Basic.bin": 0, "288-BasicToken.bin": 0, "288-ERC20.bin": 0, "288-StandardToken.bin": 0, "288-SafeERC20.bin": 0, "288-Owned.bin": 0, "288-TokenVesting.bin": 0, "288-TokenVault.bin": 0, "288-BurnableToken.bin": 0, "288-CWI_Token.bin": 0, "289-IERC20.bin": 0, "289-SafeMath.bin": 0, "289-ERC20.bin": 0, "289-Roles.bin": 0, "289-MinterRole.bin": 0, "289-ERC20Mintable.bin": 0, "289-PauserRole.bin": 0, "289-Pausable.bin": 0, "289-ReentrancyGuard.bin": 0, "289-Ownable.bin": 0, "289-Administrable.bin": 0, "289-WhiteList.bin": 0, "289-C50.bin": 0, "290-SafeMath.bin": 0, "290-IERC20.bin": 0, "290-ERC20Detailed.bin": 1, "290-HYDROGEN.bin": 1, "291-IERC20.bin": 0, "291-ERC20Detailed.bin": 0, "291-SafeMath.bin": 0, "291-ERC20.bin": 0, "291-Roles.bin": 0, "291-MinterRole.bin": 0, "291-ERC20Mintable.bin": 0, "291-Ownable.bin": 0, "291-ComplianceService.bin": 0, "291-DividendService.bin": 0, "291-ServiceRegistry.bin": 0, "291-BlueshareToken.bin": 0, "292-IERC20.bin": 0, "292-SafeMath.bin": 0, "292-ERC20.bin": 0, "292-MintableToken.bin": 0, "292-Roles.bin": 0, "292-PauserRole.bin": 0, "292-Pausable.bin": 0, "292-Ownable.bin": 0, "292-FLINT.bin": 0, "293-SafeMath.bin": 0, "293-Ownable.bin": 0, "293-IERC20.bin": 0, "293-ERC20.bin": 0, "293-ERC20Detailed.bin": 0, "293-SafeERC20.bin": 0, "293-MoneyMarketInterface.bin": 0, "293-LoanEscrow.bin": 0, "293-DividendDistributingToken.bin": 0, "293-LandRegistryInterface.bin": 0, "293-LandRegistryProxyInterface.bin": 0, "293-WhitelistInterface.bin": 0, "293-WhitelistProxyInterface.bin": 0, "293-TokenizedProperty.bin": 0, "294-BasicToken.bin": 0, "294-ERC20Basic.bin": 0, "294-EthTxOrderDependenceMinimal.bin": 1, "295-FixedSupplyToken.bin": 0, "295-ERC20Interface.bin": 0, "295-Owned.bin": 0, "295-IERC20.bin": 0, "295-SafeMath.bin": 0, "295-ERC20Detailed.bin": 1, "295-BIGBOMBv2.bin": 1, "296-SafeMath.bin": 0, "296-EventMetadata.bin": 1, "296-Operated.bin": 1, "296-ProofHashes.bin": 1, "296-MultiHashWrapper.bin": 1, "296-iFactory.bin": 0, "296-Template.bin": 1, "296-Feed.bin": 1, "297-SafeMath.bin": 0, "297-Ownable.bin": 0, "297-IERC20.bin": 0, "297-ERC20.bin": 0, "297-ERC20Detailed.bin": 0, "297-ERC20Burnable.bin": 0, "297-Roles.bin": 0, "297-MinterRole.bin": 0, "297-ERC20Mintable.bin": 0, "297-PauserRole.bin": 0, "297-Pausable.bin": 0, "297-ERC20Pausable.bin": 0, "297-AMICUS.bin": 0, "298-SafeMath.bin": 0, "298-ERC20Basic.bin": 0, "298-BasicToken.bin": 0, "298-ERC20.bin": 0, "298-StandardToken.bin": 0, "298-SafeERC20.bin": 0, "298-Owned.bin": 0, "298-TokenVesting.bin": 0, "298-TokenVault.bin": 0, "298-BurnableToken.bin": 0, "298-CES_Token.bin": 0, "299-Burnable.bin": 0, "299-Mintable.bin": 0, "299-ERC20Basic.bin": 0, "299-ERC20.bin": 0, "299-SafeERC20.bin": 0, "299-TokenTimelock.bin": 0, "299-SafeMath.bin": 0, "299-Ownable.bin": 0, "299-TokenVesting.bin": 0, "299-Pausable.bin": 0, "299-BasicToken.bin": 0, "299-StandardToken.bin": 0, "299-PausableToken.bin": 0, "299-AdaptableToken.bin": 0, "299-NokuMasterToken.bin": 0, "300-SafeMath.bin": 0, "300-Ownable.bin": 0, "300-ERC20Basic.bin": 0, "300-ERC20.bin": 0, "300-BasicToken.bin": 0, "300-StandardToken.bin": 0, "300-MintableToken.bin": 0, "300-OPUCoin.bin": 0, "300-ColdStorage.bin": 0, "300-Vesting.bin": 0, "300-Allocation.bin": 0, "301-SafeMath.bin": 0, "301-IERC20.bin": 0, "301-ERC20.bin": 0, "301-Roles.bin": 0, "301-MinterRole.bin": 0, "301-ERC20Mintable.bin": 0, "301-ERC20Burnable.bin": 0, "301-TuneTradeToken.bin": 0, "301-WhitelistAdminRole.bin": 0, "301-WhitelistedRole.bin": 0, "301-TeamRole.bin": 0, "301-SafeERC20.bin": 0, "301-SwapContract.bin": 0, "302-AbstractToken.bin": 0, "302-SafeMath.bin": 0, "302-MCCIT.bin": 0, "302-Token.bin": 0, "302-EventMetadata.bin": 1, "302-Operated.bin": 1, "302-MultiHashWrapper.bin": 1, "302-iFactory.bin": 0, "302-ProofHash.bin": 1, "302-Template.bin": 1, "302-Post.bin": 1, "303-Roles.bin": 0, "303-IERC20.bin": 0, "303-PauserRole.bin": 0, "303-SafeMath.bin": 0, "303-TaxLib.bin": 0, "303-ERC20.bin": 0, "303-Pausable.bin": 0, "303-ERC20Pausable.bin": 0, "303-ERC20Detailed.bin": 0, "303-ERC20Burnable.bin": 0, "303-Ownable.bin": 0, "303-Taxable.bin": 0, "303-BCHHandled.bin": 0, "303-WibxToken.bin": 0, "304-IERC20.bin": 0, "304-ERC20.bin": 0, "304-SafeMath.bin": 0, "304-ERC20Interface.bin": 1, "304-ApproveAndCallFallBack.bin": 1, "304-Owned.bin": 1, "304-ForTheBlockchain.bin": 1, "305-SafeMath.bin": 0, "305-IERC20.bin": 0, "305-Ownable.bin": 1, "305-ERC20Detailed.bin": 1, "305-DanPanCoin.bin": 1, "306-IERC20.bin": 0, "306-SafeMath.bin": 0, "306-ERC20.bin": 0, "306-Roles.bin": 0, "306-MinterRole.bin": 0, "306-ERC20Mintable.bin": 0, "306-ERC20Burnable.bin": 0, "306-ERC20Detailed.bin": 0, "306-PauserRole.bin": 0, "306-Pausable.bin": 0, "306-BlacklistAdminRole.bin": 0, "306-BlacklistedRole.bin": 0, "306-RingTokenPausable.bin": 0, "306-RingCasinoCoin.bin": 0, "307-SafeMath.bin": 0, "307-Ownable.bin": 0, "307-TokenInterface.bin": 0, "307-KRCPreSaleContract.bin": 0, "308-SafeMath.bin": 0, "308-IERC20.bin": 0, "308-PHO.bin": 1, "309-BasicToken.bin": 0, "309-ERC20Basic.bin": 0, "309-OddsAndEvens.bin": 1, "310-ERC20Detailed.bin": 0, "310-IERC20.bin": 0, "310-owned.bin": 1, "310-tokenRecipient.bin": 1, "310-Token.bin": 1, "310-SafeMath.bin": 0, "310-MindsyncPlatform.bin": 1, "311-SafeMath.bin": 0, "311-IERC20.bin": 0, "311-Ownable.bin": 1, "311-ERC20Detailed.bin": 1, "311-DanPanCoin.bin": 1, "312-FindThisHash.bin": 1, "313-Math.bin": 0, "313-Ownable.bin": 0, "313-SafeMath.bin": 0, "313-Orderbook.bin": 0, "313-RenExTokens.bin": 0, "313-RenExBalances.bin": 0, "313-SettlementUtils.bin": 0, "313-RenExSettlement.bin": 0, "314-VNXLU.bin": 0, "314-ERC20Interface.bin": 0, "314-Owned.bin": 0, "314-CareerOnToken.bin": 1, "315-Ownable.bin": 0, "315-Pausable.bin": 0, "315-Destructible.bin": 0, "315-EDCoreInterface.bin": 0, "315-DungeonRunBeta.bin": 0, "316-Ownable.bin": 0, "316-Administratable.bin": 0, "316-IERC20.bin": 0, "316-SafeMath.bin": 0, "316-ERC20.bin": 0, "316-ERC20Burnable.bin": 0, "316-Roles.bin": 0, "316-MinterRole.bin": 0, "316-ERC20Mintable.bin": 0, "316-Freezable.bin": 0, "316-Cryptonium.bin": 0, "316-Migrations.bin": 0, "317-SafeMath.bin": 0, "317-Roles.bin": 0, "317-Ownable.bin": 0, "317-ERC223ReceivingContract.bin": 0, "317-IERC20.bin": 0, "317-ERC20.bin": 0, "317-PauserRole.bin": 0, "317-Pausable.bin": 0, "317-MinterRole.bin": 0, "317-ERC20Mintable.bin": 0, "317-ERC20Burnable.bin": 0, "317-ERC20Pausable.bin": 0, "317-SafeERC20.bin": 0, "317-ERC20Frozen.bin": 0, "317-OneKiloGifttoken.bin": 0, "318-AbcdEfg.bin": 0, "318-EthTxOrderDependenceMinimal.bin": 1, "319-Ownable.bin": 0, "319-BNDESRegistry.bin": 0, "320-BasicToken.bin": 0, "320-ERC20Basic.bin": 0, "320-SafeMath.bin": 0, "320-IERC20.bin": 0, "320-ERC20.bin": 1, "320-ERC20Detailed.bin": 1, "320-SimpleSwapCoin.bin": 1, "321-IERC20.bin": 0, "321-SafeMath.bin": 0, "321-SafeERC20.bin": 0, "321-ERC20Detailed.bin": 0, "321-ERC20.bin": 0, "321-Roles.bin": 0, "321-PauserRole.bin": 0, "321-Pausable.bin": 0, "321-ERC20Pausable.bin": 0, "321-ERC20Burnable.bin": 0, "321-MinterRole.bin": 0, "321-ERC20Mintable.bin": 0, "321-ERC20Capped.bin": 0, "321-Ownable.bin": 0, "321-SgmToken.bin": 0, "322-Token.bin": 0, "322-SafeMath.bin": 0, "322-StandardToken.bin": 0, "322-GRO.bin": 0, "323-SafeMath.bin": 0, "323-Ownable.bin": 0, "323-TokenInterface.bin": 0, "323-KRCICOContract.bin": 0, "324-Dictionary.bin": 0, "324-IERC20.bin": 0, "324-SafeMath.bin": 0, "324-ReverseRegistrar.bin": 0, "324-Etherclear.bin": 0, "325-SafeMath.bin": 0, "325-Ownable.bin": 0, "325-Pausable.bin": 0, "325-ERC20Basic.bin": 0, "325-BasicToken.bin": 0, "325-ERC20.bin": 0, "325-StandardToken.bin": 0, "325-PausableToken.bin": 0, "325-RefundVault.bin": 0, "325-PallyCoin.bin": 0, "325-Crowdsale.bin": 0, "326-SafeMath.bin": 0, "326-OwnerHelper.bin": 0, "326-ERC20Interface.bin": 0, "326-VantaToken.bin": 0, "327-Ownable.bin": 0, "327-Roles.bin": 0, "327-RBAC.bin": 0, "327-SafeMath.bin": 0, "327-ERC20Basic.bin": 0, "327-ERC20.bin": 0, "327-BasicToken.bin": 0, "327-StandardToken.bin": 0, "327-Pausable.bin": 0, "327-PausableToken.bin": 0, "327-BlackListToken.bin": 0, "327-TwoPhaseToken.bin": 0, "327-UpgradedStandardToken.bin": 0, "327-WitToken.bin": 0, "328-Ownable.bin": 0, "328-Pausable.bin": 0, "328-Destructible.bin": 0, "328-EDCoreInterface.bin": 0, "328-DungeonRunBeta.bin": 0, "329-CrowdsaleParameters.bin": 0, "329-Owned.bin": 0, "329-TKLNToken.bin": 0, "330-IERC20.bin": 0, "330-SafeMath.bin": 0, "330-ERC20.bin": 0, "330-ERC20Detailed.bin": 0, "330-ERC20Burnable.bin": 0, "330-Roles.bin": 0, "330-MinterRole.bin": 0, "330-ERC20Mintable.bin": 0, "330-PauserRole.bin": 0, "330-Pausable.bin": 0, "330-Ownable.bin": 0, "330-ERC20PartialLock.bin": 0, "330-PUKAO.bin": 0, "331-FixedSupplyToken.bin": 0, "331-Owned.bin": 0, "331-ERC20Interface.bin": 0, "331-SafeMath.bin": 0, "331-IERC20.bin": 0, "331-ERC20.bin": 1, "331-ERC20Detailed.bin": 1, "331-SimpleSwapCoin.bin": 1, "332-Owned.bin": 0, "332-IERC20.bin": 0, "332-SafeMath.bin": 0, "332-Ownable.bin": 1, "332-ERC20Detailed.bin": 1, "332-DanPanCoin.bin": 1, "333-SafeMath.bin": 0, "333-IERC20.bin": 0, "333-UBBCToken.bin": 1, "334-SafeMath.bin": 0, "334-IERC20.bin": 0, "334-ERC20Detailed.bin": 1, "334-BIGBOMBv2.bin": 1, "335-SafeMath.bin": 0, "335-Ownable.bin": 0, "335-Helper.bin": 0, "335-LNXtest.bin": 0, "336-SafeMath.bin": 0, "336-ERC20TokenInterface.bin": 1, "336-ERC20Token.bin": 1, "336-AsseteGram.bin": 1, "337-SafeMath.bin": 0, "337-Ownable.bin": 0, "337-Roles.bin": 0, "337-MinterRole.bin": 0, "337-ReentrancyGuard.bin": 0, "337-CertificateControllerMock.bin": 0, "337-CertificateController.bin": 0, "337-IERC777TokensRecipient.bin": 0, "337-IERC777TokensSender.bin": 0, "337-IERC20.bin": 0, "337-IERC1410.bin": 0, "337-IERC777.bin": 0, "337-IERC1400.bin": 0, "337-ERC820Registry.bin": 0, "337-ERC820Client.bin": 0, "337-ERC777.bin": 0, "337-ERC1410.bin": 0, "337-ERC1400.bin": 0, "337-ERC1400ERC20.bin": 0, "338-SafeMath.bin": 0, "338-database.bin": 0, "338-topl_database_lib.bin": 0, "338-iconiq_data_pipe.bin": 0, "339-IERC777.bin": 0, "339-IERC777Recipient.bin": 0, "339-IERC777Sender.bin": 0, "339-IERC20.bin": 0, "339-SafeMath.bin": 0, "339-Address.bin": 0, "339-IERC1820Registry.bin": 0, "339-ERC777.bin": 1, "339-Roles.bin": 0, "339-MinterRole.bin": 1, "339-PauserRole.bin": 1, "339-Pausable.bin": 1, "339-SKYBITToken.bin": 1, "340-EventMetadata.bin": 1, "340-Operated.bin": 1, "340-MultiHashWrapper.bin": 1, "340-iFactory.bin": 0, "340-ProofHash.bin": 1, "340-Template.bin": 1, "340-Post.bin": 1, "341-Ownable.bin": 1, "341-IERC20.bin": 0, "341-SafeMath.bin": 0, "341-ERC20Detailed.bin": 1, "341-DanPanCoin.bin": 1, "342-SafeMath.bin": 0, "342-ERC721Interface.bin": 0, "342-ERC20.bin": 0, "342-Ownable.bin": 0, "342-NewAuctionContract.bin": 0, "342-ArconaMarketplaceContract.bin": 0}