{"1-ERC20Basic.bin": 0, "1-SafeMath.bin": 0, "1-BasicToken.bin": 0, "1-ERC20.bin": 0, "1-StandardToken.bin": 0, "1-Ownable.bin": 0, "1-Pausable.bin": 0, "1-PausableToken.bin": 0, "1-IRegistry.bin": 0, "1-IBrickblockToken.bin": 0, "1-AccessToken.bin": 0, "2-Token.bin": 0, "2-SafeMath.bin": 0, "2-StandardToken.bin": 0, "2-GRO.bin": 0, "3-DosGas.bin": 1, "4-SafeMath.bin": 0, "4-Government.bin": 1, "5-LibBytes.bin": 0, "5-ReentrancyGuard.bin": 0, "5-SafeMath.bin": 0, "5-LibConstants.bin": 0, "5-LibEIP712.bin": 0, "5-LibFillResults.bin": 0, "5-LibMath.bin": 0, "5-LibOrder.bin": 0, "5-LibAbiEncoder.bin": 0, "5-IOwnable.bin": 0, "5-IAuthorizable.bin": 0, "5-IAssetProxy.bin": 0, "5-IValidator.bin": 0, "5-IWallet.bin": 0, "5-IExchangeCore.bin": 0, "5-IAssetProxyDispatcher.bin": 0, "5-IMatchOrders.bin": 0, "5-ISignatureValidator.bin": 0, "5-ITransactions.bin": 0, "5-IWrapperFunctions.bin": 0, "5-IExchange.bin": 0, "5-MExchangeCore.bin": 0, "5-MAssetProxyDispatcher.bin": 0, "5-MMatchOrders.bin": 0, "5-MSignatureValidator.bin": 0, "5-MTransactions.bin": 0, "5-MWrapperFunctions.bin": 0, "5-Ownable.bin": 0, "5-MixinExchangeCore.bin": 0, "5-MixinSignatureValidator.bin": 0, "5-MixinWrapperFunctions.bin": 0, "5-MixinTransactions.bin": 0, "5-MixinAssetProxyDispatcher.bin": 0, "5-MixinMatchOrders.bin": 0, "5-Exchange.bin": 0, "6-SafeMath.bin": 0, "6-Ownable.bin": 0, "6-Helper.bin": 0, "6-LINIX.bin": 0, "7-DosAuction.bin": 1, "8-SafeMath.bin": 0, "8-ItemsInterfaceForEternalStorage.bin": 0, "8-EternalStorage.bin": 0, "9-SafeMath.bin": 0, "9-EventMetadata.bin": 1, "9-Operated.bin": 1, "9-MultiHashWrapper.bin": 1, "9-iFactory.bin": 0, "9-ProofHash.bin": 1, "9-Template.bin": 1, "9-Post.bin": 1, "10-ERC20.bin": 0, "10-IERC20.bin": 0, "10-SafeMath.bin": 0, "10-ERC20Interface.bin": 1, "10-ApproveAndCallFallBack.bin": 1, "10-Owned.bin": 1, "10-ForTheBlockchain.bin": 1, "11-HERC20.bin": 0, "11-SafeMath.bin": 0, "11-ERC20.bin": 0, "11-Ownable.bin": 0, "11-Pausable.bin": 0, "11-Blacklistable.bin": 0, "11-LakesCash.bin": 0, "12-ERC20Basic.bin": 0, "12-BasicToken.bin": 0, "12-DosAuction.bin": 1, "13-SafeMath.bin": 0, "13-IERC20.bin": 0, "13-ERC20.bin": 1, "13-ERC20Detailed.bin": 1, "13-SimpleSwapCoin.bin": 1, "14-SafeMath.bin": 0, "14-IERC20.bin": 0, "14-ERC20Pistachio.bin": 0, "14-ERC20Burnable.bin": 0, "14-Roles.bin": 0, "14-MinterRole.bin": 0, "14-ERC20Mintable.bin": 0, "14-PauserRole.bin": 0, "14-Pausable.bin": 0, "14-ERC20Chocolate.bin": 0, "15-StockBet.bin": 1, "16-SafeMath.bin": 0, "16-IERC20.bin": 0, "16-ERC20Detailed.bin": 1, "16-HYDROGEN.bin": 1, "17-IERC20.bin": 0, "17-SafeMath.bin": 0, "17-ERC20Detailed.bin": 1, "17-BIGBOMBv2.bin": 1, "18-Owned.bin": 1, "18-SafeMath.bin": 0, "18-Token.bin": 1, "18-Staking.bin": 1, "19-SafeMath.bin": 0, "19-CareerOnToken.bin": 1, "20-ERC20Basic.bin": 0, "20-BasicToken.bin": 0, "20-SafeMath.bin": 0, "20-IERC20.bin": 0, "20-ERC20.bin": 1, "20-ERC20Detailed.bin": 1, "20-SimpleSwapCoin.bin": 1, "21-SafeMath.bin": 0, "21-ERC20Basic.bin": 0, "21-BasicToken.bin": 0, "21-ERC20.bin": 0, "21-StandardToken.bin": 0, "21-SafeERC20.bin": 0, "21-Owned.bin": 0, "21-TokenVesting.bin": 0, "21-TokenVault.bin": 0, "21-BurnableToken.bin": 0, "21-JEC_Token.bin": 0, "22-Ownable.bin": 1, "22-SafeMath.bin": 0, "22-LollypopToken.bin": 1, "23-Ownable.bin": 0, "23-Claimable.bin": 0, "23-ERC20Basic.bin": 0, "23-ERC20.bin": 0, "23-SafeERC20.bin": 0, "23-CanReclaimToken.bin": 0, "23-OwnableContract.bin": 0, "23-ControllerInterface.bin": 0, "23-Factory.bin": 0, "24-SafeMath.bin": 0, "24-IERC20.bin": 0, "24-UBBCToken.bin": 1, "25-ValidationUtil.bin": 0, "25-Ownable.bin": 0, "25-ImpMine.bin": 0, "25-Pausable.bin": 0, "25-PauserRole.bin": 0, "25-EventMetadata.bin": 1, "25-Operated.bin": 1, "25-MultiHashWrapper.bin": 1, "25-iFactory.bin": 0, "25-ProofHash.bin": 1, "25-Template.bin": 1, "25-Post.bin": 1, "26-SafeMath.bin": 0, "26-ERC20Basic.bin": 0, "26-BasicToken.bin": 0, "26-ERC20.bin": 0, "26-StandardToken.bin": 0, "26-SafeERC20.bin": 0, "26-Owned.bin": 0, "26-TokenVesting.bin": 0, "26-TokenVault.bin": 0, "26-BurnableToken.bin": 0, "26-BKC_Token.bin": 0, "27-ERC20Interface.bin": 1, "27-AcunarToken.bin": 1, "27-AcunarIEO.bin": 1, "28-tokenRecipient.bin": 0, "28-MD.bin": 1, "29-Owned.bin": 1, "29-SafeMath.bin": 0, "29-Token.bin": 1, "29-Staking.bin": 1, "30-InchWormVaultLiveTest.bin": 0, "30-ERC20Interface.bin": 0, "30-Owned.bin": 0, "30-IERC20.bin": 0, "30-SafeMath.bin": 0, "30-ERC20Detailed.bin": 1, "30-HYDROGEN.bin": 1, "31-DosNumber.bin": 1, "32-Bussiness.bin": 0, "32-Ownable.bin": 0, "32-CareerOnToken.bin": 1, "33-SafeMath.bin": 0, "33-IERC20.bin": 0, "33-ERC20Detailed.bin": 0, "33-ERC20.bin": 0, "33-Roles.bin": 0, "33-PauserRole.bin": 0, "33-Pausable.bin": 0, "33-ERC20Pausable.bin": 0, "33-MinterRole.bin": 0, "33-ERC20Mintable.bin": 0, "33-Ownable.bin": 0, "33-IWhitelist.bin": 0, "33-BurnerRole.bin": 0, "33-ERC20Burnable.bin": 0, "33-ERC20Whitelistable.bin": 0, "33-CanReclaimEther.bin": 0, "33-SafeERC20.bin": 0, "33-CanReclaimToken.bin": 0, "33-LeveragedToken.bin": 0, "34-SafeMath.bin": 0, "34-ERC20Basic.bin": 0, "34-ERC20.bin": 0, "34-BasicToken.bin": 0, "34-BurnableToken.bin": 0, "34-StandardToken.bin": 0, "34-Ownable.bin": 0, "34-Pausable.bin": 0, "34-PausableToken.bin": 0, "34-DistributableAndPausableToken.bin": 0, "34-TokenUpgrader.bin": 0, "34-UpgradeableToken.bin": 0, "34-Token.bin": 0, "35-SafeMath.bin": 0, "35-owned.bin": 0, "35-tokenRecipient.bin": 0, "35-ParsecTokenERC20.bin": 0, "35-ParsecPresale.bin": 0, "36-ERC20Interface.bin": 0, "36-InchWormPOC.bin": 0, "36-Owned.bin": 0, "36-SafeMath.bin": 0, "36-IERC20.bin": 0, "36-ERC20.bin": 1, "36-ERC20Detailed.bin": 1, "36-SimpleSwapCoin.bin": 1, "37-ERC20Interface.bin": 0, "37-Cyiber.bin": 0, "37-Owned.bin": 0, "37-EventMetadata.bin": 1, "37-Operated.bin": 1, "37-MultiHashWrapper.bin": 1, "37-iFactory.bin": 0, "37-ProofHash.bin": 1, "37-Template.bin": 1, "37-Post.bin": 1, "38-SafeMath.bin": 0, "38-ERC20TokenInterface.bin": 1, "38-ERC20Token.bin": 1, "38-AsseteGram.bin": 1, "39-ECRecovery.bin": 0, "39-SafeMath.bin": 0, "39-Roles.bin": 0, "39-IERC20.bin": 0, "39-ERC20.bin": 0, "39-Ownable.bin": 0, "39-MinterRole.bin": 0, "39-Mintable.bin": 0, "39-Pausable.bin": 0, "39-Burnable.bin": 0, "39-Lockable.bin": 0, "39-DelegatorRole.bin": 0, "39-Delegatable.bin": 0, "39-TrancheToken.bin": 0, "40-Token.bin": 0, "40-AbstractToken.bin": 0, "40-SafeMath.bin": 0, "40-CareerOnToken.bin": 1, "41-Ownable.bin": 0, "41-SafeMath.bin": 0, "41-CommunityVesting.bin": 0, "41-EcosystemVesting.bin": 0, "41-SeedPrivateAdvisorVesting.bin": 0, "41-TeamVesting.bin": 0, "41-TokenInterface.bin": 0, "41-Vesting.bin": 0, "42-SafeMath.bin": 0, "42-IERC20.bin": 0, "42-ERC20Detailed.bin": 1, "42-BIGBOMBv2.bin": 1, "43-Ownable.bin": 0, "43-Pausable.bin": 0, "43-IERC20.bin": 0, "43-SafeMath.bin": 0, "43-ERC20Detailed.bin": 1, "43-BIGBOMBv2.bin": 1, "44-SafeMath.bin": 0, "44-IERC20.bin": 0, "44-ERC20.bin": 1, "44-ERC20Detailed.bin": 1, "44-SaveWon.bin": 1, "45-SafeMath.bin": 0, "45-OwnerHelper.bin": 0, "45-ERC20Interface.bin": 0, "45-LINIXToken.bin": 0, "46-digitalNotary.bin": 1, "47-SafeMath.bin": 0, "47-Roles.bin": 0, "47-CapperRole.bin": 0, "47-PauserRole.bin": 0, "47-Pausable.bin": 0, "47-MinterRole.bin": 0, "47-IERC20.bin": 0, "47-ERC20.bin": 0, "47-ERC20Mintable.bin": 0, "47-ERC20Burnable.bin": 0, "47-ERC20Capped.bin": 0, "47-ERC20Pausable.bin": 0, "47-Ownable.bin": 0, "47-BlueseedsToken.bin": 0, "48-SafeMath.bin": 0, "48-ItemsInterfaceForEternalStorage.bin": 0, "48-EternalStorage.bin": 0, "49-Ownable.bin": 0, "49-Pausable.bin": 0, "49-Destructible.bin": 0, "49-EDCoreInterface.bin": 0, "49-DungeonRunCore.bin": 0, "50-SafeMath.bin": 0, "50-owned.bin": 1, "50-ERC20Essential.bin": 0, "50-BitpayerDEX.bin": 1, "51-SafeMath.bin": 0, "51-owned.bin": 0, "51-tokenRecipient.bin": 0, "51-ParsecTokenERC20.bin": 0, "51-ParsecCrowdsale.bin": 0, "52-SafeMath.bin": 0, "52-OwnerHelper.bin": 0, "52-ERC20Interface.bin": 0, "52-LINIXToken.bin": 0, "53-IERC20.bin": 0, "53-PHO.bin": 1, "54-Ownable.bin": 0, "54-Pausable.bin": 0, "54-Destructible.bin": 0, "54-EDCoreInterface.bin": 0, "54-DungeonRunBeta.bin": 0, "55-Ownable.bin": 0, "55-ERC20.bin": 0, "55-WithToken.bin": 0, "55-SSPTypeAware.bin": 0, "55-SSPRegistry.bin": 0, "55-PublisherRegistry.bin": 0, "55-DSPTypeAware.bin": 0, "55-DSPRegistry.bin": 0, "55-DepositRegistry.bin": 0, "55-AuditorRegistry.bin": 0, "55-DepositAware.bin": 0, "55-SecurityDepositAware.bin": 0, "55-AuditorRegistrar.bin": 0, "55-DSPRegistrar.bin": 0, "55-PublisherRegistrar.bin": 0, "55-SSPRegistrar.bin": 0, "55-ChannelApi.bin": 0, "55-RegistryProvider.bin": 0, "55-StateChannelListener.bin": 0, "55-PapyrusDAO.bin": 0, "56-SafeMath.bin": 0, "56-Ownable.bin": 0, "56-PausableOnce.bin": 0, "56-ERC20Basic.bin": 0, "56-BasicToken.bin": 0, "56-ERC20.bin": 0, "56-StandardToken.bin": 0, "56-InterfaceUpgradeAgent.bin": 0, "56-UpgradableToken.bin": 0, "56-Withdrawable.bin": 0, "56-CtdToken.bin": 0, "57-SafeMath.bin": 0, "57-CareerOnToken.bin": 1, "58-IERC20.bin": 0, "58-SafeMath.bin": 0, "58-ERC20.bin": 0, "58-GrowToken.bin": 0, "59-Ownable.bin": 0, "59-Roles.bin": 0, "59-PauserRole.bin": 0, "59-Pausable.bin": 0, "59-COORole.bin": 0, "59-ReentrancyGuard.bin": 0, "59-SafeMath.bin": 0, "59-KittyBountiesAdmin.bin": 0, "59-KittyCore.bin": 0, "59-KittyBounties.bin": 0, "60-Ownable.bin": 0, "60-SketchMarket.bin": 0, "61-Token.bin": 0, "61-SafeMath.bin": 0, "61-StandardToken.bin": 0, "61-GRO.bin": 0, "62-SafeMath.bin": 0, "62-FomoFeast.bin": 1, "63-SafeMath.bin": 0, "63-Ownable.bin": 0, "63-IErc20.bin": 0, "63-Monetary.bin": 0, "63-IPriceOracle.bin": 0, "63-Require.bin": 0, "63-Math.bin": 0, "63-Time.bin": 0, "63-IMakerOracle.bin": 0, "63-IOasisDex.bin": 0, "63-DaiPriceOracle.bin": 0, "64-TokenBurner.bin": 0, "64-Government.bin": 1, "65-SafeMath.bin": 0, "65-ContractReceiver.bin": 0, "65-PetToken.bin": 0, "66-SafeMath.bin": 0, "66-ERC721Interface.bin": 0, "66-ERC20.bin": 0, "66-Ownable.bin": 0, "66-NewAuctionContract.bin": 0, "66-AuctionContract.bin": 0, "67-SafeMath.bin": 0, "67-IERC20.bin": 0, "67-ERC20.bin": 1, "67-ERC20Detailed.bin": 1, "67-SimpleSwapCoin.bin": 1, "68-NokuPricingPlan.bin": 0, "68-Ownable.bin": 0, "68-Pausable.bin": 0, "68-SafeMath.bin": 0, "68-ERC20Basic.bin": 0, "68-ERC20.bin": 0, "68-BurnableERC20.bin": 0, "68-NokuTokenBurner.bin": 0, "68-BasicToken.bin": 0, "68-BurnableToken.bin": 0, "68-DetailedERC20.bin": 0, "68-StandardToken.bin": 0, "68-MintableToken.bin": 0, "68-NokuCustomERC20.bin": 0, "68-NokuCustomERC20Service.bin": 0, "69-IERC20.bin": 0, "69-SafeMath.bin": 0, "69-ERC20.bin": 0, "69-ERC20Detailed.bin": 0, "69-ERC20Burnable.bin": 0, "69-Roles.bin": 0, "69-MinterRole.bin": 0, "69-ERC20Mintable.bin": 0, "69-PauserRole.bin": 0, "69-Pausable.bin": 0, "69-ERC20PartialLock.bin": 0, "69-LXANK.bin": 0, "70-Ownable.bin": 0, "70-LinkedList.bin": 0, "70-ERC20Basic.bin": 0, "70-SafeMath.bin": 0, "70-BasicToken.bin": 0, "70-ERC20.bin": 0, "70-StandardToken.bin": 0, "70-Pausable.bin": 0, "70-PausableToken.bin": 0, "70-BurnableToken.bin": 0, "70-RepublicToken.bin": 0, "70-DarknodeRegistryStore.bin": 0, "71-SafeMath.bin": 0, "71-Ownable.bin": 0, "71-Roles.bin": 0, "71-MinterRole.bin": 0, "71-ReentrancyGuard.bin": 0, "71-CertificateControllerMock.bin": 0, "71-CertificateController.bin": 0, "71-IERC777TokensRecipient.bin": 0, "71-IERC777TokensSender.bin": 0, "71-IERC1410.bin": 0, "71-IERC777.bin": 0, "71-IERC1400.bin": 0, "71-ERC820Registry.bin": 0, "71-ERC820Client.bin": 0, "71-ERC777.bin": 0, "71-ERC1410.bin": 0, "71-ERC1400.bin": 0, "72-SafeMath.bin": 0, "72-Ownable.bin": 0, "72-Pausable.bin": 0, "72-ERC20Basic.bin": 0, "72-BasicToken.bin": 0, "72-ERC20.bin": 0, "72-StandardToken.bin": 0, "72-PausableToken.bin": 0, "72-CostumeToken.bin": 0, "72-Crowdsale.bin": 0, "73-EventMetadata.bin": 1, "73-Operated.bin": 1, "73-ProofHashes.bin": 1, "73-MultiHashWrapper.bin": 1, "73-iFactory.bin": 0, "73-Template.bin": 1, "73-Feed.bin": 1, "74-DAppTest.bin": 0, "74-Government.bin": 1, "75-Ownable.bin": 0, "75-Roles.bin": 0, "75-RBAC.bin": 0, "75-SafeMath.bin": 0, "75-ERC20Basic.bin": 0, "75-ERC20.bin": 0, "75-BasicToken.bin": 0, "75-StandardToken.bin": 0, "75-Pausable.bin": 0, "75-PausableToken.bin": 0, "75-BlackListToken.bin": 0, "75-TwoPhaseToken.bin": 0, "75-UpgradedStandardToken.bin": 0, "75-WithToken.bin": 0, "76-SafeMath.bin": 0, "76-ERC20Interface.bin": 0, "76-admined.bin": 0, "76-ICO.bin": 0, "77-SafeMath.bin": 0, "77-IERC20.bin": 0, "77-PHO.bin": 1, "78-SafeMath.bin": 0, "78-IERC20.bin": 0, "78-ERC20.bin": 1, "78-ERC20Detailed.bin": 1, "78-SimpleSwapCoin.bin": 1, "79-Ownable.bin": 0, "79-Pausable.bin": 0, "79-Destructible.bin": 0, "79-EDCoreInterface.bin": 0, "79-DungeonRunAlpha.bin": 0, "80-ERC20.bin": 0, "80-SafeERC20.bin": 0, "80-Government.bin": 1, "81-SafeMath.bin": 0, "81-ERC20.bin": 0, "81-ReserveToken.bin": 0, "81-EtherDelta.bin": 0, "82-SafeMath.bin": 0, "82-Roles.bin": 0, "82-PauserRole.bin": 0, "82-Pausable.bin": 0, "82-Ownable.bin": 0, "82-KittyBountiesAdmin.bin": 0, "82-KittyCore.bin": 0, "82-KittyBounties.bin": 0, "83-ERC20PartialLock.bin": 0, "83-Pausable.bin": 0, "83-ERC20.bin": 0, "83-IERC20.bin": 0, "83-PauserRole.bin": 0, "83-SafeMath.bin": 0, "83-ERC20Interface.bin": 1, "83-ApproveAndCallFallBack.bin": 1, "83-Owned.bin": 1, "83-ForTheBlockchain.bin": 1, "84-Refunder.bin": 1, "85-SafeMath.bin": 0, "85-ERC20Basic.bin": 0, "85-BasicToken.bin": 0, "85-ERC20.bin": 0, "85-StandardToken.bin": 0, "85-SafeERC20.bin": 0, "85-Owned.bin": 0, "85-TokenVesting.bin": 0, "85-TokenVault.bin": 0, "85-BurnableToken.bin": 0, "85-ZTC_Token.bin": 0, "86-RTCoinInterface.bin": 0, "86-ERC20Interface.bin": 0, "86-SafeMath.bin": 0, "86-Stake.bin": 0, "87-SafeMath.bin": 0, "87-Ownable.bin": 0, "87-ERC20Basic.bin": 0, "87-ERC20.bin": 0, "87-DetailedERC20.bin": 0, "87-BasicToken.bin": 0, "87-StandardToken.bin": 0, "87-UnlimitedAllowanceToken.bin": 0, "87-BZRxToken.bin": 0, "87-BZRxTransferProxy.bin": 0, "88-Regatta.bin": 0, "89-SafeMath.bin": 0, "89-Ownable.bin": 0, "89-Helper.bin": 0, "89-LNX.bin": 0, "90-LibBytes.bin": 0, "90-ReentrancyGuard.bin": 0, "90-SafeMath.bin": 0, "90-LibConstants.bin": 0, "90-LibEIP712.bin": 0, "90-LibFillResults.bin": 0, "90-LibMath.bin": 0, "90-LibOrder.bin": 0, "90-LibAbiEncoder.bin": 0, "90-IOwnable.bin": 0, "90-IAuthorizable.bin": 0, "90-IAssetProxy.bin": 0, "90-IValidator.bin": 0, "90-IWallet.bin": 0, "90-IExchangeCore.bin": 0, "90-IAssetProxyDispatcher.bin": 0, "90-IMatchOrders.bin": 0, "90-ISignatureValidator.bin": 0, "90-ITransactions.bin": 0, "90-IWrapperFunctions.bin": 0, "90-IExchange.bin": 0, "90-MExchangeCore.bin": 0, "90-MAssetProxyDispatcher.bin": 0, "90-MMatchOrders.bin": 0, "90-MSignatureValidator.bin": 0, "90-MTransactions.bin": 0, "90-MWrapperFunctions.bin": 0, "90-Ownable.bin": 0, "90-MixinExchangeCore.bin": 0, "90-MixinSignatureValidator.bin": 0, "90-MixinWrapperFunctions.bin": 0, "90-MixinTransactions.bin": 0, "90-MixinAssetProxyDispatcher.bin": 0, "90-MixinMatchOrders.bin": 0, "90-Exchange.bin": 0, "91-SafeMath.bin": 0, "91-OwnerHelper.bin": 0, "91-ERC20Interface.bin": 0, "91-VantaToken.bin": 0, "92-SafeMath.bin": 0, "92-ERC20Interface.bin": 1, "92-ApproveAndCallFallBack.bin": 1, "92-Owned.bin": 1, "92-ForTheBlockchain.bin": 1, "93-SafeMath.bin": 0, "93-Ownable.bin": 1, "93-AccountWallet.bin": 1, "94-PinToken.bin": 0, "94-Owned.bin": 0, "94-ERC20Interface.bin": 0, "94-IERC20.bin": 0, "94-SafeMath.bin": 0, "94-ERC20Detailed.bin": 1, "94-HYDROGEN.bin": 1, "95-SafeMath.bin": 0, "95-Ownable.bin": 0, "95-ERC20Basic.bin": 0, "95-ERC20.bin": 0, "95-SafeERC20.bin": 0, "95-Crowdsale.bin": 0, "95-TimedCrowdsale.bin": 0, "95-FinalizableCrowdsale.bin": 0, "95-BasicToken.bin": 0, "95-StandardToken.bin": 0, "95-MintableToken.bin": 0, "95-MintedCrowdsale.bin": 0, "95-Pausable.bin": 0, "95-RealtyReturnsTokenInterface.bin": 0, "95-PausableToken.bin": 0, "95-RealtyReturnsToken.bin": 0, "95-LockTokenAllocation.bin": 0, "95-RealtyReturnsTokenCrowdsale.bin": 0, "96-Ownable.bin": 0, "96-DosAuction.bin": 1, "97-Government.bin": 1, "98-SafeMath.bin": 0, "98-ERC20Interface.bin": 1, "98-Owned.bin": 1, "98-ExclusivePlatform.bin": 1, "99-SafeMath.bin": 0, "99-IERC20.bin": 0, "99-ERC20Detailed.bin": 1, "99-BIGBOMBv2.bin": 1, "100-SafeMath.bin": 0, "100-Ownable.bin": 0, "100-Finalizable.bin": 0, "100-IToken.bin": 0, "100-TokenReceivable.bin": 0, "100-EventDefinitions.bin": 0, "100-Token.bin": 0, "100-Controller.bin": 0, "100-PreSale.bin": 0, "100-Ledger.bin": 0, "101-ECRecovery.bin": 0, "101-SigningLogic.bin": 0, "101-ERC20Basic.bin": 0, "101-ERC20.bin": 0, "101-SafeMath.bin": 0, "101-SafeERC20.bin": 0, "101-TokenEscrowMarketplace.bin": 0, "101-Initializable.bin": 0, "101-AttestationLogic.bin": 0, "102-Pool.bin": 0, "102-SafeMath.bin": 0, "102-RigoToken.bin": 0, "102-DragoRegistry.bin": 0, "102-Inflation.bin": 0, "102-ReentrancyGuard.bin": 0, "102-ProofOfPerformanceFace.bin": 0, "102-ProofOfPerformance.bin": 0, "103-SafeMath.bin": 0, "103-IERC20.bin": 0, "103-ERC20.bin": 0, "103-Roles.bin": 0, "103-MinterRole.bin": 0, "103-ERC20Mintable.bin": 0, "103-ERC20Burnable.bin": 0, "103-TuneTradeToken.bin": 0, "103-WhitelistAdminRole.bin": 0, "103-WhitelistedRole.bin": 0, "103-TeamRole.bin": 0, "103-SafeERC20.bin": 0, "103-SwapContract.bin": 0, "104-SafeMath.bin": 0, "104-ItemsInterfaceForEternalStorage.bin": 0, "104-EternalStorage.bin": 0, "105-ECRecovery.bin": 0, "105-Roles.bin": 0, "105-SafeMath.bin": 0, "105-IERC20.bin": 0, "105-ERC20.bin": 0, "105-Ownable.bin": 0, "105-MinterRole.bin": 0, "105-Mintable.bin": 0, "105-Pausable.bin": 0, "105-Burnable.bin": 0, "105-Lockable.bin": 0, "105-DelegatorRole.bin": 0, "105-Delegatable.bin": 0, "105-TrustShoreToken.bin": 0, "106-SafeMath.bin": 0, "106-Ownable.bin": 0, "106-ERC20.bin": 0, "106-StandardToken.bin": 0, "106-EIForceCoin.bin": 0, "107-SafeMath.bin": 0, "107-Roles.bin": 0, "107-RBAC.bin": 0, "107-RBACWithAdmin.bin": 0, "107-Ownable.bin": 0, "107-ERC20Basic.bin": 0, "107-BasicToken.bin": 0, "107-ERC20.bin": 0, "107-DetailedERC20.bin": 0, "107-StandardToken.bin": 0, "107-ERC865.bin": 0, "107-ERC865Token.bin": 0, "107-BeepToken.bin": 0, "108-IERC165.bin": 0, "108-ERC165.bin": 0, "108-IERC721.bin": 0, "108-IERC721Receiver.bin": 0, "108-SafeMath.bin": 0, "108-Address.bin": 0, "108-FormSI060719.bin": 0, "109-SafeMath.bin": 0, "109-Roles.bin": 0, "109-PauserRole.bin": 0, "109-Pausable.bin": 0, "109-Ownable.bin": 0, "109-KittyBountiesAdmin.bin": 0, "109-KittyCore.bin": 0, "109-KittyBounties.bin": 0, "110-SafeMath.bin": 0, "110-OwnerHelper.bin": 0, "110-ERC20Interface.bin": 0, "110-ITAMToken.bin": 0, "111-SafeMath.bin": 0, "111-Ownable.bin": 0, "111-ERC20Basic.bin": 0, "111-ERC20.bin": 0, "111-DetailedERC20.bin": 0, "111-BasicToken.bin": 0, "111-StandardToken.bin": 0, "111-UnlimitedAllowanceToken.bin": 0, "111-BZRxToken.bin": 0, "111-BZRxTransferProxy.bin": 0, "112-Token.bin": 0, "112-StandardToken.bin": 0, "112-HumanStandardToken.bin": 0, "112-StandardBounties.bin": 0, "113-SafeMath.bin": 0, "113-IERC20.bin": 0, "113-ERC20.bin": 1, "113-ERC20Detailed.bin": 1, "113-SaveWon.bin": 1, "114-Free_Ether_A_Day_Funds_Return.bin": 0, "114-DosGas.bin": 1, "115-DosOneFunc.bin": 1, "116-VNXLU.bin": 0, "116-ERC20Interface.bin": 0, "116-Owned.bin": 0, "116-SafeMath.bin": 0, "116-owned.bin": 1, "116-ethBank.bin": 1, "117-IAccounting.bin": 0, "117-IAccountingFactory.bin": 0, "117-IERC20.bin": 0, "117-IDisputer.bin": 0, "117-FeeWindow.bin": 0, "117-Universe.bin": 0, "117-ReportingParticipant.bin": 0, "117-Market.bin": 0, "117-IDisputerFactory.bin": 0, "117-ICrowdsourcerParent.bin": 0, "117-ICrowdsourcer.bin": 0, "117-DisputerParams.bin": 0, "117-Crowdsourcer.bin": 0, "117-CrowdsourcerFactory.bin": 0, "118-SafeMath.bin": 0, "118-Ownable.bin": 0, "118-ERC20Basic.bin": 0, "118-ERC20.bin": 0, "118-SafeERC20.bin": 0, "118-Crowdsale.bin": 0, "118-TimedCrowdsale.bin": 0, "118-FinalizableCrowdsale.bin": 0, "118-BasicToken.bin": 0, "118-StandardToken.bin": 0, "118-MintableToken.bin": 0, "118-MintedCrowdsale.bin": 0, "118-Pausable.bin": 0, "118-RealtyReturnsTokenInterface.bin": 0, "118-PausableToken.bin": 0, "118-RealtyReturnsToken.bin": 0, "118-LockTokenAllocation.bin": 0, "118-RealtyReturnsTokenCrowdsale.bin": 0, "119-SafeMath.bin": 0, "119-ItemsInterfaceForEternalStorage.bin": 0, "119-EternalStorage.bin": 0, "120-SafeMath.bin": 0, "120-CareerOnToken.bin": 1, "121-SafeMath.bin": 0, "121-IERC20.bin": 0, "121-ERC20.bin": 1, "121-ERC20Detailed.bin": 1, "121-SaveWon.bin": 1, "122-Ownable.bin": 0, "122-Pausable.bin": 0, "122-Destructible.bin": 0, "122-EDCoreInterface.bin": 0, "122-DungeonRunAlpha.bin": 0, "123-TAMCContract.bin": 1, "124-FixedSupplyToken.bin": 0, "124-Owned.bin": 0, "124-ERC20Interface.bin": 0, "124-IERC20.bin": 0, "124-PHO.bin": 1, "125-SafeMath.bin": 0, "125-Roles.bin": 0, "125-PauserRole.bin": 0, "125-Pausable.bin": 0, "125-Ownable.bin": 0, "125-KittyBountiesAdmin.bin": 0, "125-KittyCore.bin": 0, "125-KittyBounties.bin": 0, "126-ERC20Detailed.bin": 0, "126-IERC20.bin": 0, "126-SafeMath.bin": 0, "126-ERC20Interface.bin": 1, "126-ApproveAndCallFallBack.bin": 1, "126-Owned.bin": 1, "126-ForTheBlockchain.bin": 1, "127-SafeMath.bin": 0, "127-database.bin": 0, "127-topl_database_lib.bin": 0, "127-iconiq_presale.bin": 0, "128-Ownable.bin": 0, "128-SafeMath.bin": 0, "128-ERC20Basic.bin": 0, "128-BasicToken.bin": 0, "128-ERC20.bin": 0, "128-StandardToken.bin": 0, "128-BurnableToken.bin": 0, "128-Pausable.bin": 0, "128-GiftToken.bin": 0, "128-Whitelist.bin": 0, "128-GiftCrowdsale.bin": 0, "129-Utils.bin": 0, "129-DosAuction.bin": 1, "130-SafeMath.bin": 0, "130-owned.bin": 1, "130-tokenRecipient.bin": 0, "130-TokenERC20.bin": 1, "130-AZT.bin": 1, "131-SafeMath.bin": 0, "131-Ownable.bin": 0, "131-Pausable.bin": 0, "131-ERC20Basic.bin": 0, "131-BasicToken.bin": 0, "131-ERC20.bin": 0, "131-StandardToken.bin": 0, "131-PausableToken.bin": 0, "131-RefundVault.bin": 0, "131-PallyCoin.bin": 0, "131-Crowdsale.bin": 0, "132-SafeMath.bin": 0, "132-database.bin": 0, "132-topl_database_lib.bin": 0, "132-arbits_presale.bin": 0, "133-ERC20Interface.bin": 0, "133-FucksToken.bin": 0, "133-SafeMath.bin": 0, "133-Owned.bin": 0, "133-IERC20.bin": 0, "133-PHO.bin": 1, "134-SafeMath.bin": 0, "134-FomoFeast.bin": 1, "135-ERC20.bin": 0, "135-StandardToken.bin": 0, "135-ERC20Basic.bin": 0, "135-BasicToken.bin": 0, "135-IERC20.bin": 0, "135-SafeMath.bin": 0, "135-ERC20Detailed.bin": 1, "135-BIGBOMBv2.bin": 1, "136-SafeMath.bin": 0, "136-CareerOnToken.bin": 1, "137-ERC20Basic.bin": 0, "137-ERC20.bin": 0, "137-SafeMath.bin": 0, "137-SafeERC20.bin": 0, "137-Crowdsale.bin": 0, "137-TimedCrowdsale.bin": 0, "137-CappedCrowdsale.bin": 0, "137-BasicToken.bin": 0, "137-StandardToken.bin": 0, "137-Ownable.bin": 0, "137-MintableToken.bin": 0, "137-MintedCrowdsale.bin": 0, "137-DetailedERC20.bin": 0, "137-Pausable.bin": 0, "137-PausableToken.bin": 0, "137-LoonieToken.bin": 0, "137-LoonieCrowdsale.bin": 0, "138-SafeMath.bin": 0, "138-ERC20Token.bin": 0, "138-UnlockGmi.bin": 0, "139-SafeMath.bin": 0, "139-ERC20Interface.bin": 1, "139-ApproveAndCallFallBack.bin": 1, "139-Owned.bin": 1, "139-QurasToken.bin": 1, "140-CloudToken.bin": 0, "140-SafeMath.bin": 0, "140-owned.bin": 1, "140-ethBank.bin": 1, "141-ERC20Interface.bin": 0, "141-Owned.bin": 0, "141-LENS.bin": 0, "141-IERC20.bin": 0, "141-SafeMath.bin": 0, "141-ERC20.bin": 1, "141-ERC20Burnable.bin": 1, "141-ERC20Detailed.bin": 1, "141-AGR.bin": 1, "142-SafeMath.bin": 0, "142-ERC721Interface.bin": 0, "142-ERC20.bin": 0, "142-Ownable.bin": 0, "142-NewAuctionContract.bin": 0, "142-ArconaMarketplaceContract.bin": 0, "143-IAccessPolicy.bin": 0, "143-IAccessControlled.bin": 0, "143-StandardRoles.bin": 0, "143-AccessControlled.bin": 0, "143-IMigrationTarget.bin": 0, "143-MigrationTarget.bin": 0, "143-EuroTokenMigrationTarget.bin": 0, "143-IMigrationSource.bin": 0, "143-MigrationSource.bin": 0, "143-AccessRoles.bin": 0, "143-IBasicToken.bin": 0, "143-Reclaimable.bin": 0, "143-ITokenMetadata.bin": 0, "143-TokenMetadata.bin": 0, "143-IERC20Allowance.bin": 0, "143-IERC20Token.bin": 0, "143-IERC677Callback.bin": 0, "143-IERC677Allowance.bin": 0, "143-IERC677Token.bin": 0, "143-Math.bin": 0, "143-BasicToken.bin": 0, "143-StandardToken.bin": 0, "143-EuroToken.bin": 0, "144-IERC20.bin": 0, "144-SafeMath.bin": 0, "144-ERC20Detailed.bin": 1, "144-HYDROGEN.bin": 1, "145-ERC20Interface.bin": 1, "145-IERC20Interface.bin": 1, "145-RaffleToken.bin": 0, "145-SafeMath.bin": 0, "145-RaffleTokenExchange.bin": 1, "146-Moloch.bin": 0, "146-IERC20.bin": 0, "146-Ownable.bin": 0, "146-GuildBank.bin": 0, "146-SafeMath.bin": 0, "147-SafeMath.bin": 0, "147-ERC20.bin": 0, "147-SATCoin.bin": 0, "148-Ownable.bin": 0, "148-Roles.bin": 0, "148-RBAC.bin": 0, "148-SafeMath.bin": 0, "148-ERC20Basic.bin": 0, "148-ERC20.bin": 0, "148-BasicToken.bin": 0, "148-StandardToken.bin": 0, "148-Pausable.bin": 0, "148-PausableToken.bin": 0, "148-BlackListToken.bin": 0, "148-TwoPhaseToken.bin": 0, "148-UpgradedStandardToken.bin": 0, "148-WitToken.bin": 0, "149-SafeMathLib.bin": 0, "149-Ownable.bin": 0, "149-Haltable.bin": 0, "149-PricingStrategy.bin": 0, "149-FinalizeAgent.bin": 0, "149-ERC20.bin": 0, "149-FractionalERC20.bin": 0, "149-Crowdsale.bin": 0, "149-SafeMath.bin": 0, "149-StandardToken.bin": 0, "149-UpgradeAgent.bin": 0, "149-UpgradeableToken.bin": 0, "149-ReleasableToken.bin": 0, "149-MintableToken.bin": 0, "149-CrowdsaleToken.bin": 0, "149-MysteriumPricing.bin": 0, "149-MysteriumTokenDistribution.bin": 0, "150-SafeMath.bin": 0, "150-ItemsInterfaceForEternalStorage.bin": 0, "150-EternalStorage.bin": 0, "151-Token.bin": 0, "151-AbstractToken.bin": 0, "151-SafeMath.bin": 0, "151-INFS.bin": 0, "151-EventMetadata.bin": 1, "151-Operated.bin": 1, "151-MultiHashWrapper.bin": 1, "151-iFactory.bin": 0, "151-ProofHash.bin": 1, "151-Template.bin": 1, "151-Post.bin": 1, "152-SafeMath.bin": 0, "152-EventMetadata.bin": 1, "152-Operated.bin": 1, "152-MultiHashWrapper.bin": 1, "152-iFactory.bin": 0, "152-ProofHash.bin": 1, "152-Template.bin": 1, "152-Post.bin": 1, "153-PauserRole.bin": 0, "153-KittyBounties.bin": 0, "153-Ownable.bin": 0, "153-KittyBountiesAdmin.bin": 0, "153-Pausable.bin": 0, "153-IERC20.bin": 0, "153-SafeMath.bin": 0, "153-ERC20Detailed.bin": 1, "153-BIGBOMBv2.bin": 1, "154-Ownable.bin": 0, "154-Pausable.bin": 0, "154-SafeMath.bin": 0, "154-ERC20Basic.bin": 0, "154-BasicToken.bin": 0, "154-ERC20.bin": 0, "154-StandardToken.bin": 0, "154-MintableToken.bin": 0, "154-StarCoin.bin": 0, "154-InvestorWhiteList.bin": 0, "154-StarCoinPreSale.bin": 0, "155-Token.bin": 1, "155-SafeMath.bin": 0, "155-StableDEX.bin": 1, "156-SafeMath.bin": 0, "156-EventMetadata.bin": 1, "156-Operated.bin": 1, "156-MultiHashWrapper.bin": 1, "156-iFactory.bin": 0, "156-ProofHash.bin": 1, "156-Template.bin": 1, "156-Post.bin": 1, "157-Owned.bin": 0, "157-IERC20.bin": 0, "157-SafeMath.bin": 0, "157-ERC20Detailed.bin": 1, "157-BIGBOMBv2.bin": 1, "158-SafeMath.bin": 0, "158-IERC20.bin": 0, "158-ERC20.bin": 1, "158-ERC20Detailed.bin": 1, "158-SimpleSwapCoin.bin": 1, "159-IERC20.bin": 0, "159-SafeERC20.bin": 0, "159-SafeMath.bin": 0, "159-ERC20Interface.bin": 1, "159-ApproveAndCallFallBack.bin": 1, "159-Owned.bin": 1, "159-ForTheBlockchain.bin": 1, "160-IERC20.bin": 0, "160-ERC20Detailed.bin": 0, "160-SafeMath.bin": 0, "160-ERC20.bin": 0, "160-ERC20Burnable.bin": 0, "160-Ownable.bin": 0, "160-Roles.bin": 0, "160-PauserRole.bin": 0, "160-Pausable.bin": 0, "160-MinterRole.bin": 0, "160-WhitelistAdminRole.bin": 0, "160-WhitelistedRole.bin": 0, "160-InvictusWhitelist.bin": 0, "160-C10Token.bin": 0, "161-Ownable.bin": 0, "161-Pausable.bin": 0, "161-Destructible.bin": 0, "161-EDCoreInterface.bin": 0, "161-DungeonRunCore.bin": 0, "162-SafeMath.bin": 0, "162-RequestUid.bin": 0, "162-AdminUpgradeable.bin": 0, "162-BICALogicUpgradeable.bin": 0, "162-BICALogic.bin": 0, "162-BICALedger.bin": 0, "162-ERC20Interface.bin": 0, "162-BICAProxy.bin": 0, "163-IERC165.bin": 0, "163-IERC721.bin": 0, "163-IERC721Receiver.bin": 0, "163-SafeMath.bin": 0, "163-Address.bin": 0, "163-ERC165.bin": 0, "163-ERC721.bin": 0, "163-IERC721Metadata.bin": 0, "163-ERC721Metadata.bin": 0, "163-Roles.bin": 0, "163-MinterRole.bin": 0, "163-ERC721MetadataMintable.bin": 0, "163-Ownable.bin": 0, "163-RadxCollectible.bin": 0, "164-NokuPricingPlan.bin": 0, "164-Ownable.bin": 0, "164-Pausable.bin": 0, "164-SafeMath.bin": 0, "164-ERC20Basic.bin": 0, "164-ERC20.bin": 0, "164-BurnableERC20.bin": 0, "164-NokuTokenBurner.bin": 0, "164-BasicToken.bin": 0, "164-BurnableToken.bin": 0, "164-DetailedERC20.bin": 0, "164-StandardToken.bin": 0, "164-MintableToken.bin": 0, "164-NokuCustomERC20.bin": 0, "165-SafeMath.bin": 0, "165-ExtendedMath.bin": 0, "165-ERC20Interface.bin": 1, "165-ApproveAndCallFallBack.bin": 1, "165-Owned.bin": 1, "165-_Yesbuzz.bin": 1, "166-IERC20.bin": 0, "166-SafeMath.bin": 0, "166-ERC20.bin": 1, "166-ERC20Burnable.bin": 1, "166-ERC20Detailed.bin": 1, "166-AGR.bin": 1, "167-SafeMath.bin": 0, "167-IERC20.bin": 0, "167-ERC20.bin": 1, "167-ERC20Burnable.bin": 1, "167-ERC20Detailed.bin": 1, "167-AGR.bin": 1, "168-SafeMath.bin": 0, "168-DosAuction.bin": 1, "169-SafeMath.bin": 0, "169-IERC20.bin": 0, "169-PHO.bin": 1, "170-SafeMath.bin": 0, "170-IERC20.bin": 0, "170-ERC20Detailed.bin": 1, "170-HYDROGEN.bin": 1, "171-SafeMath.bin": 0, "171-ERC20.bin": 0, "171-ReserveToken.bin": 0, "171-EtherDelta.bin": 0, "172-SafeMath.bin": 0, "172-tokenRecipient.bin": 0, "172-MD.bin": 1, "173-Ownable.bin": 1, "173-Stoppable.bin": 1, "173-RampInstantPoolInterface.bin": 0, "173-RampInstantEscrowsPoolInterface.bin": 1, "173-RampInstantPool.bin": 1, "173-RampInstantEthPool.bin": 1, "174-Ownable.bin": 0, "174-Claimable.bin": 0, "174-ERC20Basic.bin": 0, "174-ERC20.bin": 0, "174-SafeERC20.bin": 0, "174-CanReclaimToken.bin": 0, "174-OwnableContract.bin": 0, "174-OwnableContractOwner.bin": 0, "174-ControllerInterface.bin": 0, "174-SafeMath.bin": 0, "174-BasicToken.bin": 0, "174-StandardToken.bin": 0, "174-DetailedERC20.bin": 0, "174-MintableToken.bin": 0, "174-BurnableToken.bin": 0, "174-Pausable.bin": 0, "174-PausableToken.bin": 0, "174-WBTC.bin": 0, "174-MembersInterface.bin": 0, "174-Controller.bin": 0, "175-SafeMathLib.bin": 0, "175-Ownable.bin": 0, "175-Haltable.bin": 0, "175-PricingStrategy.bin": 0, "175-FinalizeAgent.bin": 0, "175-ERC20.bin": 0, "175-FractionalERC20.bin": 0, "175-Crowdsale.bin": 0, "175-MysteriumPricing.bin": 0, "175-SafeMath.bin": 0, "175-StandardToken.bin": 0, "175-MintableToken.bin": 0, "175-MysteriumCrowdsale.bin": 0, "176-Ownable.bin": 0, "176-Government.bin": 1, "177-SafeMath.bin": 0, "177-DosAuction.bin": 1, "178-Owned.bin": 0, "178-SafeMath.bin": 0, "178-IERC20.bin": 0, "178-ERC20.bin": 1, "178-ERC20Detailed.bin": 1, "178-SaveWon.bin": 1, "179-SafeMath.bin": 0, "179-ERC20Basic.bin": 0, "179-BasicToken.bin": 0, "179-ERC20.bin": 0, "179-StandardToken.bin": 0, "179-SafeERC20.bin": 0, "179-Owned.bin": 0, "179-TokenVesting.bin": 0, "179-TokenVault.bin": 0, "179-BurnableToken.bin": 0, "179-LCGC_Token.bin": 0, "180-PauserRole.bin": 0, "180-Pausable.bin": 0, "180-EventMetadata.bin": 1, "180-Operated.bin": 1, "180-MultiHashWrapper.bin": 1, "180-iFactory.bin": 0, "180-ProofHash.bin": 1, "180-Template.bin": 1, "180-Post.bin": 1, "181-CareerOnToken.bin": 1, "182-SafeMath.bin": 0, "182-IERC20.bin": 0, "182-ERC20Detailed.bin": 1, "182-BIGBOMBv2.bin": 1, "183-ERC165.bin": 0, "183-IERC165.bin": 0, "183-SafeMath.bin": 0, "183-IERC20.bin": 0, "183-ERC20.bin": 1, "183-ERC20Detailed.bin": 1, "183-SimpleSwapCoin.bin": 1, "184-SafeMath.bin": 0, "184-FomoFeast.bin": 1, "185-SafeMath.bin": 0, "185-IERC20.bin": 0, "185-ERC20.bin": 1, "185-ERC20Detailed.bin": 1, "185-SaveWon.bin": 1, "186-Math.bin": 0, "186-EventMetadata.bin": 1, "186-Operated.bin": 1, "186-MultiHashWrapper.bin": 1, "186-iFactory.bin": 0, "186-ProofHash.bin": 1, "186-Template.bin": 1, "186-Post.bin": 1, "187-Token.bin": 0, "187-SafeMath.bin": 0, "187-StandardToken.bin": 0, "187-GRO.bin": 0, "188-DSAuthority.bin": 0, "188-DSAuthEvents.bin": 0, "188-DSAuth.bin": 0, "188-AssetPriceOracle.bin": 0, "188-SafeMath.bin": 0, "188-ContractForDifference.bin": 0, "189-SafeMath.bin": 0, "189-IERC20.bin": 0, "189-ERC20.bin": 1, "189-ERC20Detailed.bin": 1, "189-SaveWon.bin": 1, "190-SafeMath.bin": 0, "190-IERC20.bin": 0, "190-ERC20.bin": 1, "190-ERC20Burnable.bin": 1, "190-ERC20Detailed.bin": 1, "190-AGR.bin": 1, "191-owned.bin": 1, "191-tokenRecipient.bin": 1, "191-Token.bin": 1, "191-SafeMath.bin": 0, "191-MindsyncPlatform.bin": 1, "192-SafeMath.bin": 0, "192-IERC20.bin": 0, "192-ERC20Detailed.bin": 0, "192-ERC20.bin": 0, "192-Roles.bin": 0, "192-PauserRole.bin": 0, "192-Pausable.bin": 0, "192-ERC20Pausable.bin": 0, "192-MinterRole.bin": 0, "192-ERC20Mintable.bin": 0, "192-Ownable.bin": 0, "192-IWhitelist.bin": 0, "192-ERC20Whitelistable.bin": 0, "192-BurnerRole.bin": 0, "192-ERC20Burnable.bin": 0, "192-CanReclaimEther.bin": 0, "192-SafeERC20.bin": 0, "192-CanReclaimToken.bin": 0, "192-LeveragedToken.bin": 0, "193-SafeMath.bin": 0, "193-IERC20.bin": 0, "193-ERC20Detailed.bin": 1, "193-HYDROGEN.bin": 1, "194-SafeMath.bin": 0, "194-Ownable.bin": 0, "194-Helper.bin": 0, "194-LNXtest.bin": 0, "195-Ownable.bin": 1, "195-ChannelWallet.bin": 1, "196-SafeMath.bin": 0, "196-ERC20Basic.bin": 0, "196-ERC20.bin": 0, "196-BasicToken.bin": 0, "196-StandardToken.bin": 0, "196-Role.bin": 0, "196-Pausable.bin": 0, "196-SamToken.bin": 0, "197-SafeMath.bin": 0, "197-IERC20.bin": 0, "197-ERC20Detailed.bin": 1, "197-BIGBOMBv2.bin": 1, "198-SafeMath.bin": 0, "198-IERC20.bin": 0, "198-SafeERC20.bin": 0, "198-Ownable.bin": 0, "198-ERC20Detailed.bin": 0, "198-ERC20.bin": 0, "198-Roles.bin": 0, "198-PauserRole.bin": 0, "198-Pausable.bin": 0, "198-ERC20Pausable.bin": 0, "198-ERC20Burnable.bin": 0, "198-MinterRole.bin": 0, "198-ERC20Mintable.bin": 0, "198-ERC20Capped.bin": 0, "198-SgmToken.bin": 0, "198-OperationsVesting.bin": 0, "199-SafeMath.bin": 0, "199-ERC20Interface.bin": 1, "199-ApproveAndCallFallBack.bin": 1, "199-Owned.bin": 1, "199-ForTheBlockchain.bin": 1, "200-ERC20.bin": 0, "200-IERC20.bin": 0, "200-EventMetadata.bin": 1, "200-Operated.bin": 1, "200-MultiHashWrapper.bin": 1, "200-iFactory.bin": 0, "200-ProofHash.bin": 1, "200-Template.bin": 1, "200-Post.bin": 1, "201-ERC20Token.bin": 0, "201-Government.bin": 1, "202-SafeMathLib.bin": 0, "202-Ownable.bin": 0, "202-Haltable.bin": 0, "202-PricingStrategy.bin": 0, "202-FinalizeAgent.bin": 0, "202-ERC20.bin": 0, "202-FractionalERC20.bin": 0, "202-Crowdsale.bin": 0, "202-SafeMath.bin": 0, "202-StandardToken.bin": 0, "202-UpgradeAgent.bin": 0, "202-UpgradeableToken.bin": 0, "202-ReleasableToken.bin": 0, "202-MintableToken.bin": 0, "202-CrowdsaleToken.bin": 0, "202-MysteriumPricing.bin": 0, "202-MysteriumTokenDistribution.bin": 0, "203-SafeMath.bin": 0, "203-ERC20Basic.bin": 0, "203-BasicToken.bin": 0, "203-ERC20.bin": 0, "203-StandardToken.bin": 0, "203-SafeERC20.bin": 0, "203-Owned.bin": 0, "203-TokenVesting.bin": 0, "203-TokenVault.bin": 0, "203-BurnableToken.bin": 0, "203-NIC_Token.bin": 0, "204-BLAccess.bin": 0, "204-DataStorageInterface.bin": 0, "204-BLStorage.bin": 0, "204-BLBalances.bin": 0, "204-BLBlocks.bin": 0, "204-BLMain.bin": 0, "205-IERC20.bin": 0, "205-SafeMath.bin": 0, "205-ERC20.bin": 0, "205-ERC20Detailed.bin": 0, "205-Ownable.bin": 0, "205-Pausable.bin": 0, "205-ERC20Pausable.bin": 0, "205-WalletPausable.bin": 0, "205-ERC20WalletPausable.bin": 0, "205-TransferAndPause.bin": 0, "205-Ortp.bin": 0, "206-SafeMath.bin": 0, "206-FomoFeast.bin": 1, "207-IERC20.bin": 0, "207-SafeMath.bin": 0, "207-ERC20.bin": 0, "207-ERC20Detailed.bin": 0, "207-Roles.bin": 0, "207-MinterRole.bin": 0, "207-ERC20Mintable.bin": 0, "207-ERC20Burnable.bin": 0, "207-PauserRole.bin": 0, "207-Pausable.bin": 0, "207-ERC20Pausable.bin": 0, "207-INRD.bin": 0, "208-Ownable.bin": 1, "208-AccountWallet.bin": 1, "209-ECRecovery.bin": 0, "209-SigningLogic.bin": 0, "209-Initializable.bin": 0, "209-AccountRegistryLogic.bin": 0, "210-SafeMath.bin": 0, "210-ERC20Basic.bin": 0, "210-BasicToken.bin": 0, "210-ERC20.bin": 0, "210-StandardToken.bin": 0, "210-SafeERC20.bin": 0, "210-Owned.bin": 0, "210-TokenVesting.bin": 0, "210-TokenVault.bin": 0, "210-BurnableToken.bin": 0, "210-LCP_Token.bin": 0, "211-IERC20.bin": 0, "211-Marmo.bin": 0, "211-ECDSA.bin": 0, "211-Ownable.bin": 1, "211-ReentrancyGuard.bin": 1, "211-FeeTransactionManager.bin": 1, "212-SafeMath.bin": 0, "212-Ownable.bin": 0, "212-PausableOnce.bin": 0, "212-ERC20Basic.bin": 0, "212-BasicToken.bin": 0, "212-ERC20.bin": 0, "212-StandardToken.bin": 0, "212-InterfaceUpgradeAgent.bin": 0, "212-UpgradableToken.bin": 0, "212-Withdrawable.bin": 0, "212-SaviorToken.bin": 0, "213-IAccounting.bin": 0, "213-IAccountingFactory.bin": 0, "213-IERC20.bin": 0, "213-IDisputer.bin": 0, "213-ICrowdsourcerParent.bin": 0, "213-FeeWindow.bin": 0, "213-Universe.bin": 0, "213-ReportingParticipant.bin": 0, "213-Market.bin": 0, "213-ICrowdsourcer.bin": 0, "213-IDisputerFactory.bin": 0, "213-DisputerParams.bin": 0, "213-Crowdsourcer.bin": 0, "214-IERC20.bin": 0, "214-SafeMath.bin": 0, "214-Ownable.bin": 1, "214-ERC20Detailed.bin": 1, "214-DanPanCoin.bin": 1, "215-BLAccess.bin": 0, "215-DataStorageInterface.bin": 0, "215-BLStorage.bin": 0, "215-BLBalances.bin": 0, "215-BLBlocks.bin": 0, "215-BLMain.bin": 0, "216-Owned.bin": 0, "216-DanpiaTestTokens.bin": 0, "216-ERC20Interface.bin": 0, "216-IERC20.bin": 0, "216-SafeMath.bin": 0, "216-ERC20Detailed.bin": 1, "216-BIGBOMBv2.bin": 1, "217-Roles.bin": 0, "217-RBAC.bin": 0, "217-SafeMath.bin": 0, "217-ERC20Basic.bin": 0, "217-BasicToken.bin": 0, "217-BurnableToken.bin": 0, "217-ERC20.bin": 0, "217-StandardToken.bin": 0, "217-DUBI.bin": 0, "217-Purpose.bin": 0, "217-Ownable.bin": 0, "217-SafeERC20.bin": 0, "217-Hodler.bin": 0, "217-HodlFor.bin": 0, "218-SafeMath.bin": 0, "218-IERC20.bin": 0, "218-ERC20Detailed.bin": 1, "218-HYDROGEN.bin": 1, "219-PauserRole.bin": 0, "219-Pausable.bin": 0, "219-IERC20.bin": 0, "219-SafeMath.bin": 0, "219-ERC20Detailed.bin": 1, "219-HYDROGEN.bin": 1, "220-Owned.bin": 0, "220-IERC20.bin": 0, "220-SafeMath.bin": 0, "220-ERC20Detailed.bin": 1, "220-BIGBOMBv2.bin": 1, "221-IERC20.bin": 0, "221-SafeMath.bin": 0, "221-ReverseRegistrar.bin": 0, "221-Etherclear.bin": 0, "222-PLATPriceOracle.bin": 0, "222-Government.bin": 1, "223-FixedSupplyBurnableToken.bin": 0, "223-ERC20Interface.bin": 0, "223-Owned.bin": 0, "223-SafeMath.bin": 0, "223-FomoFeast.bin": 1, "224-CareerOnToken.bin": 1, "225-IERC20.bin": 0, "225-SafeMath.bin": 0, "225-ERC20.bin": 0, "225-ERC20Detailed.bin": 0, "225-Ownable.bin": 0, "225-Remote.bin": 0, "225-ProofOfTrident.bin": 0, "225-ERC20Burnable.bin": 0, "225-Vault.bin": 0, "226-SafeMath.bin": 0, "226-IERC20.bin": 0, "226-PHO.bin": 1, "227-SafeMath.bin": 0, "227-IERC20.bin": 0, "227-PHO.bin": 1, "228-SafeMath.bin": 0, "228-ERC20Basic.bin": 0, "228-BasicToken.bin": 0, "228-ERC20.bin": 0, "228-StandardToken.bin": 0, "228-SafeERC20.bin": 0, "228-Owned.bin": 0, "228-TokenVesting.bin": 0, "228-TokenVault.bin": 0, "228-BurnableToken.bin": 0, "228-BAG_Token.bin": 0, "229-IAccessPolicy.bin": 0, "229-IAccessControlled.bin": 0, "229-StandardRoles.bin": 0, "229-AccessControlled.bin": 0, "229-IsContract.bin": 0, "229-AccessRoles.bin": 0, "229-IBasicToken.bin": 0, "229-Reclaimable.bin": 0, "229-ITokenMetadata.bin": 0, "229-TokenMetadata.bin": 0, "229-IERC223Callback.bin": 0, "229-IERC223Token.bin": 0, "229-IERC20Allowance.bin": 0, "229-IERC20Token.bin": 0, "229-IERC677Callback.bin": 0, "229-IERC677Allowance.bin": 0, "229-IERC677Token.bin": 0, "229-Math.bin": 0, "229-BasicToken.bin": 0, "229-StandardToken.bin": 0, "229-EtherToken.bin": 0, "230-SafeMath.bin": 0, "230-Roles.bin": 0, "230-PauserRole.bin": 0, "230-Pausable.bin": 0, "230-Ownable.bin": 0, "230-KittyBountiesAdmin.bin": 0, "230-KittyCore.bin": 0, "230-KittyBounties.bin": 0, "231-DragonFarmer.bin": 0, "231-SafeMath.bin": 0, "231-DosAuction.bin": 1, "232-SafeMath.bin": 0, "232-IERC20.bin": 0, "232-ERC20.bin": 1, "232-ERC20Detailed.bin": 1, "232-SimpleSwapCoin.bin": 1, "233-EscrowWallet.bin": 0, "233-DosGas.bin": 1, "234-Ownable.bin": 0, "234-IERC20.bin": 0, "234-TROY.bin": 0, "234-SafeMath.bin": 0, "234-Government.bin": 1, "235-SafeMath.bin": 0, "235-owned.bin": 1, "235-ethBank.bin": 1, "236-WhiteBetting.bin": 1, "237-SafeMath.bin": 0, "237-FomoFeast.bin": 1, "238-SafeMath.bin": 0, "238-IERC20.bin": 0, "238-ERC20Detailed.bin": 1, "238-HYDROGEN.bin": 1, "239-TAMC.bin": 1, "240-SafeMath.bin": 0, "240-Ownable.bin": 0, "240-PausableOnce.bin": 0, "240-ERC20Basic.bin": 0, "240-BasicToken.bin": 0, "240-ERC20.bin": 0, "240-StandardToken.bin": 0, "240-InterfaceUpgradeAgent.bin": 0, "240-UpgradableToken.bin": 0, "240-Withdrawable.bin": 0, "240-CtdToken.bin": 0, "241-SafeMath.bin": 0, "241-EventMetadata.bin": 1, "241-Operated.bin": 1, "241-MultiHashWrapper.bin": 1, "241-iFactory.bin": 0, "241-ProofHash.bin": 1, "241-Template.bin": 1, "241-Post.bin": 1, "242-ComptrollerInterface.bin": 0, "242-ComptrollerErrorReporter.bin": 0, "242-TokenErrorReporter.bin": 0, "242-CarefulMath.bin": 0, "242-Exponential.bin": 0, "242-EIP20Interface.bin": 0, "242-EIP20NonStandardInterface.bin": 0, "242-ReentrancyGuard.bin": 0, "242-InterestRateModel.bin": 0, "242-CToken.bin": 0, "242-CErc20.bin": 0, "243-Ownable.bin": 0, "243-SafeMath.bin": 0, "243-CommunityVesting.bin": 0, "243-EcosystemVesting.bin": 0, "243-SeedPrivateAdvisorVesting.bin": 0, "243-TeamVesting.bin": 0, "243-TokenInterface.bin": 0, "243-Vesting.bin": 0, "244-IERC20.bin": 0, "244-ERC20.bin": 0, "244-SafeMath.bin": 0, "244-ERC20Interface.bin": 1, "244-ApproveAndCallFallBack.bin": 1, "244-Owned.bin": 1, "244-ForTheBlockchain.bin": 1, "245-SafeMath.bin": 0, "245-CareerOnToken.bin": 1, "246-SafeMath.bin": 0, "246-Government.bin": 1, "247-SafeMath.bin": 0, "247-ERC20Basic.bin": 0, "247-BasicToken.bin": 0, "247-ERC20.bin": 0, "247-StandardToken.bin": 0, "247-SafeERC20.bin": 0, "247-Owned.bin": 0, "247-TokenVesting.bin": 0, "247-TokenVault.bin": 0, "247-BurnableToken.bin": 0, "247-CWI_Token.bin": 0, "248-IERC20.bin": 0, "248-SafeMath.bin": 0, "248-ERC20.bin": 0, "248-Roles.bin": 0, "248-MinterRole.bin": 0, "248-ERC20Mintable.bin": 0, "248-PauserRole.bin": 0, "248-Pausable.bin": 0, "248-ReentrancyGuard.bin": 0, "248-Ownable.bin": 0, "248-Administrable.bin": 0, "248-WhiteList.bin": 0, "248-C50.bin": 0, "249-IERC20.bin": 0, "249-ERC20Detailed.bin": 0, "249-SafeMath.bin": 0, "249-ERC20.bin": 0, "249-Roles.bin": 0, "249-MinterRole.bin": 0, "249-ERC20Mintable.bin": 0, "249-Ownable.bin": 0, "249-ComplianceService.bin": 0, "249-DividendService.bin": 0, "249-ServiceRegistry.bin": 0, "249-BlueshareToken.bin": 0, "250-SafeMath.bin": 0, "250-Government.bin": 1, "251-SafeMath.bin": 0, "251-Ownable.bin": 0, "251-IERC20.bin": 0, "251-ERC20.bin": 0, "251-ERC20Detailed.bin": 0, "251-SafeERC20.bin": 0, "251-MoneyMarketInterface.bin": 0, "251-LoanEscrow.bin": 0, "251-DividendDistributingToken.bin": 0, "251-LandRegistryInterface.bin": 0, "251-LandRegistryProxyInterface.bin": 0, "251-WhitelistInterface.bin": 0, "251-WhitelistProxyInterface.bin": 0, "251-TokenizedProperty.bin": 0, "252-SafeMath.bin": 0, "252-ERC20Basic.bin": 0, "252-BasicToken.bin": 0, "252-ERC20.bin": 0, "252-StandardToken.bin": 0, "252-SafeERC20.bin": 0, "252-Owned.bin": 0, "252-TokenVesting.bin": 0, "252-TokenVault.bin": 0, "252-BurnableToken.bin": 0, "252-CES_Token.bin": 0, "253-Burnable.bin": 0, "253-Mintable.bin": 0, "253-ERC20Basic.bin": 0, "253-ERC20.bin": 0, "253-SafeERC20.bin": 0, "253-TokenTimelock.bin": 0, "253-SafeMath.bin": 0, "253-Ownable.bin": 0, "253-TokenVesting.bin": 0, "253-Pausable.bin": 0, "253-BasicToken.bin": 0, "253-StandardToken.bin": 0, "253-PausableToken.bin": 0, "253-AdaptableToken.bin": 0, "253-NokuMasterToken.bin": 0, "254-SafeMath.bin": 0, "254-Ownable.bin": 0, "254-ERC20Basic.bin": 0, "254-ERC20.bin": 0, "254-BasicToken.bin": 0, "254-StandardToken.bin": 0, "254-MintableToken.bin": 0, "254-OPUCoin.bin": 0, "254-ColdStorage.bin": 0, "254-Vesting.bin": 0, "254-Allocation.bin": 0, "255-SafeMath.bin": 0, "255-IERC20.bin": 0, "255-ERC20.bin": 0, "255-Roles.bin": 0, "255-MinterRole.bin": 0, "255-ERC20Mintable.bin": 0, "255-ERC20Burnable.bin": 0, "255-TuneTradeToken.bin": 0, "255-WhitelistAdminRole.bin": 0, "255-WhitelistedRole.bin": 0, "255-TeamRole.bin": 0, "255-SafeERC20.bin": 0, "255-SwapContract.bin": 0, "256-Roles.bin": 0, "256-IERC20.bin": 0, "256-PauserRole.bin": 0, "256-SafeMath.bin": 0, "256-TaxLib.bin": 0, "256-ERC20.bin": 0, "256-Pausable.bin": 0, "256-ERC20Pausable.bin": 0, "256-ERC20Detailed.bin": 0, "256-ERC20Burnable.bin": 0, "256-Ownable.bin": 0, "256-Taxable.bin": 0, "256-BCHHandled.bin": 0, "256-WibxToken.bin": 0, "257-IERC20.bin": 0, "257-SafeMath.bin": 0, "257-ERC20.bin": 0, "257-Roles.bin": 0, "257-MinterRole.bin": 0, "257-ERC20Mintable.bin": 0, "257-ERC20Burnable.bin": 0, "257-ERC20Detailed.bin": 0, "257-PauserRole.bin": 0, "257-Pausable.bin": 0, "257-BlacklistAdminRole.bin": 0, "257-BlacklistedRole.bin": 0, "257-RingTokenPausable.bin": 0, "257-RingCasinoCoin.bin": 0, "258-SafeMath.bin": 0, "258-Ownable.bin": 0, "258-TokenInterface.bin": 0, "258-KRCPreSaleContract.bin": 0, "259-SafeMath.bin": 0, "259-CareerOnToken.bin": 1, "260-SafeMath.bin": 0, "260-FomoFeast.bin": 1, "261-Math.bin": 0, "261-Ownable.bin": 0, "261-SafeMath.bin": 0, "261-Orderbook.bin": 0, "261-RenExTokens.bin": 0, "261-RenExBalances.bin": 0, "261-SettlementUtils.bin": 0, "261-RenExSettlement.bin": 0, "262-Ownable.bin": 0, "262-Pausable.bin": 0, "262-Destructible.bin": 0, "262-EDCoreInterface.bin": 0, "262-DungeonRunBeta.bin": 0, "263-Ownable.bin": 0, "263-Administratable.bin": 0, "263-IERC20.bin": 0, "263-SafeMath.bin": 0, "263-ERC20.bin": 0, "263-ERC20Burnable.bin": 0, "263-Roles.bin": 0, "263-MinterRole.bin": 0, "263-ERC20Mintable.bin": 0, "263-Freezable.bin": 0, "263-Cryptonium.bin": 0, "263-Migrations.bin": 0, "264-Ownable.bin": 0, "264-BNDESRegistry.bin": 0, "265-IERC20.bin": 0, "265-SafeMath.bin": 0, "265-SafeERC20.bin": 0, "265-ERC20Detailed.bin": 0, "265-ERC20.bin": 0, "265-Roles.bin": 0, "265-PauserRole.bin": 0, "265-Pausable.bin": 0, "265-ERC20Pausable.bin": 0, "265-ERC20Burnable.bin": 0, "265-MinterRole.bin": 0, "265-ERC20Mintable.bin": 0, "265-ERC20Capped.bin": 0, "265-Ownable.bin": 0, "265-SgmToken.bin": 0, "266-SafeMath.bin": 0, "266-DosAuction.bin": 1, "267-Token.bin": 0, "267-SafeMath.bin": 0, "267-StandardToken.bin": 0, "267-GRO.bin": 0, "268-SafeMath.bin": 0, "268-Ownable.bin": 0, "268-TokenInterface.bin": 0, "268-KRCICOContract.bin": 0, "269-Dictionary.bin": 0, "269-IERC20.bin": 0, "269-SafeMath.bin": 0, "269-ReverseRegistrar.bin": 0, "269-Etherclear.bin": 0, "270-SafeMath.bin": 0, "270-Ownable.bin": 0, "270-Pausable.bin": 0, "270-ERC20Basic.bin": 0, "270-BasicToken.bin": 0, "270-ERC20.bin": 0, "270-StandardToken.bin": 0, "270-PausableToken.bin": 0, "270-RefundVault.bin": 0, "270-PallyCoin.bin": 0, "270-Crowdsale.bin": 0, "271-SafeMath.bin": 0, "271-OwnerHelper.bin": 0, "271-ERC20Interface.bin": 0, "271-VantaToken.bin": 0, "272-Ownable.bin": 0, "272-Roles.bin": 0, "272-RBAC.bin": 0, "272-SafeMath.bin": 0, "272-ERC20Basic.bin": 0, "272-ERC20.bin": 0, "272-BasicToken.bin": 0, "272-StandardToken.bin": 0, "272-Pausable.bin": 0, "272-PausableToken.bin": 0, "272-BlackListToken.bin": 0, "272-TwoPhaseToken.bin": 0, "272-UpgradedStandardToken.bin": 0, "272-WitToken.bin": 0, "273-Ownable.bin": 0, "273-Pausable.bin": 0, "273-Destructible.bin": 0, "273-EDCoreInterface.bin": 0, "273-DungeonRunBeta.bin": 0, "274-IERC20.bin": 0, "274-SafeMath.bin": 0, "274-ERC20.bin": 0, "274-ERC20Detailed.bin": 0, "274-ERC20Burnable.bin": 0, "274-Roles.bin": 0, "274-MinterRole.bin": 0, "274-ERC20Mintable.bin": 0, "274-PauserRole.bin": 0, "274-Pausable.bin": 0, "274-Ownable.bin": 0, "274-ERC20PartialLock.bin": 0, "274-PUKAO.bin": 0, "275-ERC20.bin": 0, "275-IERC20.bin": 0, "275-SafeMath.bin": 0, "275-FomoFeast.bin": 1, "276-SafeMath.bin": 0, "276-Ownable.bin": 0, "276-Helper.bin": 0, "276-LNXtest.bin": 0, "277-SafeMath.bin": 0, "277-Ownable.bin": 0, "277-Roles.bin": 0, "277-MinterRole.bin": 0, "277-ReentrancyGuard.bin": 0, "277-CertificateControllerMock.bin": 0, "277-CertificateController.bin": 0, "277-IERC777TokensRecipient.bin": 0, "277-IERC777TokensSender.bin": 0, "277-IERC20.bin": 0, "277-IERC1410.bin": 0, "277-IERC777.bin": 0, "277-IERC1400.bin": 0, "277-ERC820Registry.bin": 0, "277-ERC820Client.bin": 0, "277-ERC777.bin": 0, "277-ERC1410.bin": 0, "277-ERC1400.bin": 0, "277-ERC1400ERC20.bin": 0, "278-BasicToken.bin": 0, "278-ERC20Basic.bin": 0, "278-SafeMath.bin": 0, "278-IERC20.bin": 0, "278-ERC20.bin": 1, "278-ERC20Detailed.bin": 1, "278-SimpleSwapCoin.bin": 1, "279-BasicToken.bin": 0, "279-ERC20Basic.bin": 0, "279-SafeMath.bin": 0, "279-FomoFeast.bin": 1, "280-SafeMath.bin": 0, "280-database.bin": 0, "280-topl_database_lib.bin": 0, "280-iconiq_data_pipe.bin": 0, "281-ERC20.bin": 0, "281-EIP20Interface.bin": 0, "281-Ownable.bin": 0, "281-Pausable.bin": 0, "281-SafeMath.bin": 0, "281-ERC20Interface.bin": 1, "281-ApproveAndCallFallBack.bin": 1, "281-Owned.bin": 1, "281-ForTheBlockchain.bin": 1, "282-IERC777.bin": 0, "282-IERC777Recipient.bin": 0, "282-IERC777Sender.bin": 0, "282-IERC20.bin": 0, "282-SafeMath.bin": 0, "282-Address.bin": 0, "282-IERC1820Registry.bin": 0, "282-ERC777.bin": 1, "282-Roles.bin": 0, "282-MinterRole.bin": 1, "282-PauserRole.bin": 1, "282-Pausable.bin": 1, "282-SKYBITToken.bin": 1, "283-EventMetadata.bin": 1, "283-Operated.bin": 1, "283-MultiHashWrapper.bin": 1, "283-iFactory.bin": 0, "283-ProofHash.bin": 1, "283-Template.bin": 1, "283-Post.bin": 1, "284-SafeMath.bin": 0, "284-ERC20Interface.bin": 1, "284-ApproveAndCallFallBack.bin": 1, "284-Owned.bin": 1, "284-ForTheBlockchain.bin": 1, "285-SafeMath.bin": 0, "285-FomoFeast.bin": 1, "286-SafeMath.bin": 0, "286-ERC721Interface.bin": 0, "286-ERC20.bin": 0, "286-Ownable.bin": 0, "286-NewAuctionContract.bin": 0, "286-ArconaMarketplaceContract.bin": 0}