{"1-SafeMath.bin": 0, "1-IERC20.bin": 0, "1-Ownable.bin": 1, "1-ERC20Detailed.bin": 1, "1-DanPanCoin.bin": 1, "2-ERC20Basic.bin": 0, "2-SafeMath.bin": 0, "2-BasicToken.bin": 0, "2-ERC20.bin": 0, "2-StandardToken.bin": 0, "2-Ownable.bin": 0, "2-Pausable.bin": 0, "2-PausableToken.bin": 0, "2-IRegistry.bin": 0, "2-IBrickblockToken.bin": 0, "2-AccessToken.bin": 0, "3-Owned.bin": 0, "3-IERC20.bin": 0, "3-SafeMath.bin": 0, "3-ERC20Detailed.bin": 1, "3-BIGBOMBv2.bin": 1, "4-Token.bin": 0, "4-SafeMath.bin": 0, "4-StandardToken.bin": 0, "4-GRO.bin": 0, "5-SafeMath.bin": 0, "5-EIP20Interface.bin": 1, "5-HotDollarsToken.bin": 1, "6-SafeMath.bin": 0, "6-Ownable.bin": 0, "6-Pausable.bin": 0, "6-TokenRepository.bin": 0, "6-ERC223Receiver.bin": 0, "6-ERC223Interface.bin": 0, "6-ERC223Token.bin": 0, "6-NAi.bin": 0, "7-LibBytes.bin": 0, "7-ReentrancyGuard.bin": 0, "7-SafeMath.bin": 0, "7-LibConstants.bin": 0, "7-LibEIP712.bin": 0, "7-LibFillResults.bin": 0, "7-LibMath.bin": 0, "7-LibOrder.bin": 0, "7-LibAbiEncoder.bin": 0, "7-IOwnable.bin": 0, "7-IAuthorizable.bin": 0, "7-IAssetProxy.bin": 0, "7-IValidator.bin": 0, "7-IWallet.bin": 0, "7-IExchangeCore.bin": 0, "7-IAssetProxyDispatcher.bin": 0, "7-IMatchOrders.bin": 0, "7-ISignatureValidator.bin": 0, "7-ITransactions.bin": 0, "7-IWrapperFunctions.bin": 0, "7-IExchange.bin": 0, "7-MExchangeCore.bin": 0, "7-MAssetProxyDispatcher.bin": 0, "7-MMatchOrders.bin": 0, "7-MSignatureValidator.bin": 0, "7-MTransactions.bin": 0, "7-MWrapperFunctions.bin": 0, "7-Ownable.bin": 0, "7-MixinExchangeCore.bin": 0, "7-MixinSignatureValidator.bin": 0, "7-MixinWrapperFunctions.bin": 0, "7-MixinTransactions.bin": 0, "7-MixinAssetProxyDispatcher.bin": 0, "7-MixinMatchOrders.bin": 0, "7-Exchange.bin": 0, "8-Ownable.bin": 0, "8-SafeMath.bin": 0, "8-ERC20Basic.bin": 0, "8-BasicToken.bin": 0, "8-ERC20.bin": 0, "8-StandardToken.bin": 0, "8-EtherRichLand.bin": 0, "9-JQToken.bin": 0, "9-Owned.bin": 0, "9-ERC20Interface.bin": 0, "9-IERC20.bin": 0, "9-SafeMath.bin": 0, "9-Ownable.bin": 1, "9-ERC20Detailed.bin": 1, "9-DanPanCoin.bin": 1, "10-Ownable.bin": 0, "10-Overflow.bin": 1, "11-SafeMath.bin": 0, "11-ERC20TokenInterface.bin": 1, "11-ERC20Token.bin": 1, "11-AsseteGram.bin": 1, "12-SafeMath.bin": 0, "12-ERC20Basic.bin": 0, "12-BasicToken.bin": 0, "12-ERC20.bin": 0, "12-StandardToken.bin": 0, "12-Ownable.bin": 0, "12-MintableToken.bin": 0, "12-CappedToken.bin": 0, "12-BurnableToken.bin": 0, "12-Pausable.bin": 0, "12-PausableToken.bin": 0, "12-SafeERC20.bin": 0, "12-TokenTimelock.bin": 0, "12-MaxToken.bin": 0, "13-SafeMath.bin": 0, "13-Ownable.bin": 0, "13-Helper.bin": 0, "13-LINIX.bin": 0, "14-SafeMath.bin": 0, "14-EventMetadata.bin": 1, "14-Operated.bin": 1, "14-ProofHashes.bin": 1, "14-MultiHashWrapper.bin": 1, "14-iFactory.bin": 0, "14-Template.bin": 1, "14-Feed.bin": 1, "15-ERC20Interface.bin": 0, "15-PetTokenSupply.bin": 0, "15-Owned.bin": 0, "15-IERC20.bin": 0, "15-SafeMath.bin": 0, "15-ERC20Detailed.bin": 1, "15-BIGBOMBv2.bin": 1, "16-SafeMath.bin": 0, "16-ItemsInterfaceForEternalStorage.bin": 0, "16-EternalStorage.bin": 0, "17-ERC20Basic.bin": 0, "17-ERC20.bin": 0, "17-SafeMath.bin": 0, "17-StandardToken.bin": 0, "17-BurnableToken.bin": 0, "17-UpgradeAgent.bin": 0, "17-UpgradeableToken.bin": 0, "17-Ownable.bin": 0, "17-ReleasableToken.bin": 0, "17-SafeMathLib.bin": 0, "17-MintableToken.bin": 0, "17-CrowdsaleToken.bin": 0, "17-BurnableCrowdsaleToken.bin": 0, "18-safemath.bin": 0, "18-IntegerOverflowMinimal.bin": 1, "19-IERC20.bin": 0, "19-Roles.bin": 0, "19-MinterRole.bin": 0, "19-ERC20.bin": 0, "19-ERC20Mintable.bin": 0, "19-ERC20Capped.bin": 0, "19-SafeMath.bin": 0, "19-PauserRole.bin": 0, "19-Pausable.bin": 0, "19-ERC20Pausable.bin": 0, "19-ERC20Burnable.bin": 0, "19-ERC20Detailed.bin": 0, "19-MTB19.bin": 0, "20-HERC20.bin": 0, "20-SafeMath.bin": 0, "20-ERC20.bin": 0, "20-Ownable.bin": 0, "20-Pausable.bin": 0, "20-Blacklistable.bin": 0, "20-LakesCash.bin": 0, "21-SafeMath.bin": 0, "21-ERC20Interface.bin": 0, "21-Owned.bin": 0, "21-InchWormVaultLiveTest.bin": 0, "22-SafeMath.bin": 0, "22-FomoFeast.bin": 1, "23-Ownable.bin": 0, "23-CareerOnToken.bin": 1, "24-SafeMath.bin": 0, "24-Ownable.bin": 1, "24-TokenERC20.bin": 1, "24-YFT.bin": 1, "25-SafeMath.bin": 0, "25-IERC20.bin": 0, "25-ERC20Pistachio.bin": 0, "25-ERC20Burnable.bin": 0, "25-Roles.bin": 0, "25-MinterRole.bin": 0, "25-ERC20Mintable.bin": 0, "25-PauserRole.bin": 0, "25-Pausable.bin": 0, "25-ERC20Chocolate.bin": 0, "26-StockBet.bin": 1, "27-IERC20.bin": 0, "27-SafeMath.bin": 0, "27-ERC20Detailed.bin": 1, "27-BIGBOMBv2.bin": 1, "28-Owned.bin": 1, "28-SafeMath.bin": 0, "28-Token.bin": 1, "28-Staking.bin": 1, "29-SafeMath.bin": 0, "29-ERC20.bin": 0, "29-FiatContract.bin": 0, "29-P1Token.bin": 0, "30-SafeMath.bin": 0, "30-ERC20Basic.bin": 0, "30-BasicToken.bin": 0, "30-ERC20.bin": 0, "30-StandardToken.bin": 0, "30-SafeERC20.bin": 0, "30-Owned.bin": 0, "30-TokenVesting.bin": 0, "30-TokenVault.bin": 0, "30-BurnableToken.bin": 0, "30-JEC_Token.bin": 0, "31-SafeMath.bin": 0, "31-IERC20.bin": 0, "31-ERC20.bin": 1, "31-ERC20Burnable.bin": 1, "31-ERC20Detailed.bin": 1, "31-AGR.bin": 1, "32-Ownable.bin": 1, "32-SafeMath.bin": 0, "32-LollypopToken.bin": 1, "33-IERC20.bin": 0, "33-ERC20.bin": 0, "33-SafeMath.bin": 0, "33-owned.bin": 1, "33-ethBank.bin": 1, "34-Ownable.bin": 0, "34-Claimable.bin": 0, "34-ERC20Basic.bin": 0, "34-ERC20.bin": 0, "34-SafeERC20.bin": 0, "34-CanReclaimToken.bin": 0, "34-OwnableContract.bin": 0, "34-ControllerInterface.bin": 0, "34-Factory.bin": 0, "35-SafeMath.bin": 0, "35-ERC20.bin": 0, "35-FiatContract.bin": 0, "35-SocialActivityToken.bin": 0, "36-SafeMath.bin": 0, "36-IERC20.bin": 0, "36-UBBCToken.bin": 1, "37-Overflow.bin": 1, "38-SafeMath.bin": 0, "38-ERC20Basic.bin": 0, "38-BasicToken.bin": 0, "38-ERC20.bin": 0, "38-StandardToken.bin": 0, "38-SafeERC20.bin": 0, "38-Owned.bin": 0, "38-TokenVesting.bin": 0, "38-TokenVault.bin": 0, "38-BurnableToken.bin": 0, "38-BKC_Token.bin": 0, "39-SafeMath.bin": 0, "39-CareerOnToken.bin": 1, "40-Freezable.bin": 0, "40-IERC20.bin": 0, "40-ERC20.bin": 0, "40-EventMetadata.bin": 1, "40-Operated.bin": 1, "40-ProofHashes.bin": 1, "40-MultiHashWrapper.bin": 1, "40-iFactory.bin": 0, "40-Template.bin": 1, "40-Feed.bin": 1, "41-ERC20Interface.bin": 1, "41-AcunarToken.bin": 1, "41-AcunarIEO.bin": 1, "42-tokenRecipient.bin": 0, "42-MD.bin": 1, "43-Owned.bin": 1, "43-SafeMath.bin": 0, "43-Token.bin": 1, "43-Staking.bin": 1, "44-SafeMath.bin": 0, "44-ERC20Basic.bin": 0, "44-BasicToken.bin": 0, "44-BurnableToken.bin": 0, "44-ERC20.bin": 0, "44-StandardToken.bin": 0, "44-Ownable.bin": 0, "44-Pausable.bin": 0, "44-PausableToken.bin": 0, "44-MintableAndPausableToken.bin": 0, "44-TokenUpgrader.bin": 0, "44-UpgradeableToken.bin": 0, "44-Token.bin": 0, "45-IERC20.bin": 0, "45-SafeMath.bin": 0, "45-Roles.bin": 0, "45-ERC20.bin": 0, "45-ERC20Burnable.bin": 0, "45-MinterRole.bin": 0, "45-ERC20Mintable.bin": 0, "45-RoobeeToken.bin": 0, "45-CallReceiver.bin": 0, "46-topl_database_lib.bin": 0, "46-database.bin": 0, "46-SafeMath.bin": 0, "46-ERC20Basic.bin": 0, "46-BasicToken.bin": 0, "46-ERC20.bin": 0, "46-StandardToken.bin": 0, "46-Ownable.bin": 0, "46-Pausable.bin": 0, "46-PausableToken.bin": 1, "46-BecToken.bin": 0, "47-GigsToken.bin": 0, "47-TimeLock.bin": 1, "48-Roles.bin": 0, "48-PauserRole.bin": 0, "48-IERC20.bin": 0, "48-ERC20Detailed.bin": 0, "48-SafeMath.bin": 0, "48-ERC20.bin": 0, "48-Pausable.bin": 0, "48-ERC20Pausable.bin": 0, "48-DeepCloud.bin": 0, "49-SafeMath.bin": 0, "49-IERC20.bin": 0, "49-ERC20Detailed.bin": 0, "49-ERC20.bin": 0, "49-Roles.bin": 0, "49-PauserRole.bin": 0, "49-Pausable.bin": 0, "49-ERC20Pausable.bin": 0, "49-MinterRole.bin": 0, "49-ERC20Mintable.bin": 0, "49-Ownable.bin": 0, "49-IWhitelist.bin": 0, "49-BurnerRole.bin": 0, "49-ERC20Burnable.bin": 0, "49-ERC20Whitelistable.bin": 0, "49-CanReclaimEther.bin": 0, "49-SafeERC20.bin": 0, "49-CanReclaimToken.bin": 0, "49-LeveragedToken.bin": 0, "50-SafeMath.bin": 0, "50-ERC20Basic.bin": 0, "50-ERC20.bin": 0, "50-BasicToken.bin": 0, "50-BurnableToken.bin": 0, "50-StandardToken.bin": 0, "50-Ownable.bin": 0, "50-Pausable.bin": 0, "50-PausableToken.bin": 0, "50-DistributableAndPausableToken.bin": 0, "50-TokenUpgrader.bin": 0, "50-UpgradeableToken.bin": 0, "50-Token.bin": 0, "51-BasicToken.bin": 0, "51-Pausable.bin": 0, "51-ERC20Basic.bin": 0, "51-Ownable.bin": 0, "51-Overflow.bin": 1, "52-Ownable.bin": 0, "52-IERC20.bin": 0, "52-ERC20Detailed.bin": 0, "52-SafeMath.bin": 0, "52-ERC20.bin": 0, "52-Roles.bin": 0, "52-MinterRole.bin": 0, "52-ERC20Mintable.bin": 0, "52-ERC20Burnable.bin": 0, "52-Loche.bin": 0, "53-SafeMath.bin": 0, "53-ERC20Interface.bin": 1, "53-ApproveAndCallFallBack.bin": 1, "53-Owned.bin": 1, "53-ForTheBlockchain.bin": 1, "54-SafeMath.bin": 0, "54-IERC20.bin": 0, "54-ERC20.bin": 1, "54-ERC20Detailed.bin": 1, "54-SimpleSwapCoin.bin": 1, "55-SafeMath.bin": 0, "55-owned.bin": 0, "55-tokenRecipient.bin": 0, "55-ParsecTokenERC20.bin": 0, "55-ParsecPresale.bin": 0, "56-Originstamp.bin": 0, "56-Ownable.bin": 1, "56-TokenERC20.bin": 1, "56-YFT.bin": 1, "57-ERC20.bin": 0, "57-IERC20.bin": 0, "57-Token.bin": 1, "58-BasicToken.bin": 0, "58-ERC20Basic.bin": 0, "58-EventMetadata.bin": 1, "58-Operated.bin": 1, "58-MultiHashWrapper.bin": 1, "58-iFactory.bin": 0, "58-ProofHash.bin": 1, "58-Template.bin": 1, "58-Post.bin": 1, "59-Owned.bin": 0, "59-IERC20.bin": 0, "59-SafeMath.bin": 0, "59-ERC20.bin": 1, "59-ERC20Burnable.bin": 1, "59-ERC20Detailed.bin": 1, "59-AGR.bin": 1, "60-Ownable.bin": 0, "60-SafeMath.bin": 0, "60-ERC20.bin": 1, "60-ERC223ReceivingContract.bin": 1, "60-ERC223.bin": 1, "60-ERC223Token.bin": 1, "60-Owned.bin": 1, "60-Grand.bin": 1, "61-SafeERC20.bin": 0, "61-ERC20.bin": 0, "61-ERC20Basic.bin": 0, "61-IntegerOverflowMultiTxOneFuncFeasible.bin": 1, "62-Ownable.bin": 0, "62-ETHERCFeeModifiers.bin": 0, "62-IntegerOverflowMul.bin": 1, "63-SafeMath.bin": 0, "63-ERC20TokenInterface.bin": 1, "63-ERC20Token.bin": 1, "63-AsseteGram.bin": 1, "64-Ownable.bin": 0, "64-Pausable.bin": 0, "64-SafeMath.bin": 0, "64-ERC20Basic.bin": 0, "64-BasicToken.bin": 0, "64-ERC20.bin": 0, "64-StandardToken.bin": 0, "64-PausableToken.bin": 0, "64-BrickblockToken.bin": 0, "65-ECRecovery.bin": 0, "65-SafeMath.bin": 0, "65-Roles.bin": 0, "65-IERC20.bin": 0, "65-ERC20.bin": 0, "65-Ownable.bin": 0, "65-MinterRole.bin": 0, "65-Mintable.bin": 0, "65-Pausable.bin": 0, "65-Burnable.bin": 0, "65-Lockable.bin": 0, "65-DelegatorRole.bin": 0, "65-Delegatable.bin": 0, "65-TrancheToken.bin": 0, "66-Ownable.bin": 0, "66-SafeMath.bin": 0, "66-CommunityVesting.bin": 0, "66-EcosystemVesting.bin": 0, "66-SeedPrivateAdvisorVesting.bin": 0, "66-TeamVesting.bin": 0, "66-TokenInterface.bin": 0, "66-Vesting.bin": 0, "67-Ownable.bin": 0, "67-Pausable.bin": 0, "67-SafeMath.bin": 0, "67-ERC20Basic.bin": 0, "67-BasicToken.bin": 0, "67-ERC20.bin": 0, "67-StandardToken.bin": 0, "67-PausableToken.bin": 0, "67-MintableAndPausableToken.bin": 0, "67-TokenUpgrader.bin": 0, "67-UpgradeableToken.bin": 0, "67-Token.bin": 0, "68-ERC20.bin": 0, "68-SafeMath.bin": 0, "68-StandardToken.bin": 0, "68-UpgradeAgent.bin": 0, "68-UpgradeableToken.bin": 0, "68-Ownable.bin": 0, "68-ReleasableToken.bin": 0, "68-SafeMathLib.bin": 0, "68-MintableToken.bin": 0, "68-CrowdsaleToken.bin": 0, "69-ERC20.bin": 0, "69-IERC20.bin": 0, "69-owned.bin": 1, "69-tokenRecipient.bin": 1, "69-Token.bin": 1, "69-SafeMath.bin": 0, "69-MindsyncPlatform.bin": 1, "70-Ownable.bin": 0, "70-EIP20Interface.bin": 1, "70-HotDollarsToken.bin": 1, "71-SafeMath.bin": 0, "71-OwnerHelper.bin": 0, "71-ERC20Interface.bin": 0, "71-LINIXToken.bin": 0, "72-SafeMath.bin": 0, "72-Ownable.bin": 1, "72-ChannelWallet.bin": 1, "73-Ownable.bin": 0, "73-IntegerOverflowAdd.bin": 1, "74-Free_Ether_A_Day_Funds_Return.bin": 0, "74-SafeMath.bin": 0, "74-ERC20Basic.bin": 0, "74-BasicToken.bin": 0, "74-ERC20.bin": 0, "74-StandardToken.bin": 0, "74-Ownable.bin": 0, "74-Pausable.bin": 0, "74-PausableToken.bin": 1, "74-BecToken.bin": 0, "75-digitalNotary.bin": 1, "76-SafeMath.bin": 0, "76-IntegerOverflowAdd.bin": 1, "77-SafeMath.bin": 0, "77-CareerOnToken.bin": 1, "78-SafeMath.bin": 0, "78-Roles.bin": 0, "78-CapperRole.bin": 0, "78-PauserRole.bin": 0, "78-Pausable.bin": 0, "78-MinterRole.bin": 0, "78-IERC20.bin": 0, "78-ERC20.bin": 0, "78-ERC20Mintable.bin": 0, "78-ERC20Burnable.bin": 0, "78-ERC20Capped.bin": 0, "78-ERC20Pausable.bin": 0, "78-Ownable.bin": 0, "78-BlueseedsToken.bin": 0, "79-IERC20.bin": 0, "79-ERC20.bin": 0, "79-SafeMath.bin": 0, "79-FomoFeast.bin": 1, "80-SafeMath.bin": 0, "80-ItemsInterfaceForEternalStorage.bin": 0, "80-EternalStorage.bin": 0, "81-SafeMath.bin": 0, "81-IERC20.bin": 0, "81-ERC20Detailed.bin": 1, "81-HYDROGEN.bin": 1, "82-SafeMath.bin": 0, "82-Ownable.bin": 0, "82-IgfContract.bin": 0, "83-Ownable.bin": 0, "83-IntegerOverflowBenign1.bin": 1, "84-SafeMath.bin": 0, "84-IntegerOverflowMultiTxMultiFuncFeasible.bin": 1, "85-Ownable.bin": 0, "85-Pausable.bin": 0, "85-Destructible.bin": 0, "85-EDCoreInterface.bin": 0, "85-DungeonRunCore.bin": 0, "86-SafeMath.bin": 0, "86-ERC20Basic.bin": 0, "86-ERC20.bin": 0, "86-BasicToken.bin": 0, "86-StandardToken.bin": 0, "86-BBIToken.bin": 0, "87-SafeMath.bin": 0, "87-owned.bin": 1, "87-ERC20Essential.bin": 0, "87-BitpayerDEX.bin": 1, "88-SafeMath.bin": 0, "88-owned.bin": 0, "88-tokenRecipient.bin": 0, "88-ParsecTokenERC20.bin": 0, "88-ParsecCrowdsale.bin": 0, "89-SafeMath.bin": 0, "89-Token.bin": 1, "90-SafeMath.bin": 0, "90-OwnerHelper.bin": 0, "90-ERC20Interface.bin": 0, "90-LINIXToken.bin": 0, "91-SafeMath.bin": 0, "91-IERC20.bin": 0, "91-Ownable.bin": 1, "91-ERC20Detailed.bin": 1, "91-DanPanCoin.bin": 1, "92-SafeMath.bin": 0, "92-Ownable.bin": 1, "92-TokenERC20.bin": 1, "92-XLToken.bin": 1, "93-IERC20.bin": 0, "93-PHO.bin": 1, "94-Owned.bin": 0, "94-ERC20Interface.bin": 0, "94-BlumeToken.bin": 0, "94-SafeMath.bin": 0, "94-IntegerOverflowAdd.bin": 1, "95-Ownable.bin": 0, "95-Pausable.bin": 0, "95-Destructible.bin": 0, "95-EDCoreInterface.bin": 0, "95-DungeonRunBeta.bin": 0, "96-ERC20.bin": 0, "96-SafeMath.bin": 0, "96-StandardToken.bin": 0, "96-BurnableToken.bin": 0, "96-UpgradeAgent.bin": 0, "96-UpgradeableToken.bin": 0, "96-Ownable.bin": 0, "96-ReleasableToken.bin": 0, "96-SafeMathLib.bin": 0, "96-MintableToken.bin": 0, "96-CrowdsaleToken.bin": 0, "96-BurnableCrowdsaleToken.bin": 0, "97-ERC20Basic.bin": 0, "97-SafeMath.bin": 0, "97-BasicToken.bin": 0, "97-ERC20.bin": 0, "97-StandardToken.bin": 0, "97-StandardTokenExt.bin": 0, "97-BurnableToken.bin": 0, "97-UpgradeAgent.bin": 0, "97-UpgradeableToken.bin": 0, "97-Ownable.bin": 0, "97-ReleasableToken.bin": 0, "97-SafeMathLib.bin": 0, "97-MintableToken.bin": 0, "97-CrowdsaleToken.bin": 0, "97-AnyCoin.bin": 0, "98-SafeMath.bin": 0, "98-FomoFeast.bin": 1, "99-SafeMath.bin": 0, "99-Ownable.bin": 0, "99-ERC20Basic.bin": 0, "99-ERC20.bin": 0, "99-DetailedERC20.bin": 0, "99-BasicToken.bin": 0, "99-StandardToken.bin": 0, "99-UnlimitedAllowanceToken.bin": 0, "99-BZRxToken.bin": 0, "100-Owned.bin": 0, "100-Token.bin": 1, "101-Ownable.bin": 0, "101-ERC20.bin": 0, "101-WithToken.bin": 0, "101-SSPTypeAware.bin": 0, "101-SSPRegistry.bin": 0, "101-PublisherRegistry.bin": 0, "101-DSPTypeAware.bin": 0, "101-DSPRegistry.bin": 0, "101-DepositRegistry.bin": 0, "101-AuditorRegistry.bin": 0, "101-DepositAware.bin": 0, "101-SecurityDepositAware.bin": 0, "101-AuditorRegistrar.bin": 0, "101-DSPRegistrar.bin": 0, "101-PublisherRegistrar.bin": 0, "101-SSPRegistrar.bin": 0, "101-ChannelApi.bin": 0, "101-RegistryProvider.bin": 0, "101-StateChannelListener.bin": 0, "101-PapyrusDAO.bin": 0, "102-SafeMath.bin": 0, "102-Ownable.bin": 0, "102-PausableOnce.bin": 0, "102-ERC20Basic.bin": 0, "102-BasicToken.bin": 0, "102-ERC20.bin": 0, "102-StandardToken.bin": 0, "102-InterfaceUpgradeAgent.bin": 0, "102-UpgradableToken.bin": 0, "102-Withdrawable.bin": 0, "102-CtdToken.bin": 0, "103-SafeMath.bin": 0, "103-ERC20.bin": 0, "103-SPCoin.bin": 0, "104-SafeMath.bin": 0, "104-ERC20Basic.bin": 0, "104-BasicToken.bin": 0, "104-ERC20.bin": 0, "104-StandardToken.bin": 0, "104-Ownable.bin": 0, "104-Pausable.bin": 0, "104-PausableToken.bin": 1, "104-BecToken.bin": 0, "105-SafeMath.bin": 0, "105-ERC20.bin": 0, "105-SPCoin.bin": 0, "106-SafeERC20.bin": 0, "106-IERC20.bin": 0, "106-Ownable.bin": 1, "106-TokenERC20.bin": 1, "106-YFT.bin": 1, "107-IERC20.bin": 0, "107-SafeMath.bin": 0, "107-ERC20.bin": 0, "107-GrowToken.bin": 0, "108-EqwityToken.bin": 0, "108-Owned.bin": 0, "108-ERC20Interface.bin": 0, "108-IERC20.bin": 0, "108-SafeMath.bin": 0, "108-ERC20Detailed.bin": 1, "108-HYDROGEN.bin": 1, "109-Ownable.bin": 0, "109-Roles.bin": 0, "109-PauserRole.bin": 0, "109-Pausable.bin": 0, "109-COORole.bin": 0, "109-ReentrancyGuard.bin": 0, "109-SafeMath.bin": 0, "109-KittyBountiesAdmin.bin": 0, "109-KittyCore.bin": 0, "109-KittyBounties.bin": 0, "110-Ownable.bin": 0, "110-SketchMarket.bin": 0, "111-SafeMath.bin": 0, "111-IntegerOverflowMul.bin": 1, "112-Token.bin": 0, "112-SafeMath.bin": 0, "112-StandardToken.bin": 0, "112-GRO.bin": 0, "113-SafeMath.bin": 0, "113-FomoFeast.bin": 1, "114-SafeMath.bin": 0, "114-CareerOnToken.bin": 1, "115-SafeMath.bin": 0, "115-Ownable.bin": 0, "115-IErc20.bin": 0, "115-Monetary.bin": 0, "115-IPriceOracle.bin": 0, "115-Require.bin": 0, "115-Math.bin": 0, "115-Time.bin": 0, "115-IMakerOracle.bin": 0, "115-IOasisDex.bin": 0, "115-DaiPriceOracle.bin": 0, "116-SafeMath.bin": 0, "116-ERC20Interface.bin": 0, "116-ERC20Token.bin": 0, "116-Owned.bin": 0, "116-OpsManaged.bin": 0, "116-Finalizable.bin": 0, "116-FinalizableToken.bin": 0, "116-TokenConfig.bin": 0, "116-SLSToken.bin": 0, "117-SafeMath.bin": 0, "117-IERC20.bin": 0, "117-PHO.bin": 1, "118-P3XRoll.bin": 0, "118-IP3X.bin": 0, "118-SafeMath.bin": 0, "119-ERC20Basic.bin": 0, "119-ERC20.bin": 0, "119-SafeMath.bin": 0, "119-StandardToken.bin": 0, "119-BurnableToken.bin": 0, "119-UpgradeAgent.bin": 0, "119-UpgradeableToken.bin": 0, "119-Ownable.bin": 0, "119-ReleasableToken.bin": 0, "119-SafeMathLib.bin": 0, "119-MintableToken.bin": 0, "119-CrowdsaleToken.bin": 0, "119-BurnableCrowdsaleToken.bin": 0, "120-SafeMath.bin": 0, "120-ContractReceiver.bin": 0, "120-PetToken.bin": 0, "121-SafeMath.bin": 0, "121-ERC721Interface.bin": 0, "121-ERC20.bin": 0, "121-Ownable.bin": 0, "121-NewAuctionContract.bin": 0, "121-AuctionContract.bin": 0, "122-SafeMath.bin": 0, "122-Ownable.bin": 0, "122-ERC20Basic.bin": 0, "122-ERC20.bin": 0, "122-DetailedERC20.bin": 0, "122-BasicToken.bin": 0, "122-StandardToken.bin": 0, "122-UnlimitedAllowanceToken.bin": 0, "122-BZRxToken.bin": 0, "122-BZRxTransferProxy.bin": 0, "123-multiSend.bin": 0, "123-SafeMath.bin": 0, "123-owned.bin": 1, "123-ethBank.bin": 1, "124-SafeMath.bin": 0, "124-IERC20.bin": 0, "124-ERC20Detailed.bin": 1, "124-HYDROGEN.bin": 1, "125-IERC20.bin": 0, "125-PauserRole.bin": 0, "125-Roles.bin": 0, "125-SafeMath.bin": 0, "125-ERC20.bin": 0, "125-MinterRole.bin": 0, "125-ERC20Mintable.bin": 0, "125-ERC20Burnable.bin": 0, "125-Pausable.bin": 0, "125-ERC20Pausable.bin": 0, "125-ERC20Detailed.bin": 0, "125-Ownable.bin": 0, "125-Migrations.bin": 0, "125-ELToken.bin": 0, "126-NokuPricingPlan.bin": 0, "126-Ownable.bin": 0, "126-Pausable.bin": 0, "126-SafeMath.bin": 0, "126-ERC20Basic.bin": 0, "126-ERC20.bin": 0, "126-BurnableERC20.bin": 0, "126-NokuTokenBurner.bin": 0, "126-BasicToken.bin": 0, "126-BurnableToken.bin": 0, "126-DetailedERC20.bin": 0, "126-StandardToken.bin": 0, "126-MintableToken.bin": 0, "126-NokuCustomERC20.bin": 0, "126-NokuCustomERC20Service.bin": 0, "127-IERC20.bin": 0, "127-SafeMath.bin": 0, "127-ERC20.bin": 0, "127-ERC20Detailed.bin": 0, "127-ERC20Burnable.bin": 0, "127-Roles.bin": 0, "127-MinterRole.bin": 0, "127-ERC20Mintable.bin": 0, "127-PauserRole.bin": 0, "127-Pausable.bin": 0, "127-ERC20PartialLock.bin": 0, "127-LXANK.bin": 0, "128-CrabFarm.bin": 0, "128-Token.bin": 1, "129-Ownable.bin": 0, "129-LinkedList.bin": 0, "129-ERC20Basic.bin": 0, "129-SafeMath.bin": 0, "129-BasicToken.bin": 0, "129-ERC20.bin": 0, "129-StandardToken.bin": 0, "129-Pausable.bin": 0, "129-PausableToken.bin": 0, "129-BurnableToken.bin": 0, "129-RepublicToken.bin": 0, "129-DarknodeRegistryStore.bin": 0, "130-SafeMath.bin": 0, "130-IERC20.bin": 0, "130-Ownable.bin": 1, "130-ERC20Detailed.bin": 1, "130-DanPanCoin.bin": 1, "131-SafeMath.bin": 0, "131-Ownable.bin": 0, "131-Roles.bin": 0, "131-MinterRole.bin": 0, "131-ReentrancyGuard.bin": 0, "131-CertificateControllerMock.bin": 0, "131-CertificateController.bin": 0, "131-IERC777TokensRecipient.bin": 0, "131-IERC777TokensSender.bin": 0, "131-IERC1410.bin": 0, "131-IERC777.bin": 0, "131-IERC1400.bin": 0, "131-ERC820Registry.bin": 0, "131-ERC820Client.bin": 0, "131-ERC777.bin": 0, "131-ERC1410.bin": 0, "131-ERC1400.bin": 0, "132-SafeMath.bin": 0, "132-TimeLock.bin": 1, "133-IERC20.bin": 0, "133-ERC20.bin": 0, "133-SafeMath.bin": 0, "133-ERC20Interface.bin": 1, "133-ApproveAndCallFallBack.bin": 1, "133-Owned.bin": 1, "133-ForTheBlockchain.bin": 1, "134-SafeMath.bin": 0, "134-Ownable.bin": 0, "134-Pausable.bin": 0, "134-ERC20Basic.bin": 0, "134-BasicToken.bin": 0, "134-ERC20.bin": 0, "134-StandardToken.bin": 0, "134-PausableToken.bin": 0, "134-CostumeToken.bin": 0, "134-Crowdsale.bin": 0, "135-EventMetadata.bin": 1, "135-Operated.bin": 1, "135-ProofHashes.bin": 1, "135-MultiHashWrapper.bin": 1, "135-iFactory.bin": 0, "135-Template.bin": 1, "135-Feed.bin": 1, "136-SafeMath.bin": 0, "136-ERC20Basic.bin": 0, "136-BasicToken.bin": 0, "136-ERC20.bin": 0, "136-StandardToken.bin": 0, "136-SafeERC20.bin": 0, "136-TokenTimelock.bin": 0, "136-Owned.bin": 0, "136-TokenVault.bin": 0, "136-BurnableToken.bin": 0, "136-IdealCoinToken.bin": 0, "137-AbstractToken.bin": 0, "137-Owned.bin": 0, "137-SafeMath.bin": 0, "137-StandardToken.bin": 0, "137-Token.bin": 0, "137-GenesisCryptoTechnology.bin": 0, "138-SafeMath.bin": 0, "138-Ownable.bin": 0, "138-IERC20.bin": 0, "138-ERC20.bin": 0, "138-ERC20Detailed.bin": 0, "138-HatchToken.bin": 0, "139-Ownable.bin": 0, "139-Roles.bin": 0, "139-RBAC.bin": 0, "139-SafeMath.bin": 0, "139-ERC20Basic.bin": 0, "139-ERC20.bin": 0, "139-BasicToken.bin": 0, "139-StandardToken.bin": 0, "139-Pausable.bin": 0, "139-PausableToken.bin": 0, "139-BlackListToken.bin": 0, "139-TwoPhaseToken.bin": 0, "139-UpgradedStandardToken.bin": 0, "139-WithToken.bin": 0, "140-Ownable.bin": 1, "140-IERC20.bin": 0, "140-SafeMath.bin": 0, "140-ERC20Detailed.bin": 1, "140-DanPanCoin.bin": 1, "141-SafeMath.bin": 0, "141-ERC20Interface.bin": 0, "141-admined.bin": 0, "141-ICO.bin": 0, "142-OCW.bin": 0, "142-SafeMath.bin": 0, "142-ERC20.bin": 1, "142-ERC223ReceivingContract.bin": 1, "142-ERC223.bin": 1, "142-ERC223Token.bin": 1, "142-Owned.bin": 1, "142-Grand.bin": 1, "143-ERC165.bin": 0, "143-IERC721.bin": 0, "143-IERC165.bin": 0, "143-ERC721.bin": 0, "143-SafeMath.bin": 0, "143-IERC20.bin": 0, "143-UBBCToken.bin": 1, "144-IERC20.bin": 0, "144-ERC20Detailed.bin": 0, "144-SafeMath.bin": 0, "144-ERC20.bin": 0, "144-Roles.bin": 0, "144-PauserRole.bin": 0, "144-Pausable.bin": 0, "144-ERC20Pausable.bin": 0, "144-Ownable.bin": 0, "144-SDCToken.bin": 0, "145-IERC20.bin": 0, "145-SafeMath.bin": 0, "145-ERC20.bin": 0, "145-ERC20Detailed.bin": 0, "145-Roles.bin": 0, "145-MinterRole.bin": 0, "145-ERC20Mintable.bin": 0, "145-ERC20Burnable.bin": 0, "145-CnabToken.bin": 0, "146-SafeMath.bin": 0, "146-TimeLock.bin": 1, "147-SafeMath.bin": 0, "147-Ownable.bin": 0, "147-ERC20Basic.bin": 0, "147-BasicToken.bin": 0, "147-BurnableToken.bin": 0, "147-DescriptiveToken.bin": 0, "147-MintableToken.bin": 0, "147-CappedMintableToken.bin": 0, "147-ERC20.bin": 0, "147-StandardToken.bin": 0, "147-ReleasableToken.bin": 0, "147-OnLiveToken.bin": 0, "148-SafeMath.bin": 0, "148-IERC20.bin": 0, "148-ERC20.bin": 1, "148-ERC20Detailed.bin": 1, "148-SimpleSwapCoin.bin": 1, "149-Ownable.bin": 0, "149-Pausable.bin": 0, "149-Destructible.bin": 0, "149-EDCoreInterface.bin": 0, "149-DungeonRunAlpha.bin": 0, "150-SafeMath.bin": 0, "150-ERC20.bin": 0, "150-ReserveToken.bin": 0, "150-EtherDelta.bin": 0, "151-HelloChicken.bin": 0, "151-SafeMath.bin": 0, "151-ERC20Basic.bin": 0, "151-BasicToken.bin": 0, "151-ERC20.bin": 0, "151-StandardToken.bin": 0, "151-Ownable.bin": 0, "151-Pausable.bin": 0, "151-PausableToken.bin": 1, "151-BecToken.bin": 0, "152-SafeMath.bin": 0, "152-Roles.bin": 0, "152-PauserRole.bin": 0, "152-Pausable.bin": 0, "152-Ownable.bin": 0, "152-KittyBountiesAdmin.bin": 0, "152-KittyCore.bin": 0, "152-KittyBounties.bin": 0, "153-ERC20.bin": 0, "153-SafeMath.bin": 0, "153-StandardToken.bin": 0, "153-BurnableToken.bin": 0, "153-UpgradeAgent.bin": 0, "153-UpgradeableToken.bin": 0, "153-Ownable.bin": 0, "153-ReleasableToken.bin": 0, "153-SafeMathLib.bin": 0, "153-MintableToken.bin": 0, "153-CrowdsaleToken.bin": 0, "153-BurnableCrowdsaleToken.bin": 0, "154-IConnections.bin": 0, "154-Connections.bin": 0, "155-SafeMath.bin": 0, "155-Ownable.bin": 0, "155-Pausable.bin": 0, "155-ERC20Basic.bin": 0, "155-BasicToken.bin": 0, "155-ERC20.bin": 0, "155-StandardToken.bin": 0, "155-BurnableToken.bin": 0, "155-MintableToken.bin": 0, "155-CappedToken.bin": 0, "155-PausableToken.bin": 0, "155-CryptoControlToken.bin": 0, "155-UpgradedStandardToken.bin": 0, "156-Token.bin": 0, "156-AbstractToken.bin": 0, "156-SafeMath.bin": 0, "156-tokenRecipient.bin": 0, "156-MD.bin": 1, "157-AbstractToken.bin": 0, "157-MDC.bin": 0, "157-Token.bin": 0, "157-SafeMath.bin": 0, "157-tokenRecipient.bin": 0, "157-MD.bin": 1, "158-SafeMath.bin": 0, "158-ERC20Basic.bin": 0, "158-BasicToken.bin": 0, "158-ERC20.bin": 0, "158-StandardToken.bin": 0, "158-SafeERC20.bin": 0, "158-Owned.bin": 0, "158-TokenVesting.bin": 0, "158-TokenVault.bin": 0, "158-BurnableToken.bin": 0, "158-BKB_Token.bin": 0, "159-ERC20Interface.bin": 0, "159-Owned.bin": 0, "159-FixedSupplyToken.bin": 0, "159-SafeMath.bin": 0, "159-IERC20.bin": 0, "159-ERC20.bin": 1, "159-ERC20Detailed.bin": 1, "159-SimpleSwapCoin.bin": 1, "160-Owned.bin": 0, "160-IERC20.bin": 0, "160-SafeMath.bin": 0, "160-Ownable.bin": 1, "160-ERC20Detailed.bin": 1, "160-DanPanCoin.bin": 1, "161-SafeMath.bin": 0, "161-Roles.bin": 0, "161-PauserRole.bin": 0, "161-AdministratorRole.bin": 0, "161-Ownable.bin": 0, "161-Pausable.bin": 0, "161-IERC20.bin": 0, "161-ERC20.bin": 0, "161-ERC20Detailed.bin": 0, "161-ETMToken.bin": 0, "162-SafeMath.bin": 0, "162-ERC20Basic.bin": 0, "162-BasicToken.bin": 0, "162-ERC20.bin": 0, "162-StandardToken.bin": 0, "162-SafeERC20.bin": 0, "162-Owned.bin": 0, "162-TokenVesting.bin": 0, "162-TokenVault.bin": 0, "162-BurnableToken.bin": 0, "162-ZTC_Token.bin": 0, "163-RTCoinInterface.bin": 0, "163-ERC20Interface.bin": 0, "163-SafeMath.bin": 0, "163-Stake.bin": 0, "164-IERC20.bin": 0, "164-SafeMath.bin": 0, "164-ERC20.bin": 0, "164-Roles.bin": 0, "164-MinterRole.bin": 0, "164-ERC20Mintable.bin": 0, "164-PauserRole.bin": 0, "164-Pausable.bin": 0, "164-ERC20Pausable.bin": 0, "164-ERC20Burnable.bin": 0, "164-CMDXToken.bin": 0, "165-SafeMath.bin": 0, "165-Ownable.bin": 0, "165-ERC20Basic.bin": 0, "165-ERC20.bin": 0, "165-DetailedERC20.bin": 0, "165-BasicToken.bin": 0, "165-StandardToken.bin": 0, "165-UnlimitedAllowanceToken.bin": 0, "165-BZRxToken.bin": 0, "165-BZRxTransferProxy.bin": 0, "166-SafeMath.bin": 0, "166-Ownable.bin": 0, "166-Pausable.bin": 0, "166-ERC20Basic.bin": 0, "166-BasicToken.bin": 0, "166-ERC20.bin": 0, "166-StandardToken.bin": 0, "166-BurnableToken.bin": 0, "166-MintableToken.bin": 0, "166-CappedToken.bin": 0, "166-PausableToken.bin": 0, "166-CryptoPolitanToken.bin": 0, "166-UpgradedStandardToken.bin": 0, "167-Ownable.bin": 0, "167-HYPRO.bin": 0, "167-SafeMath.bin": 0, "168-Mortal.bin": 0, "168-CoquinhoERC20.bin": 0, "168-ERC20Interface.bin": 0, "168-Owned.bin": 0, "168-Ownable.bin": 1, "168-TokenERC20.bin": 1, "168-TTC.bin": 1, "169-Regatta.bin": 0, "170-SafeMath.bin": 0, "170-Ownable.bin": 0, "170-Helper.bin": 0, "170-LNX.bin": 0, "171-LibBytes.bin": 0, "171-ReentrancyGuard.bin": 0, "171-SafeMath.bin": 0, "171-LibConstants.bin": 0, "171-LibEIP712.bin": 0, "171-LibFillResults.bin": 0, "171-LibMath.bin": 0, "171-LibOrder.bin": 0, "171-LibAbiEncoder.bin": 0, "171-IOwnable.bin": 0, "171-IAuthorizable.bin": 0, "171-IAssetProxy.bin": 0, "171-IValidator.bin": 0, "171-IWallet.bin": 0, "171-IExchangeCore.bin": 0, "171-IAssetProxyDispatcher.bin": 0, "171-IMatchOrders.bin": 0, "171-ISignatureValidator.bin": 0, "171-ITransactions.bin": 0, "171-IWrapperFunctions.bin": 0, "171-IExchange.bin": 0, "171-MExchangeCore.bin": 0, "171-MAssetProxyDispatcher.bin": 0, "171-MMatchOrders.bin": 0, "171-MSignatureValidator.bin": 0, "171-MTransactions.bin": 0, "171-MWrapperFunctions.bin": 0, "171-Ownable.bin": 0, "171-MixinExchangeCore.bin": 0, "171-MixinSignatureValidator.bin": 0, "171-MixinWrapperFunctions.bin": 0, "171-MixinTransactions.bin": 0, "171-MixinAssetProxyDispatcher.bin": 0, "171-MixinMatchOrders.bin": 0, "171-Exchange.bin": 0, "172-SafeMath.bin": 0, "172-ERC20.bin": 0, "172-FiatContract.bin": 0, "172-TestFiatContract.bin": 0, "172-SocialActivityToken.bin": 0, "173-SafeMath.bin": 0, "173-OwnerHelper.bin": 0, "173-ERC20Interface.bin": 0, "173-VantaToken.bin": 0, "174-SafeMath.bin": 0, "174-IntegerOverflowAdd.bin": 1, "175-AbstractToken.bin": 0, "175-Owned.bin": 0, "175-SafeMath.bin": 0, "175-StandardToken.bin": 0, "175-BurnableToken.bin": 0, "175-Token.bin": 0, "175-InmediateToken.bin": 0, "176-SafeMath.bin": 0, "176-Ownable.bin": 0, "176-ERC20Basic.bin": 0, "176-ERC20.bin": 0, "176-SafeERC20.bin": 0, "176-Crowdsale.bin": 0, "176-TimedCrowdsale.bin": 0, "176-FinalizableCrowdsale.bin": 0, "176-BasicToken.bin": 0, "176-StandardToken.bin": 0, "176-MintableToken.bin": 0, "176-MintedCrowdsale.bin": 0, "176-Pausable.bin": 0, "176-RealtyReturnsTokenInterface.bin": 0, "176-PausableToken.bin": 0, "176-RealtyReturnsToken.bin": 0, "176-LockTokenAllocation.bin": 0, "176-RealtyReturnsTokenCrowdsale.bin": 0, "177-Ownable.bin": 0, "177-Administratable.bin": 0, "177-IERC20.bin": 0, "177-SafeMath.bin": 0, "177-ERC20.bin": 0, "177-ERC20Burnable.bin": 0, "177-Whitelistable.bin": 0, "177-Freezable.bin": 0, "177-TimeLockable.bin": 0, "177-BLUCON.bin": 0, "177-Migrations.bin": 0, "178-SafeMath.bin": 0, "178-ERC20Basic.bin": 0, "178-BasicToken.bin": 0, "178-ERC20.bin": 0, "178-StandardToken.bin": 0, "178-SafeERC20.bin": 0, "178-Owned.bin": 0, "178-TokenVesting.bin": 0, "178-TokenVault.bin": 0, "178-BurnableToken.bin": 0, "178-WKA_Token.bin": 0, "179-Owned.bin": 1, "179-SafeMath.bin": 0, "179-ERC20Interface.bin": 1, "179-ApproveAndCallFallBack.bin": 1, "179-ForTheBlockchain.bin": 1, "180-test.bin": 0, "180-IntegerOverflowMappingSym1.bin": 1, "181-SafeMath.bin": 0, "181-ERC20Interface.bin": 1, "181-Owned.bin": 1, "181-ExclusivePlatform.bin": 1, "182-Ownable.bin": 0, "182-Blacklist.bin": 0, "182-BlacklistInterface.bin": 0, "182-IntegerOverflowAdd.bin": 1, "183-SafeMath.bin": 0, "183-Ownable.bin": 0, "183-Finalizable.bin": 0, "183-IToken.bin": 0, "183-TokenReceivable.bin": 0, "183-EventDefinitions.bin": 0, "183-Token.bin": 0, "183-Controller.bin": 0, "183-PreSale.bin": 0, "183-Ledger.bin": 0, "184-SafeMath.bin": 0, "184-IERC20.bin": 0, "184-ERC20Detailed.bin": 1, "184-BIGBOMBv2.bin": 1, "185-SafeMath.bin": 0, "185-Ownable.bin": 1, "185-AccountWallet.bin": 1, "186-SafeMath.bin": 0, "186-TimeLock.bin": 1, "187-ECRecovery.bin": 0, "187-SigningLogic.bin": 0, "187-ERC20Basic.bin": 0, "187-ERC20.bin": 0, "187-SafeMath.bin": 0, "187-SafeERC20.bin": 0, "187-TokenEscrowMarketplace.bin": 0, "187-Initializable.bin": 0, "187-AttestationLogic.bin": 0, "188-Admin.bin": 0, "188-Pausable.bin": 0, "188-CryptoFamousBase.bin": 0, "188-CryptoFamousOwnership.bin": 0, "188-CryptoFamousStorage.bin": 0, "189-AbstractToken.bin": 0, "189-Owned.bin": 0, "189-SafeMath.bin": 0, "189-StandardToken.bin": 0, "189-Token.bin": 0, "189-GenesisCryptoTechnology.bin": 0, "190-Pool.bin": 0, "190-SafeMath.bin": 0, "190-RigoToken.bin": 0, "190-DragoRegistry.bin": 0, "190-Inflation.bin": 0, "190-ReentrancyGuard.bin": 0, "190-ProofOfPerformanceFace.bin": 0, "190-ProofOfPerformance.bin": 0, "191-CrabFarm.bin": 0, "191-SafeMath.bin": 0, "191-ERC20Basic.bin": 0, "191-BasicToken.bin": 0, "191-ERC20.bin": 0, "191-StandardToken.bin": 0, "191-Ownable.bin": 0, "191-Pausable.bin": 0, "191-PausableToken.bin": 1, "191-BecToken.bin": 0, "192-SafeMath.bin": 0, "192-IERC20.bin": 0, "192-ERC20.bin": 0, "192-Roles.bin": 0, "192-MinterRole.bin": 0, "192-ERC20Mintable.bin": 0, "192-ERC20Burnable.bin": 0, "192-TuneTradeToken.bin": 0, "192-WhitelistAdminRole.bin": 0, "192-WhitelistedRole.bin": 0, "192-TeamRole.bin": 0, "192-SafeERC20.bin": 0, "192-SwapContract.bin": 0, "193-SafeMath.bin": 0, "193-owned.bin": 1, "193-tokenRecipient.bin": 0, "193-TokenERC20.bin": 1, "193-AZT.bin": 1, "194-SafeMath.bin": 0, "194-Crowdsale.bin": 0, "194-Ownable.bin": 0, "194-BlockbidCrowdsale.bin": 0, "194-ERC20Basic.bin": 0, "194-BasicToken.bin": 0, "194-ERC20.bin": 0, "194-StandardToken.bin": 0, "194-MintableToken.bin": 0, "194-BlockbidMintableToken.bin": 0, "195-SafeMath.bin": 0, "195-ItemsInterfaceForEternalStorage.bin": 0, "195-EternalStorage.bin": 0, "196-ECRecovery.bin": 0, "196-Roles.bin": 0, "196-SafeMath.bin": 0, "196-IERC20.bin": 0, "196-ERC20.bin": 0, "196-Ownable.bin": 0, "196-MinterRole.bin": 0, "196-Mintable.bin": 0, "196-Pausable.bin": 0, "196-Burnable.bin": 0, "196-Lockable.bin": 0, "196-DelegatorRole.bin": 0, "196-Delegatable.bin": 0, "196-TrustShoreToken.bin": 0, "197-SafeMath.bin": 0, "197-Ownable.bin": 0, "197-ERC20.bin": 0, "197-StandardToken.bin": 0, "197-EIForceCoin.bin": 0, "198-SafeMath.bin": 0, "198-Roles.bin": 0, "198-RBAC.bin": 0, "198-RBACWithAdmin.bin": 0, "198-Ownable.bin": 0, "198-ERC20Basic.bin": 0, "198-BasicToken.bin": 0, "198-ERC20.bin": 0, "198-DetailedERC20.bin": 0, "198-StandardToken.bin": 0, "198-ERC865.bin": 0, "198-ERC865Token.bin": 0, "198-BeepToken.bin": 0, "199-ERC165.bin": 0, "199-IERC721.bin": 0, "199-IERC165.bin": 0, "199-ERC721.bin": 0, "199-SafeMath.bin": 0, "199-IERC20.bin": 0, "199-ERC20.bin": 1, "199-ERC20Detailed.bin": 1, "199-SaveWon.bin": 1, "200-IERC165.bin": 0, "200-ERC165.bin": 0, "200-IERC721.bin": 0, "200-IERC721Receiver.bin": 0, "200-SafeMath.bin": 0, "200-Address.bin": 0, "200-FormSI060719.bin": 0, "201-ERC20Basic.bin": 0, "201-BasicToken.bin": 0, "201-SafeMath.bin": 0, "201-owned.bin": 1, "201-tokenRecipient.bin": 0, "201-TokenERC20.bin": 1, "201-AZT.bin": 1, "202-ERC721.bin": 0, "202-AthleteToken.bin": 0, "202-SafeMath.bin": 0, "203-SafeMath.bin": 0, "203-Roles.bin": 0, "203-PauserRole.bin": 0, "203-Pausable.bin": 0, "203-Ownable.bin": 0, "203-KittyBountiesAdmin.bin": 0, "203-KittyCore.bin": 0, "203-KittyBounties.bin": 0, "204-IERC20.bin": 0, "204-SafeMath.bin": 0, "204-Roles.bin": 0, "204-ERC20.bin": 0, "204-ERC20Burnable.bin": 0, "204-MinterRole.bin": 0, "204-ERC20Mintable.bin": 0, "204-TestToken.bin": 0, "204-CallReceiver.bin": 0, "205-Token.bin": 0, "205-AbstractToken.bin": 0, "205-SafeMath.bin": 0, "205-INFS.bin": 0, "205-IERC20.bin": 0, "205-PHO.bin": 1, "206-SafeMath.bin": 0, "206-OwnerHelper.bin": 0, "206-ERC20Interface.bin": 0, "206-ITAMToken.bin": 0, "207-SafeMath.bin": 0, "207-CareerOnToken.bin": 1, "208-SafeMath.bin": 0, "208-Ownable.bin": 0, "208-ERC20Basic.bin": 0, "208-ERC20.bin": 0, "208-DetailedERC20.bin": 0, "208-BasicToken.bin": 0, "208-StandardToken.bin": 0, "208-UnlimitedAllowanceToken.bin": 0, "208-BZRxToken.bin": 0, "208-BZRxTransferProxy.bin": 0, "209-Token.bin": 0, "209-StandardToken.bin": 0, "209-HumanStandardToken.bin": 0, "209-StandardBounties.bin": 0, "210-SafeMath.bin": 0, "210-Ownable.bin": 0, "210-IERC20.bin": 0, "210-ERC20.bin": 0, "210-CSCToken.bin": 0, "210-Crowdsale.bin": 0, "211-IERC20.bin": 0, "211-ERC20.bin": 0, "211-EventMetadata.bin": 1, "211-Operated.bin": 1, "211-ProofHashes.bin": 1, "211-MultiHashWrapper.bin": 1, "211-iFactory.bin": 0, "211-Template.bin": 1, "211-Feed.bin": 1, "212-BasicToken.bin": 0, "212-ERC20Basic.bin": 0, "212-IntegerOverflowMinimal.bin": 1, "213-ERC20Basic.bin": 0, "213-ERC20.bin": 0, "213-SafeERC20.bin": 0, "213-SafeMath.bin": 0, "213-Ownable.bin": 0, "213-TokenTimelock.bin": 0, "213-TokenVesting.bin": 0, "213-ILivepeerToken.bin": 0, "213-GenesisManager.bin": 0, "214-TimeLock.bin": 1, "215-Ownable.bin": 0, "215-Overflow.bin": 1, "216-ERC20.bin": 0, "216-SafeERC20.bin": 0, "216-ERC20Basic.bin": 0, "216-Token.bin": 1, "217-IERC20.bin": 0, "217-SafeMath.bin": 0, "217-ERC20.bin": 0, "217-Roles.bin": 0, "217-MinterRole.bin": 0, "217-ERC20Mintable.bin": 0, "217-ERC20Capped.bin": 0, "217-ERC20Burnable.bin": 0, "217-ERC20Detailed.bin": 0, "217-PauserRole.bin": 0, "217-Pausable.bin": 0, "217-ERC20Pausable.bin": 0, "217-Eraswap.bin": 0, "218-Token.bin": 1, "219-IAccounting.bin": 0, "219-IAccountingFactory.bin": 0, "219-IERC20.bin": 0, "219-IDisputer.bin": 0, "219-FeeWindow.bin": 0, "219-Universe.bin": 0, "219-ReportingParticipant.bin": 0, "219-Market.bin": 0, "219-IDisputerFactory.bin": 0, "219-ICrowdsourcerParent.bin": 0, "219-ICrowdsourcer.bin": 0, "219-DisputerParams.bin": 0, "219-Crowdsourcer.bin": 0, "219-CrowdsourcerFactory.bin": 0, "220-AbstractToken.bin": 0, "220-Owned.bin": 0, "220-SafeMath.bin": 0, "220-StandardToken.bin": 0, "220-Token.bin": 0, "220-NexoToken.bin": 0, "221-SafeMath.bin": 0, "221-EventMetadata.bin": 1, "221-Operated.bin": 1, "221-ProofHashes.bin": 1, "221-MultiHashWrapper.bin": 1, "221-iFactory.bin": 0, "221-Template.bin": 1, "221-Feed.bin": 1, "222-SafeMath.bin": 0, "222-Ownable.bin": 0, "222-ERC20Basic.bin": 0, "222-ERC20.bin": 0, "222-SafeERC20.bin": 0, "222-Crowdsale.bin": 0, "222-TimedCrowdsale.bin": 0, "222-FinalizableCrowdsale.bin": 0, "222-BasicToken.bin": 0, "222-StandardToken.bin": 0, "222-MintableToken.bin": 0, "222-MintedCrowdsale.bin": 0, "222-Pausable.bin": 0, "222-RealtyReturnsTokenInterface.bin": 0, "222-PausableToken.bin": 0, "222-RealtyReturnsToken.bin": 0, "222-LockTokenAllocation.bin": 0, "222-RealtyReturnsTokenCrowdsale.bin": 0, "223-Ownable.bin": 1, "223-TokenERC20.bin": 1, "223-TTC.bin": 1, "224-SafeMath.bin": 0, "224-IntegerOverflowAdd.bin": 1, "225-Moneda.bin": 0, "225-IntegerOverflowMinimal.bin": 1, "226-SafeMath.bin": 0, "226-Ownable.bin": 0, "226-Token.bin": 0, "226-Vault.bin": 0, "226-CLXTokenSale.bin": 0, "227-SafeMath.bin": 0, "227-CareerOnToken.bin": 1, "228-SafeMath.bin": 0, "228-ItemsInterfaceForEternalStorage.bin": 0, "228-EternalStorage.bin": 0, "229-SafeMath.bin": 0, "229-IERC20.bin": 0, "229-ERC20.bin": 1, "229-ERC20Detailed.bin": 1, "229-SaveWon.bin": 1, "230-Ownable.bin": 0, "230-Pausable.bin": 0, "230-Destructible.bin": 0, "230-EDCoreInterface.bin": 0, "230-DungeonRunAlpha.bin": 0, "231-TAMCContract.bin": 1, "232-SafeMath.bin": 0, "232-Roles.bin": 0, "232-PauserRole.bin": 0, "232-Pausable.bin": 0, "232-Ownable.bin": 0, "232-KittyBountiesAdmin.bin": 0, "232-KittyCore.bin": 0, "232-KittyBounties.bin": 0, "233-Evento.bin": 0, "233-SafeMath.bin": 0, "233-owned.bin": 1, "233-tokenRecipient.bin": 0, "233-TokenERC20.bin": 1, "233-AZT.bin": 1, "234-SafeMath.bin": 0, "234-database.bin": 0, "234-topl_database_lib.bin": 0, "234-iconiq_presale.bin": 0, "235-Address.bin": 0, "235-Ownable.bin": 0, "235-ContractManager.bin": 0, "236-SafeMath.bin": 0, "236-database.bin": 0, "237-SafeMath.bin": 0, "237-ERC20Basic.bin": 0, "237-BasicToken.bin": 0, "237-ERC20.bin": 0, "237-StandardToken.bin": 0, "237-Ownable.bin": 0, "237-MintableToken.bin": 0, "237-CappedToken.bin": 0, "237-BurnableToken.bin": 0, "237-Pausable.bin": 0, "237-PausableToken.bin": 0, "237-SafeERC20.bin": 0, "237-TokenTimelock.bin": 0, "237-MaxToken.bin": 0, "238-Ownable.bin": 0, "238-SafeMath.bin": 0, "238-ERC20Basic.bin": 0, "238-BasicToken.bin": 0, "238-ERC20.bin": 0, "238-StandardToken.bin": 0, "238-BurnableToken.bin": 0, "238-Pausable.bin": 0, "238-GiftToken.bin": 0, "238-Whitelist.bin": 0, "238-GiftCrowdsale.bin": 0, "239-ERC20Detailed.bin": 0, "239-IERC20.bin": 0, "239-EventMetadata.bin": 1, "239-Operated.bin": 1, "239-ProofHashes.bin": 1, "239-MultiHashWrapper.bin": 1, "239-iFactory.bin": 0, "239-Template.bin": 1, "239-Feed.bin": 1, "240-SafeMath.bin": 0, "240-owned.bin": 1, "240-tokenRecipient.bin": 0, "240-TokenERC20.bin": 1, "240-AZT.bin": 1, "241-SafeMath.bin": 0, "241-Ownable.bin": 0, "241-Pausable.bin": 0, "241-ERC20Basic.bin": 0, "241-BasicToken.bin": 0, "241-ERC20.bin": 0, "241-StandardToken.bin": 0, "241-PausableToken.bin": 0, "241-RefundVault.bin": 0, "241-PallyCoin.bin": 0, "241-Crowdsale.bin": 0, "242-SafeMath.bin": 0, "242-database.bin": 0, "242-topl_database_lib.bin": 0, "242-arbits_presale.bin": 0, "243-PauserRole.bin": 0, "243-Pausable.bin": 0, "243-IERC20.bin": 0, "243-PHO.bin": 1, "244-IERC20.bin": 0, "244-ERC20.bin": 0, "244-SafeMath.bin": 0, "244-FomoFeast.bin": 1, "245-ERC20Basic.bin": 0, "245-ERC20.bin": 0, "245-SafeMath.bin": 0, "245-SafeERC20.bin": 0, "245-Crowdsale.bin": 0, "245-TimedCrowdsale.bin": 0, "245-CappedCrowdsale.bin": 0, "245-BasicToken.bin": 0, "245-StandardToken.bin": 0, "245-Ownable.bin": 0, "245-MintableToken.bin": 0, "245-MintedCrowdsale.bin": 0, "245-DetailedERC20.bin": 0, "245-Pausable.bin": 0, "245-PausableToken.bin": 0, "245-LoonieToken.bin": 0, "245-LoonieCrowdsale.bin": 0, "246-SafeMath.bin": 0, "246-ERC20Token.bin": 0, "246-UnlockGmi.bin": 0, "247-Crowdsale.bin": 0, "247-SafeMath.bin": 0, "247-Ownable.bin": 0, "247-ERC20Basic.bin": 0, "247-ERC20.bin": 0, "247-SafeERC20.bin": 0, "247-QuinadsCrowdsale.bin": 0, "248-SafeMath.bin": 0, "248-FomoFeast.bin": 1, "249-SafeMath.bin": 0, "249-ERC20Interface.bin": 1, "249-ApproveAndCallFallBack.bin": 1, "249-Owned.bin": 1, "249-QurasToken.bin": 1, "250-SafeMath.bin": 0, "250-IERC20.bin": 0, "250-ERC20.bin": 1, "250-ERC20Detailed.bin": 1, "250-SaveWon.bin": 1, "251-CoinXExchange.bin": 0, "251-ERC20.bin": 0, "251-StandardToken.bin": 0, "251-IntegerOverflowAdd.bin": 1, "252-Ownable.bin": 0, "252-IntegerOverflowBenign1.bin": 1, "253-ERC20.bin": 0, "253-SafeERC20.bin": 0, "253-ERC20Basic.bin": 0, "253-Ownable.bin": 1, "253-TokenERC20.bin": 1, "253-TTC.bin": 1, "254-SafeMath.bin": 0, "254-ERC721Interface.bin": 0, "254-ERC20.bin": 0, "254-Ownable.bin": 0, "254-NewAuctionContract.bin": 0, "254-ArconaMarketplaceContract.bin": 0, "255-IAccessPolicy.bin": 0, "255-IAccessControlled.bin": 0, "255-StandardRoles.bin": 0, "255-AccessControlled.bin": 0, "255-IMigrationTarget.bin": 0, "255-MigrationTarget.bin": 0, "255-EuroTokenMigrationTarget.bin": 0, "255-IMigrationSource.bin": 0, "255-MigrationSource.bin": 0, "255-AccessRoles.bin": 0, "255-IBasicToken.bin": 0, "255-Reclaimable.bin": 0, "255-ITokenMetadata.bin": 0, "255-TokenMetadata.bin": 0, "255-IERC20Allowance.bin": 0, "255-IERC20Token.bin": 0, "255-IERC677Callback.bin": 0, "255-IERC677Allowance.bin": 0, "255-IERC677Token.bin": 0, "255-Math.bin": 0, "255-BasicToken.bin": 0, "255-StandardToken.bin": 0, "255-EuroToken.bin": 0, "256-SafeMath.bin": 0, "256-ERC20Basic.bin": 0, "256-BasicToken.bin": 0, "256-ERC20.bin": 0, "256-StandardToken.bin": 0, "256-SafeERC20.bin": 0, "256-Owned.bin": 0, "256-TokenVesting.bin": 0, "256-TokenVault.bin": 0, "256-BurnableToken.bin": 0, "256-Phoneum.bin": 0, "257-IERC20.bin": 0, "257-SafeMath.bin": 0, "257-ERC20Detailed.bin": 1, "257-HYDROGEN.bin": 1, "258-SafeMath.bin": 0, "258-CareerOnToken.bin": 1, "259-ERC20Interface.bin": 0, "259-Klixio.bin": 0, "259-KlixioOwnership.bin": 0, "259-SafeMath.bin": 0, "259-IERC20.bin": 0, "259-UBBCToken.bin": 1, "260-ERC20Interface.bin": 1, "260-IERC20Interface.bin": 1, "260-RaffleToken.bin": 0, "260-SafeMath.bin": 0, "260-RaffleTokenExchange.bin": 1, "261-Moloch.bin": 0, "261-IERC20.bin": 0, "261-Ownable.bin": 0, "261-GuildBank.bin": 0, "261-SafeMath.bin": 0, "262-SafeMath.bin": 0, "262-ERC20.bin": 0, "262-SATCoin.bin": 0, "263-Ownable.bin": 0, "263-IERC20.bin": 0, "263-ERC20Detailed.bin": 0, "263-SafeMath.bin": 0, "263-ERC20.bin": 0, "263-Roles.bin": 0, "263-MinterRole.bin": 0, "263-ERC20Mintable.bin": 0, "263-ERC20Burnable.bin": 0, "263-Athlon.bin": 0, "264-IntegerOverflowMinimal.bin": 1, "265-SafeMath.bin": 0, "265-ERC20.bin": 1, "265-ERC223ReceivingContract.bin": 1, "265-ERC223.bin": 1, "265-ERC223Token.bin": 1, "265-Owned.bin": 1, "265-Grand.bin": 1, "266-Ownable.bin": 0, "266-Roles.bin": 0, "266-RBAC.bin": 0, "266-SafeMath.bin": 0, "266-ERC20Basic.bin": 0, "266-ERC20.bin": 0, "266-BasicToken.bin": 0, "266-StandardToken.bin": 0, "266-Pausable.bin": 0, "266-PausableToken.bin": 0, "266-BlackListToken.bin": 0, "266-TwoPhaseToken.bin": 0, "266-UpgradedStandardToken.bin": 0, "266-WitToken.bin": 0, "267-SafeMathLib.bin": 0, "267-Ownable.bin": 0, "267-Haltable.bin": 0, "267-PricingStrategy.bin": 0, "267-FinalizeAgent.bin": 0, "267-ERC20.bin": 0, "267-FractionalERC20.bin": 0, "267-Crowdsale.bin": 0, "267-SafeMath.bin": 0, "267-StandardToken.bin": 0, "267-UpgradeAgent.bin": 0, "267-UpgradeableToken.bin": 0, "267-ReleasableToken.bin": 0, "267-MintableToken.bin": 0, "267-CrowdsaleToken.bin": 0, "267-MysteriumPricing.bin": 0, "267-MysteriumTokenDistribution.bin": 0, "268-IERC20.bin": 0, "268-ERC20.bin": 0, "268-EventMetadata.bin": 1, "268-Operated.bin": 1, "268-MultiHashWrapper.bin": 1, "268-iFactory.bin": 0, "268-ProofHash.bin": 1, "268-Template.bin": 1, "268-Post.bin": 1, "269-IERC20.bin": 0, "269-ERC20.bin": 0, "269-EventMetadata.bin": 1, "269-Operated.bin": 1, "269-MultiHashWrapper.bin": 1, "269-iFactory.bin": 0, "269-ProofHash.bin": 1, "269-Template.bin": 1, "269-Post.bin": 1, "270-SafeMath.bin": 0, "270-ItemsInterfaceForEternalStorage.bin": 0, "270-EternalStorage.bin": 0, "271-Ownable.bin": 0, "271-Pausable.bin": 0, "271-SafeMath.bin": 0, "271-ERC20Basic.bin": 0, "271-BasicToken.bin": 0, "271-ERC20.bin": 0, "271-StandardToken.bin": 0, "271-MintableToken.bin": 0, "271-StarCoin.bin": 0, "271-InvestorWhiteList.bin": 0, "271-StarCoinPreSale.bin": 0, "272-CatsCradle.bin": 0, "272-IntegerOverflowSingleTransaction.bin": 1, "273-SafeMath.bin": 0, "273-Ownable.bin": 0, "273-IERC20.bin": 0, "273-ERC20.bin": 0, "273-CSCToken.bin": 0, "273-Crowdsale.bin": 0, "274-ModulumInvestorsWhitelist.bin": 0, "274-Ownable.bin": 0, "274-IntegerOverflowMappingSym1.bin": 1, "275-Token.bin": 1, "275-SafeMath.bin": 0, "275-StableDEX.bin": 1, "276-SafeMath.bin": 0, "276-IERC20.bin": 0, "276-ERC20.bin": 1, "276-ERC20Detailed.bin": 1, "276-SimpleSwapCoin.bin": 1, "277-IntegerOverflowBenign1.bin": 1, "278-GoTDragonFarm.bin": 0, "278-IntegerOverflowMappingSym1.bin": 1, "279-SafeMath.bin": 0, "279-ERC20.bin": 0, "279-FENIX.bin": 0, "280-SafeMath.bin": 0, "280-Ownable.bin": 1, "280-TokenERC20.bin": 1, "280-XLToken.bin": 1, "281-SafeMath.bin": 0, "281-IERC20.bin": 0, "281-PHO.bin": 1, "282-SafeMath.bin": 0, "282-Overflow.bin": 1, "283-Ownable.bin": 0, "283-IntegerOverflowMappingSym1.bin": 1, "284-SafeMath.bin": 0, "284-Overflow.bin": 1, "285-ModulumInvestorsWhitelist.bin": 0, "285-Ownable.bin": 0, "285-Overflow.bin": 1, "286-IERC20.bin": 0, "286-ERC20Detailed.bin": 0, "286-SafeMath.bin": 0, "286-ERC20.bin": 0, "286-ERC20Burnable.bin": 0, "286-Ownable.bin": 0, "286-Roles.bin": 0, "286-PauserRole.bin": 0, "286-Pausable.bin": 0, "286-MinterRole.bin": 0, "286-WhitelistAdminRole.bin": 0, "286-WhitelistedRole.bin": 0, "286-InvictusWhitelist.bin": 0, "286-C10Token.bin": 0, "287-Ownable.bin": 0, "287-SafeMath.bin": 0, "287-ERC20Basic.bin": 0, "287-ERC20.bin": 0, "287-BasicToken.bin": 0, "287-StandardToken.bin": 0, "287-TeuToken.bin": 0, "287-Pausable.bin": 0, "287-TeuBookingDeposit.bin": 0, "288-Ownable.bin": 0, "288-HYIPRETHPRO441.bin": 0, "288-SafeMath.bin": 0, "289-SafeMath.bin": 0, "289-EventMetadata.bin": 1, "289-Operated.bin": 1, "289-ProofHashes.bin": 1, "289-MultiHashWrapper.bin": 1, "289-iFactory.bin": 0, "289-Template.bin": 1, "289-Feed.bin": 1, "290-Ownable.bin": 0, "290-Pausable.bin": 0, "290-Destructible.bin": 0, "290-EDCoreInterface.bin": 0, "290-DungeonRunCore.bin": 0, "291-SafeMath.bin": 0, "291-RequestUid.bin": 0, "291-AdminUpgradeable.bin": 0, "291-BICALogicUpgradeable.bin": 0, "291-BICALogic.bin": 0, "291-BICALedger.bin": 0, "291-ERC20Interface.bin": 0, "291-BICAProxy.bin": 0, "292-SafeMath.bin": 0, "292-ERC20Basic.bin": 0, "292-BasicToken.bin": 0, "292-ERC20.bin": 0, "292-StandardToken.bin": 0, "292-BurnableToken.bin": 0, "292-SafeERC20.bin": 0, "292-Ownable.bin": 0, "292-TokenVesting.bin": 0, "292-LccxToken.bin": 0, "293-IERC165.bin": 0, "293-IERC721.bin": 0, "293-IERC721Receiver.bin": 0, "293-SafeMath.bin": 0, "293-Address.bin": 0, "293-ERC165.bin": 0, "293-ERC721.bin": 0, "293-IERC721Metadata.bin": 0, "293-ERC721Metadata.bin": 0, "293-Roles.bin": 0, "293-MinterRole.bin": 0, "293-ERC721MetadataMintable.bin": 0, "293-Ownable.bin": 0, "293-RadxCollectible.bin": 0, "294-NokuPricingPlan.bin": 0, "294-Ownable.bin": 0, "294-Pausable.bin": 0, "294-SafeMath.bin": 0, "294-ERC20Basic.bin": 0, "294-ERC20.bin": 0, "294-BurnableERC20.bin": 0, "294-NokuTokenBurner.bin": 0, "294-BasicToken.bin": 0, "294-BurnableToken.bin": 0, "294-DetailedERC20.bin": 0, "294-StandardToken.bin": 0, "294-MintableToken.bin": 0, "294-NokuCustomERC20.bin": 0, "295-SafeMath.bin": 0, "295-IERC20.bin": 0, "295-PHO.bin": 1, "296-SafeMath.bin": 0, "296-ERC20Basic.bin": 0, "296-BasicToken.bin": 0, "296-ERC20.bin": 0, "296-StandardToken.bin": 0, "296-Ownable.bin": 0, "296-Pausable.bin": 0, "296-PausableToken.bin": 1, "296-BecToken.bin": 0, "297-IntegerOverflowMultiTxMultiFuncFeasible.bin": 1, "298-SafeMath.bin": 0, "298-ExtendedMath.bin": 0, "298-ERC20Interface.bin": 1, "298-ApproveAndCallFallBack.bin": 1, "298-Owned.bin": 1, "298-_Yesbuzz.bin": 1, "299-SafeMath.bin": 0, "299-ERC20Basic.bin": 0, "299-ERC20.bin": 0, "299-Escrow.bin": 0, "300-IERC20.bin": 0, "300-SafeMath.bin": 0, "300-ERC20.bin": 1, "300-ERC20Burnable.bin": 1, "300-ERC20Detailed.bin": 1, "300-AGR.bin": 1, "301-SafeMath.bin": 0, "301-IERC20.bin": 0, "301-ERC20Detailed.bin": 1, "301-BIGBOMBv2.bin": 1, "302-SafeMath.bin": 0, "302-ERC20.bin": 0, "302-ReserveToken.bin": 0, "302-EtherDelta.bin": 0, "303-BasicToken.bin": 0, "303-ERC20Basic.bin": 0, "303-IERC20.bin": 0, "303-SafeMath.bin": 0, "303-ERC20Detailed.bin": 1, "303-HYDROGEN.bin": 1, "304-TokenERC20.bin": 0, "304-IntegerOverflowMinimal.bin": 1, "305-SafeERC20.bin": 0, "305-ERC20.bin": 0, "305-ERC20Basic.bin": 0, "305-IntegerOverflowMappingSym1.bin": 1, "306-SafeMath.bin": 0, "306-Ownable.bin": 1, "306-TokenERC20.bin": 1, "306-YFT.bin": 1, "307-Ownable.bin": 1, "307-Stoppable.bin": 1, "307-RampInstantPoolInterface.bin": 0, "307-RampInstantEscrowsPoolInterface.bin": 1, "307-RampInstantPool.bin": 1, "307-RampInstantEthPool.bin": 1, "308-Ownable.bin": 0, "308-Claimable.bin": 0, "308-ERC20Basic.bin": 0, "308-ERC20.bin": 0, "308-SafeERC20.bin": 0, "308-CanReclaimToken.bin": 0, "308-OwnableContract.bin": 0, "308-OwnableContractOwner.bin": 0, "308-ControllerInterface.bin": 0, "308-SafeMath.bin": 0, "308-BasicToken.bin": 0, "308-StandardToken.bin": 0, "308-DetailedERC20.bin": 0, "308-MintableToken.bin": 0, "308-BurnableToken.bin": 0, "308-Pausable.bin": 0, "308-PausableToken.bin": 0, "308-WBTC.bin": 0, "308-MembersInterface.bin": 0, "308-Controller.bin": 0, "309-SafeMathLib.bin": 0, "309-Ownable.bin": 0, "309-Haltable.bin": 0, "309-PricingStrategy.bin": 0, "309-FinalizeAgent.bin": 0, "309-ERC20.bin": 0, "309-FractionalERC20.bin": 0, "309-Crowdsale.bin": 0, "309-MysteriumPricing.bin": 0, "309-SafeMath.bin": 0, "309-StandardToken.bin": 0, "309-MintableToken.bin": 0, "309-MysteriumCrowdsale.bin": 0, "310-Ownable.bin": 0, "310-Pausable.bin": 0, "310-SafeMath.bin": 0, "310-IERC20.bin": 0, "310-ERC20.bin": 1, "310-ERC20Detailed.bin": 1, "310-SimpleSwapCoin.bin": 1, "311-Owned.bin": 0, "311-ERC20Interface.bin": 0, "311-FixedSupplyToken.bin": 0, "311-IERC20.bin": 0, "311-SafeMath.bin": 0, "311-ERC20Detailed.bin": 1, "311-HYDROGEN.bin": 1, "312-SafeMath.bin": 0, "312-ERC20Basic.bin": 0, "312-BasicToken.bin": 0, "312-ERC20.bin": 0, "312-StandardToken.bin": 0, "312-SafeERC20.bin": 0, "312-Owned.bin": 0, "312-TokenVesting.bin": 0, "312-TokenVault.bin": 0, "312-BurnableToken.bin": 0, "312-LCGC_Token.bin": 0, "313-Ownable.bin": 0, "313-IERC20.bin": 0, "313-SafeMath.bin": 0, "313-ProgressiveUnlockWallet.bin": 0, "314-ERC20Interface.bin": 0, "314-ERC20Token.bin": 0, "314-TimeLock.bin": 1, "315-CareerOnToken.bin": 1, "316-StandardERC20Factory.bin": 0, "316-SafeMath.bin": 0, "316-Roles.bin": 0, "316-MinterRole.bin": 0, "316-PauserRole.bin": 0, "316-Pausable.bin": 0, "316-IERC20.bin": 0, "316-ERC20.bin": 0, "316-ERC20Burnable.bin": 0, "316-ERC20Pausable.bin": 0, "316-StandardERC20.bin": 0, "317-SafeMath.bin": 0, "317-AbstractToken.bin": 0, "317-Token.bin": 0, "317-EventMetadata.bin": 1, "317-Operated.bin": 1, "317-MultiHashWrapper.bin": 1, "317-iFactory.bin": 0, "317-ProofHash.bin": 1, "317-Template.bin": 1, "317-Post.bin": 1, "318-PauserRole.bin": 0, "318-Pausable.bin": 0, "318-IERC20.bin": 0, "318-PHO.bin": 1, "319-Ownable.bin": 0, "319-Administratable.bin": 0, "319-TimeLockable.bin": 0, "319-Freezable.bin": 0, "319-IERC20.bin": 0, "319-SafeMath.bin": 0, "319-ERC20.bin": 0, "319-ERC20Burnable.bin": 0, "319-XtockToken.bin": 0, "320-ERC20.bin": 0, "320-SafeMath.bin": 0, "320-StandardToken.bin": 0, "320-BurnableToken.bin": 0, "320-UpgradeAgent.bin": 0, "320-UpgradeableToken.bin": 0, "320-Ownable.bin": 0, "320-ReleasableToken.bin": 0, "320-SafeMathLib.bin": 0, "320-MintableToken.bin": 0, "320-CrowdsaleToken.bin": 0, "320-BurnableCrowdsaleToken.bin": 0, "321-SafeMath.bin": 0, "321-IERC20.bin": 0, "321-ERC20.bin": 1, "321-ERC20Burnable.bin": 1, "321-ERC20Detailed.bin": 1, "321-AGR.bin": 1, "322-SafeMath.bin": 0, "322-Ownable.bin": 0, "322-ERC20Basic.bin": 0, "322-BasicToken.bin": 0, "322-BurnableToken.bin": 0, "322-DescriptiveToken.bin": 0, "322-MintableToken.bin": 0, "322-CappedMintableToken.bin": 0, "322-ERC20.bin": 0, "322-StandardToken.bin": 0, "322-ReleasableToken.bin": 0, "322-OnLiveToken.bin": 0, "323-PricingStrategy.bin": 0, "323-SafeMathLib.bin": 0, "323-Ownable.bin": 0, "323-Haltable.bin": 0, "323-FinalizeAgent.bin": 0, "323-ERC20.bin": 0, "323-FractionalERC20.bin": 0, "323-Crowdsale.bin": 0, "323-MysteriumPricing.bin": 0, "324-Token.bin": 0, "324-SafeMath.bin": 0, "324-StandardToken.bin": 0, "324-GRO.bin": 0, "325-ERC20.bin": 0, "325-IERC20.bin": 0, "325-SafeMath.bin": 0, "325-ERC20Interface.bin": 1, "325-ApproveAndCallFallBack.bin": 1, "325-Owned.bin": 1, "325-ForTheBlockchain.bin": 1, "326-DSAuthority.bin": 0, "326-DSAuthEvents.bin": 0, "326-DSAuth.bin": 0, "326-AssetPriceOracle.bin": 0, "326-SafeMath.bin": 0, "326-ContractForDifference.bin": 0, "327-owned.bin": 1, "327-tokenRecipient.bin": 1, "327-Token.bin": 1, "327-SafeMath.bin": 0, "327-MindsyncPlatform.bin": 1, "328-SafeMath.bin": 0, "328-IERC20.bin": 0, "328-ERC20Detailed.bin": 0, "328-ERC20.bin": 0, "328-Roles.bin": 0, "328-PauserRole.bin": 0, "328-Pausable.bin": 0, "328-ERC20Pausable.bin": 0, "328-MinterRole.bin": 0, "328-ERC20Mintable.bin": 0, "328-Ownable.bin": 0, "328-IWhitelist.bin": 0, "328-ERC20Whitelistable.bin": 0, "328-BurnerRole.bin": 0, "328-ERC20Burnable.bin": 0, "328-CanReclaimEther.bin": 0, "328-SafeERC20.bin": 0, "328-CanReclaimToken.bin": 0, "328-LeveragedToken.bin": 0, "329-SafeMath.bin": 0, "329-FomoFeast.bin": 1, "330-SafeMath.bin": 0, "330-FomoFeast.bin": 1, "331-DAppTest.bin": 0, "331-Token.bin": 1, "332-SafeMath.bin": 0, "332-IERC20.bin": 0, "332-ERC20.bin": 1, "332-ERC20Burnable.bin": 1, "332-ERC20Detailed.bin": 1, "332-AGR.bin": 1, "333-SafeMath.bin": 0, "333-Ownable.bin": 0, "333-Helper.bin": 0, "333-LNXtest.bin": 0, "334-Ownable.bin": 1, "334-ChannelWallet.bin": 1, "335-SafeMath.bin": 0, "335-ERC20Basic.bin": 0, "335-ERC20.bin": 0, "335-BasicToken.bin": 0, "335-StandardToken.bin": 0, "335-Role.bin": 0, "335-Pausable.bin": 0, "335-SamToken.bin": 0, "336-Crowdsale.bin": 0, "336-Ownable.bin": 0, "336-Token.bin": 1, "337-SafeMath.bin": 0, "337-IERC20.bin": 0, "337-SafeERC20.bin": 0, "337-Ownable.bin": 0, "337-ERC20Detailed.bin": 0, "337-ERC20.bin": 0, "337-Roles.bin": 0, "337-PauserRole.bin": 0, "337-Pausable.bin": 0, "337-ERC20Pausable.bin": 0, "337-ERC20Burnable.bin": 0, "337-MinterRole.bin": 0, "337-ERC20Mintable.bin": 0, "337-ERC20Capped.bin": 0, "337-SgmToken.bin": 0, "337-OperationsVesting.bin": 0, "338-SafeMath.bin": 0, "338-IERC20.bin": 0, "338-ERC20.bin": 1, "338-ERC20Detailed.bin": 1, "338-SimpleSwapCoin.bin": 1, "339-SafeMath.bin": 0, "339-ERC20Interface.bin": 1, "339-ApproveAndCallFallBack.bin": 1, "339-Owned.bin": 1, "339-ForTheBlockchain.bin": 1, "340-ERC20Basic.bin": 0, "340-ERC20.bin": 0, "340-SafeMath.bin": 0, "340-Crowdsale.bin": 0, "340-TimedCrowdsale.bin": 0, "340-CappedCrowdsale.bin": 0, "340-BasicToken.bin": 0, "340-StandardToken.bin": 0, "340-Ownable.bin": 0, "340-MintableToken.bin": 0, "340-MintedCrowdsale.bin": 0, "340-MintableERC20.bin": 0, "340-TestCrowdsale.bin": 0, "341-SafeMathLib.bin": 0, "341-Ownable.bin": 0, "341-Haltable.bin": 0, "341-PricingStrategy.bin": 0, "341-FinalizeAgent.bin": 0, "341-ERC20.bin": 0, "341-FractionalERC20.bin": 0, "341-Crowdsale.bin": 0, "341-SafeMath.bin": 0, "341-StandardToken.bin": 0, "341-UpgradeAgent.bin": 0, "341-UpgradeableToken.bin": 0, "341-ReleasableToken.bin": 0, "341-MintableToken.bin": 0, "341-CrowdsaleToken.bin": 0, "341-MysteriumPricing.bin": 0, "341-MysteriumTokenDistribution.bin": 0, "342-SafeMath.bin": 0, "342-ERC20Interface.bin": 1, "342-ApproveAndCallFallBack.bin": 1, "342-Owned.bin": 1, "342-ForTheBlockchain.bin": 1, "343-IERC20.bin": 0, "343-SafeMath.bin": 0, "343-ERC20.bin": 0, "343-Ownable.bin": 0, "343-ERC20Burnable.bin": 0, "343-Roles.bin": 0, "343-PauserRole.bin": 0, "343-Pausable.bin": 0, "343-ERC20Pausable.bin": 0, "343-ERC20Detailed.bin": 0, "343-JQKToken.bin": 0, "344-ERC20Token.bin": 0, "344-Ownable.bin": 1, "344-TokenERC20.bin": 1, "344-TTC.bin": 1, "345-SafeMath.bin": 0, "345-ERC20Basic.bin": 0, "345-ERC20.bin": 0, "345-Escrow.bin": 0, "346-PauserRole.bin": 0, "346-Pausable.bin": 0, "346-EventMetadata.bin": 1, "346-Operated.bin": 1, "346-MultiHashWrapper.bin": 1, "346-iFactory.bin": 0, "346-ProofHash.bin": 1, "346-Template.bin": 1, "346-Post.bin": 1, "347-SafeMath.bin": 0, "347-IERC20.bin": 0, "347-ERC20Detailed.bin": 1, "347-BIGBOMBv2.bin": 1, "348-SafeMath.bin": 0, "348-ERC20Basic.bin": 0, "348-BasicToken.bin": 0, "348-ERC20.bin": 0, "348-StandardToken.bin": 0, "348-SafeERC20.bin": 0, "348-Owned.bin": 0, "348-TokenVesting.bin": 0, "348-TokenVault.bin": 0, "348-BurnableToken.bin": 0, "348-NIC_Token.bin": 0, "349-BLAccess.bin": 0, "349-DataStorageInterface.bin": 0, "349-BLStorage.bin": 0, "349-BLBalances.bin": 0, "349-BLBlocks.bin": 0, "349-BLMain.bin": 0, "350-SafeMath.bin": 0, "350-IntegerOverflowSingleTransaction.bin": 1, "351-SafeMath.bin": 0, "351-ERC20Lib.bin": 0, "351-HubCulture.bin": 0, "352-SafeMath.bin": 0, "352-IERC20.bin": 0, "352-ERC20.bin": 1, "352-ERC20Detailed.bin": 1, "352-SaveWon.bin": 1, "353-IERC20.bin": 0, "353-SafeMath.bin": 0, "353-ERC20.bin": 0, "353-ERC20Detailed.bin": 0, "353-Ownable.bin": 0, "353-Pausable.bin": 0, "353-ERC20Pausable.bin": 0, "353-WalletPausable.bin": 0, "353-ERC20WalletPausable.bin": 0, "353-TransferAndPause.bin": 0, "353-Ortp.bin": 0, "354-ERC20Basic.bin": 0, "354-BasicToken.bin": 0, "354-IntegerOverflowAdd.bin": 1, "355-Ownable.bin": 0, "355-IntegerOverflowSingleTransaction.bin": 1, "356-GigsToken.bin": 0, "356-SafeMath.bin": 0, "356-ERC20Basic.bin": 0, "356-BasicToken.bin": 0, "356-ERC20.bin": 0, "356-StandardToken.bin": 0, "356-Ownable.bin": 0, "356-Pausable.bin": 0, "356-PausableToken.bin": 1, "356-BecToken.bin": 0, "357-IERC20.bin": 0, "357-SafeMath.bin": 0, "357-ERC20.bin": 0, "357-ERC20Detailed.bin": 0, "357-Roles.bin": 0, "357-MinterRole.bin": 0, "357-ERC20Mintable.bin": 0, "357-ERC20Burnable.bin": 0, "357-PauserRole.bin": 0, "357-Pausable.bin": 0, "357-ERC20Pausable.bin": 0, "357-INRD.bin": 0, "358-SafeMath.bin": 0, "358-ERC20Basic.bin": 0, "358-BasicToken.bin": 0, "358-ERC20.bin": 0, "358-StandardToken.bin": 0, "358-Ownable.bin": 0, "358-MintableToken.bin": 0, "358-RocketToken.bin": 0, "358-Crowdsale.bin": 0, "358-RocketTokenCrowdsale.bin": 0, "359-SafeMath.bin": 0, "359-IntegerOverflowMul.bin": 1, "360-Ownable.bin": 1, "360-AccountWallet.bin": 1, "361-SafeMath.bin": 0, "361-IntegerOverflowAdd.bin": 1, "362-FixedAddress.bin": 0, "362-RegistryInterface.bin": 0, "362-AccessModifiers.bin": 0, "362-TreasuryInterface.bin": 0, "362-Treasury.bin": 0, "363-ECRecovery.bin": 0, "363-SigningLogic.bin": 0, "363-Initializable.bin": 0, "363-AccountRegistryLogic.bin": 0, "364-SafeMath.bin": 0, "364-ERC20Basic.bin": 0, "364-BasicToken.bin": 0, "364-ERC20.bin": 0, "364-StandardToken.bin": 0, "364-SafeERC20.bin": 0, "364-Owned.bin": 0, "364-TokenVesting.bin": 0, "364-TokenVault.bin": 0, "364-BurnableToken.bin": 0, "364-LCP_Token.bin": 0, "365-IntegerOverflowMul.bin": 1, "366-ERC900.bin": 0, "366-CodexStakeContractInterface.bin": 0, "366-Ownable.bin": 0, "366-ERC20Basic.bin": 0, "366-ERC20.bin": 0, "366-SafeMath.bin": 0, "366-ERC900BasicStakeContract.bin": 0, "366-ERC900CreditsStakeContract.bin": 0, "366-CodexStakeContract.bin": 0, "367-IERC20.bin": 0, "367-Marmo.bin": 0, "367-ECDSA.bin": 0, "367-Ownable.bin": 1, "367-ReentrancyGuard.bin": 1, "367-FeeTransactionManager.bin": 1, "368-TokenSaleChallenge.bin": 1, "369-Delegate.bin": 0, "369-ImTokenCardBack.bin": 0, "369-Ownable.bin": 0, "369-TimeLock.bin": 1, "370-multiSend.bin": 0, "370-CareerOnToken.bin": 1, "371-SafeMath.bin": 0, "371-Ownable.bin": 0, "371-PausableOnce.bin": 0, "371-ERC20Basic.bin": 0, "371-BasicToken.bin": 0, "371-ERC20.bin": 0, "371-StandardToken.bin": 0, "371-InterfaceUpgradeAgent.bin": 0, "371-UpgradableToken.bin": 0, "371-Withdrawable.bin": 0, "371-SaviorToken.bin": 0, "372-SafeMath.bin": 0, "372-Ownable.bin": 0, "372-Pausable.bin": 0, "372-ERC20.bin": 0, "372-StandardToken.bin": 0, "372-PausableERC20Token.bin": 0, "372-BurnablePausableERC20Token.bin": 0, "372-FreezableBurnablePausableERC20Token.bin": 0, "372-WDT.bin": 0, "373-IAccounting.bin": 0, "373-IAccountingFactory.bin": 0, "373-IERC20.bin": 0, "373-IDisputer.bin": 0, "373-ICrowdsourcerParent.bin": 0, "373-FeeWindow.bin": 0, "373-Universe.bin": 0, "373-ReportingParticipant.bin": 0, "373-Market.bin": 0, "373-ICrowdsourcer.bin": 0, "373-IDisputerFactory.bin": 0, "373-DisputerParams.bin": 0, "373-Crowdsourcer.bin": 0, "374-SafeMath.bin": 0, "374-IntegerOverflowBenign1.bin": 1, "375-IERC20.bin": 0, "375-SafeMath.bin": 0, "375-ERC20.bin": 0, "375-ERC20Burnable.bin": 0, "375-ERC20Detailed.bin": 0, "375-Roles.bin": 0, "375-PauserRole.bin": 0, "375-Pausable.bin": 0, "375-ERC20Pausable.bin": 0, "375-GfcCoinToken.bin": 0, "376-IERC20.bin": 0, "376-SafeMath.bin": 0, "376-Ownable.bin": 1, "376-ERC20Detailed.bin": 1, "376-DanPanCoin.bin": 1, "377-ERC20.bin": 0, "377-SafeMath.bin": 0, "377-StandardToken.bin": 0, "377-BurnableToken.bin": 0, "377-SafeERC20.bin": 0, "377-Crowdsale.bin": 0, "377-Ownable.bin": 0, "377-EvedoToken.bin": 0, "377-EvedoCrowdSale.bin": 0, "377-EvedoExclusiveSale.bin": 0, "378-Ownable.bin": 0, "378-TokenSaleChallenge.bin": 1, "379-BLAccess.bin": 0, "379-DataStorageInterface.bin": 0, "379-BLStorage.bin": 0, "379-BLBalances.bin": 0, "379-BLBlocks.bin": 0, "379-BLMain.bin": 0, "380-InGRedientToken.bin": 0, "380-Owned.bin": 0, "380-ERC20Interface.bin": 0, "380-SafeMath.bin": 0, "380-IERC20.bin": 0, "380-UBBCToken.bin": 1, "381-Ownable.bin": 0, "381-ERC20Basic.bin": 0, "381-BasicToken.bin": 0, "381-SafeMath.bin": 0, "381-IERC20.bin": 0, "381-ERC20.bin": 1, "381-ERC20Detailed.bin": 1, "381-SimpleSwapCoin.bin": 1, "382-Roles.bin": 0, "382-RBAC.bin": 0, "382-SafeMath.bin": 0, "382-ERC20Basic.bin": 0, "382-BasicToken.bin": 0, "382-BurnableToken.bin": 0, "382-ERC20.bin": 0, "382-StandardToken.bin": 0, "382-DUBI.bin": 0, "382-Purpose.bin": 0, "382-Ownable.bin": 0, "382-SafeERC20.bin": 0, "382-Hodler.bin": 0, "382-HodlFor.bin": 0, "383-SafeMath.bin": 0, "383-Ownable.bin": 1, "383-TokenERC20.bin": 1, "383-XLToken.bin": 1, "384-CRX.bin": 0, "384-SafeMath.bin": 0, "384-AbstractToken.bin": 0, "384-Token.bin": 0, "384-EventMetadata.bin": 1, "384-Operated.bin": 1, "384-MultiHashWrapper.bin": 1, "384-iFactory.bin": 0, "384-ProofHash.bin": 1, "384-Template.bin": 1, "384-Post.bin": 1, "385-test.bin": 0, "385-TimeLock.bin": 1, "386-SafeMath.bin": 0, "386-ERC20Basic.bin": 0, "386-ERC20.bin": 0, "386-BasicToken.bin": 0, "386-StandardToken.bin": 0, "386-Ownable.bin": 0, "386-Pausable.bin": 0, "386-NIX.bin": 0, "386-Sale.bin": 0, "387-SafeMath.bin": 0, "387-IERC20.bin": 0, "387-PHO.bin": 1, "388-IntegerOverflowMultiTxOneFuncFeasible.bin": 1, "389-SafeMath.bin": 0, "389-IERC20.bin": 0, "389-ERC20.bin": 1, "389-ERC20Detailed.bin": 1, "389-SaveWon.bin": 1, "390-Ownable.bin": 0, "390-SafeMath.bin": 0, "390-IERC20.bin": 0, "390-SafeERC20.bin": 0, "390-MaticTokenVesting.bin": 0, "391-IERC20.bin": 0, "391-SafeMath.bin": 0, "391-ERC20.bin": 0, "391-ERC20Burnable.bin": 0, "391-ERC20Detailed.bin": 0, "391-Roles.bin": 0, "391-MinterRole.bin": 0, "391-ERC20Mintable.bin": 0, "391-PauserRole.bin": 0, "391-Pausable.bin": 0, "391-ERC20Pausable.bin": 0, "391-SDR.bin": 0, "392-IERC20.bin": 0, "392-SafeMath.bin": 0, "392-ReverseRegistrar.bin": 0, "392-Etherclear.bin": 0, "393-ERC20.bin": 0, "393-IERC20.bin": 0, "393-owned.bin": 1, "393-tokenRecipient.bin": 1, "393-Token.bin": 1, "393-SafeMath.bin": 0, "393-MindsyncPlatform.bin": 1, "394-Roles.bin": 0, "394-RBAC.bin": 0, "394-SafeMath.bin": 0, "394-ERC20Basic.bin": 0, "394-BasicToken.bin": 0, "394-BurnableToken.bin": 0, "394-ERC20.bin": 0, "394-StandardToken.bin": 0, "394-DUBI.bin": 0, "394-Purpose.bin": 0, "394-Ownable.bin": 0, "394-SafeERC20.bin": 0, "394-Hodler.bin": 0, "395-CrowdsaleParameters.bin": 0, "395-Owned.bin": 0, "395-TKLNToken.bin": 0, "395-TaklimakanCrowdsale.bin": 0, "395-TaklimakanPreICO.bin": 0, "396-ERC20.bin": 0, "396-IERC20.bin": 0, "396-SafeMath.bin": 0, "396-owned.bin": 1, "396-ethBank.bin": 1, "397-PauserRole.bin": 0, "397-IERC20.bin": 0, "397-SafeMath.bin": 0, "397-ERC20Detailed.bin": 1, "397-HYDROGEN.bin": 1, "398-CareerOnToken.bin": 1, "399-Ownable.bin": 0, "399-ERC20_Interface.bin": 0, "399-RC20.bin": 0, "399-IERC20.bin": 0, "399-PHO.bin": 1, "400-IERC20.bin": 0, "400-SafeMath.bin": 0, "400-ERC20.bin": 0, "400-ERC20Detailed.bin": 0, "400-Ownable.bin": 0, "400-Remote.bin": 0, "400-ProofOfTrident.bin": 0, "400-ERC20Burnable.bin": 0, "400-Vault.bin": 0, "401-StandardToken.bin": 0, "401-BasicToken.bin": 0, "401-ERC20.bin": 0, "401-ERC20Basic.bin": 0, "401-IERC20.bin": 0, "401-SafeMath.bin": 0, "401-ERC20Detailed.bin": 1, "401-BIGBOMBv2.bin": 1, "402-IntegerOverflowSingleTransaction.bin": 1, "403-SafeMath.bin": 0, "403-ERC20Interface.bin": 1, "403-ApproveAndCallFallBack.bin": 1, "403-Owned.bin": 1, "403-ForTheBlockchain.bin": 1, "404-SafeMath.bin": 0, "404-ERC20Basic.bin": 0, "404-BasicToken.bin": 0, "404-ERC20.bin": 0, "404-StandardToken.bin": 0, "404-SafeERC20.bin": 0, "404-Owned.bin": 0, "404-TokenVesting.bin": 0, "404-TokenVault.bin": 0, "404-BurnableToken.bin": 0, "404-BAG_Token.bin": 0, "405-IAccessPolicy.bin": 0, "405-IAccessControlled.bin": 0, "405-StandardRoles.bin": 0, "405-AccessControlled.bin": 0, "405-IsContract.bin": 0, "405-AccessRoles.bin": 0, "405-IBasicToken.bin": 0, "405-Reclaimable.bin": 0, "405-ITokenMetadata.bin": 0, "405-TokenMetadata.bin": 0, "405-IERC223Callback.bin": 0, "405-IERC223Token.bin": 0, "405-IERC20Allowance.bin": 0, "405-IERC20Token.bin": 0, "405-IERC677Callback.bin": 0, "405-IERC677Allowance.bin": 0, "405-IERC677Token.bin": 0, "405-Math.bin": 0, "405-BasicToken.bin": 0, "405-StandardToken.bin": 0, "405-EtherToken.bin": 0, "406-SafeMath.bin": 0, "406-Roles.bin": 0, "406-PauserRole.bin": 0, "406-Pausable.bin": 0, "406-Ownable.bin": 0, "406-KittyBountiesAdmin.bin": 0, "406-KittyCore.bin": 0, "406-KittyBounties.bin": 0, "407-SafeMath.bin": 0, "407-Ownable.bin": 0, "407-Pausable.bin": 0, "407-ERC20Basic.bin": 0, "407-BasicToken.bin": 0, "407-ERC20.bin": 0, "407-StandardToken.bin": 0, "407-BurnableToken.bin": 0, "407-MintableToken.bin": 0, "407-CappedToken.bin": 0, "407-PausableToken.bin": 0, "407-CryptoPolitanToken.bin": 0, "407-UpgradedStandardToken.bin": 0, "408-SafeMath.bin": 0, "408-ERC20Basic.bin": 0, "408-ERC20.bin": 0, "408-Escrow.bin": 0, "409-SafeMath.bin": 0, "409-EventMetadata.bin": 1, "409-Operated.bin": 1, "409-MultiHashWrapper.bin": 1, "409-iFactory.bin": 0, "409-ProofHash.bin": 1, "409-Template.bin": 1, "409-Post.bin": 1, "410-SafeMath.bin": 0, "410-owned.bin": 1, "410-ethBank.bin": 1, "411-WhiteBetting.bin": 1, "412-HoloParkGamingToken.bin": 0, "412-ERC20Interface.bin": 0, "412-Owned.bin": 0, "412-SafeMath.bin": 0, "412-FomoFeast.bin": 1, "413-Owned.bin": 0, "413-SafeMath.bin": 0, "413-IERC20.bin": 0, "413-ERC20.bin": 1, "413-ERC20Detailed.bin": 1, "413-SimpleSwapCoin.bin": 1, "414-SafeMath.bin": 0, "414-Ownable.bin": 0, "414-SKYFToken.bin": 0, "415-EIP20Interface.bin": 1, "415-HotDollarsToken.bin": 1, "416-TAMC.bin": 1, "417-SafeMath.bin": 0, "417-Ownable.bin": 0, "417-PausableOnce.bin": 0, "417-ERC20Basic.bin": 0, "417-BasicToken.bin": 0, "417-ERC20.bin": 0, "417-StandardToken.bin": 0, "417-InterfaceUpgradeAgent.bin": 0, "417-UpgradableToken.bin": 0, "417-Withdrawable.bin": 0, "417-CtdToken.bin": 0, "418-ComptrollerInterface.bin": 0, "418-ComptrollerErrorReporter.bin": 0, "418-TokenErrorReporter.bin": 0, "418-CarefulMath.bin": 0, "418-Exponential.bin": 0, "418-EIP20Interface.bin": 0, "418-EIP20NonStandardInterface.bin": 0, "418-ReentrancyGuard.bin": 0, "418-InterestRateModel.bin": 0, "418-CToken.bin": 0, "418-CErc20.bin": 0, "419-QTMTotal.bin": 0, "419-SafeMath.bin": 0, "419-Token.bin": 0, "419-AbstractToken.bin": 0, "419-EventMetadata.bin": 1, "419-Operated.bin": 1, "419-MultiHashWrapper.bin": 1, "419-iFactory.bin": 0, "419-ProofHash.bin": 1, "419-Template.bin": 1, "419-Post.bin": 1, "420-IERC20.bin": 0, "420-SafeMath.bin": 0, "420-ERC20.bin": 0, "420-Ownable.bin": 0, "420-BTNY.bin": 0, "421-ERC20.bin": 0, "421-SafeMath.bin": 0, "421-Ownable.bin": 0, "421-StandardToken.bin": 0, "421-TravelHelperToken.bin": 0, "422-IntegerOverflowMappingSym1.bin": 1, "423-Ownable.bin": 0, "423-SafeMath.bin": 0, "423-CommunityVesting.bin": 0, "423-EcosystemVesting.bin": 0, "423-SeedPrivateAdvisorVesting.bin": 0, "423-TeamVesting.bin": 0, "423-TokenInterface.bin": 0, "423-Vesting.bin": 0, "424-Owned.bin": 0, "424-ERC20Interface.bin": 0, "424-DonavanTrust.bin": 0, "424-IERC20.bin": 0, "424-SafeMath.bin": 0, "424-Ownable.bin": 1, "424-ERC20Detailed.bin": 1, "424-DanPanCoin.bin": 1, "425-SafeMath.bin": 0, "425-IERC20.bin": 0, "425-ERC20.bin": 1, "425-ERC20Detailed.bin": 1, "425-SaveWon.bin": 1, "426-PingContract.bin": 0, "426-IntegerOverflowMultiTxOneFuncFeasible.bin": 1, "427-SafeMath.bin": 0, "427-ERC20Basic.bin": 0, "427-BasicToken.bin": 0, "427-ERC20.bin": 0, "427-StandardToken.bin": 0, "427-SafeERC20.bin": 0, "427-Owned.bin": 0, "427-TokenVesting.bin": 0, "427-TokenVault.bin": 0, "427-BurnableToken.bin": 0, "427-CWI_Token.bin": 0, "428-IERC20.bin": 0, "428-SafeMath.bin": 0, "428-ERC20.bin": 0, "428-Roles.bin": 0, "428-MinterRole.bin": 0, "428-ERC20Mintable.bin": 0, "428-PauserRole.bin": 0, "428-Pausable.bin": 0, "428-ReentrancyGuard.bin": 0, "428-Ownable.bin": 0, "428-Administrable.bin": 0, "428-WhiteList.bin": 0, "428-C50.bin": 0, "429-SafeMath.bin": 0, "429-EventMetadata.bin": 1, "429-Operated.bin": 1, "429-ProofHashes.bin": 1, "429-MultiHashWrapper.bin": 1, "429-iFactory.bin": 0, "429-Template.bin": 1, "429-Feed.bin": 1, "430-IERC20.bin": 0, "430-ERC20Detailed.bin": 0, "430-SafeMath.bin": 0, "430-ERC20.bin": 0, "430-Roles.bin": 0, "430-MinterRole.bin": 0, "430-ERC20Mintable.bin": 0, "430-Ownable.bin": 0, "430-ComplianceService.bin": 0, "430-DividendService.bin": 0, "430-ServiceRegistry.bin": 0, "430-BlueshareToken.bin": 0, "431-IntegerOverflowAdd.bin": 1, "432-SafeMath.bin": 0, "432-Ownable.bin": 1, "432-TokenERC20.bin": 1, "432-TTC.bin": 1, "433-IERC20.bin": 0, "433-SafeMath.bin": 0, "433-ERC20.bin": 0, "433-MintableToken.bin": 0, "433-Roles.bin": 0, "433-PauserRole.bin": 0, "433-Pausable.bin": 0, "433-Ownable.bin": 0, "433-FLINT.bin": 0, "434-SafeMath.bin": 0, "434-Ownable.bin": 0, "434-IERC20.bin": 0, "434-ERC20.bin": 0, "434-ERC20Detailed.bin": 0, "434-SafeERC20.bin": 0, "434-MoneyMarketInterface.bin": 0, "434-LoanEscrow.bin": 0, "434-DividendDistributingToken.bin": 0, "434-LandRegistryInterface.bin": 0, "434-LandRegistryProxyInterface.bin": 0, "434-WhitelistInterface.bin": 0, "434-WhitelistProxyInterface.bin": 0, "434-TokenizedProperty.bin": 0, "435-SafeMath.bin": 0, "435-IERC20.bin": 0, "435-ERC20.bin": 1, "435-ERC20Burnable.bin": 1, "435-ERC20Detailed.bin": 1, "435-AGR.bin": 1, "436-SafeMath.bin": 0, "436-FomoFeast.bin": 1, "437-Ownable.bin": 0, "437-Administratable.bin": 0, "437-TimeLockable.bin": 0, "437-Freezable.bin": 0, "437-IERC20.bin": 0, "437-SafeMath.bin": 0, "437-ERC20.bin": 0, "437-ERC20Burnable.bin": 0, "437-CustodyToken.bin": 0, "438-SafeMath.bin": 0, "438-Ownable.bin": 0, "438-ERC20Basic.bin": 0, "438-ERC20.bin": 0, "438-DetailedERC20.bin": 0, "438-BasicToken.bin": 0, "438-StandardToken.bin": 0, "438-UnlimitedAllowanceToken.bin": 0, "438-BZRxToken.bin": 0, "439-SafeMath.bin": 0, "439-ERC20Basic.bin": 0, "439-BasicToken.bin": 0, "439-ERC20.bin": 0, "439-StandardToken.bin": 0, "439-Ownable.bin": 0, "439-Pausable.bin": 0, "439-PausableToken.bin": 1, "439-BecToken.bin": 0, "440-SafeMath.bin": 0, "440-Ownable.bin": 0, "440-IERC20.bin": 0, "440-ERC20.bin": 0, "440-ERC20Detailed.bin": 0, "440-ERC20Burnable.bin": 0, "440-Roles.bin": 0, "440-MinterRole.bin": 0, "440-ERC20Mintable.bin": 0, "440-PauserRole.bin": 0, "440-Pausable.bin": 0, "440-ERC20Pausable.bin": 0, "440-AMICUS.bin": 0, "441-SafeMath.bin": 0, "441-ERC20Basic.bin": 0, "441-BasicToken.bin": 0, "441-ERC20.bin": 0, "441-StandardToken.bin": 0, "441-SafeERC20.bin": 0, "441-Owned.bin": 0, "441-TokenVesting.bin": 0, "441-TokenVault.bin": 0, "441-BurnableToken.bin": 0, "441-CES_Token.bin": 0, "442-GoTDragonFarm.bin": 0, "442-IntegerOverflowMappingSym1.bin": 1, "443-Ownable.bin": 0, "443-IntegerOverflowMinimal.bin": 1, "444-Burnable.bin": 0, "444-Mintable.bin": 0, "444-ERC20Basic.bin": 0, "444-ERC20.bin": 0, "444-SafeERC20.bin": 0, "444-TokenTimelock.bin": 0, "444-SafeMath.bin": 0, "444-Ownable.bin": 0, "444-TokenVesting.bin": 0, "444-Pausable.bin": 0, "444-BasicToken.bin": 0, "444-StandardToken.bin": 0, "444-PausableToken.bin": 0, "444-AdaptableToken.bin": 0, "444-NokuMasterToken.bin": 0, "445-SafeMath.bin": 0, "445-Ownable.bin": 0, "445-ERC20Basic.bin": 0, "445-ERC20.bin": 0, "445-BasicToken.bin": 0, "445-StandardToken.bin": 0, "445-MintableToken.bin": 0, "445-OPUCoin.bin": 0, "445-ColdStorage.bin": 0, "445-Vesting.bin": 0, "445-Allocation.bin": 0, "446-SafeMath.bin": 0, "446-IERC20.bin": 0, "446-ERC20.bin": 0, "446-Roles.bin": 0, "446-MinterRole.bin": 0, "446-ERC20Mintable.bin": 0, "446-ERC20Burnable.bin": 0, "446-TuneTradeToken.bin": 0, "446-WhitelistAdminRole.bin": 0, "446-WhitelistedRole.bin": 0, "446-TeamRole.bin": 0, "446-SafeERC20.bin": 0, "446-SwapContract.bin": 0, "447-Roles.bin": 0, "447-IERC20.bin": 0, "447-PauserRole.bin": 0, "447-SafeMath.bin": 0, "447-TaxLib.bin": 0, "447-ERC20.bin": 0, "447-Pausable.bin": 0, "447-ERC20Pausable.bin": 0, "447-ERC20Detailed.bin": 0, "447-ERC20Burnable.bin": 0, "447-Ownable.bin": 0, "447-Taxable.bin": 0, "447-BCHHandled.bin": 0, "447-WibxToken.bin": 0, "448-IntegerOverflowAdd.bin": 1, "449-Ownable.bin": 1, "449-TokenERC20.bin": 1, "449-YFT.bin": 1, "450-ERC20Pausable.bin": 0, "450-ERC20Burnable.bin": 0, "450-MinterRole.bin": 0, "450-ERC20.bin": 0, "450-Pausable.bin": 0, "450-PauserRole.bin": 0, "450-StandardERC20.bin": 0, "450-IERC20.bin": 0, "450-IntegerOverflowMultiTxMultiFuncFeasible.bin": 1, "451-IERC20.bin": 0, "451-SafeMath.bin": 0, "451-ERC20.bin": 0, "451-Roles.bin": 0, "451-MinterRole.bin": 0, "451-ERC20Mintable.bin": 0, "451-ERC20Burnable.bin": 0, "451-ERC20Detailed.bin": 0, "451-PauserRole.bin": 0, "451-Pausable.bin": 0, "451-BlacklistAdminRole.bin": 0, "451-BlacklistedRole.bin": 0, "451-RingTokenPausable.bin": 0, "451-RingCasinoCoin.bin": 0, "452-SafeMath.bin": 0, "452-Ownable.bin": 0, "452-TokenInterface.bin": 0, "452-KRCPreSaleContract.bin": 0, "453-Math.bin": 0, "453-IERC20.bin": 0, "453-SafeMath.bin": 0, "453-ERC20Detailed.bin": 1, "453-BIGBOMBv2.bin": 1, "454-Ownable.bin": 0, "454-IntegerOverflowAdd.bin": 1, "455-SafeMath.bin": 0, "455-IntegerOverflowMappingSym1.bin": 1, "456-IERC20.bin": 0, "456-Nickelcoin.bin": 0, "456-Token.bin": 1, "457-Math.bin": 0, "457-Ownable.bin": 0, "457-SafeMath.bin": 0, "457-Orderbook.bin": 0, "457-RenExTokens.bin": 0, "457-RenExBalances.bin": 0, "457-SettlementUtils.bin": 0, "457-RenExSettlement.bin": 0, "458-Ownable.bin": 0, "458-Pausable.bin": 0, "458-Destructible.bin": 0, "458-EDCoreInterface.bin": 0, "458-DungeonRunBeta.bin": 0, "459-SafeMath.bin": 0, "459-ERC20Interface.bin": 1, "459-ApproveAndCallFallBack.bin": 1, "459-Owned.bin": 1, "459-ForTheBlockchain.bin": 1, "460-IERC20.bin": 0, "460-PauserRole.bin": 0, "460-Roles.bin": 0, "460-SafeMath.bin": 0, "460-Ownable.bin": 0, "460-ERC20.bin": 0, "460-MinterRole.bin": 0, "460-ERC20Burnable.bin": 0, "460-Pausable.bin": 0, "460-ERC20Detailed.bin": 0, "460-Migrations.bin": 0, "460-ELB1.bin": 0, "461-Owned.bin": 0, "461-RadToken.bin": 0, "461-ERC20Interface.bin": 0, "461-SafeMath.bin": 0, "461-FomoFeast.bin": 1, "462-BasicToken.bin": 0, "462-ERC20Basic.bin": 0, "462-SafeMath.bin": 0, "462-ERC20Interface.bin": 1, "462-ApproveAndCallFallBack.bin": 1, "462-Owned.bin": 1, "462-ForTheBlockchain.bin": 1, "463-Ownable.bin": 0, "463-Administratable.bin": 0, "463-IERC20.bin": 0, "463-SafeMath.bin": 0, "463-ERC20.bin": 0, "463-ERC20Burnable.bin": 0, "463-Roles.bin": 0, "463-MinterRole.bin": 0, "463-ERC20Mintable.bin": 0, "463-Freezable.bin": 0, "463-Cryptonium.bin": 0, "463-Migrations.bin": 0, "464-IERC20.bin": 0, "464-ERC20Detailed.bin": 0, "464-SafeMath.bin": 0, "464-owned.bin": 1, "464-ethBank.bin": 1, "465-ERC20Interface.bin": 0, "465-Owned.bin": 0, "465-MidasToken.bin": 0, "465-IERC20.bin": 0, "465-SafeMath.bin": 0, "465-Ownable.bin": 1, "465-ERC20Detailed.bin": 1, "465-DanPanCoin.bin": 1, "466-Overflow_Add.bin": 1, "467-Ownable.bin": 0, "467-HYIPRETHPRO440.bin": 0, "467-SafeMath.bin": 0, "468-SafeMath.bin": 0, "468-Roles.bin": 0, "468-Ownable.bin": 0, "468-ERC223ReceivingContract.bin": 0, "468-IERC20.bin": 0, "468-ERC20.bin": 0, "468-PauserRole.bin": 0, "468-Pausable.bin": 0, "468-MinterRole.bin": 0, "468-ERC20Mintable.bin": 0, "468-ERC20Burnable.bin": 0, "468-ERC20Pausable.bin": 0, "468-SafeERC20.bin": 0, "468-ERC20Frozen.bin": 0, "468-OneKiloGifttoken.bin": 0, "469-SafeMath.bin": 0, "469-ERC20.bin": 0, "469-FiatContract.bin": 0, "469-PDOne.bin": 0, "470-Ownable.bin": 0, "470-BNDESRegistry.bin": 0, "471-IERC20.bin": 0, "471-SafeMath.bin": 0, "471-SafeERC20.bin": 0, "471-ERC20Detailed.bin": 0, "471-ERC20.bin": 0, "471-Roles.bin": 0, "471-PauserRole.bin": 0, "471-Pausable.bin": 0, "471-ERC20Pausable.bin": 0, "471-ERC20Burnable.bin": 0, "471-MinterRole.bin": 0, "471-ERC20Mintable.bin": 0, "471-ERC20Capped.bin": 0, "471-Ownable.bin": 0, "471-SgmToken.bin": 0, "472-SafeMath.bin": 0, "472-IERC20.bin": 0, "472-ERC20Detailed.bin": 1, "472-HYDROGEN.bin": 1, "473-Token.bin": 0, "473-SafeMath.bin": 0, "473-StandardToken.bin": 0, "473-GRO.bin": 0, "474-SafeMath.bin": 0, "474-Ownable.bin": 0, "474-TokenInterface.bin": 0, "474-KRCICOContract.bin": 0, "475-SafeMath.bin": 0, "475-IntegerOverflowMappingSym1.bin": 1, "476-SafeMath.bin": 0, "476-IERC20.bin": 0, "476-UBBCToken.bin": 1, "477-Dictionary.bin": 0, "477-IERC20.bin": 0, "477-SafeMath.bin": 0, "477-ReverseRegistrar.bin": 0, "477-Etherclear.bin": 0, "478-SafeMath.bin": 0, "478-Ownable.bin": 0, "478-Pausable.bin": 0, "478-ERC20Basic.bin": 0, "478-BasicToken.bin": 0, "478-ERC20.bin": 0, "478-StandardToken.bin": 0, "478-PausableToken.bin": 0, "478-RefundVault.bin": 0, "478-PallyCoin.bin": 0, "478-Crowdsale.bin": 0, "479-SafeMath.bin": 0, "479-OwnerHelper.bin": 0, "479-ERC20Interface.bin": 0, "479-VantaToken.bin": 0, "480-ERC20Interface.bin": 0, "480-InchWormToken.bin": 0, "480-Owned.bin": 0, "480-EventMetadata.bin": 1, "480-Operated.bin": 1, "480-MultiHashWrapper.bin": 1, "480-iFactory.bin": 0, "480-ProofHash.bin": 1, "480-Template.bin": 1, "480-Post.bin": 1, "481-Ownable.bin": 0, "481-Roles.bin": 0, "481-RBAC.bin": 0, "481-SafeMath.bin": 0, "481-ERC20Basic.bin": 0, "481-ERC20.bin": 0, "481-BasicToken.bin": 0, "481-StandardToken.bin": 0, "481-Pausable.bin": 0, "481-PausableToken.bin": 0, "481-BlackListToken.bin": 0, "481-TwoPhaseToken.bin": 0, "481-UpgradedStandardToken.bin": 0, "481-WitToken.bin": 0, "482-SafeMath.bin": 0, "482-Overflow.bin": 1, "483-Ownable.bin": 0, "483-Pausable.bin": 0, "483-Destructible.bin": 0, "483-EDCoreInterface.bin": 0, "483-DungeonRunBeta.bin": 0, "484-Ownable.bin": 0, "484-ERC20Basic.bin": 0, "484-BasicToken.bin": 0, "484-ERC20.bin": 0, "484-StandardToken.bin": 0, "484-MintableToken.bin": 0, "484-SafeMath.bin": 0, "484-Crowdsale.bin": 0, "484-BactocoinToken.bin": 0, "484-BactocoinCrowdsale.bin": 0, "485-SafeMath.bin": 0, "485-IERC20.bin": 0, "485-PHO.bin": 1, "486-CrowdsaleParameters.bin": 0, "486-Owned.bin": 0, "486-TKLNToken.bin": 0, "487-IERC20.bin": 0, "487-SafeMath.bin": 0, "487-ERC20.bin": 0, "487-ERC20Detailed.bin": 0, "487-ERC20Burnable.bin": 0, "487-Roles.bin": 0, "487-MinterRole.bin": 0, "487-ERC20Mintable.bin": 0, "487-PauserRole.bin": 0, "487-Pausable.bin": 0, "487-Ownable.bin": 0, "487-ERC20PartialLock.bin": 0, "487-PUKAO.bin": 0, "488-Owned.bin": 0, "488-CodeFundToken.bin": 0, "488-SafeMath.bin": 0, "488-ERC20Interface.bin": 0, "488-EventMetadata.bin": 1, "488-Operated.bin": 1, "488-ProofHashes.bin": 1, "488-MultiHashWrapper.bin": 1, "488-iFactory.bin": 0, "488-Template.bin": 1, "488-Feed.bin": 1, "489-SafeERC20.bin": 0, "489-IERC20.bin": 0, "489-SafeMath.bin": 0, "489-ERC20.bin": 0, "489-Roles.bin": 0, "489-PauserRole.bin": 0, "489-Pausable.bin": 0, "489-ERC20Pausable.bin": 0, "489-ERC20Detailed.bin": 0, "489-ERC20Burnable.bin": 0, "489-MinterRole.bin": 0, "489-ERC20Mintable.bin": 0, "489-ECP.bin": 0, "490-SafeMath.bin": 0, "490-Ownable.bin": 0, "490-Helper.bin": 0, "490-LNXtest.bin": 0, "491-SafeMath.bin": 0, "491-Ownable.bin": 1, "491-AccountWallet.bin": 1, "492-SafeMath.bin": 0, "492-Ownable.bin": 0, "492-Roles.bin": 0, "492-MinterRole.bin": 0, "492-ReentrancyGuard.bin": 0, "492-CertificateControllerMock.bin": 0, "492-CertificateController.bin": 0, "492-IERC777TokensRecipient.bin": 0, "492-IERC777TokensSender.bin": 0, "492-IERC20.bin": 0, "492-IERC1410.bin": 0, "492-IERC777.bin": 0, "492-IERC1400.bin": 0, "492-ERC820Registry.bin": 0, "492-ERC820Client.bin": 0, "492-ERC777.bin": 0, "492-ERC1410.bin": 0, "492-ERC1400.bin": 0, "492-ERC1400ERC20.bin": 0, "493-SafeMath.bin": 0, "493-Owned.bin": 0, "493-ERC20Interface.bin": 0, "493-BYSToken.bin": 0, "493-CrowSale.bin": 0, "494-ERC20.bin": 0, "494-SafeMath.bin": 0, "494-StandardToken.bin": 0, "494-UpgradeAgent.bin": 0, "494-UpgradeableToken.bin": 0, "494-Ownable.bin": 0, "494-ReleasableToken.bin": 0, "494-SafeMathLib.bin": 0, "494-MintableToken.bin": 0, "494-CrowdsaleToken.bin": 0, "495-SafeMath.bin": 0, "495-database.bin": 0, "495-topl_database_lib.bin": 0, "495-iconiq_data_pipe.bin": 0, "496-SafeMath.bin": 0, "496-ERC20Basic.bin": 0, "496-BasicToken.bin": 0, "496-ERC20.bin": 0, "496-StandardToken.bin": 0, "496-SafeERC20.bin": 0, "496-Owned.bin": 0, "496-TokenVesting.bin": 0, "496-BurnableToken.bin": 0, "496-AgateToken.bin": 0, "497-Roles.bin": 0, "497-MinterRole.bin": 0, "497-PauserRole.bin": 0, "497-Pausable.bin": 0, "497-SafeMath.bin": 0, "497-IERC20.bin": 0, "497-ERC20.bin": 0, "497-ERC20Burnable.bin": 0, "497-ERC20Detailed.bin": 0, "497-ERC20Mintable.bin": 0, "497-ERC20Pausable.bin": 0, "497-PlusFoCoin.bin": 0, "498-IERC777.bin": 0, "498-IERC777Recipient.bin": 0, "498-IERC777Sender.bin": 0, "498-IERC20.bin": 0, "498-SafeMath.bin": 0, "498-Address.bin": 0, "498-IERC1820Registry.bin": 0, "498-ERC777.bin": 1, "498-Roles.bin": 0, "498-MinterRole.bin": 1, "498-PauserRole.bin": 1, "498-Pausable.bin": 1, "498-SKYBITToken.bin": 1, "499-EventMetadata.bin": 1, "499-Operated.bin": 1, "499-MultiHashWrapper.bin": 1, "499-iFactory.bin": 0, "499-ProofHash.bin": 1, "499-Template.bin": 1, "499-Post.bin": 1, "500-ERC20Basic.bin": 0, "500-BasicToken.bin": 0, "500-TokenSaleChallenge.bin": 1, "501-SafeMath.bin": 0, "501-ERC721Interface.bin": 0, "501-ERC20.bin": 0, "501-Ownable.bin": 0, "501-NewAuctionContract.bin": 0, "501-ArconaMarketplaceContract.bin": 0, "502-TokenTimelock.bin": 0, "502-IERC20.bin": 0, "502-SafeMath.bin": 0, "502-ERC20Detailed.bin": 1, "502-BIGBOMBv2.bin": 1}