{"1-SafeMath.rt.hex": 0, "1-IERC20.rt.hex": 0, "1-Ownable.rt.hex": 1, "1-ERC20Detailed.rt.hex": 1, "1-DanPanCoin.rt.hex": 1, "2-ERC20Basic.rt.hex": 0, "2-SafeMath.rt.hex": 0, "2-BasicToken.rt.hex": 0, "2-ERC20.rt.hex": 0, "2-StandardToken.rt.hex": 0, "2-Ownable.rt.hex": 0, "2-Pausable.rt.hex": 0, "2-PausableToken.rt.hex": 0, "2-IRegistry.rt.hex": 0, "2-IBrickblockToken.rt.hex": 0, "2-AccessToken.rt.hex": 0, "3-Owned.rt.hex": 0, "3-IERC20.rt.hex": 0, "3-SafeMath.rt.hex": 0, "3-ERC20Detailed.rt.hex": 1, "3-BIGBOMBv2.rt.hex": 1, "4-Token.rt.hex": 0, "4-SafeMath.rt.hex": 0, "4-StandardToken.rt.hex": 0, "4-GRO.rt.hex": 0, "5-SafeMath.rt.hex": 0, "5-EIP20Interface.rt.hex": 1, "5-HotDollarsToken.rt.hex": 1, "6-SafeMath.rt.hex": 0, "6-Ownable.rt.hex": 0, "6-Pausable.rt.hex": 0, "6-TokenRepository.rt.hex": 0, "6-ERC223Receiver.rt.hex": 0, "6-ERC223Interface.rt.hex": 0, "6-ERC223Token.rt.hex": 0, "6-NAi.rt.hex": 0, "7-LibBytes.rt.hex": 0, "7-ReentrancyGuard.rt.hex": 0, "7-SafeMath.rt.hex": 0, "7-LibConstants.rt.hex": 0, "7-LibEIP712.rt.hex": 0, "7-LibFillResults.rt.hex": 0, "7-LibMath.rt.hex": 0, "7-LibOrder.rt.hex": 0, "7-LibAbiEncoder.rt.hex": 0, "7-IOwnable.rt.hex": 0, "7-IAuthorizable.rt.hex": 0, "7-IAssetProxy.rt.hex": 0, "7-IValidator.rt.hex": 0, "7-IWallet.rt.hex": 0, "7-IExchangeCore.rt.hex": 0, "7-IAssetProxyDispatcher.rt.hex": 0, "7-IMatchOrders.rt.hex": 0, "7-ISignatureValidator.rt.hex": 0, "7-ITransactions.rt.hex": 0, "7-IWrapperFunctions.rt.hex": 0, "7-IExchange.rt.hex": 0, "7-MExchangeCore.rt.hex": 0, "7-MAssetProxyDispatcher.rt.hex": 0, "7-MMatchOrders.rt.hex": 0, "7-MSignatureValidator.rt.hex": 0, "7-MTransactions.rt.hex": 0, "7-MWrapperFunctions.rt.hex": 0, "7-Ownable.rt.hex": 0, "7-MixinExchangeCore.rt.hex": 0, "7-MixinSignatureValidator.rt.hex": 0, "7-MixinWrapperFunctions.rt.hex": 0, "7-MixinTransactions.rt.hex": 0, "7-MixinAssetProxyDispatcher.rt.hex": 0, "7-MixinMatchOrders.rt.hex": 0, "7-Exchange.rt.hex": 0, "8-Ownable.rt.hex": 0, "8-SafeMath.rt.hex": 0, "8-ERC20Basic.rt.hex": 0, "8-BasicToken.rt.hex": 0, "8-ERC20.rt.hex": 0, "8-StandardToken.rt.hex": 0, "8-EtherRichLand.rt.hex": 0, "9-JQToken.rt.hex": 0, "9-Owned.rt.hex": 0, "9-ERC20Interface.rt.hex": 0, "9-IERC20.rt.hex": 0, "9-SafeMath.rt.hex": 0, "9-Ownable.rt.hex": 1, "9-ERC20Detailed.rt.hex": 1, "9-DanPanCoin.rt.hex": 1, "10-Ownable.rt.hex": 0, "10-Overflow.rt.hex": 1, "11-SafeMath.rt.hex": 0, "11-ERC20TokenInterface.rt.hex": 1, "11-ERC20Token.rt.hex": 1, "11-AsseteGram.rt.hex": 1, "12-SafeMath.rt.hex": 0, "12-ERC20Basic.rt.hex": 0, "12-BasicToken.rt.hex": 0, "12-ERC20.rt.hex": 0, "12-StandardToken.rt.hex": 0, "12-Ownable.rt.hex": 0, "12-MintableToken.rt.hex": 0, "12-CappedToken.rt.hex": 0, "12-BurnableToken.rt.hex": 0, "12-Pausable.rt.hex": 0, "12-PausableToken.rt.hex": 0, "12-SafeERC20.rt.hex": 0, "12-TokenTimelock.rt.hex": 0, "12-MaxToken.rt.hex": 0, "13-SafeMath.rt.hex": 0, "13-Ownable.rt.hex": 0, "13-Helper.rt.hex": 0, "13-LINIX.rt.hex": 0, "14-SafeMath.rt.hex": 0, "14-EventMetadata.rt.hex": 1, "14-Operated.rt.hex": 1, "14-ProofHashes.rt.hex": 1, "14-MultiHashWrapper.rt.hex": 1, "14-iFactory.rt.hex": 0, "14-Template.rt.hex": 1, "14-Feed.rt.hex": 1, "15-ERC20Interface.rt.hex": 0, "15-PetTokenSupply.rt.hex": 0, "15-Owned.rt.hex": 0, "15-IERC20.rt.hex": 0, "15-SafeMath.rt.hex": 0, "15-ERC20Detailed.rt.hex": 1, "15-BIGBOMBv2.rt.hex": 1, "16-SafeMath.rt.hex": 0, "16-ItemsInterfaceForEternalStorage.rt.hex": 0, "16-EternalStorage.rt.hex": 0, "17-ERC20Basic.rt.hex": 0, "17-ERC20.rt.hex": 0, "17-SafeMath.rt.hex": 0, "17-StandardToken.rt.hex": 0, "17-BurnableToken.rt.hex": 0, "17-UpgradeAgent.rt.hex": 0, "17-UpgradeableToken.rt.hex": 0, "17-Ownable.rt.hex": 0, "17-ReleasableToken.rt.hex": 0, "17-SafeMathLib.rt.hex": 0, "17-MintableToken.rt.hex": 0, "17-CrowdsaleToken.rt.hex": 0, "17-BurnableCrowdsaleToken.rt.hex": 0, "18-safemath.rt.hex": 0, "18-IntegerOverflowMinimal.rt.hex": 1, "19-IERC20.rt.hex": 0, "19-Roles.rt.hex": 0, "19-MinterRole.rt.hex": 0, "19-ERC20.rt.hex": 0, "19-ERC20Mintable.rt.hex": 0, "19-ERC20Capped.rt.hex": 0, "19-SafeMath.rt.hex": 0, "19-PauserRole.rt.hex": 0, "19-Pausable.rt.hex": 0, "19-ERC20Pausable.rt.hex": 0, "19-ERC20Burnable.rt.hex": 0, "19-ERC20Detailed.rt.hex": 0, "19-MTB19.rt.hex": 0, "20-HERC20.rt.hex": 0, "20-SafeMath.rt.hex": 0, "20-ERC20.rt.hex": 0, "20-Ownable.rt.hex": 0, "20-Pausable.rt.hex": 0, "20-Blacklistable.rt.hex": 0, "20-LakesCash.rt.hex": 0, "21-SafeMath.rt.hex": 0, "21-ERC20Interface.rt.hex": 0, "21-Owned.rt.hex": 0, "21-InchWormVaultLiveTest.rt.hex": 0, "22-SafeMath.rt.hex": 0, "22-FomoFeast.rt.hex": 1, "23-Ownable.rt.hex": 0, "23-CareerOnToken.rt.hex": 1, "24-SafeMath.rt.hex": 0, "24-Ownable.rt.hex": 1, "24-TokenERC20.rt.hex": 1, "24-YFT.rt.hex": 1, "25-SafeMath.rt.hex": 0, "25-IERC20.rt.hex": 0, "25-ERC20Pistachio.rt.hex": 0, "25-ERC20Burnable.rt.hex": 0, "25-Roles.rt.hex": 0, "25-MinterRole.rt.hex": 0, "25-ERC20Mintable.rt.hex": 0, "25-PauserRole.rt.hex": 0, "25-Pausable.rt.hex": 0, "25-ERC20Chocolate.rt.hex": 0, "26-StockBet.rt.hex": 1, "27-IERC20.rt.hex": 0, "27-SafeMath.rt.hex": 0, "27-ERC20Detailed.rt.hex": 1, "27-BIGBOMBv2.rt.hex": 1, "28-Owned.rt.hex": 1, "28-SafeMath.rt.hex": 0, "28-Token.rt.hex": 1, "28-Staking.rt.hex": 1, "29-SafeMath.rt.hex": 0, "29-ERC20.rt.hex": 0, "29-FiatContract.rt.hex": 0, "29-P1Token.rt.hex": 0, "30-SafeMath.rt.hex": 0, "30-ERC20Basic.rt.hex": 0, "30-BasicToken.rt.hex": 0, "30-ERC20.rt.hex": 0, "30-StandardToken.rt.hex": 0, "30-SafeERC20.rt.hex": 0, "30-Owned.rt.hex": 0, "30-TokenVesting.rt.hex": 0, "30-TokenVault.rt.hex": 0, "30-BurnableToken.rt.hex": 0, "30-JEC_Token.rt.hex": 0, "31-SafeMath.rt.hex": 0, "31-IERC20.rt.hex": 0, "31-ERC20.rt.hex": 1, "31-ERC20Burnable.rt.hex": 1, "31-ERC20Detailed.rt.hex": 1, "31-AGR.rt.hex": 1, "32-Ownable.rt.hex": 1, "32-SafeMath.rt.hex": 0, "32-LollypopToken.rt.hex": 1, "33-IERC20.rt.hex": 0, "33-ERC20.rt.hex": 0, "33-SafeMath.rt.hex": 0, "33-owned.rt.hex": 1, "33-ethBank.rt.hex": 1, "34-Ownable.rt.hex": 0, "34-Claimable.rt.hex": 0, "34-ERC20Basic.rt.hex": 0, "34-ERC20.rt.hex": 0, "34-SafeERC20.rt.hex": 0, "34-CanReclaimToken.rt.hex": 0, "34-OwnableContract.rt.hex": 0, "34-ControllerInterface.rt.hex": 0, "34-Factory.rt.hex": 0, "35-SafeMath.rt.hex": 0, "35-ERC20.rt.hex": 0, "35-FiatContract.rt.hex": 0, "35-SocialActivityToken.rt.hex": 0, "36-SafeMath.rt.hex": 0, "36-IERC20.rt.hex": 0, "36-UBBCToken.rt.hex": 1, "37-Overflow.rt.hex": 1, "38-SafeMath.rt.hex": 0, "38-ERC20Basic.rt.hex": 0, "38-BasicToken.rt.hex": 0, "38-ERC20.rt.hex": 0, "38-StandardToken.rt.hex": 0, "38-SafeERC20.rt.hex": 0, "38-Owned.rt.hex": 0, "38-TokenVesting.rt.hex": 0, "38-TokenVault.rt.hex": 0, "38-BurnableToken.rt.hex": 0, "38-BKC_Token.rt.hex": 0, "39-SafeMath.rt.hex": 0, "39-CareerOnToken.rt.hex": 1, "40-Freezable.rt.hex": 0, "40-IERC20.rt.hex": 0, "40-ERC20.rt.hex": 0, "40-EventMetadata.rt.hex": 1, "40-Operated.rt.hex": 1, "40-ProofHashes.rt.hex": 1, "40-MultiHashWrapper.rt.hex": 1, "40-iFactory.rt.hex": 0, "40-Template.rt.hex": 1, "40-Feed.rt.hex": 1, "41-ERC20Interface.rt.hex": 1, "41-AcunarToken.rt.hex": 1, "41-AcunarIEO.rt.hex": 1, "42-tokenRecipient.rt.hex": 0, "42-MD.rt.hex": 1, "43-Owned.rt.hex": 1, "43-SafeMath.rt.hex": 0, "43-Token.rt.hex": 1, "43-Staking.rt.hex": 1, "44-SafeMath.rt.hex": 0, "44-ERC20Basic.rt.hex": 0, "44-BasicToken.rt.hex": 0, "44-BurnableToken.rt.hex": 0, "44-ERC20.rt.hex": 0, "44-StandardToken.rt.hex": 0, "44-Ownable.rt.hex": 0, "44-Pausable.rt.hex": 0, "44-PausableToken.rt.hex": 0, "44-MintableAndPausableToken.rt.hex": 0, "44-TokenUpgrader.rt.hex": 0, "44-UpgradeableToken.rt.hex": 0, "44-Token.rt.hex": 0, "45-IERC20.rt.hex": 0, "45-SafeMath.rt.hex": 0, "45-Roles.rt.hex": 0, "45-ERC20.rt.hex": 0, "45-ERC20Burnable.rt.hex": 0, "45-MinterRole.rt.hex": 0, "45-ERC20Mintable.rt.hex": 0, "45-RoobeeToken.rt.hex": 0, "45-CallReceiver.rt.hex": 0, "46-topl_database_lib.rt.hex": 0, "46-database.rt.hex": 0, "46-SafeMath.rt.hex": 0, "46-ERC20Basic.rt.hex": 0, "46-BasicToken.rt.hex": 0, "46-ERC20.rt.hex": 0, "46-StandardToken.rt.hex": 0, "46-Ownable.rt.hex": 0, "46-Pausable.rt.hex": 0, "46-PausableToken.rt.hex": 1, "46-BecToken.rt.hex": 0, "47-GigsToken.rt.hex": 0, "47-TimeLock.rt.hex": 1, "48-Roles.rt.hex": 0, "48-PauserRole.rt.hex": 0, "48-IERC20.rt.hex": 0, "48-ERC20Detailed.rt.hex": 0, "48-SafeMath.rt.hex": 0, "48-ERC20.rt.hex": 0, "48-Pausable.rt.hex": 0, "48-ERC20Pausable.rt.hex": 0, "48-DeepCloud.rt.hex": 0, "49-SafeMath.rt.hex": 0, "49-IERC20.rt.hex": 0, "49-ERC20Detailed.rt.hex": 0, "49-ERC20.rt.hex": 0, "49-Roles.rt.hex": 0, "49-PauserRole.rt.hex": 0, "49-Pausable.rt.hex": 0, "49-ERC20Pausable.rt.hex": 0, "49-MinterRole.rt.hex": 0, "49-ERC20Mintable.rt.hex": 0, "49-Ownable.rt.hex": 0, "49-IWhitelist.rt.hex": 0, "49-BurnerRole.rt.hex": 0, "49-ERC20Burnable.rt.hex": 0, "49-ERC20Whitelistable.rt.hex": 0, "49-CanReclaimEther.rt.hex": 0, "49-SafeERC20.rt.hex": 0, "49-CanReclaimToken.rt.hex": 0, "49-LeveragedToken.rt.hex": 0, "50-SafeMath.rt.hex": 0, "50-ERC20Basic.rt.hex": 0, "50-ERC20.rt.hex": 0, "50-BasicToken.rt.hex": 0, "50-BurnableToken.rt.hex": 0, "50-StandardToken.rt.hex": 0, "50-Ownable.rt.hex": 0, "50-Pausable.rt.hex": 0, "50-PausableToken.rt.hex": 0, "50-DistributableAndPausableToken.rt.hex": 0, "50-TokenUpgrader.rt.hex": 0, "50-UpgradeableToken.rt.hex": 0, "50-Token.rt.hex": 0, "51-BasicToken.rt.hex": 0, "51-Pausable.rt.hex": 0, "51-ERC20Basic.rt.hex": 0, "51-Ownable.rt.hex": 0, "51-Overflow.rt.hex": 1, "52-Ownable.rt.hex": 0, "52-IERC20.rt.hex": 0, "52-ERC20Detailed.rt.hex": 0, "52-SafeMath.rt.hex": 0, "52-ERC20.rt.hex": 0, "52-Roles.rt.hex": 0, "52-MinterRole.rt.hex": 0, "52-ERC20Mintable.rt.hex": 0, "52-ERC20Burnable.rt.hex": 0, "52-Loche.rt.hex": 0, "53-SafeMath.rt.hex": 0, "53-ERC20Interface.rt.hex": 1, "53-ApproveAndCallFallBack.rt.hex": 1, "53-Owned.rt.hex": 1, "53-ForTheBlockchain.rt.hex": 1, "54-SafeMath.rt.hex": 0, "54-IERC20.rt.hex": 0, "54-ERC20.rt.hex": 1, "54-ERC20Detailed.rt.hex": 1, "54-SimpleSwapCoin.rt.hex": 1, "55-SafeMath.rt.hex": 0, "55-owned.rt.hex": 0, "55-tokenRecipient.rt.hex": 0, "55-ParsecTokenERC20.rt.hex": 0, "55-ParsecPresale.rt.hex": 0, "56-Originstamp.rt.hex": 0, "56-Ownable.rt.hex": 1, "56-TokenERC20.rt.hex": 1, "56-YFT.rt.hex": 1, "57-ERC20.rt.hex": 0, "57-IERC20.rt.hex": 0, "57-Token.rt.hex": 1, "58-BasicToken.rt.hex": 0, "58-ERC20Basic.rt.hex": 0, "58-EventMetadata.rt.hex": 1, "58-Operated.rt.hex": 1, "58-MultiHashWrapper.rt.hex": 1, "58-iFactory.rt.hex": 0, "58-ProofHash.rt.hex": 1, "58-Template.rt.hex": 1, "58-Post.rt.hex": 1, "59-Owned.rt.hex": 0, "59-IERC20.rt.hex": 0, "59-SafeMath.rt.hex": 0, "59-ERC20.rt.hex": 1, "59-ERC20Burnable.rt.hex": 1, "59-ERC20Detailed.rt.hex": 1, "59-AGR.rt.hex": 1, "60-Ownable.rt.hex": 0, "60-SafeMath.rt.hex": 0, "60-ERC20.rt.hex": 1, "60-ERC223ReceivingContract.rt.hex": 1, "60-ERC223.rt.hex": 1, "60-ERC223Token.rt.hex": 1, "60-Owned.rt.hex": 1, "60-Grand.rt.hex": 1, "61-SafeERC20.rt.hex": 0, "61-ERC20.rt.hex": 0, "61-ERC20Basic.rt.hex": 0, "61-IntegerOverflowMultiTxOneFuncFeasible.rt.hex": 1, "62-Ownable.rt.hex": 0, "62-ETHERCFeeModifiers.rt.hex": 0, "62-IntegerOverflowMul.rt.hex": 1, "63-SafeMath.rt.hex": 0, "63-ERC20TokenInterface.rt.hex": 1, "63-ERC20Token.rt.hex": 1, "63-AsseteGram.rt.hex": 1, "64-Ownable.rt.hex": 0, "64-Pausable.rt.hex": 0, "64-SafeMath.rt.hex": 0, "64-ERC20Basic.rt.hex": 0, "64-BasicToken.rt.hex": 0, "64-ERC20.rt.hex": 0, "64-StandardToken.rt.hex": 0, "64-PausableToken.rt.hex": 0, "64-BrickblockToken.rt.hex": 0, "65-ECRecovery.rt.hex": 0, "65-SafeMath.rt.hex": 0, "65-Roles.rt.hex": 0, "65-IERC20.rt.hex": 0, "65-ERC20.rt.hex": 0, "65-Ownable.rt.hex": 0, "65-MinterRole.rt.hex": 0, "65-Mintable.rt.hex": 0, "65-Pausable.rt.hex": 0, "65-Burnable.rt.hex": 0, "65-Lockable.rt.hex": 0, "65-DelegatorRole.rt.hex": 0, "65-Delegatable.rt.hex": 0, "65-TrancheToken.rt.hex": 0, "66-Ownable.rt.hex": 0, "66-SafeMath.rt.hex": 0, "66-CommunityVesting.rt.hex": 0, "66-EcosystemVesting.rt.hex": 0, "66-SeedPrivateAdvisorVesting.rt.hex": 0, "66-TeamVesting.rt.hex": 0, "66-TokenInterface.rt.hex": 0, "66-Vesting.rt.hex": 0, "67-Ownable.rt.hex": 0, "67-Pausable.rt.hex": 0, "67-SafeMath.rt.hex": 0, "67-ERC20Basic.rt.hex": 0, "67-BasicToken.rt.hex": 0, "67-ERC20.rt.hex": 0, "67-StandardToken.rt.hex": 0, "67-PausableToken.rt.hex": 0, "67-MintableAndPausableToken.rt.hex": 0, "67-TokenUpgrader.rt.hex": 0, "67-UpgradeableToken.rt.hex": 0, "67-Token.rt.hex": 0, "68-ERC20.rt.hex": 0, "68-SafeMath.rt.hex": 0, "68-StandardToken.rt.hex": 0, "68-UpgradeAgent.rt.hex": 0, "68-UpgradeableToken.rt.hex": 0, "68-Ownable.rt.hex": 0, "68-ReleasableToken.rt.hex": 0, "68-SafeMathLib.rt.hex": 0, "68-MintableToken.rt.hex": 0, "68-CrowdsaleToken.rt.hex": 0, "69-ERC20.rt.hex": 0, "69-IERC20.rt.hex": 0, "69-owned.rt.hex": 1, "69-tokenRecipient.rt.hex": 1, "69-Token.rt.hex": 1, "69-SafeMath.rt.hex": 0, "69-MindsyncPlatform.rt.hex": 1, "70-Ownable.rt.hex": 0, "70-EIP20Interface.rt.hex": 1, "70-HotDollarsToken.rt.hex": 1, "71-SafeMath.rt.hex": 0, "71-OwnerHelper.rt.hex": 0, "71-ERC20Interface.rt.hex": 0, "71-LINIXToken.rt.hex": 0, "72-SafeMath.rt.hex": 0, "72-Ownable.rt.hex": 1, "72-ChannelWallet.rt.hex": 1, "73-Ownable.rt.hex": 0, "73-IntegerOverflowAdd.rt.hex": 1, "74-Free_Ether_A_Day_Funds_Return.rt.hex": 0, "74-SafeMath.rt.hex": 0, "74-ERC20Basic.rt.hex": 0, "74-BasicToken.rt.hex": 0, "74-ERC20.rt.hex": 0, "74-StandardToken.rt.hex": 0, "74-Ownable.rt.hex": 0, "74-Pausable.rt.hex": 0, "74-PausableToken.rt.hex": 1, "74-BecToken.rt.hex": 0, "75-digitalNotary.rt.hex": 1, "76-SafeMath.rt.hex": 0, "76-IntegerOverflowAdd.rt.hex": 1, "77-SafeMath.rt.hex": 0, "77-CareerOnToken.rt.hex": 1, "78-SafeMath.rt.hex": 0, "78-Roles.rt.hex": 0, "78-CapperRole.rt.hex": 0, "78-PauserRole.rt.hex": 0, "78-Pausable.rt.hex": 0, "78-MinterRole.rt.hex": 0, "78-IERC20.rt.hex": 0, "78-ERC20.rt.hex": 0, "78-ERC20Mintable.rt.hex": 0, "78-ERC20Burnable.rt.hex": 0, "78-ERC20Capped.rt.hex": 0, "78-ERC20Pausable.rt.hex": 0, "78-Ownable.rt.hex": 0, "78-BlueseedsToken.rt.hex": 0, "79-IERC20.rt.hex": 0, "79-ERC20.rt.hex": 0, "79-SafeMath.rt.hex": 0, "79-FomoFeast.rt.hex": 1, "80-SafeMath.rt.hex": 0, "80-ItemsInterfaceForEternalStorage.rt.hex": 0, "80-EternalStorage.rt.hex": 0, "81-SafeMath.rt.hex": 0, "81-IERC20.rt.hex": 0, "81-ERC20Detailed.rt.hex": 1, "81-HYDROGEN.rt.hex": 1, "82-SafeMath.rt.hex": 0, "82-Ownable.rt.hex": 0, "82-IgfContract.rt.hex": 0, "83-Ownable.rt.hex": 0, "83-IntegerOverflowBenign1.rt.hex": 1, "84-SafeMath.rt.hex": 0, "84-IntegerOverflowMultiTxMultiFuncFeasible.rt.hex": 1, "85-Ownable.rt.hex": 0, "85-Pausable.rt.hex": 0, "85-Destructible.rt.hex": 0, "85-EDCoreInterface.rt.hex": 0, "85-DungeonRunCore.rt.hex": 0, "86-SafeMath.rt.hex": 0, "86-ERC20Basic.rt.hex": 0, "86-ERC20.rt.hex": 0, "86-BasicToken.rt.hex": 0, "86-StandardToken.rt.hex": 0, "86-BBIToken.rt.hex": 0, "87-SafeMath.rt.hex": 0, "87-owned.rt.hex": 1, "87-ERC20Essential.rt.hex": 0, "87-BitpayerDEX.rt.hex": 1, "88-SafeMath.rt.hex": 0, "88-owned.rt.hex": 0, "88-tokenRecipient.rt.hex": 0, "88-ParsecTokenERC20.rt.hex": 0, "88-ParsecCrowdsale.rt.hex": 0, "89-SafeMath.rt.hex": 0, "89-Token.rt.hex": 1, "90-SafeMath.rt.hex": 0, "90-OwnerHelper.rt.hex": 0, "90-ERC20Interface.rt.hex": 0, "90-LINIXToken.rt.hex": 0, "91-SafeMath.rt.hex": 0, "91-IERC20.rt.hex": 0, "91-Ownable.rt.hex": 1, "91-ERC20Detailed.rt.hex": 1, "91-DanPanCoin.rt.hex": 1, "92-SafeMath.rt.hex": 0, "92-Ownable.rt.hex": 1, "92-TokenERC20.rt.hex": 1, "92-XLToken.rt.hex": 1, "93-IERC20.rt.hex": 0, "93-PHO.rt.hex": 1, "94-Owned.rt.hex": 0, "94-ERC20Interface.rt.hex": 0, "94-BlumeToken.rt.hex": 0, "94-SafeMath.rt.hex": 0, "94-IntegerOverflowAdd.rt.hex": 1, "95-Ownable.rt.hex": 0, "95-Pausable.rt.hex": 0, "95-Destructible.rt.hex": 0, "95-EDCoreInterface.rt.hex": 0, "95-DungeonRunBeta.rt.hex": 0, "96-ERC20.rt.hex": 0, "96-SafeMath.rt.hex": 0, "96-StandardToken.rt.hex": 0, "96-BurnableToken.rt.hex": 0, "96-UpgradeAgent.rt.hex": 0, "96-UpgradeableToken.rt.hex": 0, "96-Ownable.rt.hex": 0, "96-ReleasableToken.rt.hex": 0, "96-SafeMathLib.rt.hex": 0, "96-MintableToken.rt.hex": 0, "96-CrowdsaleToken.rt.hex": 0, "96-BurnableCrowdsaleToken.rt.hex": 0, "97-ERC20Basic.rt.hex": 0, "97-SafeMath.rt.hex": 0, "97-BasicToken.rt.hex": 0, "97-ERC20.rt.hex": 0, "97-StandardToken.rt.hex": 0, "97-StandardTokenExt.rt.hex": 0, "97-BurnableToken.rt.hex": 0, "97-UpgradeAgent.rt.hex": 0, "97-UpgradeableToken.rt.hex": 0, "97-Ownable.rt.hex": 0, "97-ReleasableToken.rt.hex": 0, "97-SafeMathLib.rt.hex": 0, "97-MintableToken.rt.hex": 0, "97-CrowdsaleToken.rt.hex": 0, "97-AnyCoin.rt.hex": 0, "98-SafeMath.rt.hex": 0, "98-FomoFeast.rt.hex": 1, "99-SafeMath.rt.hex": 0, "99-Ownable.rt.hex": 0, "99-ERC20Basic.rt.hex": 0, "99-ERC20.rt.hex": 0, "99-DetailedERC20.rt.hex": 0, "99-BasicToken.rt.hex": 0, "99-StandardToken.rt.hex": 0, "99-UnlimitedAllowanceToken.rt.hex": 0, "99-BZRxToken.rt.hex": 0, "100-Owned.rt.hex": 0, "100-Token.rt.hex": 1, "101-Ownable.rt.hex": 0, "101-ERC20.rt.hex": 0, "101-WithToken.rt.hex": 0, "101-SSPTypeAware.rt.hex": 0, "101-SSPRegistry.rt.hex": 0, "101-PublisherRegistry.rt.hex": 0, "101-DSPTypeAware.rt.hex": 0, "101-DSPRegistry.rt.hex": 0, "101-DepositRegistry.rt.hex": 0, "101-AuditorRegistry.rt.hex": 0, "101-DepositAware.rt.hex": 0, "101-SecurityDepositAware.rt.hex": 0, "101-AuditorRegistrar.rt.hex": 0, "101-DSPRegistrar.rt.hex": 0, "101-PublisherRegistrar.rt.hex": 0, "101-SSPRegistrar.rt.hex": 0, "101-ChannelApi.rt.hex": 0, "101-RegistryProvider.rt.hex": 0, "101-StateChannelListener.rt.hex": 0, "101-PapyrusDAO.rt.hex": 0, "102-SafeMath.rt.hex": 0, "102-Ownable.rt.hex": 0, "102-PausableOnce.rt.hex": 0, "102-ERC20Basic.rt.hex": 0, "102-BasicToken.rt.hex": 0, "102-ERC20.rt.hex": 0, "102-StandardToken.rt.hex": 0, "102-InterfaceUpgradeAgent.rt.hex": 0, "102-UpgradableToken.rt.hex": 0, "102-Withdrawable.rt.hex": 0, "102-CtdToken.rt.hex": 0, "103-SafeMath.rt.hex": 0, "103-ERC20.rt.hex": 0, "103-SPCoin.rt.hex": 0, "104-SafeMath.rt.hex": 0, "104-ERC20Basic.rt.hex": 0, "104-BasicToken.rt.hex": 0, "104-ERC20.rt.hex": 0, "104-StandardToken.rt.hex": 0, "104-Ownable.rt.hex": 0, "104-Pausable.rt.hex": 0, "104-PausableToken.rt.hex": 1, "104-BecToken.rt.hex": 0, "105-SafeMath.rt.hex": 0, "105-ERC20.rt.hex": 0, "105-SPCoin.rt.hex": 0, "106-SafeERC20.rt.hex": 0, "106-IERC20.rt.hex": 0, "106-Ownable.rt.hex": 1, "106-TokenERC20.rt.hex": 1, "106-YFT.rt.hex": 1, "107-IERC20.rt.hex": 0, "107-SafeMath.rt.hex": 0, "107-ERC20.rt.hex": 0, "107-GrowToken.rt.hex": 0, "108-EqwityToken.rt.hex": 0, "108-Owned.rt.hex": 0, "108-ERC20Interface.rt.hex": 0, "108-IERC20.rt.hex": 0, "108-SafeMath.rt.hex": 0, "108-ERC20Detailed.rt.hex": 1, "108-HYDROGEN.rt.hex": 1, "109-Ownable.rt.hex": 0, "109-Roles.rt.hex": 0, "109-PauserRole.rt.hex": 0, "109-Pausable.rt.hex": 0, "109-COORole.rt.hex": 0, "109-ReentrancyGuard.rt.hex": 0, "109-SafeMath.rt.hex": 0, "109-KittyBountiesAdmin.rt.hex": 0, "109-KittyCore.rt.hex": 0, "109-KittyBounties.rt.hex": 0, "110-Ownable.rt.hex": 0, "110-SketchMarket.rt.hex": 0, "111-SafeMath.rt.hex": 0, "111-IntegerOverflowMul.rt.hex": 1, "112-Token.rt.hex": 0, "112-SafeMath.rt.hex": 0, "112-StandardToken.rt.hex": 0, "112-GRO.rt.hex": 0, "113-SafeMath.rt.hex": 0, "113-FomoFeast.rt.hex": 1, "114-SafeMath.rt.hex": 0, "114-CareerOnToken.rt.hex": 1, "115-SafeMath.rt.hex": 0, "115-Ownable.rt.hex": 0, "115-IErc20.rt.hex": 0, "115-Monetary.rt.hex": 0, "115-IPriceOracle.rt.hex": 0, "115-Require.rt.hex": 0, "115-Math.rt.hex": 0, "115-Time.rt.hex": 0, "115-IMakerOracle.rt.hex": 0, "115-IOasisDex.rt.hex": 0, "115-DaiPriceOracle.rt.hex": 0, "116-SafeMath.rt.hex": 0, "116-ERC20Interface.rt.hex": 0, "116-ERC20Token.rt.hex": 0, "116-Owned.rt.hex": 0, "116-OpsManaged.rt.hex": 0, "116-Finalizable.rt.hex": 0, "116-FinalizableToken.rt.hex": 0, "116-TokenConfig.rt.hex": 0, "116-SLSToken.rt.hex": 0, "117-SafeMath.rt.hex": 0, "117-IERC20.rt.hex": 0, "117-PHO.rt.hex": 1, "118-P3XRoll.rt.hex": 0, "118-IP3X.rt.hex": 0, "118-SafeMath.rt.hex": 0, "119-ERC20Basic.rt.hex": 0, "119-ERC20.rt.hex": 0, "119-SafeMath.rt.hex": 0, "119-StandardToken.rt.hex": 0, "119-BurnableToken.rt.hex": 0, "119-UpgradeAgent.rt.hex": 0, "119-UpgradeableToken.rt.hex": 0, "119-Ownable.rt.hex": 0, "119-ReleasableToken.rt.hex": 0, "119-SafeMathLib.rt.hex": 0, "119-MintableToken.rt.hex": 0, "119-CrowdsaleToken.rt.hex": 0, "119-BurnableCrowdsaleToken.rt.hex": 0, "120-SafeMath.rt.hex": 0, "120-ContractReceiver.rt.hex": 0, "120-PetToken.rt.hex": 0, "121-SafeMath.rt.hex": 0, "121-ERC721Interface.rt.hex": 0, "121-ERC20.rt.hex": 0, "121-Ownable.rt.hex": 0, "121-NewAuctionContract.rt.hex": 0, "121-AuctionContract.rt.hex": 0, "122-SafeMath.rt.hex": 0, "122-Ownable.rt.hex": 0, "122-ERC20Basic.rt.hex": 0, "122-ERC20.rt.hex": 0, "122-DetailedERC20.rt.hex": 0, "122-BasicToken.rt.hex": 0, "122-StandardToken.rt.hex": 0, "122-UnlimitedAllowanceToken.rt.hex": 0, "122-BZRxToken.rt.hex": 0, "122-BZRxTransferProxy.rt.hex": 0, "123-multiSend.rt.hex": 0, "123-SafeMath.rt.hex": 0, "123-owned.rt.hex": 1, "123-ethBank.rt.hex": 1, "124-SafeMath.rt.hex": 0, "124-IERC20.rt.hex": 0, "124-ERC20Detailed.rt.hex": 1, "124-HYDROGEN.rt.hex": 1, "125-IERC20.rt.hex": 0, "125-PauserRole.rt.hex": 0, "125-Roles.rt.hex": 0, "125-SafeMath.rt.hex": 0, "125-ERC20.rt.hex": 0, "125-MinterRole.rt.hex": 0, "125-ERC20Mintable.rt.hex": 0, "125-ERC20Burnable.rt.hex": 0, "125-Pausable.rt.hex": 0, "125-ERC20Pausable.rt.hex": 0, "125-ERC20Detailed.rt.hex": 0, "125-Ownable.rt.hex": 0, "125-Migrations.rt.hex": 0, "125-ELToken.rt.hex": 0, "126-NokuPricingPlan.rt.hex": 0, "126-Ownable.rt.hex": 0, "126-Pausable.rt.hex": 0, "126-SafeMath.rt.hex": 0, "126-ERC20Basic.rt.hex": 0, "126-ERC20.rt.hex": 0, "126-BurnableERC20.rt.hex": 0, "126-NokuTokenBurner.rt.hex": 0, "126-BasicToken.rt.hex": 0, "126-BurnableToken.rt.hex": 0, "126-DetailedERC20.rt.hex": 0, "126-StandardToken.rt.hex": 0, "126-MintableToken.rt.hex": 0, "126-NokuCustomERC20.rt.hex": 0, "126-NokuCustomERC20Service.rt.hex": 0, "127-IERC20.rt.hex": 0, "127-SafeMath.rt.hex": 0, "127-ERC20.rt.hex": 0, "127-ERC20Detailed.rt.hex": 0, "127-ERC20Burnable.rt.hex": 0, "127-Roles.rt.hex": 0, "127-MinterRole.rt.hex": 0, "127-ERC20Mintable.rt.hex": 0, "127-PauserRole.rt.hex": 0, "127-Pausable.rt.hex": 0, "127-ERC20PartialLock.rt.hex": 0, "127-LXANK.rt.hex": 0, "128-CrabFarm.rt.hex": 0, "128-Token.rt.hex": 1, "129-Ownable.rt.hex": 0, "129-LinkedList.rt.hex": 0, "129-ERC20Basic.rt.hex": 0, "129-SafeMath.rt.hex": 0, "129-BasicToken.rt.hex": 0, "129-ERC20.rt.hex": 0, "129-StandardToken.rt.hex": 0, "129-Pausable.rt.hex": 0, "129-PausableToken.rt.hex": 0, "129-BurnableToken.rt.hex": 0, "129-RepublicToken.rt.hex": 0, "129-DarknodeRegistryStore.rt.hex": 0, "130-SafeMath.rt.hex": 0, "130-IERC20.rt.hex": 0, "130-Ownable.rt.hex": 1, "130-ERC20Detailed.rt.hex": 1, "130-DanPanCoin.rt.hex": 1, "131-SafeMath.rt.hex": 0, "131-Ownable.rt.hex": 0, "131-Roles.rt.hex": 0, "131-MinterRole.rt.hex": 0, "131-ReentrancyGuard.rt.hex": 0, "131-CertificateControllerMock.rt.hex": 0, "131-CertificateController.rt.hex": 0, "131-IERC777TokensRecipient.rt.hex": 0, "131-IERC777TokensSender.rt.hex": 0, "131-IERC1410.rt.hex": 0, "131-IERC777.rt.hex": 0, "131-IERC1400.rt.hex": 0, "131-ERC820Registry.rt.hex": 0, "131-ERC820Client.rt.hex": 0, "131-ERC777.rt.hex": 0, "131-ERC1410.rt.hex": 0, "131-ERC1400.rt.hex": 0, "132-SafeMath.rt.hex": 0, "132-TimeLock.rt.hex": 1, "133-IERC20.rt.hex": 0, "133-ERC20.rt.hex": 0, "133-SafeMath.rt.hex": 0, "133-ERC20Interface.rt.hex": 1, "133-ApproveAndCallFallBack.rt.hex": 1, "133-Owned.rt.hex": 1, "133-ForTheBlockchain.rt.hex": 1, "134-SafeMath.rt.hex": 0, "134-Ownable.rt.hex": 0, "134-Pausable.rt.hex": 0, "134-ERC20Basic.rt.hex": 0, "134-BasicToken.rt.hex": 0, "134-ERC20.rt.hex": 0, "134-StandardToken.rt.hex": 0, "134-PausableToken.rt.hex": 0, "134-CostumeToken.rt.hex": 0, "134-Crowdsale.rt.hex": 0, "135-EventMetadata.rt.hex": 1, "135-Operated.rt.hex": 1, "135-ProofHashes.rt.hex": 1, "135-MultiHashWrapper.rt.hex": 1, "135-iFactory.rt.hex": 0, "135-Template.rt.hex": 1, "135-Feed.rt.hex": 1, "136-SafeMath.rt.hex": 0, "136-ERC20Basic.rt.hex": 0, "136-BasicToken.rt.hex": 0, "136-ERC20.rt.hex": 0, "136-StandardToken.rt.hex": 0, "136-SafeERC20.rt.hex": 0, "136-TokenTimelock.rt.hex": 0, "136-Owned.rt.hex": 0, "136-TokenVault.rt.hex": 0, "136-BurnableToken.rt.hex": 0, "136-IdealCoinToken.rt.hex": 0, "137-AbstractToken.rt.hex": 0, "137-Owned.rt.hex": 0, "137-SafeMath.rt.hex": 0, "137-StandardToken.rt.hex": 0, "137-Token.rt.hex": 0, "137-GenesisCryptoTechnology.rt.hex": 0, "138-SafeMath.rt.hex": 0, "138-Ownable.rt.hex": 0, "138-IERC20.rt.hex": 0, "138-ERC20.rt.hex": 0, "138-ERC20Detailed.rt.hex": 0, "138-HatchToken.rt.hex": 0, "139-Ownable.rt.hex": 0, "139-Roles.rt.hex": 0, "139-RBAC.rt.hex": 0, "139-SafeMath.rt.hex": 0, "139-ERC20Basic.rt.hex": 0, "139-ERC20.rt.hex": 0, "139-BasicToken.rt.hex": 0, "139-StandardToken.rt.hex": 0, "139-Pausable.rt.hex": 0, "139-PausableToken.rt.hex": 0, "139-BlackListToken.rt.hex": 0, "139-TwoPhaseToken.rt.hex": 0, "139-UpgradedStandardToken.rt.hex": 0, "139-WithToken.rt.hex": 0, "140-Ownable.rt.hex": 1, "140-IERC20.rt.hex": 0, "140-SafeMath.rt.hex": 0, "140-ERC20Detailed.rt.hex": 1, "140-DanPanCoin.rt.hex": 1, "141-SafeMath.rt.hex": 0, "141-ERC20Interface.rt.hex": 0, "141-admined.rt.hex": 0, "141-ICO.rt.hex": 0, "142-OCW.rt.hex": 0, "142-SafeMath.rt.hex": 0, "142-ERC20.rt.hex": 1, "142-ERC223ReceivingContract.rt.hex": 1, "142-ERC223.rt.hex": 1, "142-ERC223Token.rt.hex": 1, "142-Owned.rt.hex": 1, "142-Grand.rt.hex": 1, "143-ERC165.rt.hex": 0, "143-IERC721.rt.hex": 0, "143-IERC165.rt.hex": 0, "143-ERC721.rt.hex": 0, "143-SafeMath.rt.hex": 0, "143-IERC20.rt.hex": 0, "143-UBBCToken.rt.hex": 1, "144-IERC20.rt.hex": 0, "144-ERC20Detailed.rt.hex": 0, "144-SafeMath.rt.hex": 0, "144-ERC20.rt.hex": 0, "144-Roles.rt.hex": 0, "144-PauserRole.rt.hex": 0, "144-Pausable.rt.hex": 0, "144-ERC20Pausable.rt.hex": 0, "144-Ownable.rt.hex": 0, "144-SDCToken.rt.hex": 0, "145-IERC20.rt.hex": 0, "145-SafeMath.rt.hex": 0, "145-ERC20.rt.hex": 0, "145-ERC20Detailed.rt.hex": 0, "145-Roles.rt.hex": 0, "145-MinterRole.rt.hex": 0, "145-ERC20Mintable.rt.hex": 0, "145-ERC20Burnable.rt.hex": 0, "145-CnabToken.rt.hex": 0, "146-SafeMath.rt.hex": 0, "146-TimeLock.rt.hex": 1, "147-SafeMath.rt.hex": 0, "147-Ownable.rt.hex": 0, "147-ERC20Basic.rt.hex": 0, "147-BasicToken.rt.hex": 0, "147-BurnableToken.rt.hex": 0, "147-DescriptiveToken.rt.hex": 0, "147-MintableToken.rt.hex": 0, "147-CappedMintableToken.rt.hex": 0, "147-ERC20.rt.hex": 0, "147-StandardToken.rt.hex": 0, "147-ReleasableToken.rt.hex": 0, "147-OnLiveToken.rt.hex": 0, "148-SafeMath.rt.hex": 0, "148-IERC20.rt.hex": 0, "148-ERC20.rt.hex": 1, "148-ERC20Detailed.rt.hex": 1, "148-SimpleSwapCoin.rt.hex": 1, "149-Ownable.rt.hex": 0, "149-Pausable.rt.hex": 0, "149-Destructible.rt.hex": 0, "149-EDCoreInterface.rt.hex": 0, "149-DungeonRunAlpha.rt.hex": 0, "150-SafeMath.rt.hex": 0, "150-ERC20.rt.hex": 0, "150-ReserveToken.rt.hex": 0, "150-EtherDelta.rt.hex": 0, "151-HelloChicken.rt.hex": 0, "151-SafeMath.rt.hex": 0, "151-ERC20Basic.rt.hex": 0, "151-BasicToken.rt.hex": 0, "151-ERC20.rt.hex": 0, "151-StandardToken.rt.hex": 0, "151-Ownable.rt.hex": 0, "151-Pausable.rt.hex": 0, "151-PausableToken.rt.hex": 1, "151-BecToken.rt.hex": 0, "152-SafeMath.rt.hex": 0, "152-Roles.rt.hex": 0, "152-PauserRole.rt.hex": 0, "152-Pausable.rt.hex": 0, "152-Ownable.rt.hex": 0, "152-KittyBountiesAdmin.rt.hex": 0, "152-KittyCore.rt.hex": 0, "152-KittyBounties.rt.hex": 0, "153-ERC20.rt.hex": 0, "153-SafeMath.rt.hex": 0, "153-StandardToken.rt.hex": 0, "153-BurnableToken.rt.hex": 0, "153-UpgradeAgent.rt.hex": 0, "153-UpgradeableToken.rt.hex": 0, "153-Ownable.rt.hex": 0, "153-ReleasableToken.rt.hex": 0, "153-SafeMathLib.rt.hex": 0, "153-MintableToken.rt.hex": 0, "153-CrowdsaleToken.rt.hex": 0, "153-BurnableCrowdsaleToken.rt.hex": 0, "154-IConnections.rt.hex": 0, "154-Connections.rt.hex": 0, "155-SafeMath.rt.hex": 0, "155-Ownable.rt.hex": 0, "155-Pausable.rt.hex": 0, "155-ERC20Basic.rt.hex": 0, "155-BasicToken.rt.hex": 0, "155-ERC20.rt.hex": 0, "155-StandardToken.rt.hex": 0, "155-BurnableToken.rt.hex": 0, "155-MintableToken.rt.hex": 0, "155-CappedToken.rt.hex": 0, "155-PausableToken.rt.hex": 0, "155-CryptoControlToken.rt.hex": 0, "155-UpgradedStandardToken.rt.hex": 0, "156-Token.rt.hex": 0, "156-AbstractToken.rt.hex": 0, "156-SafeMath.rt.hex": 0, "156-tokenRecipient.rt.hex": 0, "156-MD.rt.hex": 1, "157-AbstractToken.rt.hex": 0, "157-MDC.rt.hex": 0, "157-Token.rt.hex": 0, "157-SafeMath.rt.hex": 0, "157-tokenRecipient.rt.hex": 0, "157-MD.rt.hex": 1, "158-SafeMath.rt.hex": 0, "158-ERC20Basic.rt.hex": 0, "158-BasicToken.rt.hex": 0, "158-ERC20.rt.hex": 0, "158-StandardToken.rt.hex": 0, "158-SafeERC20.rt.hex": 0, "158-Owned.rt.hex": 0, "158-TokenVesting.rt.hex": 0, "158-TokenVault.rt.hex": 0, "158-BurnableToken.rt.hex": 0, "158-BKB_Token.rt.hex": 0, "159-ERC20Interface.rt.hex": 0, "159-Owned.rt.hex": 0, "159-FixedSupplyToken.rt.hex": 0, "159-SafeMath.rt.hex": 0, "159-IERC20.rt.hex": 0, "159-ERC20.rt.hex": 1, "159-ERC20Detailed.rt.hex": 1, "159-SimpleSwapCoin.rt.hex": 1, "160-Owned.rt.hex": 0, "160-IERC20.rt.hex": 0, "160-SafeMath.rt.hex": 0, "160-Ownable.rt.hex": 1, "160-ERC20Detailed.rt.hex": 1, "160-DanPanCoin.rt.hex": 1, "161-SafeMath.rt.hex": 0, "161-Roles.rt.hex": 0, "161-PauserRole.rt.hex": 0, "161-AdministratorRole.rt.hex": 0, "161-Ownable.rt.hex": 0, "161-Pausable.rt.hex": 0, "161-IERC20.rt.hex": 0, "161-ERC20.rt.hex": 0, "161-ERC20Detailed.rt.hex": 0, "161-ETMToken.rt.hex": 0, "162-SafeMath.rt.hex": 0, "162-ERC20Basic.rt.hex": 0, "162-BasicToken.rt.hex": 0, "162-ERC20.rt.hex": 0, "162-StandardToken.rt.hex": 0, "162-SafeERC20.rt.hex": 0, "162-Owned.rt.hex": 0, "162-TokenVesting.rt.hex": 0, "162-TokenVault.rt.hex": 0, "162-BurnableToken.rt.hex": 0, "162-ZTC_Token.rt.hex": 0, "163-RTCoinInterface.rt.hex": 0, "163-ERC20Interface.rt.hex": 0, "163-SafeMath.rt.hex": 0, "163-Stake.rt.hex": 0, "164-IERC20.rt.hex": 0, "164-SafeMath.rt.hex": 0, "164-ERC20.rt.hex": 0, "164-Roles.rt.hex": 0, "164-MinterRole.rt.hex": 0, "164-ERC20Mintable.rt.hex": 0, "164-PauserRole.rt.hex": 0, "164-Pausable.rt.hex": 0, "164-ERC20Pausable.rt.hex": 0, "164-ERC20Burnable.rt.hex": 0, "164-CMDXToken.rt.hex": 0, "165-SafeMath.rt.hex": 0, "165-Ownable.rt.hex": 0, "165-ERC20Basic.rt.hex": 0, "165-ERC20.rt.hex": 0, "165-DetailedERC20.rt.hex": 0, "165-BasicToken.rt.hex": 0, "165-StandardToken.rt.hex": 0, "165-UnlimitedAllowanceToken.rt.hex": 0, "165-BZRxToken.rt.hex": 0, "165-BZRxTransferProxy.rt.hex": 0, "166-SafeMath.rt.hex": 0, "166-Ownable.rt.hex": 0, "166-Pausable.rt.hex": 0, "166-ERC20Basic.rt.hex": 0, "166-BasicToken.rt.hex": 0, "166-ERC20.rt.hex": 0, "166-StandardToken.rt.hex": 0, "166-BurnableToken.rt.hex": 0, "166-MintableToken.rt.hex": 0, "166-CappedToken.rt.hex": 0, "166-PausableToken.rt.hex": 0, "166-CryptoPolitanToken.rt.hex": 0, "166-UpgradedStandardToken.rt.hex": 0, "167-Ownable.rt.hex": 0, "167-HYPRO.rt.hex": 0, "167-SafeMath.rt.hex": 0, "168-Mortal.rt.hex": 0, "168-CoquinhoERC20.rt.hex": 0, "168-ERC20Interface.rt.hex": 0, "168-Owned.rt.hex": 0, "168-Ownable.rt.hex": 1, "168-TokenERC20.rt.hex": 1, "168-TTC.rt.hex": 1, "169-Regatta.rt.hex": 0, "170-SafeMath.rt.hex": 0, "170-Ownable.rt.hex": 0, "170-Helper.rt.hex": 0, "170-LNX.rt.hex": 0, "171-LibBytes.rt.hex": 0, "171-ReentrancyGuard.rt.hex": 0, "171-SafeMath.rt.hex": 0, "171-LibConstants.rt.hex": 0, "171-LibEIP712.rt.hex": 0, "171-LibFillResults.rt.hex": 0, "171-LibMath.rt.hex": 0, "171-LibOrder.rt.hex": 0, "171-LibAbiEncoder.rt.hex": 0, "171-IOwnable.rt.hex": 0, "171-IAuthorizable.rt.hex": 0, "171-IAssetProxy.rt.hex": 0, "171-IValidator.rt.hex": 0, "171-IWallet.rt.hex": 0, "171-IExchangeCore.rt.hex": 0, "171-IAssetProxyDispatcher.rt.hex": 0, "171-IMatchOrders.rt.hex": 0, "171-ISignatureValidator.rt.hex": 0, "171-ITransactions.rt.hex": 0, "171-IWrapperFunctions.rt.hex": 0, "171-IExchange.rt.hex": 0, "171-MExchangeCore.rt.hex": 0, "171-MAssetProxyDispatcher.rt.hex": 0, "171-MMatchOrders.rt.hex": 0, "171-MSignatureValidator.rt.hex": 0, "171-MTransactions.rt.hex": 0, "171-MWrapperFunctions.rt.hex": 0, "171-Ownable.rt.hex": 0, "171-MixinExchangeCore.rt.hex": 0, "171-MixinSignatureValidator.rt.hex": 0, "171-MixinWrapperFunctions.rt.hex": 0, "171-MixinTransactions.rt.hex": 0, "171-MixinAssetProxyDispatcher.rt.hex": 0, "171-MixinMatchOrders.rt.hex": 0, "171-Exchange.rt.hex": 0, "172-SafeMath.rt.hex": 0, "172-ERC20.rt.hex": 0, "172-FiatContract.rt.hex": 0, "172-TestFiatContract.rt.hex": 0, "172-SocialActivityToken.rt.hex": 0, "173-SafeMath.rt.hex": 0, "173-OwnerHelper.rt.hex": 0, "173-ERC20Interface.rt.hex": 0, "173-VantaToken.rt.hex": 0, "174-SafeMath.rt.hex": 0, "174-IntegerOverflowAdd.rt.hex": 1, "175-AbstractToken.rt.hex": 0, "175-Owned.rt.hex": 0, "175-SafeMath.rt.hex": 0, "175-StandardToken.rt.hex": 0, "175-BurnableToken.rt.hex": 0, "175-Token.rt.hex": 0, "175-InmediateToken.rt.hex": 0, "176-SafeMath.rt.hex": 0, "176-Ownable.rt.hex": 0, "176-ERC20Basic.rt.hex": 0, "176-ERC20.rt.hex": 0, "176-SafeERC20.rt.hex": 0, "176-Crowdsale.rt.hex": 0, "176-TimedCrowdsale.rt.hex": 0, "176-FinalizableCrowdsale.rt.hex": 0, "176-BasicToken.rt.hex": 0, "176-StandardToken.rt.hex": 0, "176-MintableToken.rt.hex": 0, "176-MintedCrowdsale.rt.hex": 0, "176-Pausable.rt.hex": 0, "176-RealtyReturnsTokenInterface.rt.hex": 0, "176-PausableToken.rt.hex": 0, "176-RealtyReturnsToken.rt.hex": 0, "176-LockTokenAllocation.rt.hex": 0, "176-RealtyReturnsTokenCrowdsale.rt.hex": 0, "177-Ownable.rt.hex": 0, "177-Administratable.rt.hex": 0, "177-IERC20.rt.hex": 0, "177-SafeMath.rt.hex": 0, "177-ERC20.rt.hex": 0, "177-ERC20Burnable.rt.hex": 0, "177-Whitelistable.rt.hex": 0, "177-Freezable.rt.hex": 0, "177-TimeLockable.rt.hex": 0, "177-BLUCON.rt.hex": 0, "177-Migrations.rt.hex": 0, "178-SafeMath.rt.hex": 0, "178-ERC20Basic.rt.hex": 0, "178-BasicToken.rt.hex": 0, "178-ERC20.rt.hex": 0, "178-StandardToken.rt.hex": 0, "178-SafeERC20.rt.hex": 0, "178-Owned.rt.hex": 0, "178-TokenVesting.rt.hex": 0, "178-TokenVault.rt.hex": 0, "178-BurnableToken.rt.hex": 0, "178-WKA_Token.rt.hex": 0, "179-Owned.rt.hex": 1, "179-SafeMath.rt.hex": 0, "179-ERC20Interface.rt.hex": 1, "179-ApproveAndCallFallBack.rt.hex": 1, "179-ForTheBlockchain.rt.hex": 1, "180-test.rt.hex": 0, "180-IntegerOverflowMappingSym1.rt.hex": 1, "181-SafeMath.rt.hex": 0, "181-ERC20Interface.rt.hex": 1, "181-Owned.rt.hex": 1, "181-ExclusivePlatform.rt.hex": 1, "182-Ownable.rt.hex": 0, "182-Blacklist.rt.hex": 0, "182-BlacklistInterface.rt.hex": 0, "182-IntegerOverflowAdd.rt.hex": 1, "183-SafeMath.rt.hex": 0, "183-Ownable.rt.hex": 0, "183-Finalizable.rt.hex": 0, "183-IToken.rt.hex": 0, "183-TokenReceivable.rt.hex": 0, "183-EventDefinitions.rt.hex": 0, "183-Token.rt.hex": 0, "183-Controller.rt.hex": 0, "183-PreSale.rt.hex": 0, "183-Ledger.rt.hex": 0, "184-SafeMath.rt.hex": 0, "184-IERC20.rt.hex": 0, "184-ERC20Detailed.rt.hex": 1, "184-BIGBOMBv2.rt.hex": 1, "185-SafeMath.rt.hex": 0, "185-Ownable.rt.hex": 1, "185-AccountWallet.rt.hex": 1, "186-SafeMath.rt.hex": 0, "186-TimeLock.rt.hex": 1, "187-ECRecovery.rt.hex": 0, "187-SigningLogic.rt.hex": 0, "187-ERC20Basic.rt.hex": 0, "187-ERC20.rt.hex": 0, "187-SafeMath.rt.hex": 0, "187-SafeERC20.rt.hex": 0, "187-TokenEscrowMarketplace.rt.hex": 0, "187-Initializable.rt.hex": 0, "187-AttestationLogic.rt.hex": 0, "188-Admin.rt.hex": 0, "188-Pausable.rt.hex": 0, "188-CryptoFamousBase.rt.hex": 0, "188-CryptoFamousOwnership.rt.hex": 0, "188-CryptoFamousStorage.rt.hex": 0, "189-AbstractToken.rt.hex": 0, "189-Owned.rt.hex": 0, "189-SafeMath.rt.hex": 0, "189-StandardToken.rt.hex": 0, "189-Token.rt.hex": 0, "189-GenesisCryptoTechnology.rt.hex": 0, "190-Pool.rt.hex": 0, "190-SafeMath.rt.hex": 0, "190-RigoToken.rt.hex": 0, "190-DragoRegistry.rt.hex": 0, "190-Inflation.rt.hex": 0, "190-ReentrancyGuard.rt.hex": 0, "190-ProofOfPerformanceFace.rt.hex": 0, "190-ProofOfPerformance.rt.hex": 0, "191-CrabFarm.rt.hex": 0, "191-SafeMath.rt.hex": 0, "191-ERC20Basic.rt.hex": 0, "191-BasicToken.rt.hex": 0, "191-ERC20.rt.hex": 0, "191-StandardToken.rt.hex": 0, "191-Ownable.rt.hex": 0, "191-Pausable.rt.hex": 0, "191-PausableToken.rt.hex": 1, "191-BecToken.rt.hex": 0, "192-SafeMath.rt.hex": 0, "192-IERC20.rt.hex": 0, "192-ERC20.rt.hex": 0, "192-Roles.rt.hex": 0, "192-MinterRole.rt.hex": 0, "192-ERC20Mintable.rt.hex": 0, "192-ERC20Burnable.rt.hex": 0, "192-TuneTradeToken.rt.hex": 0, "192-WhitelistAdminRole.rt.hex": 0, "192-WhitelistedRole.rt.hex": 0, "192-TeamRole.rt.hex": 0, "192-SafeERC20.rt.hex": 0, "192-SwapContract.rt.hex": 0, "193-SafeMath.rt.hex": 0, "193-owned.rt.hex": 1, "193-tokenRecipient.rt.hex": 0, "193-TokenERC20.rt.hex": 1, "193-AZT.rt.hex": 1, "194-SafeMath.rt.hex": 0, "194-Crowdsale.rt.hex": 0, "194-Ownable.rt.hex": 0, "194-BlockbidCrowdsale.rt.hex": 0, "194-ERC20Basic.rt.hex": 0, "194-BasicToken.rt.hex": 0, "194-ERC20.rt.hex": 0, "194-StandardToken.rt.hex": 0, "194-MintableToken.rt.hex": 0, "194-BlockbidMintableToken.rt.hex": 0, "195-SafeMath.rt.hex": 0, "195-ItemsInterfaceForEternalStorage.rt.hex": 0, "195-EternalStorage.rt.hex": 0, "196-ECRecovery.rt.hex": 0, "196-Roles.rt.hex": 0, "196-SafeMath.rt.hex": 0, "196-IERC20.rt.hex": 0, "196-ERC20.rt.hex": 0, "196-Ownable.rt.hex": 0, "196-MinterRole.rt.hex": 0, "196-Mintable.rt.hex": 0, "196-Pausable.rt.hex": 0, "196-Burnable.rt.hex": 0, "196-Lockable.rt.hex": 0, "196-DelegatorRole.rt.hex": 0, "196-Delegatable.rt.hex": 0, "196-TrustShoreToken.rt.hex": 0, "197-SafeMath.rt.hex": 0, "197-Ownable.rt.hex": 0, "197-ERC20.rt.hex": 0, "197-StandardToken.rt.hex": 0, "197-EIForceCoin.rt.hex": 0, "198-SafeMath.rt.hex": 0, "198-Roles.rt.hex": 0, "198-RBAC.rt.hex": 0, "198-RBACWithAdmin.rt.hex": 0, "198-Ownable.rt.hex": 0, "198-ERC20Basic.rt.hex": 0, "198-BasicToken.rt.hex": 0, "198-ERC20.rt.hex": 0, "198-DetailedERC20.rt.hex": 0, "198-StandardToken.rt.hex": 0, "198-ERC865.rt.hex": 0, "198-ERC865Token.rt.hex": 0, "198-BeepToken.rt.hex": 0, "199-ERC165.rt.hex": 0, "199-IERC721.rt.hex": 0, "199-IERC165.rt.hex": 0, "199-ERC721.rt.hex": 0, "199-SafeMath.rt.hex": 0, "199-IERC20.rt.hex": 0, "199-ERC20.rt.hex": 1, "199-ERC20Detailed.rt.hex": 1, "199-SaveWon.rt.hex": 1, "200-IERC165.rt.hex": 0, "200-ERC165.rt.hex": 0, "200-IERC721.rt.hex": 0, "200-IERC721Receiver.rt.hex": 0, "200-SafeMath.rt.hex": 0, "200-Address.rt.hex": 0, "200-FormSI060719.rt.hex": 0, "201-ERC20Basic.rt.hex": 0, "201-BasicToken.rt.hex": 0, "201-SafeMath.rt.hex": 0, "201-owned.rt.hex": 1, "201-tokenRecipient.rt.hex": 0, "201-TokenERC20.rt.hex": 1, "201-AZT.rt.hex": 1, "202-ERC721.rt.hex": 0, "202-AthleteToken.rt.hex": 0, "202-SafeMath.rt.hex": 0, "203-SafeMath.rt.hex": 0, "203-Roles.rt.hex": 0, "203-PauserRole.rt.hex": 0, "203-Pausable.rt.hex": 0, "203-Ownable.rt.hex": 0, "203-KittyBountiesAdmin.rt.hex": 0, "203-KittyCore.rt.hex": 0, "203-KittyBounties.rt.hex": 0, "204-IERC20.rt.hex": 0, "204-SafeMath.rt.hex": 0, "204-Roles.rt.hex": 0, "204-ERC20.rt.hex": 0, "204-ERC20Burnable.rt.hex": 0, "204-MinterRole.rt.hex": 0, "204-ERC20Mintable.rt.hex": 0, "204-TestToken.rt.hex": 0, "204-CallReceiver.rt.hex": 0, "205-Token.rt.hex": 0, "205-AbstractToken.rt.hex": 0, "205-SafeMath.rt.hex": 0, "205-INFS.rt.hex": 0, "205-IERC20.rt.hex": 0, "205-PHO.rt.hex": 1, "206-SafeMath.rt.hex": 0, "206-OwnerHelper.rt.hex": 0, "206-ERC20Interface.rt.hex": 0, "206-ITAMToken.rt.hex": 0, "207-SafeMath.rt.hex": 0, "207-CareerOnToken.rt.hex": 1, "208-SafeMath.rt.hex": 0, "208-Ownable.rt.hex": 0, "208-ERC20Basic.rt.hex": 0, "208-ERC20.rt.hex": 0, "208-DetailedERC20.rt.hex": 0, "208-BasicToken.rt.hex": 0, "208-StandardToken.rt.hex": 0, "208-UnlimitedAllowanceToken.rt.hex": 0, "208-BZRxToken.rt.hex": 0, "208-BZRxTransferProxy.rt.hex": 0, "209-Token.rt.hex": 0, "209-StandardToken.rt.hex": 0, "209-HumanStandardToken.rt.hex": 0, "209-StandardBounties.rt.hex": 0, "210-SafeMath.rt.hex": 0, "210-Ownable.rt.hex": 0, "210-IERC20.rt.hex": 0, "210-ERC20.rt.hex": 0, "210-CSCToken.rt.hex": 0, "210-Crowdsale.rt.hex": 0, "211-IERC20.rt.hex": 0, "211-ERC20.rt.hex": 0, "211-EventMetadata.rt.hex": 1, "211-Operated.rt.hex": 1, "211-ProofHashes.rt.hex": 1, "211-MultiHashWrapper.rt.hex": 1, "211-iFactory.rt.hex": 0, "211-Template.rt.hex": 1, "211-Feed.rt.hex": 1, "212-BasicToken.rt.hex": 0, "212-ERC20Basic.rt.hex": 0, "212-IntegerOverflowMinimal.rt.hex": 1, "213-ERC20Basic.rt.hex": 0, "213-ERC20.rt.hex": 0, "213-SafeERC20.rt.hex": 0, "213-SafeMath.rt.hex": 0, "213-Ownable.rt.hex": 0, "213-TokenTimelock.rt.hex": 0, "213-TokenVesting.rt.hex": 0, "213-ILivepeerToken.rt.hex": 0, "213-GenesisManager.rt.hex": 0, "214-TimeLock.rt.hex": 1, "215-Ownable.rt.hex": 0, "215-Overflow.rt.hex": 1, "216-ERC20.rt.hex": 0, "216-SafeERC20.rt.hex": 0, "216-ERC20Basic.rt.hex": 0, "216-Token.rt.hex": 1, "217-IERC20.rt.hex": 0, "217-SafeMath.rt.hex": 0, "217-ERC20.rt.hex": 0, "217-Roles.rt.hex": 0, "217-MinterRole.rt.hex": 0, "217-ERC20Mintable.rt.hex": 0, "217-ERC20Capped.rt.hex": 0, "217-ERC20Burnable.rt.hex": 0, "217-ERC20Detailed.rt.hex": 0, "217-PauserRole.rt.hex": 0, "217-Pausable.rt.hex": 0, "217-ERC20Pausable.rt.hex": 0, "217-Eraswap.rt.hex": 0, "218-Token.rt.hex": 1, "219-IAccounting.rt.hex": 0, "219-IAccountingFactory.rt.hex": 0, "219-IERC20.rt.hex": 0, "219-IDisputer.rt.hex": 0, "219-FeeWindow.rt.hex": 0, "219-Universe.rt.hex": 0, "219-ReportingParticipant.rt.hex": 0, "219-Market.rt.hex": 0, "219-IDisputerFactory.rt.hex": 0, "219-ICrowdsourcerParent.rt.hex": 0, "219-ICrowdsourcer.rt.hex": 0, "219-DisputerParams.rt.hex": 0, "219-Crowdsourcer.rt.hex": 0, "219-CrowdsourcerFactory.rt.hex": 0, "220-AbstractToken.rt.hex": 0, "220-Owned.rt.hex": 0, "220-SafeMath.rt.hex": 0, "220-StandardToken.rt.hex": 0, "220-Token.rt.hex": 0, "220-NexoToken.rt.hex": 0, "221-SafeMath.rt.hex": 0, "221-EventMetadata.rt.hex": 1, "221-Operated.rt.hex": 1, "221-ProofHashes.rt.hex": 1, "221-MultiHashWrapper.rt.hex": 1, "221-iFactory.rt.hex": 0, "221-Template.rt.hex": 1, "221-Feed.rt.hex": 1, "222-SafeMath.rt.hex": 0, "222-Ownable.rt.hex": 0, "222-ERC20Basic.rt.hex": 0, "222-ERC20.rt.hex": 0, "222-SafeERC20.rt.hex": 0, "222-Crowdsale.rt.hex": 0, "222-TimedCrowdsale.rt.hex": 0, "222-FinalizableCrowdsale.rt.hex": 0, "222-BasicToken.rt.hex": 0, "222-StandardToken.rt.hex": 0, "222-MintableToken.rt.hex": 0, "222-MintedCrowdsale.rt.hex": 0, "222-Pausable.rt.hex": 0, "222-RealtyReturnsTokenInterface.rt.hex": 0, "222-PausableToken.rt.hex": 0, "222-RealtyReturnsToken.rt.hex": 0, "222-LockTokenAllocation.rt.hex": 0, "222-RealtyReturnsTokenCrowdsale.rt.hex": 0, "223-Ownable.rt.hex": 1, "223-TokenERC20.rt.hex": 1, "223-TTC.rt.hex": 1, "224-SafeMath.rt.hex": 0, "224-IntegerOverflowAdd.rt.hex": 1, "225-Moneda.rt.hex": 0, "225-IntegerOverflowMinimal.rt.hex": 1, "226-SafeMath.rt.hex": 0, "226-Ownable.rt.hex": 0, "226-Token.rt.hex": 0, "226-Vault.rt.hex": 0, "226-CLXTokenSale.rt.hex": 0, "227-SafeMath.rt.hex": 0, "227-CareerOnToken.rt.hex": 1, "228-SafeMath.rt.hex": 0, "228-ItemsInterfaceForEternalStorage.rt.hex": 0, "228-EternalStorage.rt.hex": 0, "229-SafeMath.rt.hex": 0, "229-IERC20.rt.hex": 0, "229-ERC20.rt.hex": 1, "229-ERC20Detailed.rt.hex": 1, "229-SaveWon.rt.hex": 1, "230-Ownable.rt.hex": 0, "230-Pausable.rt.hex": 0, "230-Destructible.rt.hex": 0, "230-EDCoreInterface.rt.hex": 0, "230-DungeonRunAlpha.rt.hex": 0, "231-TAMCContract.rt.hex": 1, "232-SafeMath.rt.hex": 0, "232-Roles.rt.hex": 0, "232-PauserRole.rt.hex": 0, "232-Pausable.rt.hex": 0, "232-Ownable.rt.hex": 0, "232-KittyBountiesAdmin.rt.hex": 0, "232-KittyCore.rt.hex": 0, "232-KittyBounties.rt.hex": 0, "233-Evento.rt.hex": 0, "233-SafeMath.rt.hex": 0, "233-owned.rt.hex": 1, "233-tokenRecipient.rt.hex": 0, "233-TokenERC20.rt.hex": 1, "233-AZT.rt.hex": 1, "234-SafeMath.rt.hex": 0, "234-database.rt.hex": 0, "234-topl_database_lib.rt.hex": 0, "234-iconiq_presale.rt.hex": 0, "235-Address.rt.hex": 0, "235-Ownable.rt.hex": 0, "235-ContractManager.rt.hex": 0, "236-SafeMath.rt.hex": 0, "236-database.rt.hex": 0, "237-SafeMath.rt.hex": 0, "237-ERC20Basic.rt.hex": 0, "237-BasicToken.rt.hex": 0, "237-ERC20.rt.hex": 0, "237-StandardToken.rt.hex": 0, "237-Ownable.rt.hex": 0, "237-MintableToken.rt.hex": 0, "237-CappedToken.rt.hex": 0, "237-BurnableToken.rt.hex": 0, "237-Pausable.rt.hex": 0, "237-PausableToken.rt.hex": 0, "237-SafeERC20.rt.hex": 0, "237-TokenTimelock.rt.hex": 0, "237-MaxToken.rt.hex": 0, "238-Ownable.rt.hex": 0, "238-SafeMath.rt.hex": 0, "238-ERC20Basic.rt.hex": 0, "238-BasicToken.rt.hex": 0, "238-ERC20.rt.hex": 0, "238-StandardToken.rt.hex": 0, "238-BurnableToken.rt.hex": 0, "238-Pausable.rt.hex": 0, "238-GiftToken.rt.hex": 0, "238-Whitelist.rt.hex": 0, "238-GiftCrowdsale.rt.hex": 0, "239-ERC20Detailed.rt.hex": 0, "239-IERC20.rt.hex": 0, "239-EventMetadata.rt.hex": 1, "239-Operated.rt.hex": 1, "239-ProofHashes.rt.hex": 1, "239-MultiHashWrapper.rt.hex": 1, "239-iFactory.rt.hex": 0, "239-Template.rt.hex": 1, "239-Feed.rt.hex": 1, "240-SafeMath.rt.hex": 0, "240-owned.rt.hex": 1, "240-tokenRecipient.rt.hex": 0, "240-TokenERC20.rt.hex": 1, "240-AZT.rt.hex": 1, "241-SafeMath.rt.hex": 0, "241-Ownable.rt.hex": 0, "241-Pausable.rt.hex": 0, "241-ERC20Basic.rt.hex": 0, "241-BasicToken.rt.hex": 0, "241-ERC20.rt.hex": 0, "241-StandardToken.rt.hex": 0, "241-PausableToken.rt.hex": 0, "241-RefundVault.rt.hex": 0, "241-PallyCoin.rt.hex": 0, "241-Crowdsale.rt.hex": 0, "242-SafeMath.rt.hex": 0, "242-database.rt.hex": 0, "242-topl_database_lib.rt.hex": 0, "242-arbits_presale.rt.hex": 0, "243-PauserRole.rt.hex": 0, "243-Pausable.rt.hex": 0, "243-IERC20.rt.hex": 0, "243-PHO.rt.hex": 1, "244-IERC20.rt.hex": 0, "244-ERC20.rt.hex": 0, "244-SafeMath.rt.hex": 0, "244-FomoFeast.rt.hex": 1, "245-ERC20Basic.rt.hex": 0, "245-ERC20.rt.hex": 0, "245-SafeMath.rt.hex": 0, "245-SafeERC20.rt.hex": 0, "245-Crowdsale.rt.hex": 0, "245-TimedCrowdsale.rt.hex": 0, "245-CappedCrowdsale.rt.hex": 0, "245-BasicToken.rt.hex": 0, "245-StandardToken.rt.hex": 0, "245-Ownable.rt.hex": 0, "245-MintableToken.rt.hex": 0, "245-MintedCrowdsale.rt.hex": 0, "245-DetailedERC20.rt.hex": 0, "245-Pausable.rt.hex": 0, "245-PausableToken.rt.hex": 0, "245-LoonieToken.rt.hex": 0, "245-LoonieCrowdsale.rt.hex": 0, "246-SafeMath.rt.hex": 0, "246-ERC20Token.rt.hex": 0, "246-UnlockGmi.rt.hex": 0, "247-Crowdsale.rt.hex": 0, "247-SafeMath.rt.hex": 0, "247-Ownable.rt.hex": 0, "247-ERC20Basic.rt.hex": 0, "247-ERC20.rt.hex": 0, "247-SafeERC20.rt.hex": 0, "247-QuinadsCrowdsale.rt.hex": 0, "248-SafeMath.rt.hex": 0, "248-FomoFeast.rt.hex": 1, "249-SafeMath.rt.hex": 0, "249-ERC20Interface.rt.hex": 1, "249-ApproveAndCallFallBack.rt.hex": 1, "249-Owned.rt.hex": 1, "249-QurasToken.rt.hex": 1, "250-SafeMath.rt.hex": 0, "250-IERC20.rt.hex": 0, "250-ERC20.rt.hex": 1, "250-ERC20Detailed.rt.hex": 1, "250-SaveWon.rt.hex": 1, "251-CoinXExchange.rt.hex": 0, "251-ERC20.rt.hex": 0, "251-StandardToken.rt.hex": 0, "251-IntegerOverflowAdd.rt.hex": 1, "252-Ownable.rt.hex": 0, "252-IntegerOverflowBenign1.rt.hex": 1, "253-ERC20.rt.hex": 0, "253-SafeERC20.rt.hex": 0, "253-ERC20Basic.rt.hex": 0, "253-Ownable.rt.hex": 1, "253-TokenERC20.rt.hex": 1, "253-TTC.rt.hex": 1, "254-SafeMath.rt.hex": 0, "254-ERC721Interface.rt.hex": 0, "254-ERC20.rt.hex": 0, "254-Ownable.rt.hex": 0, "254-NewAuctionContract.rt.hex": 0, "254-ArconaMarketplaceContract.rt.hex": 0, "255-IAccessPolicy.rt.hex": 0, "255-IAccessControlled.rt.hex": 0, "255-StandardRoles.rt.hex": 0, "255-AccessControlled.rt.hex": 0, "255-IMigrationTarget.rt.hex": 0, "255-MigrationTarget.rt.hex": 0, "255-EuroTokenMigrationTarget.rt.hex": 0, "255-IMigrationSource.rt.hex": 0, "255-MigrationSource.rt.hex": 0, "255-AccessRoles.rt.hex": 0, "255-IBasicToken.rt.hex": 0, "255-Reclaimable.rt.hex": 0, "255-ITokenMetadata.rt.hex": 0, "255-TokenMetadata.rt.hex": 0, "255-IERC20Allowance.rt.hex": 0, "255-IERC20Token.rt.hex": 0, "255-IERC677Callback.rt.hex": 0, "255-IERC677Allowance.rt.hex": 0, "255-IERC677Token.rt.hex": 0, "255-Math.rt.hex": 0, "255-BasicToken.rt.hex": 0, "255-StandardToken.rt.hex": 0, "255-EuroToken.rt.hex": 0, "256-SafeMath.rt.hex": 0, "256-ERC20Basic.rt.hex": 0, "256-BasicToken.rt.hex": 0, "256-ERC20.rt.hex": 0, "256-StandardToken.rt.hex": 0, "256-SafeERC20.rt.hex": 0, "256-Owned.rt.hex": 0, "256-TokenVesting.rt.hex": 0, "256-TokenVault.rt.hex": 0, "256-BurnableToken.rt.hex": 0, "256-Phoneum.rt.hex": 0, "257-IERC20.rt.hex": 0, "257-SafeMath.rt.hex": 0, "257-ERC20Detailed.rt.hex": 1, "257-HYDROGEN.rt.hex": 1, "258-SafeMath.rt.hex": 0, "258-CareerOnToken.rt.hex": 1, "259-ERC20Interface.rt.hex": 0, "259-Klixio.rt.hex": 0, "259-KlixioOwnership.rt.hex": 0, "259-SafeMath.rt.hex": 0, "259-IERC20.rt.hex": 0, "259-UBBCToken.rt.hex": 1, "260-ERC20Interface.rt.hex": 1, "260-IERC20Interface.rt.hex": 1, "260-RaffleToken.rt.hex": 0, "260-SafeMath.rt.hex": 0, "260-RaffleTokenExchange.rt.hex": 1, "261-Moloch.rt.hex": 0, "261-IERC20.rt.hex": 0, "261-Ownable.rt.hex": 0, "261-GuildBank.rt.hex": 0, "261-SafeMath.rt.hex": 0, "262-SafeMath.rt.hex": 0, "262-ERC20.rt.hex": 0, "262-SATCoin.rt.hex": 0, "263-Ownable.rt.hex": 0, "263-IERC20.rt.hex": 0, "263-ERC20Detailed.rt.hex": 0, "263-SafeMath.rt.hex": 0, "263-ERC20.rt.hex": 0, "263-Roles.rt.hex": 0, "263-MinterRole.rt.hex": 0, "263-ERC20Mintable.rt.hex": 0, "263-ERC20Burnable.rt.hex": 0, "263-Athlon.rt.hex": 0, "264-IntegerOverflowMinimal.rt.hex": 1, "265-SafeMath.rt.hex": 0, "265-ERC20.rt.hex": 1, "265-ERC223ReceivingContract.rt.hex": 1, "265-ERC223.rt.hex": 1, "265-ERC223Token.rt.hex": 1, "265-Owned.rt.hex": 1, "265-Grand.rt.hex": 1, "266-Ownable.rt.hex": 0, "266-Roles.rt.hex": 0, "266-RBAC.rt.hex": 0, "266-SafeMath.rt.hex": 0, "266-ERC20Basic.rt.hex": 0, "266-ERC20.rt.hex": 0, "266-BasicToken.rt.hex": 0, "266-StandardToken.rt.hex": 0, "266-Pausable.rt.hex": 0, "266-PausableToken.rt.hex": 0, "266-BlackListToken.rt.hex": 0, "266-TwoPhaseToken.rt.hex": 0, "266-UpgradedStandardToken.rt.hex": 0, "266-WitToken.rt.hex": 0, "267-SafeMathLib.rt.hex": 0, "267-Ownable.rt.hex": 0, "267-Haltable.rt.hex": 0, "267-PricingStrategy.rt.hex": 0, "267-FinalizeAgent.rt.hex": 0, "267-ERC20.rt.hex": 0, "267-FractionalERC20.rt.hex": 0, "267-Crowdsale.rt.hex": 0, "267-SafeMath.rt.hex": 0, "267-StandardToken.rt.hex": 0, "267-UpgradeAgent.rt.hex": 0, "267-UpgradeableToken.rt.hex": 0, "267-ReleasableToken.rt.hex": 0, "267-MintableToken.rt.hex": 0, "267-CrowdsaleToken.rt.hex": 0, "267-MysteriumPricing.rt.hex": 0, "267-MysteriumTokenDistribution.rt.hex": 0, "268-IERC20.rt.hex": 0, "268-ERC20.rt.hex": 0, "268-EventMetadata.rt.hex": 1, "268-Operated.rt.hex": 1, "268-MultiHashWrapper.rt.hex": 1, "268-iFactory.rt.hex": 0, "268-ProofHash.rt.hex": 1, "268-Template.rt.hex": 1, "268-Post.rt.hex": 1, "269-IERC20.rt.hex": 0, "269-ERC20.rt.hex": 0, "269-EventMetadata.rt.hex": 1, "269-Operated.rt.hex": 1, "269-MultiHashWrapper.rt.hex": 1, "269-iFactory.rt.hex": 0, "269-ProofHash.rt.hex": 1, "269-Template.rt.hex": 1, "269-Post.rt.hex": 1, "270-SafeMath.rt.hex": 0, "270-ItemsInterfaceForEternalStorage.rt.hex": 0, "270-EternalStorage.rt.hex": 0, "271-Ownable.rt.hex": 0, "271-Pausable.rt.hex": 0, "271-SafeMath.rt.hex": 0, "271-ERC20Basic.rt.hex": 0, "271-BasicToken.rt.hex": 0, "271-ERC20.rt.hex": 0, "271-StandardToken.rt.hex": 0, "271-MintableToken.rt.hex": 0, "271-StarCoin.rt.hex": 0, "271-InvestorWhiteList.rt.hex": 0, "271-StarCoinPreSale.rt.hex": 0, "272-CatsCradle.rt.hex": 0, "272-IntegerOverflowSingleTransaction.rt.hex": 1, "273-SafeMath.rt.hex": 0, "273-Ownable.rt.hex": 0, "273-IERC20.rt.hex": 0, "273-ERC20.rt.hex": 0, "273-CSCToken.rt.hex": 0, "273-Crowdsale.rt.hex": 0, "274-ModulumInvestorsWhitelist.rt.hex": 0, "274-Ownable.rt.hex": 0, "274-IntegerOverflowMappingSym1.rt.hex": 1, "275-Token.rt.hex": 1, "275-SafeMath.rt.hex": 0, "275-StableDEX.rt.hex": 1, "276-SafeMath.rt.hex": 0, "276-IERC20.rt.hex": 0, "276-ERC20.rt.hex": 1, "276-ERC20Detailed.rt.hex": 1, "276-SimpleSwapCoin.rt.hex": 1, "277-IntegerOverflowBenign1.rt.hex": 1, "278-GoTDragonFarm.rt.hex": 0, "278-IntegerOverflowMappingSym1.rt.hex": 1, "279-SafeMath.rt.hex": 0, "279-ERC20.rt.hex": 0, "279-FENIX.rt.hex": 0, "280-SafeMath.rt.hex": 0, "280-Ownable.rt.hex": 1, "280-TokenERC20.rt.hex": 1, "280-XLToken.rt.hex": 1, "281-SafeMath.rt.hex": 0, "281-IERC20.rt.hex": 0, "281-PHO.rt.hex": 1, "282-SafeMath.rt.hex": 0, "282-Overflow.rt.hex": 1, "283-Ownable.rt.hex": 0, "283-IntegerOverflowMappingSym1.rt.hex": 1, "284-SafeMath.rt.hex": 0, "284-Overflow.rt.hex": 1, "285-ModulumInvestorsWhitelist.rt.hex": 0, "285-Ownable.rt.hex": 0, "285-Overflow.rt.hex": 1, "286-IERC20.rt.hex": 0, "286-ERC20Detailed.rt.hex": 0, "286-SafeMath.rt.hex": 0, "286-ERC20.rt.hex": 0, "286-ERC20Burnable.rt.hex": 0, "286-Ownable.rt.hex": 0, "286-Roles.rt.hex": 0, "286-PauserRole.rt.hex": 0, "286-Pausable.rt.hex": 0, "286-MinterRole.rt.hex": 0, "286-WhitelistAdminRole.rt.hex": 0, "286-WhitelistedRole.rt.hex": 0, "286-InvictusWhitelist.rt.hex": 0, "286-C10Token.rt.hex": 0, "287-Ownable.rt.hex": 0, "287-SafeMath.rt.hex": 0, "287-ERC20Basic.rt.hex": 0, "287-ERC20.rt.hex": 0, "287-BasicToken.rt.hex": 0, "287-StandardToken.rt.hex": 0, "287-TeuToken.rt.hex": 0, "287-Pausable.rt.hex": 0, "287-TeuBookingDeposit.rt.hex": 0, "288-Ownable.rt.hex": 0, "288-HYIPRETHPRO441.rt.hex": 0, "288-SafeMath.rt.hex": 0, "289-SafeMath.rt.hex": 0, "289-EventMetadata.rt.hex": 1, "289-Operated.rt.hex": 1, "289-ProofHashes.rt.hex": 1, "289-MultiHashWrapper.rt.hex": 1, "289-iFactory.rt.hex": 0, "289-Template.rt.hex": 1, "289-Feed.rt.hex": 1, "290-Ownable.rt.hex": 0, "290-Pausable.rt.hex": 0, "290-Destructible.rt.hex": 0, "290-EDCoreInterface.rt.hex": 0, "290-DungeonRunCore.rt.hex": 0, "291-SafeMath.rt.hex": 0, "291-RequestUid.rt.hex": 0, "291-AdminUpgradeable.rt.hex": 0, "291-BICALogicUpgradeable.rt.hex": 0, "291-BICALogic.rt.hex": 0, "291-BICALedger.rt.hex": 0, "291-ERC20Interface.rt.hex": 0, "291-BICAProxy.rt.hex": 0, "292-SafeMath.rt.hex": 0, "292-ERC20Basic.rt.hex": 0, "292-BasicToken.rt.hex": 0, "292-ERC20.rt.hex": 0, "292-StandardToken.rt.hex": 0, "292-BurnableToken.rt.hex": 0, "292-SafeERC20.rt.hex": 0, "292-Ownable.rt.hex": 0, "292-TokenVesting.rt.hex": 0, "292-LccxToken.rt.hex": 0, "293-IERC165.rt.hex": 0, "293-IERC721.rt.hex": 0, "293-IERC721Receiver.rt.hex": 0, "293-SafeMath.rt.hex": 0, "293-Address.rt.hex": 0, "293-ERC165.rt.hex": 0, "293-ERC721.rt.hex": 0, "293-IERC721Metadata.rt.hex": 0, "293-ERC721Metadata.rt.hex": 0, "293-Roles.rt.hex": 0, "293-MinterRole.rt.hex": 0, "293-ERC721MetadataMintable.rt.hex": 0, "293-Ownable.rt.hex": 0, "293-RadxCollectible.rt.hex": 0, "294-NokuPricingPlan.rt.hex": 0, "294-Ownable.rt.hex": 0, "294-Pausable.rt.hex": 0, "294-SafeMath.rt.hex": 0, "294-ERC20Basic.rt.hex": 0, "294-ERC20.rt.hex": 0, "294-BurnableERC20.rt.hex": 0, "294-NokuTokenBurner.rt.hex": 0, "294-BasicToken.rt.hex": 0, "294-BurnableToken.rt.hex": 0, "294-DetailedERC20.rt.hex": 0, "294-StandardToken.rt.hex": 0, "294-MintableToken.rt.hex": 0, "294-NokuCustomERC20.rt.hex": 0, "295-SafeMath.rt.hex": 0, "295-IERC20.rt.hex": 0, "295-PHO.rt.hex": 1, "296-SafeMath.rt.hex": 0, "296-ERC20Basic.rt.hex": 0, "296-BasicToken.rt.hex": 0, "296-ERC20.rt.hex": 0, "296-StandardToken.rt.hex": 0, "296-Ownable.rt.hex": 0, "296-Pausable.rt.hex": 0, "296-PausableToken.rt.hex": 1, "296-BecToken.rt.hex": 0, "297-IntegerOverflowMultiTxMultiFuncFeasible.rt.hex": 1, "298-SafeMath.rt.hex": 0, "298-ExtendedMath.rt.hex": 0, "298-ERC20Interface.rt.hex": 1, "298-ApproveAndCallFallBack.rt.hex": 1, "298-Owned.rt.hex": 1, "298-_Yesbuzz.rt.hex": 1, "299-SafeMath.rt.hex": 0, "299-ERC20Basic.rt.hex": 0, "299-ERC20.rt.hex": 0, "299-Escrow.rt.hex": 0, "300-IERC20.rt.hex": 0, "300-SafeMath.rt.hex": 0, "300-ERC20.rt.hex": 1, "300-ERC20Burnable.rt.hex": 1, "300-ERC20Detailed.rt.hex": 1, "300-AGR.rt.hex": 1, "301-SafeMath.rt.hex": 0, "301-IERC20.rt.hex": 0, "301-ERC20Detailed.rt.hex": 1, "301-BIGBOMBv2.rt.hex": 1, "302-SafeMath.rt.hex": 0, "302-ERC20.rt.hex": 0, "302-ReserveToken.rt.hex": 0, "302-EtherDelta.rt.hex": 0, "303-BasicToken.rt.hex": 0, "303-ERC20Basic.rt.hex": 0, "303-IERC20.rt.hex": 0, "303-SafeMath.rt.hex": 0, "303-ERC20Detailed.rt.hex": 1, "303-HYDROGEN.rt.hex": 1, "304-TokenERC20.rt.hex": 0, "304-IntegerOverflowMinimal.rt.hex": 1, "305-SafeERC20.rt.hex": 0, "305-ERC20.rt.hex": 0, "305-ERC20Basic.rt.hex": 0, "305-IntegerOverflowMappingSym1.rt.hex": 1, "306-SafeMath.rt.hex": 0, "306-Ownable.rt.hex": 1, "306-TokenERC20.rt.hex": 1, "306-YFT.rt.hex": 1, "307-Ownable.rt.hex": 1, "307-Stoppable.rt.hex": 1, "307-RampInstantPoolInterface.rt.hex": 0, "307-RampInstantEscrowsPoolInterface.rt.hex": 1, "307-RampInstantPool.rt.hex": 1, "307-RampInstantEthPool.rt.hex": 1, "308-Ownable.rt.hex": 0, "308-Claimable.rt.hex": 0, "308-ERC20Basic.rt.hex": 0, "308-ERC20.rt.hex": 0, "308-SafeERC20.rt.hex": 0, "308-CanReclaimToken.rt.hex": 0, "308-OwnableContract.rt.hex": 0, "308-OwnableContractOwner.rt.hex": 0, "308-ControllerInterface.rt.hex": 0, "308-SafeMath.rt.hex": 0, "308-BasicToken.rt.hex": 0, "308-StandardToken.rt.hex": 0, "308-DetailedERC20.rt.hex": 0, "308-MintableToken.rt.hex": 0, "308-BurnableToken.rt.hex": 0, "308-Pausable.rt.hex": 0, "308-PausableToken.rt.hex": 0, "308-WBTC.rt.hex": 0, "308-MembersInterface.rt.hex": 0, "308-Controller.rt.hex": 0, "309-SafeMathLib.rt.hex": 0, "309-Ownable.rt.hex": 0, "309-Haltable.rt.hex": 0, "309-PricingStrategy.rt.hex": 0, "309-FinalizeAgent.rt.hex": 0, "309-ERC20.rt.hex": 0, "309-FractionalERC20.rt.hex": 0, "309-Crowdsale.rt.hex": 0, "309-MysteriumPricing.rt.hex": 0, "309-SafeMath.rt.hex": 0, "309-StandardToken.rt.hex": 0, "309-MintableToken.rt.hex": 0, "309-MysteriumCrowdsale.rt.hex": 0, "310-Ownable.rt.hex": 0, "310-Pausable.rt.hex": 0, "310-SafeMath.rt.hex": 0, "310-IERC20.rt.hex": 0, "310-ERC20.rt.hex": 1, "310-ERC20Detailed.rt.hex": 1, "310-SimpleSwapCoin.rt.hex": 1, "311-Owned.rt.hex": 0, "311-ERC20Interface.rt.hex": 0, "311-FixedSupplyToken.rt.hex": 0, "311-IERC20.rt.hex": 0, "311-SafeMath.rt.hex": 0, "311-ERC20Detailed.rt.hex": 1, "311-HYDROGEN.rt.hex": 1, "312-SafeMath.rt.hex": 0, "312-ERC20Basic.rt.hex": 0, "312-BasicToken.rt.hex": 0, "312-ERC20.rt.hex": 0, "312-StandardToken.rt.hex": 0, "312-SafeERC20.rt.hex": 0, "312-Owned.rt.hex": 0, "312-TokenVesting.rt.hex": 0, "312-TokenVault.rt.hex": 0, "312-BurnableToken.rt.hex": 0, "312-LCGC_Token.rt.hex": 0, "313-Ownable.rt.hex": 0, "313-IERC20.rt.hex": 0, "313-SafeMath.rt.hex": 0, "313-ProgressiveUnlockWallet.rt.hex": 0, "314-ERC20Interface.rt.hex": 0, "314-ERC20Token.rt.hex": 0, "314-TimeLock.rt.hex": 1, "315-CareerOnToken.rt.hex": 1, "316-StandardERC20Factory.rt.hex": 0, "316-SafeMath.rt.hex": 0, "316-Roles.rt.hex": 0, "316-MinterRole.rt.hex": 0, "316-PauserRole.rt.hex": 0, "316-Pausable.rt.hex": 0, "316-IERC20.rt.hex": 0, "316-ERC20.rt.hex": 0, "316-ERC20Burnable.rt.hex": 0, "316-ERC20Pausable.rt.hex": 0, "316-StandardERC20.rt.hex": 0, "317-SafeMath.rt.hex": 0, "317-AbstractToken.rt.hex": 0, "317-Token.rt.hex": 0, "317-EventMetadata.rt.hex": 1, "317-Operated.rt.hex": 1, "317-MultiHashWrapper.rt.hex": 1, "317-iFactory.rt.hex": 0, "317-ProofHash.rt.hex": 1, "317-Template.rt.hex": 1, "317-Post.rt.hex": 1, "318-PauserRole.rt.hex": 0, "318-Pausable.rt.hex": 0, "318-IERC20.rt.hex": 0, "318-PHO.rt.hex": 1, "319-Ownable.rt.hex": 0, "319-Administratable.rt.hex": 0, "319-TimeLockable.rt.hex": 0, "319-Freezable.rt.hex": 0, "319-IERC20.rt.hex": 0, "319-SafeMath.rt.hex": 0, "319-ERC20.rt.hex": 0, "319-ERC20Burnable.rt.hex": 0, "319-XtockToken.rt.hex": 0, "320-ERC20.rt.hex": 0, "320-SafeMath.rt.hex": 0, "320-StandardToken.rt.hex": 0, "320-BurnableToken.rt.hex": 0, "320-UpgradeAgent.rt.hex": 0, "320-UpgradeableToken.rt.hex": 0, "320-Ownable.rt.hex": 0, "320-ReleasableToken.rt.hex": 0, "320-SafeMathLib.rt.hex": 0, "320-MintableToken.rt.hex": 0, "320-CrowdsaleToken.rt.hex": 0, "320-BurnableCrowdsaleToken.rt.hex": 0, "321-SafeMath.rt.hex": 0, "321-IERC20.rt.hex": 0, "321-ERC20.rt.hex": 1, "321-ERC20Burnable.rt.hex": 1, "321-ERC20Detailed.rt.hex": 1, "321-AGR.rt.hex": 1, "322-SafeMath.rt.hex": 0, "322-Ownable.rt.hex": 0, "322-ERC20Basic.rt.hex": 0, "322-BasicToken.rt.hex": 0, "322-BurnableToken.rt.hex": 0, "322-DescriptiveToken.rt.hex": 0, "322-MintableToken.rt.hex": 0, "322-CappedMintableToken.rt.hex": 0, "322-ERC20.rt.hex": 0, "322-StandardToken.rt.hex": 0, "322-ReleasableToken.rt.hex": 0, "322-OnLiveToken.rt.hex": 0, "323-PricingStrategy.rt.hex": 0, "323-SafeMathLib.rt.hex": 0, "323-Ownable.rt.hex": 0, "323-Haltable.rt.hex": 0, "323-FinalizeAgent.rt.hex": 0, "323-ERC20.rt.hex": 0, "323-FractionalERC20.rt.hex": 0, "323-Crowdsale.rt.hex": 0, "323-MysteriumPricing.rt.hex": 0, "324-Token.rt.hex": 0, "324-SafeMath.rt.hex": 0, "324-StandardToken.rt.hex": 0, "324-GRO.rt.hex": 0, "325-ERC20.rt.hex": 0, "325-IERC20.rt.hex": 0, "325-SafeMath.rt.hex": 0, "325-ERC20Interface.rt.hex": 1, "325-ApproveAndCallFallBack.rt.hex": 1, "325-Owned.rt.hex": 1, "325-ForTheBlockchain.rt.hex": 1, "326-DSAuthority.rt.hex": 0, "326-DSAuthEvents.rt.hex": 0, "326-DSAuth.rt.hex": 0, "326-AssetPriceOracle.rt.hex": 0, "326-SafeMath.rt.hex": 0, "326-ContractForDifference.rt.hex": 0, "327-owned.rt.hex": 1, "327-tokenRecipient.rt.hex": 1, "327-Token.rt.hex": 1, "327-SafeMath.rt.hex": 0, "327-MindsyncPlatform.rt.hex": 1, "328-SafeMath.rt.hex": 0, "328-IERC20.rt.hex": 0, "328-ERC20Detailed.rt.hex": 0, "328-ERC20.rt.hex": 0, "328-Roles.rt.hex": 0, "328-PauserRole.rt.hex": 0, "328-Pausable.rt.hex": 0, "328-ERC20Pausable.rt.hex": 0, "328-MinterRole.rt.hex": 0, "328-ERC20Mintable.rt.hex": 0, "328-Ownable.rt.hex": 0, "328-IWhitelist.rt.hex": 0, "328-ERC20Whitelistable.rt.hex": 0, "328-BurnerRole.rt.hex": 0, "328-ERC20Burnable.rt.hex": 0, "328-CanReclaimEther.rt.hex": 0, "328-SafeERC20.rt.hex": 0, "328-CanReclaimToken.rt.hex": 0, "328-LeveragedToken.rt.hex": 0, "329-SafeMath.rt.hex": 0, "329-FomoFeast.rt.hex": 1, "330-SafeMath.rt.hex": 0, "330-FomoFeast.rt.hex": 1, "331-DAppTest.rt.hex": 0, "331-Token.rt.hex": 1, "332-SafeMath.rt.hex": 0, "332-IERC20.rt.hex": 0, "332-ERC20.rt.hex": 1, "332-ERC20Burnable.rt.hex": 1, "332-ERC20Detailed.rt.hex": 1, "332-AGR.rt.hex": 1, "333-SafeMath.rt.hex": 0, "333-Ownable.rt.hex": 0, "333-Helper.rt.hex": 0, "333-LNXtest.rt.hex": 0, "334-Ownable.rt.hex": 1, "334-ChannelWallet.rt.hex": 1, "335-SafeMath.rt.hex": 0, "335-ERC20Basic.rt.hex": 0, "335-ERC20.rt.hex": 0, "335-BasicToken.rt.hex": 0, "335-StandardToken.rt.hex": 0, "335-Role.rt.hex": 0, "335-Pausable.rt.hex": 0, "335-SamToken.rt.hex": 0, "336-Crowdsale.rt.hex": 0, "336-Ownable.rt.hex": 0, "336-Token.rt.hex": 1, "337-SafeMath.rt.hex": 0, "337-IERC20.rt.hex": 0, "337-SafeERC20.rt.hex": 0, "337-Ownable.rt.hex": 0, "337-ERC20Detailed.rt.hex": 0, "337-ERC20.rt.hex": 0, "337-Roles.rt.hex": 0, "337-PauserRole.rt.hex": 0, "337-Pausable.rt.hex": 0, "337-ERC20Pausable.rt.hex": 0, "337-ERC20Burnable.rt.hex": 0, "337-MinterRole.rt.hex": 0, "337-ERC20Mintable.rt.hex": 0, "337-ERC20Capped.rt.hex": 0, "337-SgmToken.rt.hex": 0, "337-OperationsVesting.rt.hex": 0, "338-SafeMath.rt.hex": 0, "338-IERC20.rt.hex": 0, "338-ERC20.rt.hex": 1, "338-ERC20Detailed.rt.hex": 1, "338-SimpleSwapCoin.rt.hex": 1, "339-SafeMath.rt.hex": 0, "339-ERC20Interface.rt.hex": 1, "339-ApproveAndCallFallBack.rt.hex": 1, "339-Owned.rt.hex": 1, "339-ForTheBlockchain.rt.hex": 1, "340-ERC20Basic.rt.hex": 0, "340-ERC20.rt.hex": 0, "340-SafeMath.rt.hex": 0, "340-Crowdsale.rt.hex": 0, "340-TimedCrowdsale.rt.hex": 0, "340-CappedCrowdsale.rt.hex": 0, "340-BasicToken.rt.hex": 0, "340-StandardToken.rt.hex": 0, "340-Ownable.rt.hex": 0, "340-MintableToken.rt.hex": 0, "340-MintedCrowdsale.rt.hex": 0, "340-MintableERC20.rt.hex": 0, "340-TestCrowdsale.rt.hex": 0, "341-SafeMathLib.rt.hex": 0, "341-Ownable.rt.hex": 0, "341-Haltable.rt.hex": 0, "341-PricingStrategy.rt.hex": 0, "341-FinalizeAgent.rt.hex": 0, "341-ERC20.rt.hex": 0, "341-FractionalERC20.rt.hex": 0, "341-Crowdsale.rt.hex": 0, "341-SafeMath.rt.hex": 0, "341-StandardToken.rt.hex": 0, "341-UpgradeAgent.rt.hex": 0, "341-UpgradeableToken.rt.hex": 0, "341-ReleasableToken.rt.hex": 0, "341-MintableToken.rt.hex": 0, "341-CrowdsaleToken.rt.hex": 0, "341-MysteriumPricing.rt.hex": 0, "341-MysteriumTokenDistribution.rt.hex": 0, "342-SafeMath.rt.hex": 0, "342-ERC20Interface.rt.hex": 1, "342-ApproveAndCallFallBack.rt.hex": 1, "342-Owned.rt.hex": 1, "342-ForTheBlockchain.rt.hex": 1, "343-IERC20.rt.hex": 0, "343-SafeMath.rt.hex": 0, "343-ERC20.rt.hex": 0, "343-Ownable.rt.hex": 0, "343-ERC20Burnable.rt.hex": 0, "343-Roles.rt.hex": 0, "343-PauserRole.rt.hex": 0, "343-Pausable.rt.hex": 0, "343-ERC20Pausable.rt.hex": 0, "343-ERC20Detailed.rt.hex": 0, "343-JQKToken.rt.hex": 0, "344-ERC20Token.rt.hex": 0, "344-Ownable.rt.hex": 1, "344-TokenERC20.rt.hex": 1, "344-TTC.rt.hex": 1, "345-SafeMath.rt.hex": 0, "345-ERC20Basic.rt.hex": 0, "345-ERC20.rt.hex": 0, "345-Escrow.rt.hex": 0, "346-PauserRole.rt.hex": 0, "346-Pausable.rt.hex": 0, "346-EventMetadata.rt.hex": 1, "346-Operated.rt.hex": 1, "346-MultiHashWrapper.rt.hex": 1, "346-iFactory.rt.hex": 0, "346-ProofHash.rt.hex": 1, "346-Template.rt.hex": 1, "346-Post.rt.hex": 1, "347-SafeMath.rt.hex": 0, "347-IERC20.rt.hex": 0, "347-ERC20Detailed.rt.hex": 1, "347-BIGBOMBv2.rt.hex": 1, "348-SafeMath.rt.hex": 0, "348-ERC20Basic.rt.hex": 0, "348-BasicToken.rt.hex": 0, "348-ERC20.rt.hex": 0, "348-StandardToken.rt.hex": 0, "348-SafeERC20.rt.hex": 0, "348-Owned.rt.hex": 0, "348-TokenVesting.rt.hex": 0, "348-TokenVault.rt.hex": 0, "348-BurnableToken.rt.hex": 0, "348-NIC_Token.rt.hex": 0, "349-BLAccess.rt.hex": 0, "349-DataStorageInterface.rt.hex": 0, "349-BLStorage.rt.hex": 0, "349-BLBalances.rt.hex": 0, "349-BLBlocks.rt.hex": 0, "349-BLMain.rt.hex": 0, "350-SafeMath.rt.hex": 0, "350-IntegerOverflowSingleTransaction.rt.hex": 1, "351-SafeMath.rt.hex": 0, "351-ERC20Lib.rt.hex": 0, "351-HubCulture.rt.hex": 0, "352-SafeMath.rt.hex": 0, "352-IERC20.rt.hex": 0, "352-ERC20.rt.hex": 1, "352-ERC20Detailed.rt.hex": 1, "352-SaveWon.rt.hex": 1, "353-IERC20.rt.hex": 0, "353-SafeMath.rt.hex": 0, "353-ERC20.rt.hex": 0, "353-ERC20Detailed.rt.hex": 0, "353-Ownable.rt.hex": 0, "353-Pausable.rt.hex": 0, "353-ERC20Pausable.rt.hex": 0, "353-WalletPausable.rt.hex": 0, "353-ERC20WalletPausable.rt.hex": 0, "353-TransferAndPause.rt.hex": 0, "353-Ortp.rt.hex": 0, "354-ERC20Basic.rt.hex": 0, "354-BasicToken.rt.hex": 0, "354-IntegerOverflowAdd.rt.hex": 1, "355-Ownable.rt.hex": 0, "355-IntegerOverflowSingleTransaction.rt.hex": 1, "356-GigsToken.rt.hex": 0, "356-SafeMath.rt.hex": 0, "356-ERC20Basic.rt.hex": 0, "356-BasicToken.rt.hex": 0, "356-ERC20.rt.hex": 0, "356-StandardToken.rt.hex": 0, "356-Ownable.rt.hex": 0, "356-Pausable.rt.hex": 0, "356-PausableToken.rt.hex": 1, "356-BecToken.rt.hex": 0, "357-IERC20.rt.hex": 0, "357-SafeMath.rt.hex": 0, "357-ERC20.rt.hex": 0, "357-ERC20Detailed.rt.hex": 0, "357-Roles.rt.hex": 0, "357-MinterRole.rt.hex": 0, "357-ERC20Mintable.rt.hex": 0, "357-ERC20Burnable.rt.hex": 0, "357-PauserRole.rt.hex": 0, "357-Pausable.rt.hex": 0, "357-ERC20Pausable.rt.hex": 0, "357-INRD.rt.hex": 0, "358-SafeMath.rt.hex": 0, "358-ERC20Basic.rt.hex": 0, "358-BasicToken.rt.hex": 0, "358-ERC20.rt.hex": 0, "358-StandardToken.rt.hex": 0, "358-Ownable.rt.hex": 0, "358-MintableToken.rt.hex": 0, "358-RocketToken.rt.hex": 0, "358-Crowdsale.rt.hex": 0, "358-RocketTokenCrowdsale.rt.hex": 0, "359-SafeMath.rt.hex": 0, "359-IntegerOverflowMul.rt.hex": 1, "360-Ownable.rt.hex": 1, "360-AccountWallet.rt.hex": 1, "361-SafeMath.rt.hex": 0, "361-IntegerOverflowAdd.rt.hex": 1, "362-FixedAddress.rt.hex": 0, "362-RegistryInterface.rt.hex": 0, "362-AccessModifiers.rt.hex": 0, "362-TreasuryInterface.rt.hex": 0, "362-Treasury.rt.hex": 0, "363-ECRecovery.rt.hex": 0, "363-SigningLogic.rt.hex": 0, "363-Initializable.rt.hex": 0, "363-AccountRegistryLogic.rt.hex": 0, "364-SafeMath.rt.hex": 0, "364-ERC20Basic.rt.hex": 0, "364-BasicToken.rt.hex": 0, "364-ERC20.rt.hex": 0, "364-StandardToken.rt.hex": 0, "364-SafeERC20.rt.hex": 0, "364-Owned.rt.hex": 0, "364-TokenVesting.rt.hex": 0, "364-TokenVault.rt.hex": 0, "364-BurnableToken.rt.hex": 0, "364-LCP_Token.rt.hex": 0, "365-IntegerOverflowMul.rt.hex": 1, "366-ERC900.rt.hex": 0, "366-CodexStakeContractInterface.rt.hex": 0, "366-Ownable.rt.hex": 0, "366-ERC20Basic.rt.hex": 0, "366-ERC20.rt.hex": 0, "366-SafeMath.rt.hex": 0, "366-ERC900BasicStakeContract.rt.hex": 0, "366-ERC900CreditsStakeContract.rt.hex": 0, "366-CodexStakeContract.rt.hex": 0, "367-IERC20.rt.hex": 0, "367-Marmo.rt.hex": 0, "367-ECDSA.rt.hex": 0, "367-Ownable.rt.hex": 1, "367-ReentrancyGuard.rt.hex": 1, "367-FeeTransactionManager.rt.hex": 1, "368-TokenSaleChallenge.rt.hex": 1, "369-Delegate.rt.hex": 0, "369-ImTokenCardBack.rt.hex": 0, "369-Ownable.rt.hex": 0, "369-TimeLock.rt.hex": 1, "370-multiSend.rt.hex": 0, "370-CareerOnToken.rt.hex": 1, "371-SafeMath.rt.hex": 0, "371-Ownable.rt.hex": 0, "371-PausableOnce.rt.hex": 0, "371-ERC20Basic.rt.hex": 0, "371-BasicToken.rt.hex": 0, "371-ERC20.rt.hex": 0, "371-StandardToken.rt.hex": 0, "371-InterfaceUpgradeAgent.rt.hex": 0, "371-UpgradableToken.rt.hex": 0, "371-Withdrawable.rt.hex": 0, "371-SaviorToken.rt.hex": 0, "372-SafeMath.rt.hex": 0, "372-Ownable.rt.hex": 0, "372-Pausable.rt.hex": 0, "372-ERC20.rt.hex": 0, "372-StandardToken.rt.hex": 0, "372-PausableERC20Token.rt.hex": 0, "372-BurnablePausableERC20Token.rt.hex": 0, "372-FreezableBurnablePausableERC20Token.rt.hex": 0, "372-WDT.rt.hex": 0, "373-IAccounting.rt.hex": 0, "373-IAccountingFactory.rt.hex": 0, "373-IERC20.rt.hex": 0, "373-IDisputer.rt.hex": 0, "373-ICrowdsourcerParent.rt.hex": 0, "373-FeeWindow.rt.hex": 0, "373-Universe.rt.hex": 0, "373-ReportingParticipant.rt.hex": 0, "373-Market.rt.hex": 0, "373-ICrowdsourcer.rt.hex": 0, "373-IDisputerFactory.rt.hex": 0, "373-DisputerParams.rt.hex": 0, "373-Crowdsourcer.rt.hex": 0, "374-SafeMath.rt.hex": 0, "374-IntegerOverflowBenign1.rt.hex": 1, "375-IERC20.rt.hex": 0, "375-SafeMath.rt.hex": 0, "375-ERC20.rt.hex": 0, "375-ERC20Burnable.rt.hex": 0, "375-ERC20Detailed.rt.hex": 0, "375-Roles.rt.hex": 0, "375-PauserRole.rt.hex": 0, "375-Pausable.rt.hex": 0, "375-ERC20Pausable.rt.hex": 0, "375-GfcCoinToken.rt.hex": 0, "376-IERC20.rt.hex": 0, "376-SafeMath.rt.hex": 0, "376-Ownable.rt.hex": 1, "376-ERC20Detailed.rt.hex": 1, "376-DanPanCoin.rt.hex": 1, "377-ERC20.rt.hex": 0, "377-SafeMath.rt.hex": 0, "377-StandardToken.rt.hex": 0, "377-BurnableToken.rt.hex": 0, "377-SafeERC20.rt.hex": 0, "377-Crowdsale.rt.hex": 0, "377-Ownable.rt.hex": 0, "377-EvedoToken.rt.hex": 0, "377-EvedoCrowdSale.rt.hex": 0, "377-EvedoExclusiveSale.rt.hex": 0, "378-Ownable.rt.hex": 0, "378-TokenSaleChallenge.rt.hex": 1, "379-BLAccess.rt.hex": 0, "379-DataStorageInterface.rt.hex": 0, "379-BLStorage.rt.hex": 0, "379-BLBalances.rt.hex": 0, "379-BLBlocks.rt.hex": 0, "379-BLMain.rt.hex": 0, "380-InGRedientToken.rt.hex": 0, "380-Owned.rt.hex": 0, "380-ERC20Interface.rt.hex": 0, "380-SafeMath.rt.hex": 0, "380-IERC20.rt.hex": 0, "380-UBBCToken.rt.hex": 1, "381-Ownable.rt.hex": 0, "381-ERC20Basic.rt.hex": 0, "381-BasicToken.rt.hex": 0, "381-SafeMath.rt.hex": 0, "381-IERC20.rt.hex": 0, "381-ERC20.rt.hex": 1, "381-ERC20Detailed.rt.hex": 1, "381-SimpleSwapCoin.rt.hex": 1, "382-Roles.rt.hex": 0, "382-RBAC.rt.hex": 0, "382-SafeMath.rt.hex": 0, "382-ERC20Basic.rt.hex": 0, "382-BasicToken.rt.hex": 0, "382-BurnableToken.rt.hex": 0, "382-ERC20.rt.hex": 0, "382-StandardToken.rt.hex": 0, "382-DUBI.rt.hex": 0, "382-Purpose.rt.hex": 0, "382-Ownable.rt.hex": 0, "382-SafeERC20.rt.hex": 0, "382-Hodler.rt.hex": 0, "382-HodlFor.rt.hex": 0, "383-SafeMath.rt.hex": 0, "383-Ownable.rt.hex": 1, "383-TokenERC20.rt.hex": 1, "383-XLToken.rt.hex": 1, "384-CRX.rt.hex": 0, "384-SafeMath.rt.hex": 0, "384-AbstractToken.rt.hex": 0, "384-Token.rt.hex": 0, "384-EventMetadata.rt.hex": 1, "384-Operated.rt.hex": 1, "384-MultiHashWrapper.rt.hex": 1, "384-iFactory.rt.hex": 0, "384-ProofHash.rt.hex": 1, "384-Template.rt.hex": 1, "384-Post.rt.hex": 1, "385-test.rt.hex": 0, "385-TimeLock.rt.hex": 1, "386-SafeMath.rt.hex": 0, "386-ERC20Basic.rt.hex": 0, "386-ERC20.rt.hex": 0, "386-BasicToken.rt.hex": 0, "386-StandardToken.rt.hex": 0, "386-Ownable.rt.hex": 0, "386-Pausable.rt.hex": 0, "386-NIX.rt.hex": 0, "386-Sale.rt.hex": 0, "387-SafeMath.rt.hex": 0, "387-IERC20.rt.hex": 0, "387-PHO.rt.hex": 1, "388-IntegerOverflowMultiTxOneFuncFeasible.rt.hex": 1, "389-SafeMath.rt.hex": 0, "389-IERC20.rt.hex": 0, "389-ERC20.rt.hex": 1, "389-ERC20Detailed.rt.hex": 1, "389-SaveWon.rt.hex": 1, "390-Ownable.rt.hex": 0, "390-SafeMath.rt.hex": 0, "390-IERC20.rt.hex": 0, "390-SafeERC20.rt.hex": 0, "390-MaticTokenVesting.rt.hex": 0, "391-IERC20.rt.hex": 0, "391-SafeMath.rt.hex": 0, "391-ERC20.rt.hex": 0, "391-ERC20Burnable.rt.hex": 0, "391-ERC20Detailed.rt.hex": 0, "391-Roles.rt.hex": 0, "391-MinterRole.rt.hex": 0, "391-ERC20Mintable.rt.hex": 0, "391-PauserRole.rt.hex": 0, "391-Pausable.rt.hex": 0, "391-ERC20Pausable.rt.hex": 0, "391-SDR.rt.hex": 0, "392-IERC20.rt.hex": 0, "392-SafeMath.rt.hex": 0, "392-ReverseRegistrar.rt.hex": 0, "392-Etherclear.rt.hex": 0, "393-ERC20.rt.hex": 0, "393-IERC20.rt.hex": 0, "393-owned.rt.hex": 1, "393-tokenRecipient.rt.hex": 1, "393-Token.rt.hex": 1, "393-SafeMath.rt.hex": 0, "393-MindsyncPlatform.rt.hex": 1, "394-Roles.rt.hex": 0, "394-RBAC.rt.hex": 0, "394-SafeMath.rt.hex": 0, "394-ERC20Basic.rt.hex": 0, "394-BasicToken.rt.hex": 0, "394-BurnableToken.rt.hex": 0, "394-ERC20.rt.hex": 0, "394-StandardToken.rt.hex": 0, "394-DUBI.rt.hex": 0, "394-Purpose.rt.hex": 0, "394-Ownable.rt.hex": 0, "394-SafeERC20.rt.hex": 0, "394-Hodler.rt.hex": 0, "395-CrowdsaleParameters.rt.hex": 0, "395-Owned.rt.hex": 0, "395-TKLNToken.rt.hex": 0, "395-TaklimakanCrowdsale.rt.hex": 0, "395-TaklimakanPreICO.rt.hex": 0, "396-ERC20.rt.hex": 0, "396-IERC20.rt.hex": 0, "396-SafeMath.rt.hex": 0, "396-owned.rt.hex": 1, "396-ethBank.rt.hex": 1, "397-PauserRole.rt.hex": 0, "397-IERC20.rt.hex": 0, "397-SafeMath.rt.hex": 0, "397-ERC20Detailed.rt.hex": 1, "397-HYDROGEN.rt.hex": 1, "398-CareerOnToken.rt.hex": 1, "399-Ownable.rt.hex": 0, "399-ERC20_Interface.rt.hex": 0, "399-RC20.rt.hex": 0, "399-IERC20.rt.hex": 0, "399-PHO.rt.hex": 1, "400-IERC20.rt.hex": 0, "400-SafeMath.rt.hex": 0, "400-ERC20.rt.hex": 0, "400-ERC20Detailed.rt.hex": 0, "400-Ownable.rt.hex": 0, "400-Remote.rt.hex": 0, "400-ProofOfTrident.rt.hex": 0, "400-ERC20Burnable.rt.hex": 0, "400-Vault.rt.hex": 0, "401-StandardToken.rt.hex": 0, "401-BasicToken.rt.hex": 0, "401-ERC20.rt.hex": 0, "401-ERC20Basic.rt.hex": 0, "401-IERC20.rt.hex": 0, "401-SafeMath.rt.hex": 0, "401-ERC20Detailed.rt.hex": 1, "401-BIGBOMBv2.rt.hex": 1, "402-IntegerOverflowSingleTransaction.rt.hex": 1, "403-SafeMath.rt.hex": 0, "403-ERC20Interface.rt.hex": 1, "403-ApproveAndCallFallBack.rt.hex": 1, "403-Owned.rt.hex": 1, "403-ForTheBlockchain.rt.hex": 1, "404-SafeMath.rt.hex": 0, "404-ERC20Basic.rt.hex": 0, "404-BasicToken.rt.hex": 0, "404-ERC20.rt.hex": 0, "404-StandardToken.rt.hex": 0, "404-SafeERC20.rt.hex": 0, "404-Owned.rt.hex": 0, "404-TokenVesting.rt.hex": 0, "404-TokenVault.rt.hex": 0, "404-BurnableToken.rt.hex": 0, "404-BAG_Token.rt.hex": 0, "405-IAccessPolicy.rt.hex": 0, "405-IAccessControlled.rt.hex": 0, "405-StandardRoles.rt.hex": 0, "405-AccessControlled.rt.hex": 0, "405-IsContract.rt.hex": 0, "405-AccessRoles.rt.hex": 0, "405-IBasicToken.rt.hex": 0, "405-Reclaimable.rt.hex": 0, "405-ITokenMetadata.rt.hex": 0, "405-TokenMetadata.rt.hex": 0, "405-IERC223Callback.rt.hex": 0, "405-IERC223Token.rt.hex": 0, "405-IERC20Allowance.rt.hex": 0, "405-IERC20Token.rt.hex": 0, "405-IERC677Callback.rt.hex": 0, "405-IERC677Allowance.rt.hex": 0, "405-IERC677Token.rt.hex": 0, "405-Math.rt.hex": 0, "405-BasicToken.rt.hex": 0, "405-StandardToken.rt.hex": 0, "405-EtherToken.rt.hex": 0, "406-SafeMath.rt.hex": 0, "406-Roles.rt.hex": 0, "406-PauserRole.rt.hex": 0, "406-Pausable.rt.hex": 0, "406-Ownable.rt.hex": 0, "406-KittyBountiesAdmin.rt.hex": 0, "406-KittyCore.rt.hex": 0, "406-KittyBounties.rt.hex": 0, "407-SafeMath.rt.hex": 0, "407-Ownable.rt.hex": 0, "407-Pausable.rt.hex": 0, "407-ERC20Basic.rt.hex": 0, "407-BasicToken.rt.hex": 0, "407-ERC20.rt.hex": 0, "407-StandardToken.rt.hex": 0, "407-BurnableToken.rt.hex": 0, "407-MintableToken.rt.hex": 0, "407-CappedToken.rt.hex": 0, "407-PausableToken.rt.hex": 0, "407-CryptoPolitanToken.rt.hex": 0, "407-UpgradedStandardToken.rt.hex": 0, "408-SafeMath.rt.hex": 0, "408-ERC20Basic.rt.hex": 0, "408-ERC20.rt.hex": 0, "408-Escrow.rt.hex": 0, "409-SafeMath.rt.hex": 0, "409-EventMetadata.rt.hex": 1, "409-Operated.rt.hex": 1, "409-MultiHashWrapper.rt.hex": 1, "409-iFactory.rt.hex": 0, "409-ProofHash.rt.hex": 1, "409-Template.rt.hex": 1, "409-Post.rt.hex": 1, "410-SafeMath.rt.hex": 0, "410-owned.rt.hex": 1, "410-ethBank.rt.hex": 1, "411-WhiteBetting.rt.hex": 1, "412-HoloParkGamingToken.rt.hex": 0, "412-ERC20Interface.rt.hex": 0, "412-Owned.rt.hex": 0, "412-SafeMath.rt.hex": 0, "412-FomoFeast.rt.hex": 1, "413-Owned.rt.hex": 0, "413-SafeMath.rt.hex": 0, "413-IERC20.rt.hex": 0, "413-ERC20.rt.hex": 1, "413-ERC20Detailed.rt.hex": 1, "413-SimpleSwapCoin.rt.hex": 1, "414-SafeMath.rt.hex": 0, "414-Ownable.rt.hex": 0, "414-SKYFToken.rt.hex": 0, "415-EIP20Interface.rt.hex": 1, "415-HotDollarsToken.rt.hex": 1, "416-TAMC.rt.hex": 1, "417-SafeMath.rt.hex": 0, "417-Ownable.rt.hex": 0, "417-PausableOnce.rt.hex": 0, "417-ERC20Basic.rt.hex": 0, "417-BasicToken.rt.hex": 0, "417-ERC20.rt.hex": 0, "417-StandardToken.rt.hex": 0, "417-InterfaceUpgradeAgent.rt.hex": 0, "417-UpgradableToken.rt.hex": 0, "417-Withdrawable.rt.hex": 0, "417-CtdToken.rt.hex": 0, "418-ComptrollerInterface.rt.hex": 0, "418-ComptrollerErrorReporter.rt.hex": 0, "418-TokenErrorReporter.rt.hex": 0, "418-CarefulMath.rt.hex": 0, "418-Exponential.rt.hex": 0, "418-EIP20Interface.rt.hex": 0, "418-EIP20NonStandardInterface.rt.hex": 0, "418-ReentrancyGuard.rt.hex": 0, "418-InterestRateModel.rt.hex": 0, "418-CToken.rt.hex": 0, "418-CErc20.rt.hex": 0, "419-QTMTotal.rt.hex": 0, "419-SafeMath.rt.hex": 0, "419-Token.rt.hex": 0, "419-AbstractToken.rt.hex": 0, "419-EventMetadata.rt.hex": 1, "419-Operated.rt.hex": 1, "419-MultiHashWrapper.rt.hex": 1, "419-iFactory.rt.hex": 0, "419-ProofHash.rt.hex": 1, "419-Template.rt.hex": 1, "419-Post.rt.hex": 1, "420-IERC20.rt.hex": 0, "420-SafeMath.rt.hex": 0, "420-ERC20.rt.hex": 0, "420-Ownable.rt.hex": 0, "420-BTNY.rt.hex": 0, "421-ERC20.rt.hex": 0, "421-SafeMath.rt.hex": 0, "421-Ownable.rt.hex": 0, "421-StandardToken.rt.hex": 0, "421-TravelHelperToken.rt.hex": 0, "422-IntegerOverflowMappingSym1.rt.hex": 1, "423-Ownable.rt.hex": 0, "423-SafeMath.rt.hex": 0, "423-CommunityVesting.rt.hex": 0, "423-EcosystemVesting.rt.hex": 0, "423-SeedPrivateAdvisorVesting.rt.hex": 0, "423-TeamVesting.rt.hex": 0, "423-TokenInterface.rt.hex": 0, "423-Vesting.rt.hex": 0, "424-Owned.rt.hex": 0, "424-ERC20Interface.rt.hex": 0, "424-DonavanTrust.rt.hex": 0, "424-IERC20.rt.hex": 0, "424-SafeMath.rt.hex": 0, "424-Ownable.rt.hex": 1, "424-ERC20Detailed.rt.hex": 1, "424-DanPanCoin.rt.hex": 1, "425-SafeMath.rt.hex": 0, "425-IERC20.rt.hex": 0, "425-ERC20.rt.hex": 1, "425-ERC20Detailed.rt.hex": 1, "425-SaveWon.rt.hex": 1, "426-PingContract.rt.hex": 0, "426-IntegerOverflowMultiTxOneFuncFeasible.rt.hex": 1, "427-SafeMath.rt.hex": 0, "427-ERC20Basic.rt.hex": 0, "427-BasicToken.rt.hex": 0, "427-ERC20.rt.hex": 0, "427-StandardToken.rt.hex": 0, "427-SafeERC20.rt.hex": 0, "427-Owned.rt.hex": 0, "427-TokenVesting.rt.hex": 0, "427-TokenVault.rt.hex": 0, "427-BurnableToken.rt.hex": 0, "427-CWI_Token.rt.hex": 0, "428-IERC20.rt.hex": 0, "428-SafeMath.rt.hex": 0, "428-ERC20.rt.hex": 0, "428-Roles.rt.hex": 0, "428-MinterRole.rt.hex": 0, "428-ERC20Mintable.rt.hex": 0, "428-PauserRole.rt.hex": 0, "428-Pausable.rt.hex": 0, "428-ReentrancyGuard.rt.hex": 0, "428-Ownable.rt.hex": 0, "428-Administrable.rt.hex": 0, "428-WhiteList.rt.hex": 0, "428-C50.rt.hex": 0, "429-SafeMath.rt.hex": 0, "429-EventMetadata.rt.hex": 1, "429-Operated.rt.hex": 1, "429-ProofHashes.rt.hex": 1, "429-MultiHashWrapper.rt.hex": 1, "429-iFactory.rt.hex": 0, "429-Template.rt.hex": 1, "429-Feed.rt.hex": 1, "430-IERC20.rt.hex": 0, "430-ERC20Detailed.rt.hex": 0, "430-SafeMath.rt.hex": 0, "430-ERC20.rt.hex": 0, "430-Roles.rt.hex": 0, "430-MinterRole.rt.hex": 0, "430-ERC20Mintable.rt.hex": 0, "430-Ownable.rt.hex": 0, "430-ComplianceService.rt.hex": 0, "430-DividendService.rt.hex": 0, "430-ServiceRegistry.rt.hex": 0, "430-BlueshareToken.rt.hex": 0, "431-IntegerOverflowAdd.rt.hex": 1, "432-SafeMath.rt.hex": 0, "432-Ownable.rt.hex": 1, "432-TokenERC20.rt.hex": 1, "432-TTC.rt.hex": 1, "433-IERC20.rt.hex": 0, "433-SafeMath.rt.hex": 0, "433-ERC20.rt.hex": 0, "433-MintableToken.rt.hex": 0, "433-Roles.rt.hex": 0, "433-PauserRole.rt.hex": 0, "433-Pausable.rt.hex": 0, "433-Ownable.rt.hex": 0, "433-FLINT.rt.hex": 0, "434-SafeMath.rt.hex": 0, "434-Ownable.rt.hex": 0, "434-IERC20.rt.hex": 0, "434-ERC20.rt.hex": 0, "434-ERC20Detailed.rt.hex": 0, "434-SafeERC20.rt.hex": 0, "434-MoneyMarketInterface.rt.hex": 0, "434-LoanEscrow.rt.hex": 0, "434-DividendDistributingToken.rt.hex": 0, "434-LandRegistryInterface.rt.hex": 0, "434-LandRegistryProxyInterface.rt.hex": 0, "434-WhitelistInterface.rt.hex": 0, "434-WhitelistProxyInterface.rt.hex": 0, "434-TokenizedProperty.rt.hex": 0, "435-SafeMath.rt.hex": 0, "435-IERC20.rt.hex": 0, "435-ERC20.rt.hex": 1, "435-ERC20Burnable.rt.hex": 1, "435-ERC20Detailed.rt.hex": 1, "435-AGR.rt.hex": 1, "436-SafeMath.rt.hex": 0, "436-FomoFeast.rt.hex": 1, "437-Ownable.rt.hex": 0, "437-Administratable.rt.hex": 0, "437-TimeLockable.rt.hex": 0, "437-Freezable.rt.hex": 0, "437-IERC20.rt.hex": 0, "437-SafeMath.rt.hex": 0, "437-ERC20.rt.hex": 0, "437-ERC20Burnable.rt.hex": 0, "437-CustodyToken.rt.hex": 0, "438-SafeMath.rt.hex": 0, "438-Ownable.rt.hex": 0, "438-ERC20Basic.rt.hex": 0, "438-ERC20.rt.hex": 0, "438-DetailedERC20.rt.hex": 0, "438-BasicToken.rt.hex": 0, "438-StandardToken.rt.hex": 0, "438-UnlimitedAllowanceToken.rt.hex": 0, "438-BZRxToken.rt.hex": 0, "439-SafeMath.rt.hex": 0, "439-ERC20Basic.rt.hex": 0, "439-BasicToken.rt.hex": 0, "439-ERC20.rt.hex": 0, "439-StandardToken.rt.hex": 0, "439-Ownable.rt.hex": 0, "439-Pausable.rt.hex": 0, "439-PausableToken.rt.hex": 1, "439-BecToken.rt.hex": 0, "440-SafeMath.rt.hex": 0, "440-Ownable.rt.hex": 0, "440-IERC20.rt.hex": 0, "440-ERC20.rt.hex": 0, "440-ERC20Detailed.rt.hex": 0, "440-ERC20Burnable.rt.hex": 0, "440-Roles.rt.hex": 0, "440-MinterRole.rt.hex": 0, "440-ERC20Mintable.rt.hex": 0, "440-PauserRole.rt.hex": 0, "440-Pausable.rt.hex": 0, "440-ERC20Pausable.rt.hex": 0, "440-AMICUS.rt.hex": 0, "441-SafeMath.rt.hex": 0, "441-ERC20Basic.rt.hex": 0, "441-BasicToken.rt.hex": 0, "441-ERC20.rt.hex": 0, "441-StandardToken.rt.hex": 0, "441-SafeERC20.rt.hex": 0, "441-Owned.rt.hex": 0, "441-TokenVesting.rt.hex": 0, "441-TokenVault.rt.hex": 0, "441-BurnableToken.rt.hex": 0, "441-CES_Token.rt.hex": 0, "442-GoTDragonFarm.rt.hex": 0, "442-IntegerOverflowMappingSym1.rt.hex": 1, "443-Ownable.rt.hex": 0, "443-IntegerOverflowMinimal.rt.hex": 1, "444-Burnable.rt.hex": 0, "444-Mintable.rt.hex": 0, "444-ERC20Basic.rt.hex": 0, "444-ERC20.rt.hex": 0, "444-SafeERC20.rt.hex": 0, "444-TokenTimelock.rt.hex": 0, "444-SafeMath.rt.hex": 0, "444-Ownable.rt.hex": 0, "444-TokenVesting.rt.hex": 0, "444-Pausable.rt.hex": 0, "444-BasicToken.rt.hex": 0, "444-StandardToken.rt.hex": 0, "444-PausableToken.rt.hex": 0, "444-AdaptableToken.rt.hex": 0, "444-NokuMasterToken.rt.hex": 0, "445-SafeMath.rt.hex": 0, "445-Ownable.rt.hex": 0, "445-ERC20Basic.rt.hex": 0, "445-ERC20.rt.hex": 0, "445-BasicToken.rt.hex": 0, "445-StandardToken.rt.hex": 0, "445-MintableToken.rt.hex": 0, "445-OPUCoin.rt.hex": 0, "445-ColdStorage.rt.hex": 0, "445-Vesting.rt.hex": 0, "445-Allocation.rt.hex": 0, "446-SafeMath.rt.hex": 0, "446-IERC20.rt.hex": 0, "446-ERC20.rt.hex": 0, "446-Roles.rt.hex": 0, "446-MinterRole.rt.hex": 0, "446-ERC20Mintable.rt.hex": 0, "446-ERC20Burnable.rt.hex": 0, "446-TuneTradeToken.rt.hex": 0, "446-WhitelistAdminRole.rt.hex": 0, "446-WhitelistedRole.rt.hex": 0, "446-TeamRole.rt.hex": 0, "446-SafeERC20.rt.hex": 0, "446-SwapContract.rt.hex": 0, "447-Roles.rt.hex": 0, "447-IERC20.rt.hex": 0, "447-PauserRole.rt.hex": 0, "447-SafeMath.rt.hex": 0, "447-TaxLib.rt.hex": 0, "447-ERC20.rt.hex": 0, "447-Pausable.rt.hex": 0, "447-ERC20Pausable.rt.hex": 0, "447-ERC20Detailed.rt.hex": 0, "447-ERC20Burnable.rt.hex": 0, "447-Ownable.rt.hex": 0, "447-Taxable.rt.hex": 0, "447-BCHHandled.rt.hex": 0, "447-WibxToken.rt.hex": 0, "448-IntegerOverflowAdd.rt.hex": 1, "449-Ownable.rt.hex": 1, "449-TokenERC20.rt.hex": 1, "449-YFT.rt.hex": 1, "450-ERC20Pausable.rt.hex": 0, "450-ERC20Burnable.rt.hex": 0, "450-MinterRole.rt.hex": 0, "450-ERC20.rt.hex": 0, "450-Pausable.rt.hex": 0, "450-PauserRole.rt.hex": 0, "450-StandardERC20.rt.hex": 0, "450-IERC20.rt.hex": 0, "450-IntegerOverflowMultiTxMultiFuncFeasible.rt.hex": 1, "451-IERC20.rt.hex": 0, "451-SafeMath.rt.hex": 0, "451-ERC20.rt.hex": 0, "451-Roles.rt.hex": 0, "451-MinterRole.rt.hex": 0, "451-ERC20Mintable.rt.hex": 0, "451-ERC20Burnable.rt.hex": 0, "451-ERC20Detailed.rt.hex": 0, "451-PauserRole.rt.hex": 0, "451-Pausable.rt.hex": 0, "451-BlacklistAdminRole.rt.hex": 0, "451-BlacklistedRole.rt.hex": 0, "451-RingTokenPausable.rt.hex": 0, "451-RingCasinoCoin.rt.hex": 0, "452-SafeMath.rt.hex": 0, "452-Ownable.rt.hex": 0, "452-TokenInterface.rt.hex": 0, "452-KRCPreSaleContract.rt.hex": 0, "453-Math.rt.hex": 0, "453-IERC20.rt.hex": 0, "453-SafeMath.rt.hex": 0, "453-ERC20Detailed.rt.hex": 1, "453-BIGBOMBv2.rt.hex": 1, "454-Ownable.rt.hex": 0, "454-IntegerOverflowAdd.rt.hex": 1, "455-SafeMath.rt.hex": 0, "455-IntegerOverflowMappingSym1.rt.hex": 1, "456-IERC20.rt.hex": 0, "456-Nickelcoin.rt.hex": 0, "456-Token.rt.hex": 1, "457-Math.rt.hex": 0, "457-Ownable.rt.hex": 0, "457-SafeMath.rt.hex": 0, "457-Orderbook.rt.hex": 0, "457-RenExTokens.rt.hex": 0, "457-RenExBalances.rt.hex": 0, "457-SettlementUtils.rt.hex": 0, "457-RenExSettlement.rt.hex": 0, "458-Ownable.rt.hex": 0, "458-Pausable.rt.hex": 0, "458-Destructible.rt.hex": 0, "458-EDCoreInterface.rt.hex": 0, "458-DungeonRunBeta.rt.hex": 0, "459-SafeMath.rt.hex": 0, "459-ERC20Interface.rt.hex": 1, "459-ApproveAndCallFallBack.rt.hex": 1, "459-Owned.rt.hex": 1, "459-ForTheBlockchain.rt.hex": 1, "460-IERC20.rt.hex": 0, "460-PauserRole.rt.hex": 0, "460-Roles.rt.hex": 0, "460-SafeMath.rt.hex": 0, "460-Ownable.rt.hex": 0, "460-ERC20.rt.hex": 0, "460-MinterRole.rt.hex": 0, "460-ERC20Burnable.rt.hex": 0, "460-Pausable.rt.hex": 0, "460-ERC20Detailed.rt.hex": 0, "460-Migrations.rt.hex": 0, "460-ELB1.rt.hex": 0, "461-Owned.rt.hex": 0, "461-RadToken.rt.hex": 0, "461-ERC20Interface.rt.hex": 0, "461-SafeMath.rt.hex": 0, "461-FomoFeast.rt.hex": 1, "462-BasicToken.rt.hex": 0, "462-ERC20Basic.rt.hex": 0, "462-SafeMath.rt.hex": 0, "462-ERC20Interface.rt.hex": 1, "462-ApproveAndCallFallBack.rt.hex": 1, "462-Owned.rt.hex": 1, "462-ForTheBlockchain.rt.hex": 1, "463-Ownable.rt.hex": 0, "463-Administratable.rt.hex": 0, "463-IERC20.rt.hex": 0, "463-SafeMath.rt.hex": 0, "463-ERC20.rt.hex": 0, "463-ERC20Burnable.rt.hex": 0, "463-Roles.rt.hex": 0, "463-MinterRole.rt.hex": 0, "463-ERC20Mintable.rt.hex": 0, "463-Freezable.rt.hex": 0, "463-Cryptonium.rt.hex": 0, "463-Migrations.rt.hex": 0, "464-IERC20.rt.hex": 0, "464-ERC20Detailed.rt.hex": 0, "464-SafeMath.rt.hex": 0, "464-owned.rt.hex": 1, "464-ethBank.rt.hex": 1, "465-ERC20Interface.rt.hex": 0, "465-Owned.rt.hex": 0, "465-MidasToken.rt.hex": 0, "465-IERC20.rt.hex": 0, "465-SafeMath.rt.hex": 0, "465-Ownable.rt.hex": 1, "465-ERC20Detailed.rt.hex": 1, "465-DanPanCoin.rt.hex": 1, "466-Overflow_Add.rt.hex": 1, "467-Ownable.rt.hex": 0, "467-HYIPRETHPRO440.rt.hex": 0, "467-SafeMath.rt.hex": 0, "468-SafeMath.rt.hex": 0, "468-Roles.rt.hex": 0, "468-Ownable.rt.hex": 0, "468-ERC223ReceivingContract.rt.hex": 0, "468-IERC20.rt.hex": 0, "468-ERC20.rt.hex": 0, "468-PauserRole.rt.hex": 0, "468-Pausable.rt.hex": 0, "468-MinterRole.rt.hex": 0, "468-ERC20Mintable.rt.hex": 0, "468-ERC20Burnable.rt.hex": 0, "468-ERC20Pausable.rt.hex": 0, "468-SafeERC20.rt.hex": 0, "468-ERC20Frozen.rt.hex": 0, "468-OneKiloGifttoken.rt.hex": 0, "469-SafeMath.rt.hex": 0, "469-ERC20.rt.hex": 0, "469-FiatContract.rt.hex": 0, "469-PDOne.rt.hex": 0, "470-Ownable.rt.hex": 0, "470-BNDESRegistry.rt.hex": 0, "471-IERC20.rt.hex": 0, "471-SafeMath.rt.hex": 0, "471-SafeERC20.rt.hex": 0, "471-ERC20Detailed.rt.hex": 0, "471-ERC20.rt.hex": 0, "471-Roles.rt.hex": 0, "471-PauserRole.rt.hex": 0, "471-Pausable.rt.hex": 0, "471-ERC20Pausable.rt.hex": 0, "471-ERC20Burnable.rt.hex": 0, "471-MinterRole.rt.hex": 0, "471-ERC20Mintable.rt.hex": 0, "471-ERC20Capped.rt.hex": 0, "471-Ownable.rt.hex": 0, "471-SgmToken.rt.hex": 0, "472-SafeMath.rt.hex": 0, "472-IERC20.rt.hex": 0, "472-ERC20Detailed.rt.hex": 1, "472-HYDROGEN.rt.hex": 1, "473-Token.rt.hex": 0, "473-SafeMath.rt.hex": 0, "473-StandardToken.rt.hex": 0, "473-GRO.rt.hex": 0, "474-SafeMath.rt.hex": 0, "474-Ownable.rt.hex": 0, "474-TokenInterface.rt.hex": 0, "474-KRCICOContract.rt.hex": 0, "475-SafeMath.rt.hex": 0, "475-IntegerOverflowMappingSym1.rt.hex": 1, "476-SafeMath.rt.hex": 0, "476-IERC20.rt.hex": 0, "476-UBBCToken.rt.hex": 1, "477-Dictionary.rt.hex": 0, "477-IERC20.rt.hex": 0, "477-SafeMath.rt.hex": 0, "477-ReverseRegistrar.rt.hex": 0, "477-Etherclear.rt.hex": 0, "478-SafeMath.rt.hex": 0, "478-Ownable.rt.hex": 0, "478-Pausable.rt.hex": 0, "478-ERC20Basic.rt.hex": 0, "478-BasicToken.rt.hex": 0, "478-ERC20.rt.hex": 0, "478-StandardToken.rt.hex": 0, "478-PausableToken.rt.hex": 0, "478-RefundVault.rt.hex": 0, "478-PallyCoin.rt.hex": 0, "478-Crowdsale.rt.hex": 0, "479-SafeMath.rt.hex": 0, "479-OwnerHelper.rt.hex": 0, "479-ERC20Interface.rt.hex": 0, "479-VantaToken.rt.hex": 0, "480-ERC20Interface.rt.hex": 0, "480-InchWormToken.rt.hex": 0, "480-Owned.rt.hex": 0, "480-EventMetadata.rt.hex": 1, "480-Operated.rt.hex": 1, "480-MultiHashWrapper.rt.hex": 1, "480-iFactory.rt.hex": 0, "480-ProofHash.rt.hex": 1, "480-Template.rt.hex": 1, "480-Post.rt.hex": 1, "481-Ownable.rt.hex": 0, "481-Roles.rt.hex": 0, "481-RBAC.rt.hex": 0, "481-SafeMath.rt.hex": 0, "481-ERC20Basic.rt.hex": 0, "481-ERC20.rt.hex": 0, "481-BasicToken.rt.hex": 0, "481-StandardToken.rt.hex": 0, "481-Pausable.rt.hex": 0, "481-PausableToken.rt.hex": 0, "481-BlackListToken.rt.hex": 0, "481-TwoPhaseToken.rt.hex": 0, "481-UpgradedStandardToken.rt.hex": 0, "481-WitToken.rt.hex": 0, "482-SafeMath.rt.hex": 0, "482-Overflow.rt.hex": 1, "483-Ownable.rt.hex": 0, "483-Pausable.rt.hex": 0, "483-Destructible.rt.hex": 0, "483-EDCoreInterface.rt.hex": 0, "483-DungeonRunBeta.rt.hex": 0, "484-Ownable.rt.hex": 0, "484-ERC20Basic.rt.hex": 0, "484-BasicToken.rt.hex": 0, "484-ERC20.rt.hex": 0, "484-StandardToken.rt.hex": 0, "484-MintableToken.rt.hex": 0, "484-SafeMath.rt.hex": 0, "484-Crowdsale.rt.hex": 0, "484-BactocoinToken.rt.hex": 0, "484-BactocoinCrowdsale.rt.hex": 0, "485-SafeMath.rt.hex": 0, "485-IERC20.rt.hex": 0, "485-PHO.rt.hex": 1, "486-CrowdsaleParameters.rt.hex": 0, "486-Owned.rt.hex": 0, "486-TKLNToken.rt.hex": 0, "487-IERC20.rt.hex": 0, "487-SafeMath.rt.hex": 0, "487-ERC20.rt.hex": 0, "487-ERC20Detailed.rt.hex": 0, "487-ERC20Burnable.rt.hex": 0, "487-Roles.rt.hex": 0, "487-MinterRole.rt.hex": 0, "487-ERC20Mintable.rt.hex": 0, "487-PauserRole.rt.hex": 0, "487-Pausable.rt.hex": 0, "487-Ownable.rt.hex": 0, "487-ERC20PartialLock.rt.hex": 0, "487-PUKAO.rt.hex": 0, "488-Owned.rt.hex": 0, "488-CodeFundToken.rt.hex": 0, "488-SafeMath.rt.hex": 0, "488-ERC20Interface.rt.hex": 0, "488-EventMetadata.rt.hex": 1, "488-Operated.rt.hex": 1, "488-ProofHashes.rt.hex": 1, "488-MultiHashWrapper.rt.hex": 1, "488-iFactory.rt.hex": 0, "488-Template.rt.hex": 1, "488-Feed.rt.hex": 1, "489-SafeERC20.rt.hex": 0, "489-IERC20.rt.hex": 0, "489-SafeMath.rt.hex": 0, "489-ERC20.rt.hex": 0, "489-Roles.rt.hex": 0, "489-PauserRole.rt.hex": 0, "489-Pausable.rt.hex": 0, "489-ERC20Pausable.rt.hex": 0, "489-ERC20Detailed.rt.hex": 0, "489-ERC20Burnable.rt.hex": 0, "489-MinterRole.rt.hex": 0, "489-ERC20Mintable.rt.hex": 0, "489-ECP.rt.hex": 0, "490-SafeMath.rt.hex": 0, "490-Ownable.rt.hex": 0, "490-Helper.rt.hex": 0, "490-LNXtest.rt.hex": 0, "491-SafeMath.rt.hex": 0, "491-Ownable.rt.hex": 1, "491-AccountWallet.rt.hex": 1, "492-SafeMath.rt.hex": 0, "492-Ownable.rt.hex": 0, "492-Roles.rt.hex": 0, "492-MinterRole.rt.hex": 0, "492-ReentrancyGuard.rt.hex": 0, "492-CertificateControllerMock.rt.hex": 0, "492-CertificateController.rt.hex": 0, "492-IERC777TokensRecipient.rt.hex": 0, "492-IERC777TokensSender.rt.hex": 0, "492-IERC20.rt.hex": 0, "492-IERC1410.rt.hex": 0, "492-IERC777.rt.hex": 0, "492-IERC1400.rt.hex": 0, "492-ERC820Registry.rt.hex": 0, "492-ERC820Client.rt.hex": 0, "492-ERC777.rt.hex": 0, "492-ERC1410.rt.hex": 0, "492-ERC1400.rt.hex": 0, "492-ERC1400ERC20.rt.hex": 0, "493-SafeMath.rt.hex": 0, "493-Owned.rt.hex": 0, "493-ERC20Interface.rt.hex": 0, "493-BYSToken.rt.hex": 0, "493-CrowSale.rt.hex": 0, "494-ERC20.rt.hex": 0, "494-SafeMath.rt.hex": 0, "494-StandardToken.rt.hex": 0, "494-UpgradeAgent.rt.hex": 0, "494-UpgradeableToken.rt.hex": 0, "494-Ownable.rt.hex": 0, "494-ReleasableToken.rt.hex": 0, "494-SafeMathLib.rt.hex": 0, "494-MintableToken.rt.hex": 0, "494-CrowdsaleToken.rt.hex": 0, "495-SafeMath.rt.hex": 0, "495-database.rt.hex": 0, "495-topl_database_lib.rt.hex": 0, "495-iconiq_data_pipe.rt.hex": 0, "496-SafeMath.rt.hex": 0, "496-ERC20Basic.rt.hex": 0, "496-BasicToken.rt.hex": 0, "496-ERC20.rt.hex": 0, "496-StandardToken.rt.hex": 0, "496-SafeERC20.rt.hex": 0, "496-Owned.rt.hex": 0, "496-TokenVesting.rt.hex": 0, "496-BurnableToken.rt.hex": 0, "496-AgateToken.rt.hex": 0, "497-Roles.rt.hex": 0, "497-MinterRole.rt.hex": 0, "497-PauserRole.rt.hex": 0, "497-Pausable.rt.hex": 0, "497-SafeMath.rt.hex": 0, "497-IERC20.rt.hex": 0, "497-ERC20.rt.hex": 0, "497-ERC20Burnable.rt.hex": 0, "497-ERC20Detailed.rt.hex": 0, "497-ERC20Mintable.rt.hex": 0, "497-ERC20Pausable.rt.hex": 0, "497-PlusFoCoin.rt.hex": 0, "498-IERC777.rt.hex": 0, "498-IERC777Recipient.rt.hex": 0, "498-IERC777Sender.rt.hex": 0, "498-IERC20.rt.hex": 0, "498-SafeMath.rt.hex": 0, "498-Address.rt.hex": 0, "498-IERC1820Registry.rt.hex": 0, "498-ERC777.rt.hex": 1, "498-Roles.rt.hex": 0, "498-MinterRole.rt.hex": 1, "498-PauserRole.rt.hex": 1, "498-Pausable.rt.hex": 1, "498-SKYBITToken.rt.hex": 1, "499-EventMetadata.rt.hex": 1, "499-Operated.rt.hex": 1, "499-MultiHashWrapper.rt.hex": 1, "499-iFactory.rt.hex": 0, "499-ProofHash.rt.hex": 1, "499-Template.rt.hex": 1, "499-Post.rt.hex": 1, "500-ERC20Basic.rt.hex": 0, "500-BasicToken.rt.hex": 0, "500-TokenSaleChallenge.rt.hex": 1, "501-SafeMath.rt.hex": 0, "501-ERC721Interface.rt.hex": 0, "501-ERC20.rt.hex": 0, "501-Ownable.rt.hex": 0, "501-NewAuctionContract.rt.hex": 0, "501-ArconaMarketplaceContract.rt.hex": 0, "502-TokenTimelock.rt.hex": 0, "502-IERC20.rt.hex": 0, "502-SafeMath.rt.hex": 0, "502-ERC20Detailed.rt.hex": 1, "502-BIGBOMBv2.rt.hex": 1}