{"1-SafeMath.rt.hex": 0, "1-owned.rt.hex": 1, "1-tokenRecipient.rt.hex": 1, "1-Token.rt.hex": 1, "1-MindsyncPlatform.rt.hex": 1, "2-ERC20Basic.rt.hex": 0, "2-SafeMath.rt.hex": 0, "2-BasicToken.rt.hex": 0, "2-ERC20.rt.hex": 0, "2-StandardToken.rt.hex": 0, "2-Ownable.rt.hex": 0, "2-Pausable.rt.hex": 0, "2-PausableToken.rt.hex": 0, "2-IRegistry.rt.hex": 0, "2-IBrickblockToken.rt.hex": 0, "2-AccessToken.rt.hex": 0, "3-Token.rt.hex": 0, "3-SafeMath.rt.hex": 0, "3-StandardToken.rt.hex": 0, "3-GRO.rt.hex": 0, "4-BariCoin.rt.hex": 0, "4-Owned.rt.hex": 0, "4-ERC20Interface.rt.hex": 0, "4-IERC20.rt.hex": 0, "4-SafeMath.rt.hex": 0, "4-ERC20Detailed.rt.hex": 1, "4-BIGBOMBv2.rt.hex": 1, "5-SafeMath.rt.hex": 0, "5-Ownable.rt.hex": 0, "5-Pausable.rt.hex": 0, "5-TokenRepository.rt.hex": 0, "5-ERC223Receiver.rt.hex": 0, "5-ERC223Interface.rt.hex": 0, "5-ERC223Token.rt.hex": 0, "5-NAi.rt.hex": 0, "6-LibBytes.rt.hex": 0, "6-ReentrancyGuard.rt.hex": 0, "6-SafeMath.rt.hex": 0, "6-LibConstants.rt.hex": 0, "6-LibEIP712.rt.hex": 0, "6-LibFillResults.rt.hex": 0, "6-LibMath.rt.hex": 0, "6-LibOrder.rt.hex": 0, "6-LibAbiEncoder.rt.hex": 0, "6-IOwnable.rt.hex": 0, "6-IAuthorizable.rt.hex": 0, "6-IAssetProxy.rt.hex": 0, "6-IValidator.rt.hex": 0, "6-IWallet.rt.hex": 0, "6-IExchangeCore.rt.hex": 0, "6-IAssetProxyDispatcher.rt.hex": 0, "6-IMatchOrders.rt.hex": 0, "6-ISignatureValidator.rt.hex": 0, "6-ITransactions.rt.hex": 0, "6-IWrapperFunctions.rt.hex": 0, "6-IExchange.rt.hex": 0, "6-MExchangeCore.rt.hex": 0, "6-MAssetProxyDispatcher.rt.hex": 0, "6-MMatchOrders.rt.hex": 0, "6-MSignatureValidator.rt.hex": 0, "6-MTransactions.rt.hex": 0, "6-MWrapperFunctions.rt.hex": 0, "6-Ownable.rt.hex": 0, "6-MixinExchangeCore.rt.hex": 0, "6-MixinSignatureValidator.rt.hex": 0, "6-MixinWrapperFunctions.rt.hex": 0, "6-MixinTransactions.rt.hex": 0, "6-MixinAssetProxyDispatcher.rt.hex": 0, "6-MixinMatchOrders.rt.hex": 0, "6-Exchange.rt.hex": 0, "7-Ownable.rt.hex": 0, "7-Pausable.rt.hex": 0, "7-IERC20.rt.hex": 0, "7-SafeMath.rt.hex": 0, "7-ERC20Detailed.rt.hex": 1, "7-HYDROGEN.rt.hex": 1, "8-SafeMath.rt.hex": 0, "8-IERC20.rt.hex": 0, "8-ERC20Detailed.rt.hex": 1, "8-BIGBOMBv2.rt.hex": 1, "9-ERC20Basic.rt.hex": 0, "9-SafeERC20.rt.hex": 0, "9-ERC20.rt.hex": 0, "9-Rubixi.rt.hex": 1, "10-SafeMath.rt.hex": 0, "10-Ownable.rt.hex": 0, "10-Helper.rt.hex": 0, "10-LINIX.rt.hex": 0, "11-SafeMath.rt.hex": 0, "11-ItemsInterfaceForEternalStorage.rt.hex": 0, "11-EternalStorage.rt.hex": 0, "12-ERC20.rt.hex": 0, "12-IERC20.rt.hex": 0, "12-SafeMath.rt.hex": 0, "12-ERC20Interface.rt.hex": 1, "12-ApproveAndCallFallBack.rt.hex": 1, "12-Owned.rt.hex": 1, "12-ForTheBlockchain.rt.hex": 1, "13-IERC20.rt.hex": 0, "13-Roles.rt.hex": 0, "13-MinterRole.rt.hex": 0, "13-ERC20.rt.hex": 0, "13-ERC20Mintable.rt.hex": 0, "13-ERC20Capped.rt.hex": 0, "13-SafeMath.rt.hex": 0, "13-PauserRole.rt.hex": 0, "13-Pausable.rt.hex": 0, "13-ERC20Pausable.rt.hex": 0, "13-ERC20Burnable.rt.hex": 0, "13-ERC20Detailed.rt.hex": 0, "13-MTB19.rt.hex": 0, "14-HERC20.rt.hex": 0, "14-SafeMath.rt.hex": 0, "14-ERC20.rt.hex": 0, "14-Ownable.rt.hex": 0, "14-Pausable.rt.hex": 0, "14-Blacklistable.rt.hex": 0, "14-LakesCash.rt.hex": 0, "15-SafeMath.rt.hex": 0, "15-IERC20.rt.hex": 0, "15-ERC20Pistachio.rt.hex": 0, "15-ERC20Burnable.rt.hex": 0, "15-Roles.rt.hex": 0, "15-MinterRole.rt.hex": 0, "15-ERC20Mintable.rt.hex": 0, "15-PauserRole.rt.hex": 0, "15-Pausable.rt.hex": 0, "15-ERC20Chocolate.rt.hex": 0, "16-StockBet.rt.hex": 1, "17-IERC20.rt.hex": 0, "17-SafeMath.rt.hex": 0, "17-ERC20Detailed.rt.hex": 1, "17-BIGBOMBv2.rt.hex": 1, "18-Owned.rt.hex": 1, "18-SafeMath.rt.hex": 0, "18-Token.rt.hex": 1, "18-Staking.rt.hex": 1, "19-SafeMath.rt.hex": 0, "19-ERC20Basic.rt.hex": 0, "19-BasicToken.rt.hex": 0, "19-ERC20.rt.hex": 0, "19-StandardToken.rt.hex": 0, "19-SafeERC20.rt.hex": 0, "19-Owned.rt.hex": 0, "19-TokenVesting.rt.hex": 0, "19-TokenVault.rt.hex": 0, "19-BurnableToken.rt.hex": 0, "19-JEC_Token.rt.hex": 0, "20-Ownable.rt.hex": 1, "20-SafeMath.rt.hex": 0, "20-LollypopToken.rt.hex": 1, "21-Ownable.rt.hex": 0, "21-Claimable.rt.hex": 0, "21-ERC20Basic.rt.hex": 0, "21-ERC20.rt.hex": 0, "21-SafeERC20.rt.hex": 0, "21-CanReclaimToken.rt.hex": 0, "21-OwnableContract.rt.hex": 0, "21-ControllerInterface.rt.hex": 0, "21-Factory.rt.hex": 0, "22-IERC20.rt.hex": 0, "22-ERC20.rt.hex": 0, "22-SafeMath.rt.hex": 0, "22-ERC20Interface.rt.hex": 1, "22-ApproveAndCallFallBack.rt.hex": 1, "22-Owned.rt.hex": 1, "22-ForTheBlockchain.rt.hex": 1, "23-SafeMath.rt.hex": 0, "23-IERC20.rt.hex": 0, "23-ERC20.rt.hex": 1, "23-ERC20Burnable.rt.hex": 1, "23-ERC20Detailed.rt.hex": 1, "23-AGR.rt.hex": 1, "24-SafeMath.rt.hex": 0, "24-IERC20.rt.hex": 0, "24-UBBCToken.rt.hex": 1, "25-SafeMath.rt.hex": 0, "25-ERC20Basic.rt.hex": 0, "25-BasicToken.rt.hex": 0, "25-ERC20.rt.hex": 0, "25-StandardToken.rt.hex": 0, "25-SafeERC20.rt.hex": 0, "25-Owned.rt.hex": 0, "25-TokenVesting.rt.hex": 0, "25-TokenVault.rt.hex": 0, "25-BurnableToken.rt.hex": 0, "25-BKC_Token.rt.hex": 0, "26-Missing.rt.hex": 1, "27-ERC20Interface.rt.hex": 1, "27-AcunarToken.rt.hex": 1, "27-AcunarIEO.rt.hex": 1, "28-tokenRecipient.rt.hex": 0, "28-MD.rt.hex": 1, "29-Owned.rt.hex": 1, "29-SafeMath.rt.hex": 0, "29-Token.rt.hex": 1, "29-Staking.rt.hex": 1, "30-SafeMath.rt.hex": 0, "30-ERC20Basic.rt.hex": 0, "30-BasicToken.rt.hex": 0, "30-BurnableToken.rt.hex": 0, "30-ERC20.rt.hex": 0, "30-StandardToken.rt.hex": 0, "30-Ownable.rt.hex": 0, "30-Pausable.rt.hex": 0, "30-PausableToken.rt.hex": 0, "30-MintableAndPausableToken.rt.hex": 0, "30-TokenUpgrader.rt.hex": 0, "30-UpgradeableToken.rt.hex": 0, "30-Token.rt.hex": 0, "31-SafeMath.rt.hex": 0, "31-IERC20.rt.hex": 0, "31-PHO.rt.hex": 1, "32-Missing.rt.hex": 1, "33-Roles.rt.hex": 0, "33-PauserRole.rt.hex": 0, "33-IERC20.rt.hex": 0, "33-ERC20Detailed.rt.hex": 0, "33-SafeMath.rt.hex": 0, "33-ERC20.rt.hex": 0, "33-Pausable.rt.hex": 0, "33-ERC20Pausable.rt.hex": 0, "33-DeepCloud.rt.hex": 0, "34-SafeMath.rt.hex": 0, "34-IERC20.rt.hex": 0, "34-ERC20Detailed.rt.hex": 0, "34-ERC20.rt.hex": 0, "34-Roles.rt.hex": 0, "34-PauserRole.rt.hex": 0, "34-Pausable.rt.hex": 0, "34-ERC20Pausable.rt.hex": 0, "34-MinterRole.rt.hex": 0, "34-ERC20Mintable.rt.hex": 0, "34-Ownable.rt.hex": 0, "34-IWhitelist.rt.hex": 0, "34-BurnerRole.rt.hex": 0, "34-ERC20Burnable.rt.hex": 0, "34-ERC20Whitelistable.rt.hex": 0, "34-CanReclaimEther.rt.hex": 0, "34-SafeERC20.rt.hex": 0, "34-CanReclaimToken.rt.hex": 0, "34-LeveragedToken.rt.hex": 0, "35-Proxy.rt.hex": 1, "36-ERC20.rt.hex": 0, "36-ERC20Basic.rt.hex": 0, "36-SafeERC20.rt.hex": 0, "36-Wallet.rt.hex": 1, "37-SafeMath.rt.hex": 0, "37-ERC20Basic.rt.hex": 0, "37-ERC20.rt.hex": 0, "37-BasicToken.rt.hex": 0, "37-BurnableToken.rt.hex": 0, "37-StandardToken.rt.hex": 0, "37-Ownable.rt.hex": 0, "37-Pausable.rt.hex": 0, "37-PausableToken.rt.hex": 0, "37-DistributableAndPausableToken.rt.hex": 0, "37-TokenUpgrader.rt.hex": 0, "37-UpgradeableToken.rt.hex": 0, "37-Token.rt.hex": 0, "38-Ownable.rt.hex": 0, "38-IERC20.rt.hex": 0, "38-ERC20Detailed.rt.hex": 0, "38-SafeMath.rt.hex": 0, "38-ERC20.rt.hex": 0, "38-Roles.rt.hex": 0, "38-MinterRole.rt.hex": 0, "38-ERC20Mintable.rt.hex": 0, "38-ERC20Burnable.rt.hex": 0, "38-Loche.rt.hex": 0, "39-ERC20.rt.hex": 0, "39-StandardToken.rt.hex": 0, "39-ERC20Basic.rt.hex": 0, "39-BasicToken.rt.hex": 0, "39-EventMetadata.rt.hex": 1, "39-Operated.rt.hex": 1, "39-ProofHashes.rt.hex": 1, "39-MultiHashWrapper.rt.hex": 1, "39-iFactory.rt.hex": 0, "39-Template.rt.hex": 1, "39-Feed.rt.hex": 1, "40-SafeMath.rt.hex": 0, "40-IERC20.rt.hex": 0, "40-UBBCToken.rt.hex": 1, "41-SafeMath.rt.hex": 0, "41-IERC20.rt.hex": 0, "41-Ownable.rt.hex": 1, "41-ERC20Detailed.rt.hex": 1, "41-DanPanCoin.rt.hex": 1, "42-BasicToken.rt.hex": 0, "42-StandardToken.rt.hex": 0, "42-ERC20.rt.hex": 0, "42-ERC20Basic.rt.hex": 0, "42-IERC20.rt.hex": 0, "42-SafeMath.rt.hex": 0, "42-ERC20Detailed.rt.hex": 1, "42-HYDROGEN.rt.hex": 1, "43-ERC20.rt.hex": 0, "43-IERC20.rt.hex": 0, "43-Phishable.rt.hex": 1, "44-DissolutionToken.rt.hex": 0, "44-ERC20Interface.rt.hex": 0, "44-Owned.rt.hex": 0, "44-IERC20.rt.hex": 0, "44-SafeMath.rt.hex": 0, "44-ERC20Detailed.rt.hex": 1, "44-BIGBOMBv2.rt.hex": 1, "45-SafeMath.rt.hex": 0, "45-owned.rt.hex": 0, "45-tokenRecipient.rt.hex": 0, "45-ParsecTokenERC20.rt.hex": 0, "45-ParsecPresale.rt.hex": 0, "46-SafeMath.rt.hex": 0, "46-WalletEvents.rt.hex": 0, "46-WalletAbi.rt.hex": 0, "46-WalletLibrary.rt.hex": 1, "47-SafeMath.rt.hex": 0, "47-Map.rt.hex": 1, "48-AbstractToken.rt.hex": 0, "48-Token.rt.hex": 0, "48-SafeMath.rt.hex": 0, "48-IERC20.rt.hex": 0, "48-PHO.rt.hex": 1, "49-ERC20Detailed.rt.hex": 0, "49-IERC20.rt.hex": 0, "49-SafeMath.rt.hex": 0, "49-ERC20Interface.rt.hex": 1, "49-ApproveAndCallFallBack.rt.hex": 1, "49-Owned.rt.hex": 1, "49-ForTheBlockchain.rt.hex": 1, "50-Owned.rt.hex": 0, "50-IERC20.rt.hex": 0, "50-SafeMath.rt.hex": 0, "50-Ownable.rt.hex": 1, "50-ERC20Detailed.rt.hex": 1, "50-DanPanCoin.rt.hex": 1, "51-SafeMath.rt.hex": 0, "51-ERC20TokenInterface.rt.hex": 1, "51-ERC20Token.rt.hex": 1, "51-AsseteGram.rt.hex": 1, "52-Ownable.rt.hex": 0, "52-Pausable.rt.hex": 0, "52-SafeMath.rt.hex": 0, "52-ERC20Basic.rt.hex": 0, "52-BasicToken.rt.hex": 0, "52-ERC20.rt.hex": 0, "52-StandardToken.rt.hex": 0, "52-PausableToken.rt.hex": 0, "52-BrickblockToken.rt.hex": 0, "53-ECRecovery.rt.hex": 0, "53-SafeMath.rt.hex": 0, "53-Roles.rt.hex": 0, "53-IERC20.rt.hex": 0, "53-ERC20.rt.hex": 0, "53-Ownable.rt.hex": 0, "53-MinterRole.rt.hex": 0, "53-Mintable.rt.hex": 0, "53-Pausable.rt.hex": 0, "53-Burnable.rt.hex": 0, "53-Lockable.rt.hex": 0, "53-DelegatorRole.rt.hex": 0, "53-Delegatable.rt.hex": 0, "53-TrancheToken.rt.hex": 0, "54-ProofOfExistence.rt.hex": 0, "54-FibonacciBalance.rt.hex": 1, "54-FibonacciLib.rt.hex": 0, "55-SafeMath.rt.hex": 0, "55-Proxy.rt.hex": 1, "56-Ownable.rt.hex": 0, "56-SafeMath.rt.hex": 0, "56-CommunityVesting.rt.hex": 0, "56-EcosystemVesting.rt.hex": 0, "56-SeedPrivateAdvisorVesting.rt.hex": 0, "56-TeamVesting.rt.hex": 0, "56-TokenInterface.rt.hex": 0, "56-Vesting.rt.hex": 0, "57-IERC20.rt.hex": 0, "57-ERC20Detailed.rt.hex": 0, "57-EventMetadata.rt.hex": 1, "57-Operated.rt.hex": 1, "57-ProofHashes.rt.hex": 1, "57-MultiHashWrapper.rt.hex": 1, "57-iFactory.rt.hex": 0, "57-Template.rt.hex": 1, "57-Feed.rt.hex": 1, "58-SafeMath.rt.hex": 0, "58-OwnerHelper.rt.hex": 0, "58-ERC20Interface.rt.hex": 0, "58-LINIXToken.rt.hex": 0, "59-SafeMath.rt.hex": 0, "59-IERC20.rt.hex": 0, "59-ERC20.rt.hex": 1, "59-ERC20Detailed.rt.hex": 1, "59-SimpleSwapCoin.rt.hex": 1, "60-digitalNotary.rt.hex": 1, "61-SafeMath.rt.hex": 0, "61-Roles.rt.hex": 0, "61-CapperRole.rt.hex": 0, "61-PauserRole.rt.hex": 0, "61-Pausable.rt.hex": 0, "61-MinterRole.rt.hex": 0, "61-IERC20.rt.hex": 0, "61-ERC20.rt.hex": 0, "61-ERC20Mintable.rt.hex": 0, "61-ERC20Burnable.rt.hex": 0, "61-ERC20Capped.rt.hex": 0, "61-ERC20Pausable.rt.hex": 0, "61-Ownable.rt.hex": 0, "61-BlueseedsToken.rt.hex": 0, "62-SafeMath.rt.hex": 0, "62-FomoFeast.rt.hex": 1, "63-SafeMath.rt.hex": 0, "63-ItemsInterfaceForEternalStorage.rt.hex": 0, "63-EternalStorage.rt.hex": 0, "64-SafeMath.rt.hex": 0, "64-Ownable.rt.hex": 0, "64-IgfContract.rt.hex": 0, "65-Ownable.rt.hex": 0, "65-Pausable.rt.hex": 0, "65-Destructible.rt.hex": 0, "65-EDCoreInterface.rt.hex": 0, "65-DungeonRunCore.rt.hex": 0, "66-SafeMath.rt.hex": 0, "66-ERC20Basic.rt.hex": 0, "66-ERC20.rt.hex": 0, "66-BasicToken.rt.hex": 0, "66-StandardToken.rt.hex": 0, "66-BBIToken.rt.hex": 0, "67-SafeMath.rt.hex": 0, "67-owned.rt.hex": 1, "67-ERC20Essential.rt.hex": 0, "67-BitpayerDEX.rt.hex": 1, "68-SafeMath.rt.hex": 0, "68-owned.rt.hex": 0, "68-tokenRecipient.rt.hex": 0, "68-ParsecTokenERC20.rt.hex": 0, "68-ParsecCrowdsale.rt.hex": 0, "69-SafeMath.rt.hex": 0, "69-OwnerHelper.rt.hex": 0, "69-ERC20Interface.rt.hex": 0, "69-LINIXToken.rt.hex": 0, "70-SafeMath.rt.hex": 0, "70-Wallet.rt.hex": 1, "71-FAECERC20.rt.hex": 0, "71-SafeMath.rt.hex": 0, "71-FomoFeast.rt.hex": 1, "72-IERC20.rt.hex": 0, "72-PHO.rt.hex": 1, "73-Ownable.rt.hex": 0, "73-Pausable.rt.hex": 0, "73-Destructible.rt.hex": 0, "73-EDCoreInterface.rt.hex": 0, "73-DungeonRunBeta.rt.hex": 0, "74-ERC20Basic.rt.hex": 0, "74-SafeMath.rt.hex": 0, "74-BasicToken.rt.hex": 0, "74-ERC20.rt.hex": 0, "74-StandardToken.rt.hex": 0, "74-StandardTokenExt.rt.hex": 0, "74-BurnableToken.rt.hex": 0, "74-UpgradeAgent.rt.hex": 0, "74-UpgradeableToken.rt.hex": 0, "74-Ownable.rt.hex": 0, "74-ReleasableToken.rt.hex": 0, "74-SafeMathLib.rt.hex": 0, "74-MintableToken.rt.hex": 0, "74-CrowdsaleToken.rt.hex": 0, "74-AnyCoin.rt.hex": 0, "75-ERC20.rt.hex": 0, "75-ERC20Basic.rt.hex": 0, "75-SafeERC20.rt.hex": 0, "75-WalletEvents.rt.hex": 0, "75-WalletAbi.rt.hex": 0, "75-WalletLibrary.rt.hex": 1, "76-Owned.rt.hex": 1, "76-SafeMath.rt.hex": 0, "76-ERC20Interface.rt.hex": 1, "76-ApproveAndCallFallBack.rt.hex": 1, "76-ForTheBlockchain.rt.hex": 1, "77-SafeERC20.rt.hex": 0, "77-ERC20.rt.hex": 0, "77-ERC20Basic.rt.hex": 0, "77-SimpleSuicide.rt.hex": 1, "78-Ownable.rt.hex": 0, "78-ERC20.rt.hex": 0, "78-WithToken.rt.hex": 0, "78-SSPTypeAware.rt.hex": 0, "78-SSPRegistry.rt.hex": 0, "78-PublisherRegistry.rt.hex": 0, "78-DSPTypeAware.rt.hex": 0, "78-DSPRegistry.rt.hex": 0, "78-DepositRegistry.rt.hex": 0, "78-AuditorRegistry.rt.hex": 0, "78-DepositAware.rt.hex": 0, "78-SecurityDepositAware.rt.hex": 0, "78-AuditorRegistrar.rt.hex": 0, "78-DSPRegistrar.rt.hex": 0, "78-PublisherRegistrar.rt.hex": 0, "78-SSPRegistrar.rt.hex": 0, "78-ChannelApi.rt.hex": 0, "78-RegistryProvider.rt.hex": 0, "78-StateChannelListener.rt.hex": 0, "78-PapyrusDAO.rt.hex": 0, "79-SafeMath.rt.hex": 0, "79-CareerOnToken.rt.hex": 1, "80-SafeMath.rt.hex": 0, "80-Ownable.rt.hex": 0, "80-PausableOnce.rt.hex": 0, "80-ERC20Basic.rt.hex": 0, "80-BasicToken.rt.hex": 0, "80-ERC20.rt.hex": 0, "80-StandardToken.rt.hex": 0, "80-InterfaceUpgradeAgent.rt.hex": 0, "80-UpgradableToken.rt.hex": 0, "80-Withdrawable.rt.hex": 0, "80-CtdToken.rt.hex": 0, "81-OperationsVesting.rt.hex": 0, "81-Ownable.rt.hex": 0, "81-Phishable.rt.hex": 1, "82-SafeMath.rt.hex": 0, "82-EventMetadata.rt.hex": 1, "82-Operated.rt.hex": 1, "82-ProofHashes.rt.hex": 1, "82-MultiHashWrapper.rt.hex": 1, "82-iFactory.rt.hex": 0, "82-Template.rt.hex": 1, "82-Feed.rt.hex": 1, "83-Ownable.rt.hex": 0, "83-TokenERC20.rt.hex": 0, "83-CareerOnToken.rt.hex": 1, "84-SafeMath.rt.hex": 0, "84-IERC20.rt.hex": 0, "84-ERC20Detailed.rt.hex": 1, "84-HYDROGEN.rt.hex": 1, "85-SafeMath.rt.hex": 0, "85-WalletEvents.rt.hex": 0, "85-WalletAbi.rt.hex": 0, "85-WalletLibrary.rt.hex": 1, "86-IERC20.rt.hex": 0, "86-SafeMath.rt.hex": 0, "86-ERC20.rt.hex": 0, "86-GrowToken.rt.hex": 0, "87-Ownable.rt.hex": 0, "87-Roles.rt.hex": 0, "87-PauserRole.rt.hex": 0, "87-Pausable.rt.hex": 0, "87-COORole.rt.hex": 0, "87-ReentrancyGuard.rt.hex": 0, "87-SafeMath.rt.hex": 0, "87-KittyBountiesAdmin.rt.hex": 0, "87-KittyCore.rt.hex": 0, "87-KittyBounties.rt.hex": 0, "88-Ownable.rt.hex": 0, "88-SketchMarket.rt.hex": 0, "89-Token.rt.hex": 0, "89-SafeMath.rt.hex": 0, "89-StandardToken.rt.hex": 0, "89-GRO.rt.hex": 0, "90-SafeMath.rt.hex": 0, "90-FomoFeast.rt.hex": 1, "91-SafeMath.rt.hex": 0, "91-Ownable.rt.hex": 0, "91-IErc20.rt.hex": 0, "91-Monetary.rt.hex": 0, "91-IPriceOracle.rt.hex": 0, "91-Require.rt.hex": 0, "91-Math.rt.hex": 0, "91-Time.rt.hex": 0, "91-IMakerOracle.rt.hex": 0, "91-IOasisDex.rt.hex": 0, "91-DaiPriceOracle.rt.hex": 0, "92-Owned.rt.hex": 0, "92-SafeMath.rt.hex": 0, "92-IERC20.rt.hex": 0, "92-ERC20.rt.hex": 1, "92-ERC20Detailed.rt.hex": 1, "92-SimpleSwapCoin.rt.hex": 1, "93-SafeMath.rt.hex": 0, "93-IERC20.rt.hex": 0, "93-ERC20Detailed.rt.hex": 1, "93-BIGBOMBv2.rt.hex": 1, "94-IERC20.rt.hex": 0, "94-ContractBlockChain.rt.hex": 0, "94-Ownable.rt.hex": 0, "94-SafeMath.rt.hex": 0, "94-FibonacciBalance.rt.hex": 1, "94-FibonacciLib.rt.hex": 0, "95-IERC20.rt.hex": 0, "95-Ownable.rt.hex": 0, "95-ERC20.rt.hex": 0, "95-Wallet.rt.hex": 1, "96-SafeMath.rt.hex": 0, "96-IERC20.rt.hex": 0, "96-ERC20Detailed.rt.hex": 1, "96-HYDROGEN.rt.hex": 1, "97-SafeMath.rt.hex": 0, "97-ContractReceiver.rt.hex": 0, "97-PetToken.rt.hex": 0, "98-BasicToken.rt.hex": 0, "98-ERC20Basic.rt.hex": 0, "98-IERC20.rt.hex": 0, "98-SafeMath.rt.hex": 0, "98-ERC20Detailed.rt.hex": 1, "98-BIGBOMBv2.rt.hex": 1, "99-SafeMath.rt.hex": 0, "99-ERC721Interface.rt.hex": 0, "99-ERC20.rt.hex": 0, "99-Ownable.rt.hex": 0, "99-NewAuctionContract.rt.hex": 0, "99-AuctionContract.rt.hex": 0, "100-SafeMath.rt.hex": 0, "100-IERC20.rt.hex": 0, "100-ERC20.rt.hex": 1, "100-ERC20Detailed.rt.hex": 1, "100-SimpleSwapCoin.rt.hex": 1, "101-SafeMath.rt.hex": 0, "101-IERC20.rt.hex": 0, "101-ERC20Detailed.rt.hex": 1, "101-HYDROGEN.rt.hex": 1, "102-SafeMath.rt.hex": 0, "102-Ownable.rt.hex": 0, "102-ERC20Basic.rt.hex": 0, "102-ERC20.rt.hex": 0, "102-DetailedERC20.rt.hex": 0, "102-BasicToken.rt.hex": 0, "102-StandardToken.rt.hex": 0, "102-UnlimitedAllowanceToken.rt.hex": 0, "102-BZRxToken.rt.hex": 0, "102-BZRxTransferProxy.rt.hex": 0, "103-IERC20.rt.hex": 0, "103-PauserRole.rt.hex": 0, "103-Roles.rt.hex": 0, "103-SafeMath.rt.hex": 0, "103-ERC20.rt.hex": 0, "103-MinterRole.rt.hex": 0, "103-ERC20Mintable.rt.hex": 0, "103-ERC20Burnable.rt.hex": 0, "103-Pausable.rt.hex": 0, "103-ERC20Pausable.rt.hex": 0, "103-ERC20Detailed.rt.hex": 0, "103-Ownable.rt.hex": 0, "103-Migrations.rt.hex": 0, "103-ELToken.rt.hex": 0, "104-NokuPricingPlan.rt.hex": 0, "104-Ownable.rt.hex": 0, "104-Pausable.rt.hex": 0, "104-SafeMath.rt.hex": 0, "104-ERC20Basic.rt.hex": 0, "104-ERC20.rt.hex": 0, "104-BurnableERC20.rt.hex": 0, "104-NokuTokenBurner.rt.hex": 0, "104-BasicToken.rt.hex": 0, "104-BurnableToken.rt.hex": 0, "104-DetailedERC20.rt.hex": 0, "104-StandardToken.rt.hex": 0, "104-MintableToken.rt.hex": 0, "104-NokuCustomERC20.rt.hex": 0, "104-NokuCustomERC20Service.rt.hex": 0, "105-IERC20.rt.hex": 0, "105-SafeMath.rt.hex": 0, "105-ERC20.rt.hex": 0, "105-ERC20Detailed.rt.hex": 0, "105-ERC20Burnable.rt.hex": 0, "105-Roles.rt.hex": 0, "105-MinterRole.rt.hex": 0, "105-ERC20Mintable.rt.hex": 0, "105-PauserRole.rt.hex": 0, "105-Pausable.rt.hex": 0, "105-ERC20PartialLock.rt.hex": 0, "105-LXANK.rt.hex": 0, "106-PauserRole.rt.hex": 0, "106-Pausable.rt.hex": 0, "106-SafeMath.rt.hex": 0, "106-FomoFeast.rt.hex": 1, "107-ERC20.rt.hex": 0, "107-IERC20.rt.hex": 0, "107-Wallet.rt.hex": 1, "108-Ownable.rt.hex": 0, "108-LinkedList.rt.hex": 0, "108-ERC20Basic.rt.hex": 0, "108-SafeMath.rt.hex": 0, "108-BasicToken.rt.hex": 0, "108-ERC20.rt.hex": 0, "108-StandardToken.rt.hex": 0, "108-Pausable.rt.hex": 0, "108-PausableToken.rt.hex": 0, "108-BurnableToken.rt.hex": 0, "108-RepublicToken.rt.hex": 0, "108-DarknodeRegistryStore.rt.hex": 0, "109-SafeMath.rt.hex": 0, "109-ERC20TokenInterface.rt.hex": 1, "109-ERC20Token.rt.hex": 1, "109-AsseteGram.rt.hex": 1, "110-ERC20.rt.hex": 0, "110-IERC20.rt.hex": 0, "110-CareerOnToken.rt.hex": 1, "111-SafeMath.rt.hex": 0, "111-Ownable.rt.hex": 0, "111-Roles.rt.hex": 0, "111-MinterRole.rt.hex": 0, "111-ReentrancyGuard.rt.hex": 0, "111-CertificateControllerMock.rt.hex": 0, "111-CertificateController.rt.hex": 0, "111-IERC777TokensRecipient.rt.hex": 0, "111-IERC777TokensSender.rt.hex": 0, "111-IERC1410.rt.hex": 0, "111-IERC777.rt.hex": 0, "111-IERC1400.rt.hex": 0, "111-ERC820Registry.rt.hex": 0, "111-ERC820Client.rt.hex": 0, "111-ERC777.rt.hex": 0, "111-ERC1410.rt.hex": 0, "111-ERC1400.rt.hex": 0, "112-SafeMath.rt.hex": 0, "112-Ownable.rt.hex": 0, "112-Pausable.rt.hex": 0, "112-ERC20Basic.rt.hex": 0, "112-BasicToken.rt.hex": 0, "112-ERC20.rt.hex": 0, "112-StandardToken.rt.hex": 0, "112-PausableToken.rt.hex": 0, "112-CostumeToken.rt.hex": 0, "112-Crowdsale.rt.hex": 0, "113-EventMetadata.rt.hex": 1, "113-Operated.rt.hex": 1, "113-ProofHashes.rt.hex": 1, "113-MultiHashWrapper.rt.hex": 1, "113-iFactory.rt.hex": 0, "113-Template.rt.hex": 1, "113-Feed.rt.hex": 1, "114-SafeMath.rt.hex": 0, "114-IERC20.rt.hex": 0, "114-Ownable.rt.hex": 1, "114-ERC20Detailed.rt.hex": 1, "114-DanPanCoin.rt.hex": 1, "115-SafeMath.rt.hex": 0, "115-ERC20Basic.rt.hex": 0, "115-BasicToken.rt.hex": 0, "115-ERC20.rt.hex": 0, "115-StandardToken.rt.hex": 0, "115-SafeERC20.rt.hex": 0, "115-TokenTimelock.rt.hex": 0, "115-Owned.rt.hex": 0, "115-TokenVault.rt.hex": 0, "115-BurnableToken.rt.hex": 0, "115-IdealCoinToken.rt.hex": 0, "116-AbstractToken.rt.hex": 0, "116-Owned.rt.hex": 0, "116-SafeMath.rt.hex": 0, "116-StandardToken.rt.hex": 0, "116-Token.rt.hex": 0, "116-GenesisCryptoTechnology.rt.hex": 0, "117-SafeMath.rt.hex": 0, "117-Ownable.rt.hex": 0, "117-IERC20.rt.hex": 0, "117-ERC20.rt.hex": 0, "117-ERC20Detailed.rt.hex": 0, "117-HatchToken.rt.hex": 0, "118-Ownable.rt.hex": 0, "118-Roles.rt.hex": 0, "118-RBAC.rt.hex": 0, "118-SafeMath.rt.hex": 0, "118-ERC20Basic.rt.hex": 0, "118-ERC20.rt.hex": 0, "118-BasicToken.rt.hex": 0, "118-StandardToken.rt.hex": 0, "118-Pausable.rt.hex": 0, "118-PausableToken.rt.hex": 0, "118-BlackListToken.rt.hex": 0, "118-TwoPhaseToken.rt.hex": 0, "118-UpgradedStandardToken.rt.hex": 0, "118-WithToken.rt.hex": 0, "119-SafeMath.rt.hex": 0, "119-ERC20Interface.rt.hex": 0, "119-admined.rt.hex": 0, "119-ICO.rt.hex": 0, "120-IERC20.rt.hex": 0, "120-ERC20.rt.hex": 0, "120-CareerOnToken.rt.hex": 1, "121-ICashToken.rt.hex": 0, "121-ERC20Interface.rt.hex": 0, "121-CareerOnToken.rt.hex": 1, "122-SafeMath.rt.hex": 0, "122-EventMetadata.rt.hex": 1, "122-Operated.rt.hex": 1, "122-ProofHashes.rt.hex": 1, "122-MultiHashWrapper.rt.hex": 1, "122-iFactory.rt.hex": 0, "122-Template.rt.hex": 1, "122-Feed.rt.hex": 1, "123-SafeMath.rt.hex": 0, "123-Ownable.rt.hex": 0, "123-ERC20Basic.rt.hex": 0, "123-BasicToken.rt.hex": 0, "123-BurnableToken.rt.hex": 0, "123-DescriptiveToken.rt.hex": 0, "123-MintableToken.rt.hex": 0, "123-CappedMintableToken.rt.hex": 0, "123-ERC20.rt.hex": 0, "123-StandardToken.rt.hex": 0, "123-ReleasableToken.rt.hex": 0, "123-OnLiveToken.rt.hex": 0, "124-Ownable.rt.hex": 0, "124-Pausable.rt.hex": 0, "124-Destructible.rt.hex": 0, "124-EDCoreInterface.rt.hex": 0, "124-DungeonRunAlpha.rt.hex": 0, "125-SafeMath.rt.hex": 0, "125-ERC20.rt.hex": 0, "125-ReserveToken.rt.hex": 0, "125-EtherDelta.rt.hex": 0, "126-SafeMath.rt.hex": 0, "126-Roles.rt.hex": 0, "126-PauserRole.rt.hex": 0, "126-Pausable.rt.hex": 0, "126-Ownable.rt.hex": 0, "126-KittyBountiesAdmin.rt.hex": 0, "126-KittyCore.rt.hex": 0, "126-KittyBounties.rt.hex": 0, "127-SafeMath.rt.hex": 0, "127-IERC20.rt.hex": 0, "127-ERC20Detailed.rt.hex": 1, "127-HYDROGEN.rt.hex": 1, "128-ERC20.rt.hex": 0, "128-SafeMath.rt.hex": 0, "128-StandardToken.rt.hex": 0, "128-BurnableToken.rt.hex": 0, "128-UpgradeAgent.rt.hex": 0, "128-UpgradeableToken.rt.hex": 0, "128-Ownable.rt.hex": 0, "128-ReleasableToken.rt.hex": 0, "128-SafeMathLib.rt.hex": 0, "128-MintableToken.rt.hex": 0, "128-CrowdsaleToken.rt.hex": 0, "128-BurnableCrowdsaleToken.rt.hex": 0, "129-IConnections.rt.hex": 0, "129-Connections.rt.hex": 0, "130-CREDITCoins.rt.hex": 0, "130-CREDITS.rt.hex": 0, "130-Ownable.rt.hex": 0, "130-ContractSendCreditCoins.rt.hex": 0, "130-SimpleSuicide.rt.hex": 1, "131-SafeMath.rt.hex": 0, "131-ERC20Basic.rt.hex": 0, "131-BasicToken.rt.hex": 0, "131-ERC20.rt.hex": 0, "131-StandardToken.rt.hex": 0, "131-SafeERC20.rt.hex": 0, "131-Owned.rt.hex": 0, "131-TokenVesting.rt.hex": 0, "131-TokenVault.rt.hex": 0, "131-BurnableToken.rt.hex": 0, "131-BKB_Token.rt.hex": 0, "132-SafeMath.rt.hex": 0, "132-Roles.rt.hex": 0, "132-PauserRole.rt.hex": 0, "132-AdministratorRole.rt.hex": 0, "132-Ownable.rt.hex": 0, "132-Pausable.rt.hex": 0, "132-IERC20.rt.hex": 0, "132-ERC20.rt.hex": 0, "132-ERC20Detailed.rt.hex": 0, "132-ETMToken.rt.hex": 0, "133-SafeMath.rt.hex": 0, "133-ERC20Basic.rt.hex": 0, "133-BasicToken.rt.hex": 0, "133-ERC20.rt.hex": 0, "133-StandardToken.rt.hex": 0, "133-SafeERC20.rt.hex": 0, "133-Owned.rt.hex": 0, "133-TokenVesting.rt.hex": 0, "133-TokenVault.rt.hex": 0, "133-BurnableToken.rt.hex": 0, "133-ZTC_Token.rt.hex": 0, "134-RTCoinInterface.rt.hex": 0, "134-ERC20Interface.rt.hex": 0, "134-SafeMath.rt.hex": 0, "134-Stake.rt.hex": 0, "135-ICashToken.rt.hex": 0, "135-ERC20Interface.rt.hex": 0, "135-CareerOnToken.rt.hex": 1, "136-SafeMath.rt.hex": 0, "136-Ownable.rt.hex": 0, "136-ERC20Basic.rt.hex": 0, "136-ERC20.rt.hex": 0, "136-DetailedERC20.rt.hex": 0, "136-BasicToken.rt.hex": 0, "136-StandardToken.rt.hex": 0, "136-UnlimitedAllowanceToken.rt.hex": 0, "136-BZRxToken.rt.hex": 0, "136-BZRxTransferProxy.rt.hex": 0, "137-Ownable.rt.hex": 0, "137-HYPRO.rt.hex": 0, "137-SafeMath.rt.hex": 0, "138-Regatta.rt.hex": 0, "139-SafeMath.rt.hex": 0, "139-Ownable.rt.hex": 0, "139-Helper.rt.hex": 0, "139-LNX.rt.hex": 0, "140-LibBytes.rt.hex": 0, "140-ReentrancyGuard.rt.hex": 0, "140-SafeMath.rt.hex": 0, "140-LibConstants.rt.hex": 0, "140-LibEIP712.rt.hex": 0, "140-LibFillResults.rt.hex": 0, "140-LibMath.rt.hex": 0, "140-LibOrder.rt.hex": 0, "140-LibAbiEncoder.rt.hex": 0, "140-IOwnable.rt.hex": 0, "140-IAuthorizable.rt.hex": 0, "140-IAssetProxy.rt.hex": 0, "140-IValidator.rt.hex": 0, "140-IWallet.rt.hex": 0, "140-IExchangeCore.rt.hex": 0, "140-IAssetProxyDispatcher.rt.hex": 0, "140-IMatchOrders.rt.hex": 0, "140-ISignatureValidator.rt.hex": 0, "140-ITransactions.rt.hex": 0, "140-IWrapperFunctions.rt.hex": 0, "140-IExchange.rt.hex": 0, "140-MExchangeCore.rt.hex": 0, "140-MAssetProxyDispatcher.rt.hex": 0, "140-MMatchOrders.rt.hex": 0, "140-MSignatureValidator.rt.hex": 0, "140-MTransactions.rt.hex": 0, "140-MWrapperFunctions.rt.hex": 0, "140-Ownable.rt.hex": 0, "140-MixinExchangeCore.rt.hex": 0, "140-MixinSignatureValidator.rt.hex": 0, "140-MixinWrapperFunctions.rt.hex": 0, "140-MixinTransactions.rt.hex": 0, "140-MixinAssetProxyDispatcher.rt.hex": 0, "140-MixinMatchOrders.rt.hex": 0, "140-Exchange.rt.hex": 0, "141-SafeMath.rt.hex": 0, "141-ERC20.rt.hex": 0, "141-FiatContract.rt.hex": 0, "141-TestFiatContract.rt.hex": 0, "141-SocialActivityToken.rt.hex": 0, "142-SafeMath.rt.hex": 0, "142-OwnerHelper.rt.hex": 0, "142-ERC20Interface.rt.hex": 0, "142-VantaToken.rt.hex": 0, "143-AbstractToken.rt.hex": 0, "143-Owned.rt.hex": 0, "143-SafeMath.rt.hex": 0, "143-StandardToken.rt.hex": 0, "143-BurnableToken.rt.hex": 0, "143-Token.rt.hex": 0, "143-InmediateToken.rt.hex": 0, "144-SafeMath.rt.hex": 0, "144-Ownable.rt.hex": 0, "144-ERC20Basic.rt.hex": 0, "144-ERC20.rt.hex": 0, "144-SafeERC20.rt.hex": 0, "144-Crowdsale.rt.hex": 0, "144-TimedCrowdsale.rt.hex": 0, "144-FinalizableCrowdsale.rt.hex": 0, "144-BasicToken.rt.hex": 0, "144-StandardToken.rt.hex": 0, "144-MintableToken.rt.hex": 0, "144-MintedCrowdsale.rt.hex": 0, "144-Pausable.rt.hex": 0, "144-RealtyReturnsTokenInterface.rt.hex": 0, "144-PausableToken.rt.hex": 0, "144-RealtyReturnsToken.rt.hex": 0, "144-LockTokenAllocation.rt.hex": 0, "144-RealtyReturnsTokenCrowdsale.rt.hex": 0, "145-Ownable.rt.hex": 0, "145-Administratable.rt.hex": 0, "145-IERC20.rt.hex": 0, "145-SafeMath.rt.hex": 0, "145-ERC20.rt.hex": 0, "145-ERC20Burnable.rt.hex": 0, "145-Whitelistable.rt.hex": 0, "145-Freezable.rt.hex": 0, "145-TimeLockable.rt.hex": 0, "145-BLUCON.rt.hex": 0, "145-Migrations.rt.hex": 0, "146-SafeMath.rt.hex": 0, "146-FomoFeast.rt.hex": 1, "147-Pausable.rt.hex": 0, "147-Ownable.rt.hex": 0, "147-CareerOnToken.rt.hex": 1, "148-SafeMath.rt.hex": 0, "148-ERC20Basic.rt.hex": 0, "148-BasicToken.rt.hex": 0, "148-ERC20.rt.hex": 0, "148-StandardToken.rt.hex": 0, "148-SafeERC20.rt.hex": 0, "148-Owned.rt.hex": 0, "148-TokenVesting.rt.hex": 0, "148-TokenVault.rt.hex": 0, "148-BurnableToken.rt.hex": 0, "148-WKA_Token.rt.hex": 0, "149-SafeMath.rt.hex": 0, "149-ERC20Interface.rt.hex": 1, "149-Owned.rt.hex": 1, "149-ExclusivePlatform.rt.hex": 1, "150-Pausable.rt.hex": 0, "150-PauserRole.rt.hex": 0, "150-SafeMath.rt.hex": 0, "150-IERC20.rt.hex": 0, "150-ERC20.rt.hex": 1, "150-ERC20Detailed.rt.hex": 1, "150-SimpleSwapCoin.rt.hex": 1, "151-SafeMath.rt.hex": 0, "151-Ownable.rt.hex": 0, "151-Finalizable.rt.hex": 0, "151-IToken.rt.hex": 0, "151-TokenReceivable.rt.hex": 0, "151-EventDefinitions.rt.hex": 0, "151-Token.rt.hex": 0, "151-Controller.rt.hex": 0, "151-PreSale.rt.hex": 0, "151-Ledger.rt.hex": 0, "152-ECRecovery.rt.hex": 0, "152-SigningLogic.rt.hex": 0, "152-ERC20Basic.rt.hex": 0, "152-ERC20.rt.hex": 0, "152-SafeMath.rt.hex": 0, "152-SafeERC20.rt.hex": 0, "152-TokenEscrowMarketplace.rt.hex": 0, "152-Initializable.rt.hex": 0, "152-AttestationLogic.rt.hex": 0, "153-AbstractToken.rt.hex": 0, "153-Owned.rt.hex": 0, "153-SafeMath.rt.hex": 0, "153-StandardToken.rt.hex": 0, "153-Token.rt.hex": 0, "153-GenesisCryptoTechnology.rt.hex": 0, "154-Pool.rt.hex": 0, "154-SafeMath.rt.hex": 0, "154-RigoToken.rt.hex": 0, "154-DragoRegistry.rt.hex": 0, "154-Inflation.rt.hex": 0, "154-ReentrancyGuard.rt.hex": 0, "154-ProofOfPerformanceFace.rt.hex": 0, "154-ProofOfPerformance.rt.hex": 0, "155-SafeMath.rt.hex": 0, "155-IERC20.rt.hex": 0, "155-ERC20.rt.hex": 0, "155-Roles.rt.hex": 0, "155-MinterRole.rt.hex": 0, "155-ERC20Mintable.rt.hex": 0, "155-ERC20Burnable.rt.hex": 0, "155-TuneTradeToken.rt.hex": 0, "155-WhitelistAdminRole.rt.hex": 0, "155-WhitelistedRole.rt.hex": 0, "155-TeamRole.rt.hex": 0, "155-SafeERC20.rt.hex": 0, "155-SwapContract.rt.hex": 0, "156-SafeMath.rt.hex": 0, "156-ItemsInterfaceForEternalStorage.rt.hex": 0, "156-EternalStorage.rt.hex": 0, "157-ECRecovery.rt.hex": 0, "157-Roles.rt.hex": 0, "157-SafeMath.rt.hex": 0, "157-IERC20.rt.hex": 0, "157-ERC20.rt.hex": 0, "157-Ownable.rt.hex": 0, "157-MinterRole.rt.hex": 0, "157-Mintable.rt.hex": 0, "157-Pausable.rt.hex": 0, "157-Burnable.rt.hex": 0, "157-Lockable.rt.hex": 0, "157-DelegatorRole.rt.hex": 0, "157-Delegatable.rt.hex": 0, "157-TrustShoreToken.rt.hex": 0, "158-SafeMath.rt.hex": 0, "158-Ownable.rt.hex": 0, "158-ERC20.rt.hex": 0, "158-StandardToken.rt.hex": 0, "158-EIForceCoin.rt.hex": 0, "159-ERC20.rt.hex": 0, "159-StandardToken.rt.hex": 0, "159-SafeMath.rt.hex": 0, "159-owned.rt.hex": 1, "159-ethBank.rt.hex": 1, "160-SafeMath.rt.hex": 0, "160-Roles.rt.hex": 0, "160-RBAC.rt.hex": 0, "160-RBACWithAdmin.rt.hex": 0, "160-Ownable.rt.hex": 0, "160-ERC20Basic.rt.hex": 0, "160-BasicToken.rt.hex": 0, "160-ERC20.rt.hex": 0, "160-DetailedERC20.rt.hex": 0, "160-StandardToken.rt.hex": 0, "160-ERC865.rt.hex": 0, "160-ERC865Token.rt.hex": 0, "160-BeepToken.rt.hex": 0, "161-IERC165.rt.hex": 0, "161-ERC165.rt.hex": 0, "161-IERC721.rt.hex": 0, "161-IERC721Receiver.rt.hex": 0, "161-SafeMath.rt.hex": 0, "161-Address.rt.hex": 0, "161-FormSI060719.rt.hex": 0, "162-SafeMath.rt.hex": 0, "162-IERC20.rt.hex": 0, "162-PHO.rt.hex": 1, "163-ETHPlay.rt.hex": 0, "163-ERC20.rt.hex": 0, "163-PauserRole.rt.hex": 0, "163-IERC20.rt.hex": 0, "163-ERC20Mintable.rt.hex": 0, "163-Pausable.rt.hex": 0, "163-ERC20Burnable.rt.hex": 0, "163-ERC20Pausable.rt.hex": 0, "163-MinterRole.rt.hex": 0, "163-SafeMath.rt.hex": 0, "163-owned.rt.hex": 1, "163-ethBank.rt.hex": 1, "164-SafeMath.rt.hex": 0, "164-Roles.rt.hex": 0, "164-PauserRole.rt.hex": 0, "164-Pausable.rt.hex": 0, "164-Ownable.rt.hex": 0, "164-KittyBountiesAdmin.rt.hex": 0, "164-KittyCore.rt.hex": 0, "164-KittyBounties.rt.hex": 0, "165-SafeMath.rt.hex": 0, "165-OwnerHelper.rt.hex": 0, "165-ERC20Interface.rt.hex": 0, "165-ITAMToken.rt.hex": 0, "166-SafeMath.rt.hex": 0, "166-Ownable.rt.hex": 0, "166-ERC20Basic.rt.hex": 0, "166-ERC20.rt.hex": 0, "166-DetailedERC20.rt.hex": 0, "166-BasicToken.rt.hex": 0, "166-StandardToken.rt.hex": 0, "166-UnlimitedAllowanceToken.rt.hex": 0, "166-BZRxToken.rt.hex": 0, "166-BZRxTransferProxy.rt.hex": 0, "167-Token.rt.hex": 0, "167-StandardToken.rt.hex": 0, "167-HumanStandardToken.rt.hex": 0, "167-StandardBounties.rt.hex": 0, "168-Unprotected.rt.hex": 1, "169-DissolutionToken.rt.hex": 0, "169-ERC20Interface.rt.hex": 0, "169-Owned.rt.hex": 0, "169-owned.rt.hex": 1, "169-tokenRecipient.rt.hex": 1, "169-Token.rt.hex": 1, "169-SafeMath.rt.hex": 0, "169-MindsyncPlatform.rt.hex": 1, "170-Rubixi.rt.hex": 1, "171-ICO.rt.hex": 0, "171-Ownable.rt.hex": 0, "171-SafeMath.rt.hex": 0, "171-IERC20.rt.hex": 0, "171-ERC20.rt.hex": 1, "171-ERC20Detailed.rt.hex": 1, "171-SaveWon.rt.hex": 1, "172-IERC20.rt.hex": 0, "172-SafeMath.rt.hex": 0, "172-ERC20.rt.hex": 0, "172-Roles.rt.hex": 0, "172-MinterRole.rt.hex": 0, "172-ERC20Mintable.rt.hex": 0, "172-ERC20Capped.rt.hex": 0, "172-ERC20Burnable.rt.hex": 0, "172-ERC20Detailed.rt.hex": 0, "172-PauserRole.rt.hex": 0, "172-Pausable.rt.hex": 0, "172-ERC20Pausable.rt.hex": 0, "172-Eraswap.rt.hex": 0, "173-SafeMath.rt.hex": 0, "173-IERC20.rt.hex": 0, "173-ERC20.rt.hex": 1, "173-ERC20Detailed.rt.hex": 1, "173-SimpleSwapCoin.rt.hex": 1, "174-IAccounting.rt.hex": 0, "174-IAccountingFactory.rt.hex": 0, "174-IERC20.rt.hex": 0, "174-IDisputer.rt.hex": 0, "174-FeeWindow.rt.hex": 0, "174-Universe.rt.hex": 0, "174-ReportingParticipant.rt.hex": 0, "174-Market.rt.hex": 0, "174-IDisputerFactory.rt.hex": 0, "174-ICrowdsourcerParent.rt.hex": 0, "174-ICrowdsourcer.rt.hex": 0, "174-DisputerParams.rt.hex": 0, "174-Crowdsourcer.rt.hex": 0, "174-CrowdsourcerFactory.rt.hex": 0, "175-Ownable.rt.hex": 0, "175-Rubixi.rt.hex": 1, "176-AbstractToken.rt.hex": 0, "176-Owned.rt.hex": 0, "176-SafeMath.rt.hex": 0, "176-StandardToken.rt.hex": 0, "176-Token.rt.hex": 0, "176-NexoToken.rt.hex": 0, "177-IERC20.rt.hex": 0, "177-ERC20.rt.hex": 0, "177-SafeMath.rt.hex": 0, "177-owned.rt.hex": 1, "177-ethBank.rt.hex": 1, "178-SafeMath.rt.hex": 0, "178-FomoFeast.rt.hex": 1, "179-SafeMath.rt.hex": 0, "179-Ownable.rt.hex": 0, "179-ERC20Basic.rt.hex": 0, "179-ERC20.rt.hex": 0, "179-SafeERC20.rt.hex": 0, "179-Crowdsale.rt.hex": 0, "179-TimedCrowdsale.rt.hex": 0, "179-FinalizableCrowdsale.rt.hex": 0, "179-BasicToken.rt.hex": 0, "179-StandardToken.rt.hex": 0, "179-MintableToken.rt.hex": 0, "179-MintedCrowdsale.rt.hex": 0, "179-Pausable.rt.hex": 0, "179-RealtyReturnsTokenInterface.rt.hex": 0, "179-PausableToken.rt.hex": 0, "179-RealtyReturnsToken.rt.hex": 0, "179-LockTokenAllocation.rt.hex": 0, "179-RealtyReturnsTokenCrowdsale.rt.hex": 0, "180-SafeMath.rt.hex": 0, "180-CareerOnToken.rt.hex": 1, "181-SafeMath.rt.hex": 0, "181-ItemsInterfaceForEternalStorage.rt.hex": 0, "181-EternalStorage.rt.hex": 0, "182-SafeMath.rt.hex": 0, "182-IERC20.rt.hex": 0, "182-ERC20.rt.hex": 1, "182-ERC20Detailed.rt.hex": 1, "182-SaveWon.rt.hex": 1, "183-Ownable.rt.hex": 0, "183-Pausable.rt.hex": 0, "183-Destructible.rt.hex": 0, "183-EDCoreInterface.rt.hex": 0, "183-DungeonRunAlpha.rt.hex": 0, "184-TAMCContract.rt.hex": 1, "185-SafeMath.rt.hex": 0, "185-Roles.rt.hex": 0, "185-PauserRole.rt.hex": 0, "185-Pausable.rt.hex": 0, "185-Ownable.rt.hex": 0, "185-KittyBountiesAdmin.rt.hex": 0, "185-KittyCore.rt.hex": 0, "185-KittyBounties.rt.hex": 0, "186-Owned.rt.hex": 0, "186-IERC20.rt.hex": 0, "186-SafeMath.rt.hex": 0, "186-ERC20Detailed.rt.hex": 1, "186-HYDROGEN.rt.hex": 1, "187-ERC20Detailed.rt.hex": 0, "187-IERC20.rt.hex": 0, "187-SafeMath.rt.hex": 0, "187-ERC20Interface.rt.hex": 1, "187-ApproveAndCallFallBack.rt.hex": 1, "187-Owned.rt.hex": 1, "187-ForTheBlockchain.rt.hex": 1, "188-SafeMath.rt.hex": 0, "188-database.rt.hex": 0, "188-topl_database_lib.rt.hex": 0, "188-iconiq_presale.rt.hex": 0, "189-SafeMath.rt.hex": 0, "189-SimpleSuicide.rt.hex": 1, "190-Address.rt.hex": 0, "190-Ownable.rt.hex": 0, "190-ContractManager.rt.hex": 0, "191-SafeMath.rt.hex": 0, "191-database.rt.hex": 0, "192-Ownable.rt.hex": 0, "192-SafeMath.rt.hex": 0, "192-ERC20Basic.rt.hex": 0, "192-BasicToken.rt.hex": 0, "192-ERC20.rt.hex": 0, "192-StandardToken.rt.hex": 0, "192-BurnableToken.rt.hex": 0, "192-Pausable.rt.hex": 0, "192-GiftToken.rt.hex": 0, "192-Whitelist.rt.hex": 0, "192-GiftCrowdsale.rt.hex": 0, "193-BasicToken.rt.hex": 0, "193-ERC20Basic.rt.hex": 0, "193-Rubixi.rt.hex": 1, "194-SafeMath.rt.hex": 0, "194-owned.rt.hex": 1, "194-tokenRecipient.rt.hex": 0, "194-TokenERC20.rt.hex": 1, "194-AZT.rt.hex": 1, "195-SafeMath.rt.hex": 0, "195-Ownable.rt.hex": 0, "195-Pausable.rt.hex": 0, "195-ERC20Basic.rt.hex": 0, "195-BasicToken.rt.hex": 0, "195-ERC20.rt.hex": 0, "195-StandardToken.rt.hex": 0, "195-PausableToken.rt.hex": 0, "195-RefundVault.rt.hex": 0, "195-PallyCoin.rt.hex": 0, "195-Crowdsale.rt.hex": 0, "196-SafeMath.rt.hex": 0, "196-database.rt.hex": 0, "196-topl_database_lib.rt.hex": 0, "196-arbits_presale.rt.hex": 0, "197-ERC20Basic.rt.hex": 0, "197-ERC20.rt.hex": 0, "197-SafeMath.rt.hex": 0, "197-SafeERC20.rt.hex": 0, "197-Crowdsale.rt.hex": 0, "197-TimedCrowdsale.rt.hex": 0, "197-CappedCrowdsale.rt.hex": 0, "197-BasicToken.rt.hex": 0, "197-StandardToken.rt.hex": 0, "197-Ownable.rt.hex": 0, "197-MintableToken.rt.hex": 0, "197-MintedCrowdsale.rt.hex": 0, "197-DetailedERC20.rt.hex": 0, "197-Pausable.rt.hex": 0, "197-PausableToken.rt.hex": 0, "197-LoonieToken.rt.hex": 0, "197-LoonieCrowdsale.rt.hex": 0, "198-SafeMath.rt.hex": 0, "198-ERC20Token.rt.hex": 0, "198-UnlockGmi.rt.hex": 0, "199-Crowdsale.rt.hex": 0, "199-SafeMath.rt.hex": 0, "199-Ownable.rt.hex": 0, "199-ERC20Basic.rt.hex": 0, "199-ERC20.rt.hex": 0, "199-SafeERC20.rt.hex": 0, "199-QuinadsCrowdsale.rt.hex": 0, "200-SafeMath.rt.hex": 0, "200-IERC20.rt.hex": 0, "200-UBBCToken.rt.hex": 1, "201-SafeMath.rt.hex": 0, "201-ERC20Interface.rt.hex": 1, "201-ApproveAndCallFallBack.rt.hex": 1, "201-Owned.rt.hex": 1, "201-QurasToken.rt.hex": 1, "202-InGRedientToken.rt.hex": 0, "202-ERC20Interface.rt.hex": 0, "202-Owned.rt.hex": 0, "202-IERC20.rt.hex": 0, "202-PHO.rt.hex": 1, "203-SafeMath.rt.hex": 0, "203-IERC20.rt.hex": 0, "203-ERC20Detailed.rt.hex": 1, "203-HYDROGEN.rt.hex": 1, "204-SafeMath.rt.hex": 0, "204-owned.rt.hex": 1, "204-tokenRecipient.rt.hex": 0, "204-TokenERC20.rt.hex": 1, "204-AZT.rt.hex": 1, "205-ERC20Pistachio.rt.hex": 0, "205-IERC20.rt.hex": 0, "205-SafeMath.rt.hex": 0, "205-owned.rt.hex": 1, "205-ethBank.rt.hex": 1, "206-SafeMath.rt.hex": 0, "206-ERC20Interface.rt.hex": 1, "206-ApproveAndCallFallBack.rt.hex": 1, "206-Owned.rt.hex": 1, "206-ForTheBlockchain.rt.hex": 1, "207-Crowdsale.rt.hex": 0, "207-Phishable.rt.hex": 1, "208-SafeMath.rt.hex": 0, "208-ERC721Interface.rt.hex": 0, "208-ERC20.rt.hex": 0, "208-Ownable.rt.hex": 0, "208-NewAuctionContract.rt.hex": 0, "208-ArconaMarketplaceContract.rt.hex": 0, "209-Ownable.rt.hex": 0, "209-ERC20_Interface.rt.hex": 0, "209-RC20.rt.hex": 0, "209-CareerOnToken.rt.hex": 1, "210-IAccessPolicy.rt.hex": 0, "210-IAccessControlled.rt.hex": 0, "210-StandardRoles.rt.hex": 0, "210-AccessControlled.rt.hex": 0, "210-IMigrationTarget.rt.hex": 0, "210-MigrationTarget.rt.hex": 0, "210-EuroTokenMigrationTarget.rt.hex": 0, "210-IMigrationSource.rt.hex": 0, "210-MigrationSource.rt.hex": 0, "210-AccessRoles.rt.hex": 0, "210-IBasicToken.rt.hex": 0, "210-Reclaimable.rt.hex": 0, "210-ITokenMetadata.rt.hex": 0, "210-TokenMetadata.rt.hex": 0, "210-IERC20Allowance.rt.hex": 0, "210-IERC20Token.rt.hex": 0, "210-IERC677Callback.rt.hex": 0, "210-IERC677Allowance.rt.hex": 0, "210-IERC677Token.rt.hex": 0, "210-Math.rt.hex": 0, "210-BasicToken.rt.hex": 0, "210-StandardToken.rt.hex": 0, "210-EuroToken.rt.hex": 0, "211-Wallet.rt.hex": 1, "212-AbstractToken.rt.hex": 0, "212-Token.rt.hex": 0, "212-SafeMath.rt.hex": 0, "212-Rubixi.rt.hex": 1, "213-SimpleSuicide.rt.hex": 1, "214-IERC20.rt.hex": 0, "214-SafeMath.rt.hex": 0, "214-ERC20Detailed.rt.hex": 1, "214-HYDROGEN.rt.hex": 1, "215-SafeMath.rt.hex": 0, "215-IERC20.rt.hex": 0, "215-PHO.rt.hex": 1, "216-ERC20Interface.rt.hex": 1, "216-IERC20Interface.rt.hex": 1, "216-RaffleToken.rt.hex": 0, "216-SafeMath.rt.hex": 0, "216-RaffleTokenExchange.rt.hex": 1, "217-Moloch.rt.hex": 0, "217-IERC20.rt.hex": 0, "217-Ownable.rt.hex": 0, "217-GuildBank.rt.hex": 0, "217-SafeMath.rt.hex": 0, "218-SafeMath.rt.hex": 0, "218-ERC20.rt.hex": 0, "218-SATCoin.rt.hex": 0, "219-ERC20.rt.hex": 0, "219-IERC20.rt.hex": 0, "219-EventMetadata.rt.hex": 1, "219-Operated.rt.hex": 1, "219-ProofHashes.rt.hex": 1, "219-MultiHashWrapper.rt.hex": 1, "219-iFactory.rt.hex": 0, "219-Template.rt.hex": 1, "219-Feed.rt.hex": 1, "220-Ownable.rt.hex": 0, "220-IERC20.rt.hex": 0, "220-ERC20Detailed.rt.hex": 0, "220-SafeMath.rt.hex": 0, "220-ERC20.rt.hex": 0, "220-Roles.rt.hex": 0, "220-MinterRole.rt.hex": 0, "220-ERC20Mintable.rt.hex": 0, "220-ERC20Burnable.rt.hex": 0, "220-Athlon.rt.hex": 0, "221-HRKD.rt.hex": 0, "221-WalletEvents.rt.hex": 0, "221-WalletAbi.rt.hex": 0, "221-WalletLibrary.rt.hex": 1, "222-Ownable.rt.hex": 0, "222-Roles.rt.hex": 0, "222-RBAC.rt.hex": 0, "222-SafeMath.rt.hex": 0, "222-ERC20Basic.rt.hex": 0, "222-ERC20.rt.hex": 0, "222-BasicToken.rt.hex": 0, "222-StandardToken.rt.hex": 0, "222-Pausable.rt.hex": 0, "222-PausableToken.rt.hex": 0, "222-BlackListToken.rt.hex": 0, "222-TwoPhaseToken.rt.hex": 0, "222-UpgradedStandardToken.rt.hex": 0, "222-WitToken.rt.hex": 0, "223-SafeMathLib.rt.hex": 0, "223-Ownable.rt.hex": 0, "223-Haltable.rt.hex": 0, "223-PricingStrategy.rt.hex": 0, "223-FinalizeAgent.rt.hex": 0, "223-ERC20.rt.hex": 0, "223-FractionalERC20.rt.hex": 0, "223-Crowdsale.rt.hex": 0, "223-SafeMath.rt.hex": 0, "223-StandardToken.rt.hex": 0, "223-UpgradeAgent.rt.hex": 0, "223-UpgradeableToken.rt.hex": 0, "223-ReleasableToken.rt.hex": 0, "223-MintableToken.rt.hex": 0, "223-CrowdsaleToken.rt.hex": 0, "223-MysteriumPricing.rt.hex": 0, "223-MysteriumTokenDistribution.rt.hex": 0, "224-SafeMath.rt.hex": 0, "224-ItemsInterfaceForEternalStorage.rt.hex": 0, "224-EternalStorage.rt.hex": 0, "225-Wallet.rt.hex": 1, "226-Ownable.rt.hex": 0, "226-Pausable.rt.hex": 0, "226-SafeMath.rt.hex": 0, "226-ERC20Basic.rt.hex": 0, "226-BasicToken.rt.hex": 0, "226-ERC20.rt.hex": 0, "226-StandardToken.rt.hex": 0, "226-MintableToken.rt.hex": 0, "226-StarCoin.rt.hex": 0, "226-InvestorWhiteList.rt.hex": 0, "226-StarCoinPreSale.rt.hex": 0, "227-SafeMath.rt.hex": 0, "227-owned.rt.hex": 1, "227-tokenRecipient.rt.hex": 1, "227-Token.rt.hex": 1, "227-MindsyncPlatform.rt.hex": 1, "228-Ownable.rt.hex": 1, "228-IERC20.rt.hex": 0, "228-SafeMath.rt.hex": 0, "228-ERC20Detailed.rt.hex": 1, "228-DanPanCoin.rt.hex": 1, "229-Token.rt.hex": 1, "229-SafeMath.rt.hex": 0, "229-StableDEX.rt.hex": 1, "230-SafeMath.rt.hex": 0, "230-IERC20.rt.hex": 0, "230-ERC20.rt.hex": 1, "230-ERC20Detailed.rt.hex": 1, "230-SimpleSwapCoin.rt.hex": 1, "231-MultiOwnable.rt.hex": 1, "231-TestContract.rt.hex": 0, "232-DragonFarmer.rt.hex": 0, "232-WalletEvents.rt.hex": 0, "232-WalletAbi.rt.hex": 0, "232-WalletLibrary.rt.hex": 1, "233-SafeMath.rt.hex": 0, "233-IERC20.rt.hex": 0, "233-ERC20.rt.hex": 1, "233-ERC20Burnable.rt.hex": 1, "233-ERC20Detailed.rt.hex": 1, "233-AGR.rt.hex": 1, "234-IERC20.rt.hex": 0, "234-ERC20Detailed.rt.hex": 0, "234-SafeMath.rt.hex": 0, "234-ERC20.rt.hex": 0, "234-ERC20Burnable.rt.hex": 0, "234-Ownable.rt.hex": 0, "234-Roles.rt.hex": 0, "234-PauserRole.rt.hex": 0, "234-Pausable.rt.hex": 0, "234-MinterRole.rt.hex": 0, "234-WhitelistAdminRole.rt.hex": 0, "234-WhitelistedRole.rt.hex": 0, "234-InvictusWhitelist.rt.hex": 0, "234-C10Token.rt.hex": 0, "235-Ownable.rt.hex": 0, "235-SafeMath.rt.hex": 0, "235-ERC20Basic.rt.hex": 0, "235-ERC20.rt.hex": 0, "235-BasicToken.rt.hex": 0, "235-StandardToken.rt.hex": 0, "235-TeuToken.rt.hex": 0, "235-Pausable.rt.hex": 0, "235-TeuBookingDeposit.rt.hex": 0, "236-IERC20.rt.hex": 0, "236-SafeMath.rt.hex": 0, "236-DamoChain.rt.hex": 0, "236-Ownable.rt.hex": 0, "236-WalletEvents.rt.hex": 0, "236-WalletAbi.rt.hex": 0, "236-WalletLibrary.rt.hex": 1, "237-Ownable.rt.hex": 0, "237-Pausable.rt.hex": 0, "237-Destructible.rt.hex": 0, "237-EDCoreInterface.rt.hex": 0, "237-DungeonRunCore.rt.hex": 0, "238-SafeMath.rt.hex": 0, "238-RequestUid.rt.hex": 0, "238-AdminUpgradeable.rt.hex": 0, "238-BICALogicUpgradeable.rt.hex": 0, "238-BICALogic.rt.hex": 0, "238-BICALedger.rt.hex": 0, "238-ERC20Interface.rt.hex": 0, "238-BICAProxy.rt.hex": 0, "239-ERC20Interface.rt.hex": 0, "239-Owned.rt.hex": 0, "239-FixedSupplyToken.rt.hex": 0, "239-SafeMath.rt.hex": 0, "239-FomoFeast.rt.hex": 1, "240-IERC165.rt.hex": 0, "240-IERC721.rt.hex": 0, "240-IERC721Receiver.rt.hex": 0, "240-SafeMath.rt.hex": 0, "240-Address.rt.hex": 0, "240-ERC165.rt.hex": 0, "240-ERC721.rt.hex": 0, "240-IERC721Metadata.rt.hex": 0, "240-ERC721Metadata.rt.hex": 0, "240-Roles.rt.hex": 0, "240-MinterRole.rt.hex": 0, "240-ERC721MetadataMintable.rt.hex": 0, "240-Ownable.rt.hex": 0, "240-RadxCollectible.rt.hex": 0, "241-NokuPricingPlan.rt.hex": 0, "241-Ownable.rt.hex": 0, "241-Pausable.rt.hex": 0, "241-SafeMath.rt.hex": 0, "241-ERC20Basic.rt.hex": 0, "241-ERC20.rt.hex": 0, "241-BurnableERC20.rt.hex": 0, "241-NokuTokenBurner.rt.hex": 0, "241-BasicToken.rt.hex": 0, "241-BurnableToken.rt.hex": 0, "241-DetailedERC20.rt.hex": 0, "241-StandardToken.rt.hex": 0, "241-MintableToken.rt.hex": 0, "241-NokuCustomERC20.rt.hex": 0, "242-SafeMath.rt.hex": 0, "242-ExtendedMath.rt.hex": 0, "242-ERC20Interface.rt.hex": 1, "242-ApproveAndCallFallBack.rt.hex": 1, "242-Owned.rt.hex": 1, "242-_Yesbuzz.rt.hex": 1, "243-WalletEvents.rt.hex": 0, "243-WalletAbi.rt.hex": 0, "243-WalletLibrary.rt.hex": 1, "244-SafeMath.rt.hex": 0, "244-ERC20Basic.rt.hex": 0, "244-ERC20.rt.hex": 0, "244-Escrow.rt.hex": 0, "245-IERC20.rt.hex": 0, "245-SafeMath.rt.hex": 0, "245-ERC20.rt.hex": 1, "245-ERC20Burnable.rt.hex": 1, "245-ERC20Detailed.rt.hex": 1, "245-AGR.rt.hex": 1, "246-Missing.rt.hex": 1, "247-SafeMath.rt.hex": 0, "247-ERC20.rt.hex": 0, "247-ReserveToken.rt.hex": 0, "247-EtherDelta.rt.hex": 0, "248-Ownable.rt.hex": 1, "248-Stoppable.rt.hex": 1, "248-RampInstantPoolInterface.rt.hex": 0, "248-RampInstantEscrowsPoolInterface.rt.hex": 1, "248-RampInstantPool.rt.hex": 1, "248-RampInstantEthPool.rt.hex": 1, "249-Destructible.rt.hex": 0, "249-Ownable.rt.hex": 0, "249-Rubixi.rt.hex": 1, "250-PauserRole.rt.hex": 0, "250-Pausable.rt.hex": 0, "250-MultiOwnable.rt.hex": 1, "250-TestContract.rt.hex": 0, "251-Ownable.rt.hex": 0, "251-Claimable.rt.hex": 0, "251-ERC20Basic.rt.hex": 0, "251-ERC20.rt.hex": 0, "251-SafeERC20.rt.hex": 0, "251-CanReclaimToken.rt.hex": 0, "251-OwnableContract.rt.hex": 0, "251-OwnableContractOwner.rt.hex": 0, "251-ControllerInterface.rt.hex": 0, "251-SafeMath.rt.hex": 0, "251-BasicToken.rt.hex": 0, "251-StandardToken.rt.hex": 0, "251-DetailedERC20.rt.hex": 0, "251-MintableToken.rt.hex": 0, "251-BurnableToken.rt.hex": 0, "251-Pausable.rt.hex": 0, "251-PausableToken.rt.hex": 0, "251-WBTC.rt.hex": 0, "251-MembersInterface.rt.hex": 0, "251-Controller.rt.hex": 0, "252-SafeMathLib.rt.hex": 0, "252-Ownable.rt.hex": 0, "252-Haltable.rt.hex": 0, "252-PricingStrategy.rt.hex": 0, "252-FinalizeAgent.rt.hex": 0, "252-ERC20.rt.hex": 0, "252-FractionalERC20.rt.hex": 0, "252-Crowdsale.rt.hex": 0, "252-MysteriumPricing.rt.hex": 0, "252-SafeMath.rt.hex": 0, "252-StandardToken.rt.hex": 0, "252-MintableToken.rt.hex": 0, "252-MysteriumCrowdsale.rt.hex": 0, "253-Ownable.rt.hex": 0, "253-WalletEvents.rt.hex": 0, "253-WalletAbi.rt.hex": 0, "253-WalletLibrary.rt.hex": 1, "254-SafeMath.rt.hex": 0, "254-ERC20Basic.rt.hex": 0, "254-BasicToken.rt.hex": 0, "254-ERC20.rt.hex": 0, "254-StandardToken.rt.hex": 0, "254-SafeERC20.rt.hex": 0, "254-Owned.rt.hex": 0, "254-TokenVesting.rt.hex": 0, "254-TokenVault.rt.hex": 0, "254-BurnableToken.rt.hex": 0, "254-LCGC_Token.rt.hex": 0, "255-ERC20.rt.hex": 0, "255-StandardToken.rt.hex": 0, "255-Ownable.rt.hex": 0, "255-Pausable.rt.hex": 0, "255-SimpleSuicide.rt.hex": 1, "256-CareerOnToken.rt.hex": 1, "257-Token.rt.hex": 0, "257-AbstractToken.rt.hex": 0, "257-SafeMath.rt.hex": 0, "257-SimpleSuicide.rt.hex": 1, "258-StandardERC20Factory.rt.hex": 0, "258-SafeMath.rt.hex": 0, "258-Roles.rt.hex": 0, "258-MinterRole.rt.hex": 0, "258-PauserRole.rt.hex": 0, "258-Pausable.rt.hex": 0, "258-IERC20.rt.hex": 0, "258-ERC20.rt.hex": 0, "258-ERC20Burnable.rt.hex": 0, "258-ERC20Pausable.rt.hex": 0, "258-StandardERC20.rt.hex": 0, "259-Ownable.rt.hex": 0, "259-Administratable.rt.hex": 0, "259-TimeLockable.rt.hex": 0, "259-Freezable.rt.hex": 0, "259-IERC20.rt.hex": 0, "259-SafeMath.rt.hex": 0, "259-ERC20.rt.hex": 0, "259-ERC20Burnable.rt.hex": 0, "259-XtockToken.rt.hex": 0, "260-ERC20.rt.hex": 0, "260-SafeMath.rt.hex": 0, "260-StandardToken.rt.hex": 0, "260-BurnableToken.rt.hex": 0, "260-UpgradeAgent.rt.hex": 0, "260-UpgradeableToken.rt.hex": 0, "260-Ownable.rt.hex": 0, "260-ReleasableToken.rt.hex": 0, "260-SafeMathLib.rt.hex": 0, "260-MintableToken.rt.hex": 0, "260-CrowdsaleToken.rt.hex": 0, "260-BurnableCrowdsaleToken.rt.hex": 0, "261-Ownable.rt.hex": 0, "261-IERC20.rt.hex": 0, "261-SafeMath.rt.hex": 0, "261-ERC20Detailed.rt.hex": 1, "261-BIGBOMBv2.rt.hex": 1, "262-SafeMath.rt.hex": 0, "262-Ownable.rt.hex": 0, "262-ERC20Basic.rt.hex": 0, "262-BasicToken.rt.hex": 0, "262-BurnableToken.rt.hex": 0, "262-DescriptiveToken.rt.hex": 0, "262-MintableToken.rt.hex": 0, "262-CappedMintableToken.rt.hex": 0, "262-ERC20.rt.hex": 0, "262-StandardToken.rt.hex": 0, "262-ReleasableToken.rt.hex": 0, "262-OnLiveToken.rt.hex": 0, "263-PricingStrategy.rt.hex": 0, "263-SafeMathLib.rt.hex": 0, "263-Ownable.rt.hex": 0, "263-Haltable.rt.hex": 0, "263-FinalizeAgent.rt.hex": 0, "263-ERC20.rt.hex": 0, "263-FractionalERC20.rt.hex": 0, "263-Crowdsale.rt.hex": 0, "263-MysteriumPricing.rt.hex": 0, "264-Token.rt.hex": 0, "264-SafeMath.rt.hex": 0, "264-StandardToken.rt.hex": 0, "264-GRO.rt.hex": 0, "265-DSAuthority.rt.hex": 0, "265-DSAuthEvents.rt.hex": 0, "265-DSAuth.rt.hex": 0, "265-AssetPriceOracle.rt.hex": 0, "265-SafeMath.rt.hex": 0, "265-ContractForDifference.rt.hex": 0, "266-owned.rt.hex": 1, "266-tokenRecipient.rt.hex": 1, "266-Token.rt.hex": 1, "266-SafeMath.rt.hex": 0, "266-MindsyncPlatform.rt.hex": 1, "267-SafeMath.rt.hex": 0, "267-owned.rt.hex": 1, "267-tokenRecipient.rt.hex": 1, "267-Token.rt.hex": 1, "267-MindsyncPlatform.rt.hex": 1, "268-SafeMath.rt.hex": 0, "268-CareerOnToken.rt.hex": 1, "269-SafeMath.rt.hex": 0, "269-IERC20.rt.hex": 0, "269-ERC20Detailed.rt.hex": 0, "269-ERC20.rt.hex": 0, "269-Roles.rt.hex": 0, "269-PauserRole.rt.hex": 0, "269-Pausable.rt.hex": 0, "269-ERC20Pausable.rt.hex": 0, "269-MinterRole.rt.hex": 0, "269-ERC20Mintable.rt.hex": 0, "269-Ownable.rt.hex": 0, "269-IWhitelist.rt.hex": 0, "269-ERC20Whitelistable.rt.hex": 0, "269-BurnerRole.rt.hex": 0, "269-ERC20Burnable.rt.hex": 0, "269-CanReclaimEther.rt.hex": 0, "269-SafeERC20.rt.hex": 0, "269-CanReclaimToken.rt.hex": 0, "269-LeveragedToken.rt.hex": 0, "270-Lockable.rt.hex": 0, "270-IERC20.rt.hex": 0, "270-SafeMath.rt.hex": 0, "270-ERC20Detailed.rt.hex": 1, "270-BIGBOMBv2.rt.hex": 1, "271-SafeMath.rt.hex": 0, "271-Ownable.rt.hex": 0, "271-Helper.rt.hex": 0, "271-LNXtest.rt.hex": 0, "272-BasicToken.rt.hex": 0, "272-ERC20Basic.rt.hex": 0, "272-SafeMath.rt.hex": 0, "272-IERC20.rt.hex": 0, "272-ERC20.rt.hex": 1, "272-ERC20Detailed.rt.hex": 1, "272-SimpleSwapCoin.rt.hex": 1, "273-Ownable.rt.hex": 1, "273-ChannelWallet.rt.hex": 1, "274-SafeMath.rt.hex": 0, "274-ERC20Basic.rt.hex": 0, "274-ERC20.rt.hex": 0, "274-BasicToken.rt.hex": 0, "274-StandardToken.rt.hex": 0, "274-Role.rt.hex": 0, "274-Pausable.rt.hex": 0, "274-SamToken.rt.hex": 0, "275-SafeMath.rt.hex": 0, "275-IERC20.rt.hex": 0, "275-SafeERC20.rt.hex": 0, "275-Ownable.rt.hex": 0, "275-ERC20Detailed.rt.hex": 0, "275-ERC20.rt.hex": 0, "275-Roles.rt.hex": 0, "275-PauserRole.rt.hex": 0, "275-Pausable.rt.hex": 0, "275-ERC20Pausable.rt.hex": 0, "275-ERC20Burnable.rt.hex": 0, "275-MinterRole.rt.hex": 0, "275-ERC20Mintable.rt.hex": 0, "275-ERC20Capped.rt.hex": 0, "275-SgmToken.rt.hex": 0, "275-OperationsVesting.rt.hex": 0, "276-SafeMath.rt.hex": 0, "276-ERC20Interface.rt.hex": 1, "276-ApproveAndCallFallBack.rt.hex": 1, "276-Owned.rt.hex": 1, "276-ForTheBlockchain.rt.hex": 1, "277-SafeMath.rt.hex": 0, "277-EventMetadata.rt.hex": 1, "277-Operated.rt.hex": 1, "277-ProofHashes.rt.hex": 1, "277-MultiHashWrapper.rt.hex": 1, "277-iFactory.rt.hex": 0, "277-Template.rt.hex": 1, "277-Feed.rt.hex": 1, "278-SafeMathLib.rt.hex": 0, "278-Ownable.rt.hex": 0, "278-Haltable.rt.hex": 0, "278-PricingStrategy.rt.hex": 0, "278-FinalizeAgent.rt.hex": 0, "278-ERC20.rt.hex": 0, "278-FractionalERC20.rt.hex": 0, "278-Crowdsale.rt.hex": 0, "278-SafeMath.rt.hex": 0, "278-StandardToken.rt.hex": 0, "278-UpgradeAgent.rt.hex": 0, "278-UpgradeableToken.rt.hex": 0, "278-ReleasableToken.rt.hex": 0, "278-MintableToken.rt.hex": 0, "278-CrowdsaleToken.rt.hex": 0, "278-MysteriumPricing.rt.hex": 0, "278-MysteriumTokenDistribution.rt.hex": 0, "279-IERC20.rt.hex": 0, "279-SafeMath.rt.hex": 0, "279-ERC20.rt.hex": 0, "279-Ownable.rt.hex": 0, "279-ERC20Burnable.rt.hex": 0, "279-Roles.rt.hex": 0, "279-PauserRole.rt.hex": 0, "279-Pausable.rt.hex": 0, "279-ERC20Pausable.rt.hex": 0, "279-ERC20Detailed.rt.hex": 0, "279-JQKToken.rt.hex": 0, "280-SafeMath.rt.hex": 0, "280-ERC20Basic.rt.hex": 0, "280-ERC20.rt.hex": 0, "280-Escrow.rt.hex": 0, "281-SafeMath.rt.hex": 0, "281-ERC20Basic.rt.hex": 0, "281-BasicToken.rt.hex": 0, "281-ERC20.rt.hex": 0, "281-StandardToken.rt.hex": 0, "281-SafeERC20.rt.hex": 0, "281-Owned.rt.hex": 0, "281-TokenVesting.rt.hex": 0, "281-TokenVault.rt.hex": 0, "281-BurnableToken.rt.hex": 0, "281-NIC_Token.rt.hex": 0, "282-BLAccess.rt.hex": 0, "282-DataStorageInterface.rt.hex": 0, "282-BLStorage.rt.hex": 0, "282-BLBalances.rt.hex": 0, "282-BLBlocks.rt.hex": 0, "282-BLMain.rt.hex": 0, "283-IERC20.rt.hex": 0, "283-SafeMath.rt.hex": 0, "283-ERC20.rt.hex": 0, "283-ERC20Detailed.rt.hex": 0, "283-Ownable.rt.hex": 0, "283-Pausable.rt.hex": 0, "283-ERC20Pausable.rt.hex": 0, "283-WalletPausable.rt.hex": 0, "283-ERC20WalletPausable.rt.hex": 0, "283-TransferAndPause.rt.hex": 0, "283-Ortp.rt.hex": 0, "284-SafeMath.rt.hex": 0, "284-Wallet.rt.hex": 1, "285-FibonacciBalance.rt.hex": 1, "285-FibonacciLib.rt.hex": 0, "286-SafeMath.rt.hex": 0, "286-IERC20.rt.hex": 0, "286-PHO.rt.hex": 1, "287-ERC20.rt.hex": 0, "287-IERC20.rt.hex": 0, "287-SafeMath.rt.hex": 0, "287-FomoFeast.rt.hex": 1, "288-SafeMath.rt.hex": 0, "288-owned.rt.hex": 1, "288-tokenRecipient.rt.hex": 1, "288-Token.rt.hex": 1, "288-MindsyncPlatform.rt.hex": 1, "289-SafeMath.rt.hex": 0, "289-IERC20.rt.hex": 0, "289-ERC20Detailed.rt.hex": 1, "289-BIGBOMBv2.rt.hex": 1, "290-IERC20.rt.hex": 0, "290-SafeMath.rt.hex": 0, "290-ERC20.rt.hex": 0, "290-ERC20Detailed.rt.hex": 0, "290-Roles.rt.hex": 0, "290-MinterRole.rt.hex": 0, "290-ERC20Mintable.rt.hex": 0, "290-ERC20Burnable.rt.hex": 0, "290-PauserRole.rt.hex": 0, "290-Pausable.rt.hex": 0, "290-ERC20Pausable.rt.hex": 0, "290-INRD.rt.hex": 0, "291-SafeMath.rt.hex": 0, "291-ERC20Basic.rt.hex": 0, "291-BasicToken.rt.hex": 0, "291-ERC20.rt.hex": 0, "291-StandardToken.rt.hex": 0, "291-Ownable.rt.hex": 0, "291-MintableToken.rt.hex": 0, "291-RocketToken.rt.hex": 0, "291-Crowdsale.rt.hex": 0, "291-RocketTokenCrowdsale.rt.hex": 0, "292-ERC20Interface.rt.hex": 0, "292-Owned.rt.hex": 0, "292-LENS.rt.hex": 0, "292-IERC20.rt.hex": 0, "292-SafeMath.rt.hex": 0, "292-ERC20.rt.hex": 1, "292-ERC20Burnable.rt.hex": 1, "292-ERC20Detailed.rt.hex": 1, "292-AGR.rt.hex": 1, "293-Ownable.rt.hex": 1, "293-AccountWallet.rt.hex": 1, "294-SafeMath.rt.hex": 0, "294-Wallet.rt.hex": 1, "295-SafeMath.rt.hex": 0, "295-IERC20.rt.hex": 0, "295-ERC20.rt.hex": 1, "295-ERC20Detailed.rt.hex": 1, "295-SimpleSwapCoin.rt.hex": 1, "296-FixedAddress.rt.hex": 0, "296-RegistryInterface.rt.hex": 0, "296-AccessModifiers.rt.hex": 0, "296-TreasuryInterface.rt.hex": 0, "296-Treasury.rt.hex": 0, "297-ECRecovery.rt.hex": 0, "297-SigningLogic.rt.hex": 0, "297-Initializable.rt.hex": 0, "297-AccountRegistryLogic.rt.hex": 0, "298-SafeMath.rt.hex": 0, "298-ERC20Basic.rt.hex": 0, "298-BasicToken.rt.hex": 0, "298-ERC20.rt.hex": 0, "298-StandardToken.rt.hex": 0, "298-SafeERC20.rt.hex": 0, "298-Owned.rt.hex": 0, "298-TokenVesting.rt.hex": 0, "298-TokenVault.rt.hex": 0, "298-BurnableToken.rt.hex": 0, "298-LCP_Token.rt.hex": 0, "299-IERC20.rt.hex": 0, "299-Marmo.rt.hex": 0, "299-ECDSA.rt.hex": 0, "299-Ownable.rt.hex": 1, "299-ReentrancyGuard.rt.hex": 1, "299-FeeTransactionManager.rt.hex": 1, "300-SafeMath.rt.hex": 0, "300-IERC20.rt.hex": 0, "300-ERC20.rt.hex": 1, "300-ERC20Detailed.rt.hex": 1, "300-SaveWon.rt.hex": 1, "301-IERC20.rt.hex": 0, "301-ERC20.rt.hex": 0, "301-SafeMath.rt.hex": 0, "301-owned.rt.hex": 1, "301-ethBank.rt.hex": 1, "302-Wallet.rt.hex": 1, "303-SafeMath.rt.hex": 0, "303-Ownable.rt.hex": 0, "303-PausableOnce.rt.hex": 0, "303-ERC20Basic.rt.hex": 0, "303-BasicToken.rt.hex": 0, "303-ERC20.rt.hex": 0, "303-StandardToken.rt.hex": 0, "303-InterfaceUpgradeAgent.rt.hex": 0, "303-UpgradableToken.rt.hex": 0, "303-Withdrawable.rt.hex": 0, "303-SaviorToken.rt.hex": 0, "304-SafeMath.rt.hex": 0, "304-Ownable.rt.hex": 0, "304-Pausable.rt.hex": 0, "304-ERC20.rt.hex": 0, "304-StandardToken.rt.hex": 0, "304-PausableERC20Token.rt.hex": 0, "304-BurnablePausableERC20Token.rt.hex": 0, "304-FreezableBurnablePausableERC20Token.rt.hex": 0, "304-WDT.rt.hex": 0, "305-IAccounting.rt.hex": 0, "305-IAccountingFactory.rt.hex": 0, "305-IERC20.rt.hex": 0, "305-IDisputer.rt.hex": 0, "305-ICrowdsourcerParent.rt.hex": 0, "305-FeeWindow.rt.hex": 0, "305-Universe.rt.hex": 0, "305-ReportingParticipant.rt.hex": 0, "305-Market.rt.hex": 0, "305-ICrowdsourcer.rt.hex": 0, "305-IDisputerFactory.rt.hex": 0, "305-DisputerParams.rt.hex": 0, "305-Crowdsourcer.rt.hex": 0, "306-Wallet.rt.hex": 1, "307-SafeMath.rt.hex": 0, "307-FomoFeast.rt.hex": 1, "308-IERC20.rt.hex": 0, "308-SafeMath.rt.hex": 0, "308-Ownable.rt.hex": 1, "308-ERC20Detailed.rt.hex": 1, "308-DanPanCoin.rt.hex": 1, "309-ERC20.rt.hex": 0, "309-SafeMath.rt.hex": 0, "309-StandardToken.rt.hex": 0, "309-BurnableToken.rt.hex": 0, "309-SafeERC20.rt.hex": 0, "309-Crowdsale.rt.hex": 0, "309-Ownable.rt.hex": 0, "309-EvedoToken.rt.hex": 0, "309-EvedoCrowdSale.rt.hex": 0, "309-EvedoExclusiveSale.rt.hex": 0, "310-BLAccess.rt.hex": 0, "310-DataStorageInterface.rt.hex": 0, "310-BLStorage.rt.hex": 0, "310-BLBalances.rt.hex": 0, "310-BLBlocks.rt.hex": 0, "310-BLMain.rt.hex": 0, "311-Roles.rt.hex": 0, "311-RBAC.rt.hex": 0, "311-SafeMath.rt.hex": 0, "311-ERC20Basic.rt.hex": 0, "311-BasicToken.rt.hex": 0, "311-BurnableToken.rt.hex": 0, "311-ERC20.rt.hex": 0, "311-StandardToken.rt.hex": 0, "311-DUBI.rt.hex": 0, "311-Purpose.rt.hex": 0, "311-Ownable.rt.hex": 0, "311-SafeERC20.rt.hex": 0, "311-Hodler.rt.hex": 0, "311-HodlFor.rt.hex": 0, "312-Ownable.rt.hex": 0, "312-SafeMath.rt.hex": 0, "312-IERC20.rt.hex": 0, "312-SafeERC20.rt.hex": 0, "312-MaticTokenVesting.rt.hex": 0, "313-IERC20.rt.hex": 0, "313-SafeMath.rt.hex": 0, "313-ReverseRegistrar.rt.hex": 0, "313-Etherclear.rt.hex": 0, "314-Roles.rt.hex": 0, "314-RBAC.rt.hex": 0, "314-SafeMath.rt.hex": 0, "314-ERC20Basic.rt.hex": 0, "314-BasicToken.rt.hex": 0, "314-BurnableToken.rt.hex": 0, "314-ERC20.rt.hex": 0, "314-StandardToken.rt.hex": 0, "314-DUBI.rt.hex": 0, "314-Purpose.rt.hex": 0, "314-Ownable.rt.hex": 0, "314-SafeERC20.rt.hex": 0, "314-Hodler.rt.hex": 0, "315-CareerOnToken.rt.hex": 1, "316-Token.rt.hex": 0, "316-AbstractToken.rt.hex": 0, "316-SafeMath.rt.hex": 0, "316-WalletEvents.rt.hex": 0, "316-WalletAbi.rt.hex": 0, "316-WalletLibrary.rt.hex": 1, "317-KingToken.rt.hex": 0, "317-ERC20Interface.rt.hex": 0, "317-Owned.rt.hex": 0, "317-SafeMath.rt.hex": 0, "317-IERC20.rt.hex": 0, "317-ERC20.rt.hex": 1, "317-ERC20Detailed.rt.hex": 1, "317-SimpleSwapCoin.rt.hex": 1, "318-IERC20.rt.hex": 0, "318-SafeMath.rt.hex": 0, "318-ERC20.rt.hex": 0, "318-ERC20Detailed.rt.hex": 0, "318-Ownable.rt.hex": 0, "318-Remote.rt.hex": 0, "318-ProofOfTrident.rt.hex": 0, "318-ERC20Burnable.rt.hex": 0, "318-Vault.rt.hex": 0, "319-Owned.rt.hex": 0, "319-ERC20Interface.rt.hex": 0, "319-FixedSupplyToken.rt.hex": 0, "319-IERC20.rt.hex": 0, "319-SafeMath.rt.hex": 0, "319-Ownable.rt.hex": 1, "319-ERC20Detailed.rt.hex": 1, "319-DanPanCoin.rt.hex": 1, "320-SafeMath.rt.hex": 0, "320-ERC20Basic.rt.hex": 0, "320-BasicToken.rt.hex": 0, "320-ERC20.rt.hex": 0, "320-StandardToken.rt.hex": 0, "320-SafeERC20.rt.hex": 0, "320-Owned.rt.hex": 0, "320-TokenVesting.rt.hex": 0, "320-TokenVault.rt.hex": 0, "320-BurnableToken.rt.hex": 0, "320-BAG_Token.rt.hex": 0, "321-IAccessPolicy.rt.hex": 0, "321-IAccessControlled.rt.hex": 0, "321-StandardRoles.rt.hex": 0, "321-AccessControlled.rt.hex": 0, "321-IsContract.rt.hex": 0, "321-AccessRoles.rt.hex": 0, "321-IBasicToken.rt.hex": 0, "321-Reclaimable.rt.hex": 0, "321-ITokenMetadata.rt.hex": 0, "321-TokenMetadata.rt.hex": 0, "321-IERC223Callback.rt.hex": 0, "321-IERC223Token.rt.hex": 0, "321-IERC20Allowance.rt.hex": 0, "321-IERC20Token.rt.hex": 0, "321-IERC677Callback.rt.hex": 0, "321-IERC677Allowance.rt.hex": 0, "321-IERC677Token.rt.hex": 0, "321-Math.rt.hex": 0, "321-BasicToken.rt.hex": 0, "321-StandardToken.rt.hex": 0, "321-EtherToken.rt.hex": 0, "322-Manageable.rt.hex": 0, "322-Rubixi.rt.hex": 1, "323-SafeMath.rt.hex": 0, "323-Roles.rt.hex": 0, "323-PauserRole.rt.hex": 0, "323-Pausable.rt.hex": 0, "323-Ownable.rt.hex": 0, "323-KittyBountiesAdmin.rt.hex": 0, "323-KittyCore.rt.hex": 0, "323-KittyBounties.rt.hex": 0, "324-Phishable.rt.hex": 1, "325-SafeMath.rt.hex": 0, "325-CareerOnToken.rt.hex": 1, "326-SafeMath.rt.hex": 0, "326-ERC20Basic.rt.hex": 0, "326-ERC20.rt.hex": 0, "326-Escrow.rt.hex": 0, "327-SafeMath.rt.hex": 0, "327-IERC20.rt.hex": 0, "327-Ownable.rt.hex": 1, "327-ERC20Detailed.rt.hex": 1, "327-DanPanCoin.rt.hex": 1, "328-SafeMath.rt.hex": 0, "328-owned.rt.hex": 1, "328-ethBank.rt.hex": 1, "329-SafeMath.rt.hex": 0, "329-Wallet.rt.hex": 1, "330-SafeMath.rt.hex": 0, "330-IERC20.rt.hex": 0, "330-ERC20.rt.hex": 1, "330-ERC20Detailed.rt.hex": 1, "330-SimpleSwapCoin.rt.hex": 1, "331-HarjFarmer.rt.hex": 0, "331-Rubixi.rt.hex": 1, "332-WhiteBetting.rt.hex": 1, "333-SafeMath.rt.hex": 0, "333-ERC20Interface.rt.hex": 1, "333-ApproveAndCallFallBack.rt.hex": 1, "333-Owned.rt.hex": 1, "333-ForTheBlockchain.rt.hex": 1, "334-SafeMath.rt.hex": 0, "334-IERC20.rt.hex": 0, "334-ERC20.rt.hex": 1, "334-ERC20Burnable.rt.hex": 1, "334-ERC20Detailed.rt.hex": 1, "334-AGR.rt.hex": 1, "335-SafeMath.rt.hex": 0, "335-Ownable.rt.hex": 0, "335-SKYFToken.rt.hex": 0, "336-FormSI060719.rt.hex": 0, "336-ERC165.rt.hex": 0, "336-IERC165.rt.hex": 0, "336-IERC721.rt.hex": 0, "336-SafeMath.rt.hex": 0, "336-FomoFeast.rt.hex": 1, "337-TAMC.rt.hex": 1, "338-SafeMath.rt.hex": 0, "338-Ownable.rt.hex": 0, "338-PausableOnce.rt.hex": 0, "338-ERC20Basic.rt.hex": 0, "338-BasicToken.rt.hex": 0, "338-ERC20.rt.hex": 0, "338-StandardToken.rt.hex": 0, "338-InterfaceUpgradeAgent.rt.hex": 0, "338-UpgradableToken.rt.hex": 0, "338-Withdrawable.rt.hex": 0, "338-CtdToken.rt.hex": 0, "339-ComptrollerInterface.rt.hex": 0, "339-ComptrollerErrorReporter.rt.hex": 0, "339-TokenErrorReporter.rt.hex": 0, "339-CarefulMath.rt.hex": 0, "339-Exponential.rt.hex": 0, "339-EIP20Interface.rt.hex": 0, "339-EIP20NonStandardInterface.rt.hex": 0, "339-ReentrancyGuard.rt.hex": 0, "339-InterestRateModel.rt.hex": 0, "339-CToken.rt.hex": 0, "339-CErc20.rt.hex": 0, "340-FixedSupplyToken.rt.hex": 0, "340-Owned.rt.hex": 0, "340-ERC20Interface.rt.hex": 0, "340-SafeMath.rt.hex": 0, "340-FomoFeast.rt.hex": 1, "341-ERC20.rt.hex": 0, "341-SafeMath.rt.hex": 0, "341-Ownable.rt.hex": 0, "341-StandardToken.rt.hex": 0, "341-TravelHelperToken.rt.hex": 0, "342-Ownable.rt.hex": 0, "342-SafeMath.rt.hex": 0, "342-CommunityVesting.rt.hex": 0, "342-EcosystemVesting.rt.hex": 0, "342-SeedPrivateAdvisorVesting.rt.hex": 0, "342-TeamVesting.rt.hex": 0, "342-TokenInterface.rt.hex": 0, "342-Vesting.rt.hex": 0, "343-SafeMath.rt.hex": 0, "343-ERC20Basic.rt.hex": 0, "343-BasicToken.rt.hex": 0, "343-ERC20.rt.hex": 0, "343-StandardToken.rt.hex": 0, "343-SafeERC20.rt.hex": 0, "343-Owned.rt.hex": 0, "343-TokenVesting.rt.hex": 0, "343-TokenVault.rt.hex": 0, "343-BurnableToken.rt.hex": 0, "343-CWI_Token.rt.hex": 0, "344-IERC20.rt.hex": 0, "344-SafeMath.rt.hex": 0, "344-ERC20.rt.hex": 0, "344-Roles.rt.hex": 0, "344-MinterRole.rt.hex": 0, "344-ERC20Mintable.rt.hex": 0, "344-PauserRole.rt.hex": 0, "344-Pausable.rt.hex": 0, "344-ReentrancyGuard.rt.hex": 0, "344-Ownable.rt.hex": 0, "344-Administrable.rt.hex": 0, "344-WhiteList.rt.hex": 0, "344-C50.rt.hex": 0, "345-IERC20.rt.hex": 0, "345-ERC20Detailed.rt.hex": 0, "345-SafeMath.rt.hex": 0, "345-ERC20.rt.hex": 0, "345-Roles.rt.hex": 0, "345-MinterRole.rt.hex": 0, "345-ERC20Mintable.rt.hex": 0, "345-Ownable.rt.hex": 0, "345-ComplianceService.rt.hex": 0, "345-DividendService.rt.hex": 0, "345-ServiceRegistry.rt.hex": 0, "345-BlueshareToken.rt.hex": 0, "346-IERC20.rt.hex": 0, "346-SafeMath.rt.hex": 0, "346-ERC20.rt.hex": 0, "346-MintableToken.rt.hex": 0, "346-Roles.rt.hex": 0, "346-PauserRole.rt.hex": 0, "346-Pausable.rt.hex": 0, "346-Ownable.rt.hex": 0, "346-FLINT.rt.hex": 0, "347-Ownable.rt.hex": 0, "347-Vera.rt.hex": 0, "347-ERC20.rt.hex": 0, "347-MultiOwnable.rt.hex": 1, "347-TestContract.rt.hex": 0, "348-SafeMath.rt.hex": 0, "348-Ownable.rt.hex": 0, "348-IERC20.rt.hex": 0, "348-ERC20.rt.hex": 0, "348-ERC20Detailed.rt.hex": 0, "348-SafeERC20.rt.hex": 0, "348-MoneyMarketInterface.rt.hex": 0, "348-LoanEscrow.rt.hex": 0, "348-DividendDistributingToken.rt.hex": 0, "348-LandRegistryInterface.rt.hex": 0, "348-LandRegistryProxyInterface.rt.hex": 0, "348-WhitelistInterface.rt.hex": 0, "348-WhitelistProxyInterface.rt.hex": 0, "348-TokenizedProperty.rt.hex": 0, "349-Ownable.rt.hex": 0, "349-Administratable.rt.hex": 0, "349-TimeLockable.rt.hex": 0, "349-Freezable.rt.hex": 0, "349-IERC20.rt.hex": 0, "349-SafeMath.rt.hex": 0, "349-ERC20.rt.hex": 0, "349-ERC20Burnable.rt.hex": 0, "349-CustodyToken.rt.hex": 0, "350-SafeMath.rt.hex": 0, "350-IERC20.rt.hex": 0, "350-Ownable.rt.hex": 1, "350-ERC20Detailed.rt.hex": 1, "350-DanPanCoin.rt.hex": 1, "351-SafeMath.rt.hex": 0, "351-Ownable.rt.hex": 0, "351-IERC20.rt.hex": 0, "351-ERC20.rt.hex": 0, "351-ERC20Detailed.rt.hex": 0, "351-ERC20Burnable.rt.hex": 0, "351-Roles.rt.hex": 0, "351-MinterRole.rt.hex": 0, "351-ERC20Mintable.rt.hex": 0, "351-PauserRole.rt.hex": 0, "351-Pausable.rt.hex": 0, "351-ERC20Pausable.rt.hex": 0, "351-AMICUS.rt.hex": 0, "352-SafeMath.rt.hex": 0, "352-ERC20Basic.rt.hex": 0, "352-BasicToken.rt.hex": 0, "352-ERC20.rt.hex": 0, "352-StandardToken.rt.hex": 0, "352-SafeERC20.rt.hex": 0, "352-Owned.rt.hex": 0, "352-TokenVesting.rt.hex": 0, "352-TokenVault.rt.hex": 0, "352-BurnableToken.rt.hex": 0, "352-CES_Token.rt.hex": 0, "353-IERC20.rt.hex": 0, "353-ERC20.rt.hex": 0, "353-SafeMath.rt.hex": 0, "353-ERC20Interface.rt.hex": 1, "353-ApproveAndCallFallBack.rt.hex": 1, "353-Owned.rt.hex": 1, "353-ForTheBlockchain.rt.hex": 1, "354-BCE.rt.hex": 0, "354-WalletEvents.rt.hex": 0, "354-WalletAbi.rt.hex": 0, "354-WalletLibrary.rt.hex": 1, "355-Ownable.rt.hex": 0, "355-SimpleSuicide.rt.hex": 1, "356-Burnable.rt.hex": 0, "356-Mintable.rt.hex": 0, "356-ERC20Basic.rt.hex": 0, "356-ERC20.rt.hex": 0, "356-SafeERC20.rt.hex": 0, "356-TokenTimelock.rt.hex": 0, "356-SafeMath.rt.hex": 0, "356-Ownable.rt.hex": 0, "356-TokenVesting.rt.hex": 0, "356-Pausable.rt.hex": 0, "356-BasicToken.rt.hex": 0, "356-StandardToken.rt.hex": 0, "356-PausableToken.rt.hex": 0, "356-AdaptableToken.rt.hex": 0, "356-NokuMasterToken.rt.hex": 0, "357-Sign.rt.hex": 0, "357-SimpleSuicide.rt.hex": 1, "358-SafeMath.rt.hex": 0, "358-Ownable.rt.hex": 0, "358-ERC20Basic.rt.hex": 0, "358-ERC20.rt.hex": 0, "358-BasicToken.rt.hex": 0, "358-StandardToken.rt.hex": 0, "358-MintableToken.rt.hex": 0, "358-OPUCoin.rt.hex": 0, "358-ColdStorage.rt.hex": 0, "358-Vesting.rt.hex": 0, "358-Allocation.rt.hex": 0, "359-SafeMath.rt.hex": 0, "359-IERC20.rt.hex": 0, "359-ERC20.rt.hex": 0, "359-Roles.rt.hex": 0, "359-MinterRole.rt.hex": 0, "359-ERC20Mintable.rt.hex": 0, "359-ERC20Burnable.rt.hex": 0, "359-TuneTradeToken.rt.hex": 0, "359-WhitelistAdminRole.rt.hex": 0, "359-WhitelistedRole.rt.hex": 0, "359-TeamRole.rt.hex": 0, "359-SafeERC20.rt.hex": 0, "359-SwapContract.rt.hex": 0, "360-Roles.rt.hex": 0, "360-IERC20.rt.hex": 0, "360-PauserRole.rt.hex": 0, "360-SafeMath.rt.hex": 0, "360-TaxLib.rt.hex": 0, "360-ERC20.rt.hex": 0, "360-Pausable.rt.hex": 0, "360-ERC20Pausable.rt.hex": 0, "360-ERC20Detailed.rt.hex": 0, "360-ERC20Burnable.rt.hex": 0, "360-Ownable.rt.hex": 0, "360-Taxable.rt.hex": 0, "360-BCHHandled.rt.hex": 0, "360-WibxToken.rt.hex": 0, "361-ERC20Basic.rt.hex": 0, "361-BasicToken.rt.hex": 0, "361-IERC20.rt.hex": 0, "361-SafeMath.rt.hex": 0, "361-Ownable.rt.hex": 1, "361-ERC20Detailed.rt.hex": 1, "361-DanPanCoin.rt.hex": 1, "362-IERC20.rt.hex": 0, "362-SafeMath.rt.hex": 0, "362-ERC20.rt.hex": 0, "362-Roles.rt.hex": 0, "362-MinterRole.rt.hex": 0, "362-ERC20Mintable.rt.hex": 0, "362-ERC20Burnable.rt.hex": 0, "362-ERC20Detailed.rt.hex": 0, "362-PauserRole.rt.hex": 0, "362-Pausable.rt.hex": 0, "362-BlacklistAdminRole.rt.hex": 0, "362-BlacklistedRole.rt.hex": 0, "362-RingTokenPausable.rt.hex": 0, "362-RingCasinoCoin.rt.hex": 0, "363-SafeMathLibExt.rt.hex": 0, "363-SimpleSuicide.rt.hex": 1, "364-SafeMath.rt.hex": 0, "364-Ownable.rt.hex": 0, "364-TokenInterface.rt.hex": 0, "364-KRCPreSaleContract.rt.hex": 0, "365-SafeMath.rt.hex": 0, "365-IERC20.rt.hex": 0, "365-ERC20.rt.hex": 1, "365-ERC20Detailed.rt.hex": 1, "365-SimpleSwapCoin.rt.hex": 1, "366-VIPToken.rt.hex": 0, "366-ERC20Basic.rt.hex": 0, "366-SafeMath.rt.hex": 0, "366-ERC20Interface.rt.hex": 1, "366-ApproveAndCallFallBack.rt.hex": 1, "366-Owned.rt.hex": 1, "366-ForTheBlockchain.rt.hex": 1, "367-Ownable.rt.hex": 0, "367-SafeMath.rt.hex": 0, "367-IERC20.rt.hex": 0, "367-ERC20.rt.hex": 1, "367-ERC20Detailed.rt.hex": 1, "367-SaveWon.rt.hex": 1, "368-SafeMath.rt.hex": 0, "368-IERC20.rt.hex": 0, "368-ERC20.rt.hex": 1, "368-ERC20Detailed.rt.hex": 1, "368-SaveWon.rt.hex": 1, "369-Math.rt.hex": 0, "369-Ownable.rt.hex": 0, "369-SafeMath.rt.hex": 0, "369-Orderbook.rt.hex": 0, "369-RenExTokens.rt.hex": 0, "369-RenExBalances.rt.hex": 0, "369-SettlementUtils.rt.hex": 0, "369-RenExSettlement.rt.hex": 0, "370-Ownable.rt.hex": 0, "370-Pausable.rt.hex": 0, "370-Destructible.rt.hex": 0, "370-EDCoreInterface.rt.hex": 0, "370-DungeonRunBeta.rt.hex": 0, "371-Ownable.rt.hex": 0, "371-Administratable.rt.hex": 0, "371-IERC20.rt.hex": 0, "371-SafeMath.rt.hex": 0, "371-ERC20.rt.hex": 0, "371-ERC20Burnable.rt.hex": 0, "371-Roles.rt.hex": 0, "371-MinterRole.rt.hex": 0, "371-ERC20Mintable.rt.hex": 0, "371-Freezable.rt.hex": 0, "371-Cryptonium.rt.hex": 0, "371-Migrations.rt.hex": 0, "372-Ownable.rt.hex": 0, "372-HYIPRETHPRO440.rt.hex": 0, "372-SafeMath.rt.hex": 0, "373-SafeMath.rt.hex": 0, "373-Roles.rt.hex": 0, "373-Ownable.rt.hex": 0, "373-ERC223ReceivingContract.rt.hex": 0, "373-IERC20.rt.hex": 0, "373-ERC20.rt.hex": 0, "373-PauserRole.rt.hex": 0, "373-Pausable.rt.hex": 0, "373-MinterRole.rt.hex": 0, "373-ERC20Mintable.rt.hex": 0, "373-ERC20Burnable.rt.hex": 0, "373-ERC20Pausable.rt.hex": 0, "373-SafeERC20.rt.hex": 0, "373-ERC20Frozen.rt.hex": 0, "373-OneKiloGifttoken.rt.hex": 0, "374-MyContract.rt.hex": 1, "375-Ownable.rt.hex": 0, "375-BNDESRegistry.rt.hex": 0, "376-IERC20.rt.hex": 0, "376-SafeMath.rt.hex": 0, "376-SafeERC20.rt.hex": 0, "376-ERC20Detailed.rt.hex": 0, "376-ERC20.rt.hex": 0, "376-Roles.rt.hex": 0, "376-PauserRole.rt.hex": 0, "376-Pausable.rt.hex": 0, "376-ERC20Pausable.rt.hex": 0, "376-ERC20Burnable.rt.hex": 0, "376-MinterRole.rt.hex": 0, "376-ERC20Mintable.rt.hex": 0, "376-ERC20Capped.rt.hex": 0, "376-Ownable.rt.hex": 0, "376-SgmToken.rt.hex": 0, "377-GoTDragonFarm.rt.hex": 0, "377-Rubixi.rt.hex": 1, "378-Token.rt.hex": 0, "378-SafeMath.rt.hex": 0, "378-StandardToken.rt.hex": 0, "378-GRO.rt.hex": 0, "379-SafeMath.rt.hex": 0, "379-Ownable.rt.hex": 0, "379-TokenInterface.rt.hex": 0, "379-KRCICOContract.rt.hex": 0, "380-Dictionary.rt.hex": 0, "380-IERC20.rt.hex": 0, "380-SafeMath.rt.hex": 0, "380-ReverseRegistrar.rt.hex": 0, "380-Etherclear.rt.hex": 0, "381-SafeMath.rt.hex": 0, "381-Ownable.rt.hex": 0, "381-Pausable.rt.hex": 0, "381-ERC20Basic.rt.hex": 0, "381-BasicToken.rt.hex": 0, "381-ERC20.rt.hex": 0, "381-StandardToken.rt.hex": 0, "381-PausableToken.rt.hex": 0, "381-RefundVault.rt.hex": 0, "381-PallyCoin.rt.hex": 0, "381-Crowdsale.rt.hex": 0, "382-SafeMath.rt.hex": 0, "382-OwnerHelper.rt.hex": 0, "382-ERC20Interface.rt.hex": 0, "382-VantaToken.rt.hex": 0, "383-Ownable.rt.hex": 0, "383-Roles.rt.hex": 0, "383-RBAC.rt.hex": 0, "383-SafeMath.rt.hex": 0, "383-ERC20Basic.rt.hex": 0, "383-ERC20.rt.hex": 0, "383-BasicToken.rt.hex": 0, "383-StandardToken.rt.hex": 0, "383-Pausable.rt.hex": 0, "383-PausableToken.rt.hex": 0, "383-BlackListToken.rt.hex": 0, "383-TwoPhaseToken.rt.hex": 0, "383-UpgradedStandardToken.rt.hex": 0, "383-WitToken.rt.hex": 0, "384-Ownable.rt.hex": 0, "384-Pausable.rt.hex": 0, "384-Destructible.rt.hex": 0, "384-EDCoreInterface.rt.hex": 0, "384-DungeonRunBeta.rt.hex": 0, "385-IERC20.rt.hex": 0, "385-ERC20.rt.hex": 0, "385-owned.rt.hex": 1, "385-tokenRecipient.rt.hex": 1, "385-Token.rt.hex": 1, "385-SafeMath.rt.hex": 0, "385-MindsyncPlatform.rt.hex": 1, "386-SafeMath.rt.hex": 0, "386-IERC20.rt.hex": 0, "386-PHO.rt.hex": 1, "387-CrowdsaleParameters.rt.hex": 0, "387-Owned.rt.hex": 0, "387-TKLNToken.rt.hex": 0, "388-IERC20.rt.hex": 0, "388-SafeMath.rt.hex": 0, "388-ERC20.rt.hex": 0, "388-ERC20Detailed.rt.hex": 0, "388-ERC20Burnable.rt.hex": 0, "388-Roles.rt.hex": 0, "388-MinterRole.rt.hex": 0, "388-ERC20Mintable.rt.hex": 0, "388-PauserRole.rt.hex": 0, "388-Pausable.rt.hex": 0, "388-Ownable.rt.hex": 0, "388-ERC20PartialLock.rt.hex": 0, "388-PUKAO.rt.hex": 0, "389-SafeMath.rt.hex": 0, "389-IERC20.rt.hex": 0, "389-ERC20Detailed.rt.hex": 1, "389-BIGBOMBv2.rt.hex": 1, "390-SafeERC20.rt.hex": 0, "390-IERC20.rt.hex": 0, "390-SafeMath.rt.hex": 0, "390-ERC20.rt.hex": 0, "390-Roles.rt.hex": 0, "390-PauserRole.rt.hex": 0, "390-Pausable.rt.hex": 0, "390-ERC20Pausable.rt.hex": 0, "390-ERC20Detailed.rt.hex": 0, "390-ERC20Burnable.rt.hex": 0, "390-MinterRole.rt.hex": 0, "390-ERC20Mintable.rt.hex": 0, "390-ECP.rt.hex": 0, "391-Ownable.rt.hex": 0, "391-WalletPausable.rt.hex": 0, "391-SafeMath.rt.hex": 0, "391-IERC20.rt.hex": 0, "391-UBBCToken.rt.hex": 1, "392-SafeMath.rt.hex": 0, "392-Ownable.rt.hex": 0, "392-Helper.rt.hex": 0, "392-LNXtest.rt.hex": 0, "393-SafeMath.rt.hex": 0, "393-Ownable.rt.hex": 0, "393-Roles.rt.hex": 0, "393-MinterRole.rt.hex": 0, "393-ReentrancyGuard.rt.hex": 0, "393-CertificateControllerMock.rt.hex": 0, "393-CertificateController.rt.hex": 0, "393-IERC777TokensRecipient.rt.hex": 0, "393-IERC777TokensSender.rt.hex": 0, "393-IERC20.rt.hex": 0, "393-IERC1410.rt.hex": 0, "393-IERC777.rt.hex": 0, "393-IERC1400.rt.hex": 0, "393-ERC820Registry.rt.hex": 0, "393-ERC820Client.rt.hex": 0, "393-ERC777.rt.hex": 0, "393-ERC1410.rt.hex": 0, "393-ERC1400.rt.hex": 0, "393-ERC1400ERC20.rt.hex": 0, "394-SafeMath.rt.hex": 0, "394-database.rt.hex": 0, "394-topl_database_lib.rt.hex": 0, "394-iconiq_data_pipe.rt.hex": 0, "395-SafeMath.rt.hex": 0, "395-ERC20Basic.rt.hex": 0, "395-BasicToken.rt.hex": 0, "395-ERC20.rt.hex": 0, "395-StandardToken.rt.hex": 0, "395-SafeERC20.rt.hex": 0, "395-Owned.rt.hex": 0, "395-TokenVesting.rt.hex": 0, "395-BurnableToken.rt.hex": 0, "395-AgateToken.rt.hex": 0, "396-Map.rt.hex": 1, "397-IERC777.rt.hex": 0, "397-IERC777Recipient.rt.hex": 0, "397-IERC777Sender.rt.hex": 0, "397-IERC20.rt.hex": 0, "397-SafeMath.rt.hex": 0, "397-Address.rt.hex": 0, "397-IERC1820Registry.rt.hex": 0, "397-ERC777.rt.hex": 1, "397-Roles.rt.hex": 0, "397-MinterRole.rt.hex": 1, "397-PauserRole.rt.hex": 1, "397-Pausable.rt.hex": 1, "397-SKYBITToken.rt.hex": 1, "398-EventMetadata.rt.hex": 1, "398-Operated.rt.hex": 1, "398-MultiHashWrapper.rt.hex": 1, "398-iFactory.rt.hex": 0, "398-ProofHash.rt.hex": 1, "398-Template.rt.hex": 1, "398-Post.rt.hex": 1, "399-SafeMath.rt.hex": 0, "399-IERC20.rt.hex": 0, "399-ERC20Detailed.rt.hex": 1, "399-BIGBOMBv2.rt.hex": 1, "400-SafeMath.rt.hex": 0, "400-ERC721Interface.rt.hex": 0, "400-ERC20.rt.hex": 0, "400-Ownable.rt.hex": 0, "400-NewAuctionContract.rt.hex": 0, "400-ArconaMarketplaceContract.rt.hex": 0}