{"1-IERC777.rt.hex": 0, "1-IERC777Recipient.rt.hex": 0, "1-IERC777Sender.rt.hex": 0, "1-IERC20.rt.hex": 0, "1-SafeMath.rt.hex": 0, "1-Address.rt.hex": 0, "1-IERC1820Registry.rt.hex": 0, "1-ERC777.rt.hex": 1, "1-Roles.rt.hex": 0, "1-MinterRole.rt.hex": 1, "1-PauserRole.rt.hex": 1, "1-Pausable.rt.hex": 1, "1-SKYBITToken.rt.hex": 1, "2-SafeMath.rt.hex": 0, "2-IERC20.rt.hex": 0, "2-ERC20Detailed.rt.hex": 0, "2-ERC20.rt.hex": 0, "2-EShopToken.rt.hex": 0, "3-Ownable.rt.hex": 0, "3-Migrations.rt.hex": 0, "4-Phishable.rt.hex": 1, "5-Owned.rt.hex": 0, "5-SafeMath.rt.hex": 0, "5-Pausable.rt.hex": 0, "5-EIP20Interface.rt.hex": 0, "5-Qobit.rt.hex": 0, "6-Voucher.rt.hex": 0, "7-TAMC.rt.hex": 1, "8-ERC20Interface.rt.hex": 0, "8-UsernameRegistry.rt.hex": 0, "9-Missing.rt.hex": 1, "10-IERC20.rt.hex": 0, "10-SafeMath.rt.hex": 0, "10-ERC20.rt.hex": 0, "10-Remitano.rt.hex": 0, "11-Ownable.rt.hex": 1, "11-ChannelWallet.rt.hex": 1, "12-SafeMath.rt.hex": 0, "12-IERC20.rt.hex": 0, "12-ERC20.rt.hex": 0, "12-ERC20Detailed.rt.hex": 0, "12-MBLToken.rt.hex": 0, "13-TokenLib.rt.hex": 0, "13-TokenInterface.rt.hex": 0, "13-Devcon2Token.rt.hex": 0, "14-Ownable.rt.hex": 1, "14-Stoppable.rt.hex": 1, "14-RampInstantPoolInterface.rt.hex": 0, "14-RampInstantEscrowsPoolInterface.rt.hex": 1, "14-RampInstantPool.rt.hex": 1, "14-RampInstantEthPool.rt.hex": 1, "15-IERC20.rt.hex": 0, "15-SafeMath.rt.hex": 0, "15-Ownable.rt.hex": 1, "15-ERC20Detailed.rt.hex": 1, "15-DanPanCoin.rt.hex": 1, "16-SafeMath.rt.hex": 0, "16-FomoFeast.rt.hex": 1, "17-Owned.rt.hex": 1, "17-SafeMath.rt.hex": 0, "17-Token.rt.hex": 1, "17-Staking.rt.hex": 1, "18-Owned.rt.hex": 1, "18-SafeMath.rt.hex": 0, "18-Token.rt.hex": 1, "18-Staking.rt.hex": 1, "19-SafeMath.rt.hex": 0, "19-Mono.rt.hex": 0, "20-Ownable.rt.hex": 0, "20-Manageable.rt.hex": 0, "20-TilcoinStorage.rt.hex": 0, "21-Ownable.rt.hex": 1, "21-AccountWallet.rt.hex": 1, "22-owned.rt.hex": 1, "22-tokenRecipient.rt.hex": 1, "22-Token.rt.hex": 1, "22-SafeMath.rt.hex": 0, "22-MindsyncPlatform.rt.hex": 1, "23-Unprotected.rt.hex": 1, "24-ERC20Basic.rt.hex": 0, "24-SafeMath.rt.hex": 0, "24-BasicToken.rt.hex": 0, "24-ERC20.rt.hex": 0, "24-StandardToken.rt.hex": 0, "24-Ownable.rt.hex": 0, "24-Pausable.rt.hex": 0, "24-PausableToken.rt.hex": 0, "24-DetailedERC20.rt.hex": 0, "24-Kawanggawa.rt.hex": 0, "25-Wallet.rt.hex": 1, "26-Ownable.rt.hex": 0, "26-Roles.rt.hex": 0, "26-WhitelistAdminRole.rt.hex": 0, "26-WhitelistedRole.rt.hex": 0, "26-InvictusWhitelist.rt.hex": 0, "27-Ownable.rt.hex": 0, "27-Globalnetworktoken.rt.hex": 0, "28-Wallet.rt.hex": 1, "29-SafeMath.rt.hex": 0, "29-FitToken.rt.hex": 0, "30-SafeMath.rt.hex": 0, "30-ERC20Basic.rt.hex": 0, "30-ERC20.rt.hex": 0, "30-BasicToken.rt.hex": 0, "30-StandardToken.rt.hex": 0, "30-CodeToken.rt.hex": 0, "31-ERC20Basic.rt.hex": 0, "31-SafeMath.rt.hex": 0, "31-BasicToken.rt.hex": 0, "31-ERC20.rt.hex": 0, "31-StandardToken.rt.hex": 0, "31-Ownable.rt.hex": 0, "31-Pausable.rt.hex": 0, "31-PausableToken.rt.hex": 0, "31-DetailedERC20.rt.hex": 0, "31-DukunToken.rt.hex": 0, "32-Rubixi.rt.hex": 1, "33-IERC20.rt.hex": 0, "33-Marmo.rt.hex": 0, "33-ECDSA.rt.hex": 0, "33-Ownable.rt.hex": 1, "33-ReentrancyGuard.rt.hex": 1, "33-FeeTransactionManager.rt.hex": 1, "34-Wallet.rt.hex": 1, "35-FakeToken.rt.hex": 0, "36-SafeMath.rt.hex": 0, "36-ERC721Interface.rt.hex": 0, "36-ERC20.rt.hex": 0, "36-Ownable.rt.hex": 0, "36-NewAuctionContract.rt.hex": 0, "36-ArconaMarketplaceContract.rt.hex": 0, "37-SafeMath.rt.hex": 0, "37-ERC20Interface.rt.hex": 0, "37-ApproveAndCallFallBack.rt.hex": 0, "37-Owned.rt.hex": 0, "37-FixedSupplyToken.rt.hex": 0, "38-Token.rt.hex": 1, "38-SafeMath.rt.hex": 0, "38-StableDEX.rt.hex": 1, "39-owned.rt.hex": 1, "39-tokenRecipient.rt.hex": 1, "39-Token.rt.hex": 1, "39-SafeMath.rt.hex": 0, "39-MindsyncPlatform.rt.hex": 1, "40-SafeMath.rt.hex": 0, "40-owned.rt.hex": 1, "40-ERC20Essential.rt.hex": 0, "40-BitpayerDEX.rt.hex": 1, "41-SafeMath.rt.hex": 0, "41-ERC20Interface.rt.hex": 1, "41-ApproveAndCallFallBack.rt.hex": 1, "41-Owned.rt.hex": 1, "41-ForTheBlockchain.rt.hex": 1, "42-SafeMath.rt.hex": 0, "42-Token.rt.hex": 0, "42-Ownable.rt.hex": 0, "42-Vesting.rt.hex": 0, "43-SafeMath.rt.hex": 0, "43-ERC20Basic.rt.hex": 0, "43-ERC20.rt.hex": 0, "43-BasicToken.rt.hex": 0, "43-StandardToken.rt.hex": 0, "43-Ownable.rt.hex": 0, "43-VIRToken.rt.hex": 0, "44-SafeMath.rt.hex": 0, "44-ERC20Basic.rt.hex": 0, "44-ERC20.rt.hex": 0, "44-BasicToken.rt.hex": 0, "44-StandardToken.rt.hex": 0, "44-Ownable.rt.hex": 0, "44-Gentrion.rt.hex": 0, "45-SafeMath.rt.hex": 0, "45-ERC20Basic.rt.hex": 0, "45-BasicToken.rt.hex": 0, "45-ERC20.rt.hex": 0, "45-StandardToken.rt.hex": 0, "45-SafeERC20.rt.hex": 0, "45-Owned.rt.hex": 0, "45-TokenVesting.rt.hex": 0, "45-TokenVault.rt.hex": 0, "45-BurnableToken.rt.hex": 0, "45-ZTC_Token.rt.hex": 0, "46-ERC20Interface.rt.hex": 1, "46-AcunarToken.rt.hex": 1, "46-AcunarIEO.rt.hex": 1, "47-IERC20.rt.hex": 0, "47-SafeMath.rt.hex": 0, "47-ERC20Detailed.rt.hex": 1, "47-HYDROGEN.rt.hex": 1, "48-SafeMath.rt.hex": 0, "48-ERC20Interface.rt.hex": 1, "48-ApproveAndCallFallBack.rt.hex": 1, "48-Owned.rt.hex": 1, "48-QurasToken.rt.hex": 1, "49-Ownable.rt.hex": 0, "49-Registry.rt.hex": 0, "50-SafeMath.rt.hex": 0, "50-ERC20Interface.rt.hex": 0, "50-Owned.rt.hex": 0, "50-ZygStop.rt.hex": 0, "50-Utils.rt.hex": 0, "50-BuyZygoma.rt.hex": 0, "51-IERC20.rt.hex": 0, "51-SafeMath.rt.hex": 0, "51-ERC20.rt.hex": 0, "51-NCQ.rt.hex": 0, "52-Ownable.rt.hex": 0, "52-Pausable.rt.hex": 0, "52-SafeMath.rt.hex": 0, "52-Stoppable.rt.hex": 0, "52-e2pEscrow.rt.hex": 0, "53-IERC20.rt.hex": 0, "53-SafeMath.rt.hex": 0, "53-ERC20.rt.hex": 0, "53-ERC20Burnable.rt.hex": 0, "53-Roles.rt.hex": 0, "53-PauserRole.rt.hex": 0, "53-Pausable.rt.hex": 0, "53-ERC20Pausable.rt.hex": 0, "53-MinterRole.rt.hex": 0, "53-ERC20Mintable.rt.hex": 0, "53-ETHPlay.rt.hex": 0, "54-CafeMaker.rt.hex": 0, "55-Map.rt.hex": 1, "56-EventMetadata.rt.hex": 1, "56-Operated.rt.hex": 1, "56-ProofHashes.rt.hex": 1, "56-MultiHashWrapper.rt.hex": 1, "56-iFactory.rt.hex": 0, "56-Template.rt.hex": 1, "56-Feed.rt.hex": 1, "57-MakerCDP.rt.hex": 0, "57-UniqueCDP.rt.hex": 0, "58-SafeMath.rt.hex": 0, "58-owned.rt.hex": 1, "58-ethBank.rt.hex": 1, "59-SafeMath.rt.hex": 0, "59-ERC20TokenInterface.rt.hex": 1, "59-ERC20Token.rt.hex": 1, "59-AsseteGram.rt.hex": 1, "60-SafeMath.rt.hex": 0, "60-IERC20.rt.hex": 0, "60-UBBCToken.rt.hex": 1, "61-Ownable.rt.hex": 0, "61-Roles.rt.hex": 0, "61-RBAC.rt.hex": 0, "61-SafeMath.rt.hex": 0, "61-ERC20Basic.rt.hex": 0, "61-ERC20.rt.hex": 0, "61-BasicToken.rt.hex": 0, "61-StandardToken.rt.hex": 0, "61-Pausable.rt.hex": 0, "61-PausableToken.rt.hex": 0, "61-BlackListToken.rt.hex": 0, "61-TwoPhaseToken.rt.hex": 0, "61-UpgradedStandardToken.rt.hex": 0, "61-WitToken.rt.hex": 0, "62-IERC20.rt.hex": 0, "62-SafeMath.rt.hex": 0, "62-ERC20.rt.hex": 1, "62-ERC20Burnable.rt.hex": 1, "62-ERC20Detailed.rt.hex": 1, "62-AGR.rt.hex": 1, "63-ERC20.rt.hex": 0, "63-DSMath.rt.hex": 0, "63-SEER.rt.hex": 0, "64-SafeMath.rt.hex": 0, "64-ERC20Interface.rt.hex": 1, "64-Owned.rt.hex": 1, "64-ExclusivePlatform.rt.hex": 1, "65-ERC20.rt.hex": 0, "65-SafeMath.rt.hex": 0, "65-StandardToken.rt.hex": 0, "65-UpgradeAgent.rt.hex": 0, "65-UpgradeableToken.rt.hex": 0, "65-Ownable.rt.hex": 0, "65-ReleasableToken.rt.hex": 0, "65-SafeMathLib.rt.hex": 0, "65-MintableToken.rt.hex": 0, "65-CrowdsaleToken.rt.hex": 0, "66-IERC20.rt.hex": 0, "66-SafeMath.rt.hex": 0, "66-ERC20Detailed.rt.hex": 1, "66-BIGBOMBv2.rt.hex": 1, "67-SimpleSuicide.rt.hex": 1, "68-ERC20Interface.rt.hex": 0, "68-Owned.rt.hex": 0, "68-SafeMath.rt.hex": 0, "68-VNXLU.rt.hex": 0, "69-HelloChicken.rt.hex": 0, "70-SafeMath.rt.hex": 0, "70-ExtendedMath.rt.hex": 0, "70-ERC20Interface.rt.hex": 1, "70-ApproveAndCallFallBack.rt.hex": 1, "70-Owned.rt.hex": 1, "70-_Yesbuzz.rt.hex": 1, "71-IERC20.rt.hex": 0, "71-ERC20Detailed.rt.hex": 0, "71-SafeMath.rt.hex": 0, "71-ERC20.rt.hex": 0, "71-ERC20Burnable.rt.hex": 0, "71-Ownable.rt.hex": 0, "71-Roles.rt.hex": 0, "71-PauserRole.rt.hex": 0, "71-Pausable.rt.hex": 0, "71-MinterRole.rt.hex": 0, "71-WhitelistAdminRole.rt.hex": 0, "71-WhitelistedRole.rt.hex": 0, "71-InvictusWhitelist.rt.hex": 0, "71-C10Token.rt.hex": 0, "72-IERC20.rt.hex": 0, "72-Ownable.rt.hex": 0, "72-SafeMath.rt.hex": 0, "72-DaEXCoin.rt.hex": 0, "73-WhiteBetting.rt.hex": 1, "74-CareerOnToken.rt.hex": 1, "75-Ownable.rt.hex": 0, "75-Autonomy.rt.hex": 0, "75-Destructible.rt.hex": 0, "75-Claimable.rt.hex": 0, "75-DRCWalletMgrParams.rt.hex": 0, "76-SafeMath.rt.hex": 0, "76-ERC20.rt.hex": 0, "76-Owned.rt.hex": 0, "76-ERC20Token.rt.hex": 0, "76-PandaGoldToken.rt.hex": 0, "77-SafeMath.rt.hex": 0, "77-ERC20.rt.hex": 0, "77-FENIX.rt.hex": 0, "78-CareerOnToken.rt.hex": 1, "79-SafeMath.rt.hex": 0, "79-IERC20.rt.hex": 0, "79-ERC20.rt.hex": 1, "79-ERC20Detailed.rt.hex": 1, "79-SaveWon.rt.hex": 1, "80-MyContract.rt.hex": 1, "81-Wallet.rt.hex": 1, "82-FibonacciBalance.rt.hex": 1, "82-FibonacciLib.rt.hex": 0, "83-IERC20.rt.hex": 0, "83-SafeMath.rt.hex": 0, "83-ERC20.rt.hex": 0, "83-ERC20Detailed.rt.hex": 0, "83-Roles.rt.hex": 0, "83-MinterRole.rt.hex": 0, "83-ERC20Mintable.rt.hex": 0, "83-ClcgToken.rt.hex": 0, "84-ERC20Interface.rt.hex": 1, "84-IERC20Interface.rt.hex": 1, "84-RaffleToken.rt.hex": 0, "84-SafeMath.rt.hex": 0, "84-RaffleTokenExchange.rt.hex": 1, "85-tokenRecipient.rt.hex": 0, "85-MD.rt.hex": 1, "86-WalletEvents.rt.hex": 0, "86-WalletAbi.rt.hex": 0, "86-WalletLibrary.rt.hex": 1, "87-Missing.rt.hex": 1, "88-IERC20.rt.hex": 0, "88-SafeMath.rt.hex": 0, "88-ERC20.rt.hex": 0, "88-RemiToken.rt.hex": 0, "89-SafeMath.rt.hex": 0, "89-Roles.rt.hex": 0, "89-CapperRole.rt.hex": 0, "89-PauserRole.rt.hex": 0, "89-Pausable.rt.hex": 0, "89-MinterRole.rt.hex": 0, "89-IERC20.rt.hex": 0, "89-ERC20.rt.hex": 0, "89-ERC20Mintable.rt.hex": 0, "89-ERC20Burnable.rt.hex": 0, "89-ERC20Capped.rt.hex": 0, "89-ERC20Pausable.rt.hex": 0, "89-Ownable.rt.hex": 0, "89-BlueseedsToken.rt.hex": 0, "90-digitalNotary.rt.hex": 1, "91-EventMetadata.rt.hex": 1, "91-Operated.rt.hex": 1, "91-MultiHashWrapper.rt.hex": 1, "91-iFactory.rt.hex": 0, "91-ProofHash.rt.hex": 1, "91-Template.rt.hex": 1, "91-Post.rt.hex": 1, "92-Ownable.rt.hex": 1, "92-SafeMath.rt.hex": 0, "92-LollypopToken.rt.hex": 1, "93-IERC20.rt.hex": 0, "93-Ownable.rt.hex": 0, "93-DIP_Team_Transfer.rt.hex": 0, "94-Roles.rt.hex": 0, "94-MinterRole.rt.hex": 0, "94-SafeMath.rt.hex": 0, "94-IERC20.rt.hex": 0, "94-ERC20.rt.hex": 0, "94-ERC20Burnable.rt.hex": 0, "94-ERC20Mintable.rt.hex": 0, "94-AzulToken.rt.hex": 0, "95-MultiOwnable.rt.hex": 1, "95-TestContract.rt.hex": 0, "96-Math.rt.hex": 0, "96-SafeMath.rt.hex": 0, "96-Ownable.rt.hex": 0, "96-CanReclaimToken.rt.hex": 0, "96-HasNoContracts.rt.hex": 0, "96-HasNoTokens.rt.hex": 0, "96-ERC20Basic.rt.hex": 0, "96-ERC20.rt.hex": 0, "96-BasicToken.rt.hex": 0, "96-StandardToken.rt.hex": 0, "96-SafeERC20.rt.hex": 0, "96-DULACoin.rt.hex": 0, "97-IERC20.rt.hex": 0, "97-SafeMath.rt.hex": 0, "97-ERC20.rt.hex": 0, "97-Ownable.rt.hex": 0, "97-ARTIDToken.rt.hex": 0, "98-SafeMath.rt.hex": 0, "98-ERC20Interface.rt.hex": 0, "98-ApproveAndCallFallBack.rt.hex": 0, "98-Owned.rt.hex": 0, "98-InGRedientToken.rt.hex": 0, "99-SafeMath.rt.hex": 0, "99-ERC20Interface.rt.hex": 0, "99-PLTC.rt.hex": 0, "100-tokenRecipient.rt.hex": 0, "100-owned.rt.hex": 0, "100-token.rt.hex": 0, "100-SVC.rt.hex": 0, "101-IERC20.rt.hex": 0, "101-SafeMath.rt.hex": 0, "101-ERC20.rt.hex": 0, "101-Peculium.rt.hex": 0, "102-SafeMath.rt.hex": 0, "102-IERC20.rt.hex": 0, "102-ERC20.rt.hex": 1, "102-ERC20Detailed.rt.hex": 1, "102-SimpleSwapCoin.rt.hex": 1, "103-Missing.rt.hex": 1, "104-SafeMath.rt.hex": 0, "104-owned.rt.hex": 1, "104-tokenRecipient.rt.hex": 0, "104-TokenERC20.rt.hex": 1, "104-AZT.rt.hex": 1, "105-HRKD.rt.hex": 0, "105-SafeMath.rt.hex": 0, "106-IERC20.rt.hex": 0, "106-PHO.rt.hex": 1, "107-IERC20.rt.hex": 0, "107-Ownable.rt.hex": 0, "107-Pausable.rt.hex": 0, "107-SafeMath.rt.hex": 0, "107-MAU.rt.hex": 0, "108-Numa.rt.hex": 0, "109-RTCoinInterface.rt.hex": 0, "109-SafeMath.rt.hex": 0, "109-Payments.rt.hex": 0, "110-StockBet.rt.hex": 1, "111-Proxy.rt.hex": 1, "112-ECRecovery.rt.hex": 0, "112-Ownable.rt.hex": 0, "112-Claimable.rt.hex": 0, "112-ERC20Basic.rt.hex": 0, "112-ERC20.rt.hex": 0, "112-RedemptionCertificate.rt.hex": 0, "113-Ownable.rt.hex": 0, "113-SafeMath.rt.hex": 0, "113-ERC223ReceivingContract.rt.hex": 0, "113-ERC223.rt.hex": 0, "113-ERC20.rt.hex": 0, "113-BasicToken.rt.hex": 0, "113-StandardToken.rt.hex": 0, "113-Nomid.rt.hex": 0, "114-TAMCContract.rt.hex": 1}