[
    {
        "contract_name": "ERC20-SafeMath.sol",
        "targets": 0
    },
    {
        "contract_name": "ERC20-ERC20.sol",
        "targets": 1
    },
    {
        "contract_name": "odds_and_evens-OddsAndEvens.sol",
        "targets": 1
    },
    {
        "contract_name": "eth_tx_order_dependence_minimal-EthTxOrderDependenceMinimal.sol",
        "targets": 1
    },
    {
        "contract_name": "FindThisHash-FindThisHash.sol",
        "targets": 1
    },
    {
        "contract_name": "buggy_50-digitalNotary.sol",
        "targets": 1
    },
    {
        "contract_name": "buggy_18-SafeMath.sol",
        "targets": 0
    },
    {
        "contract_name": "buggy_18-ExtendedMath.sol",
        "targets": 0
    },
    {
        "contract_name": "buggy_18-ERC20Interface.sol",
        "targets": 1
    },
    {
        "contract_name": "buggy_18-ApproveAndCallFallBack.sol",
        "targets": 1
    },
    {
        "contract_name": "buggy_18-Owned.sol",
        "targets": 1
    },
    {
        "contract_name": "buggy_18-_Yesbuzz.sol",
        "targets": 1
    },
    {
        "contract_name": "buggy_29-ERC20Interface.sol",
        "targets": 1
    },
    {
        "contract_name": "buggy_29-IERC20Interface.sol",
        "targets": 1
    },
    {
        "contract_name": "buggy_29-RaffleToken.sol",
        "targets": 0
    },
    {
        "contract_name": "buggy_29-SafeMath.sol",
        "targets": 0
    },
    {
        "contract_name": "buggy_29-RaffleTokenExchange.sol",
        "targets": 1
    },
    {
        "contract_name": "buggy_30-IERC777.sol",
        "targets": 0
    },
    {
        "contract_name": "buggy_30-IERC777Recipient.sol",
        "targets": 0
    },
    {
        "contract_name": "buggy_30-IERC777Sender.sol",
        "targets": 0
    },
    {
        "contract_name": "buggy_30-IERC20.sol",
        "targets": 0
    },
    {
        "contract_name": "buggy_30-SafeMath.sol",
        "targets": 0
    },
    {
        "contract_name": "buggy_30-Address.sol",
        "targets": 0
    },
    {
        "contract_name": "buggy_30-IERC1820Registry.sol",
        "targets": 0
    },
    {
        "contract_name": "buggy_30-ERC777.sol",
        "targets": 1
    },
    {
        "contract_name": "buggy_30-Roles.sol",
        "targets": 0
    },
    {
        "contract_name": "buggy_30-MinterRole.sol",
        "targets": 1
    },
    {
        "contract_name": "buggy_30-PauserRole.sol",
        "targets": 1
    },
    {
        "contract_name": "buggy_30-Pausable.sol",
        "targets": 1
    },
    {
        "contract_name": "buggy_30-SKYBITToken.sol",
        "targets": 1
    },
    {
        "contract_name": "buggy_21-Token.sol",
        "targets": 1
    },
    {
        "contract_name": "buggy_21-SafeMath.sol",
        "targets": 0
    },
    {
        "contract_name": "buggy_21-StableDEX.sol",
        "targets": 1
    },
    {
        "contract_name": "buggy_48-SafeMath.sol",
        "targets": 0
    },
    {
        "contract_name": "buggy_48-ERC20Interface.sol",
        "targets": 1
    },
    {
        "contract_name": "buggy_48-ApproveAndCallFallBack.sol",
        "targets": 1
    },
    {
        "contract_name": "buggy_48-Owned.sol",
        "targets": 1
    },
    {
        "contract_name": "buggy_48-QurasToken.sol",
        "targets": 1
    },
    {
        "contract_name": "buggy_4-IERC20.sol",
        "targets": 0
    },
    {
        "contract_name": "buggy_4-PHO.sol",
        "targets": 1
    },
    {
        "contract_name": "buggy_15-tokenRecipient.sol",
        "targets": 0
    },
    {
        "contract_name": "buggy_15-MD.sol",
        "targets": 1
    },
    {
        "contract_name": "buggy_19-SafeMath.sol",
        "targets": 0
    },
    {
        "contract_name": "buggy_19-owned.sol",
        "targets": 1
    },
    {
        "contract_name": "buggy_19-ethBank.sol",
        "targets": 1
    },
    {
        "contract_name": "buggy_22-owned.sol",
        "targets": 1
    },
    {
        "contract_name": "buggy_22-tokenRecipient.sol",
        "targets": 1
    },
    {
        "contract_name": "buggy_22-Token.sol",
        "targets": 1
    },
    {
        "contract_name": "buggy_22-SafeMath.sol",
        "targets": 0
    },
    {
        "contract_name": "buggy_22-MindsyncPlatform.sol",
        "targets": 1
    },
    {
        "contract_name": "buggy_20-Ownable.sol",
        "targets": 1
    },
    {
        "contract_name": "buggy_20-Stoppable.sol",
        "targets": 1
    },
    {
        "contract_name": "buggy_20-RampInstantPoolInterface.sol",
        "targets": 0
    },
    {
        "contract_name": "buggy_20-RampInstantEscrowsPoolInterface.sol",
        "targets": 1
    },
    {
        "contract_name": "buggy_20-RampInstantPool.sol",
        "targets": 1
    },
    {
        "contract_name": "buggy_20-RampInstantEthPool.sol",
        "targets": 1
    },
    {
        "contract_name": "buggy_45-StockBet.sol",
        "targets": 1
    },
    {
        "contract_name": "buggy_31-IERC20.sol",
        "targets": 0
    },
    {
        "contract_name": "buggy_31-Marmo.sol",
        "targets": 0
    },
    {
        "contract_name": "buggy_31-ECDSA.sol",
        "targets": 0
    },
    {
        "contract_name": "buggy_31-Ownable.sol",
        "targets": 1
    },
    {
        "contract_name": "buggy_31-ReentrancyGuard.sol",
        "targets": 1
    },
    {
        "contract_name": "buggy_31-FeeTransactionManager.sol",
        "targets": 1
    },
    {
        "contract_name": "buggy_26-SafeMath.sol",
        "targets": 0
    },
    {
        "contract_name": "buggy_26-IERC20.sol",
        "targets": 0
    },
    {
        "contract_name": "buggy_26-UBBCToken.sol",
        "targets": 1
    },
    {
        "contract_name": "buggy_44-EventMetadata.sol",
        "targets": 1
    },
    {
        "contract_name": "buggy_44-Operated.sol",
        "targets": 1
    },
    {
        "contract_name": "buggy_44-ProofHashes.sol",
        "targets": 1
    },
    {
        "contract_name": "buggy_44-MultiHashWrapper.sol",
        "targets": 1
    },
    {
        "contract_name": "buggy_44-iFactory.sol",
        "targets": 0
    },
    {
        "contract_name": "buggy_44-Template.sol",
        "targets": 1
    },
    {
        "contract_name": "buggy_44-Feed.sol",
        "targets": 1
    },
    {
        "contract_name": "buggy_27-IERC20.sol",
        "targets": 0
    },
    {
        "contract_name": "buggy_27-SafeMath.sol",
        "targets": 0
    },
    {
        "contract_name": "buggy_27-Ownable.sol",
        "targets": 1
    },
    {
        "contract_name": "buggy_27-ERC20Detailed.sol",
        "targets": 1
    },
    {
        "contract_name": "buggy_27-DanPanCoin.sol",
        "targets": 1
    },
    {
        "contract_name": "buggy_24-SafeMath.sol",
        "targets": 0
    },
    {
        "contract_name": "buggy_24-FomoFeast.sol",
        "targets": 1
    },
    {
        "contract_name": "buggy_43-EventMetadata.sol",
        "targets": 1
    },
    {
        "contract_name": "buggy_43-Operated.sol",
        "targets": 1
    },
    {
        "contract_name": "buggy_43-MultiHashWrapper.sol",
        "targets": 1
    },
    {
        "contract_name": "buggy_43-iFactory.sol",
        "targets": 0
    },
    {
        "contract_name": "buggy_43-ProofHash.sol",
        "targets": 1
    },
    {
        "contract_name": "buggy_43-Template.sol",
        "targets": 1
    },
    {
        "contract_name": "buggy_43-Post.sol",
        "targets": 1
    },
    {
        "contract_name": "buggy_40-SafeMath.sol",
        "targets": 0
    },
    {
        "contract_name": "buggy_40-IERC20.sol",
        "targets": 0
    },
    {
        "contract_name": "buggy_40-ERC20.sol",
        "targets": 1
    },
    {
        "contract_name": "buggy_40-ERC20Detailed.sol",
        "targets": 1
    },
    {
        "contract_name": "buggy_40-SimpleSwapCoin.sol",
        "targets": 1
    },
    {
        "contract_name": "buggy_47-ERC20Interface.sol",
        "targets": 1
    },
    {
        "contract_name": "buggy_47-AcunarToken.sol",
        "targets": 1
    },
    {
        "contract_name": "buggy_47-AcunarIEO.sol",
        "targets": 1
    },
    {
        "contract_name": "buggy_49-TAMC.sol",
        "targets": 1
    },
    {
        "contract_name": "buggy_3-CareerOnToken.sol",
        "targets": 1
    },
    {
        "contract_name": "buggy_23-IERC20.sol",
        "targets": 0
    },
    {
        "contract_name": "buggy_23-SafeMath.sol",
        "targets": 0
    },
    {
        "contract_name": "buggy_23-ERC20.sol",
        "targets": 1
    },
    {
        "contract_name": "buggy_23-ERC20Burnable.sol",
        "targets": 1
    },
    {
        "contract_name": "buggy_23-ERC20Detailed.sol",
        "targets": 1
    },
    {
        "contract_name": "buggy_23-AGR.sol",
        "targets": 1
    },
    {
        "contract_name": "buggy_38-IERC20.sol",
        "targets": 0
    },
    {
        "contract_name": "buggy_38-SafeMath.sol",
        "targets": 0
    },
    {
        "contract_name": "buggy_38-ERC20Detailed.sol",
        "targets": 1
    },
    {
        "contract_name": "buggy_38-BIGBOMBv2.sol",
        "targets": 1
    },
    {
        "contract_name": "buggy_34-Ownable.sol",
        "targets": 1
    },
    {
        "contract_name": "buggy_34-SafeMath.sol",
        "targets": 0
    },
    {
        "contract_name": "buggy_34-LollypopToken.sol",
        "targets": 1
    },
    {
        "contract_name": "buggy_35-SafeMath.sol",
        "targets": 0
    },
    {
        "contract_name": "buggy_35-owned.sol",
        "targets": 1
    },
    {
        "contract_name": "buggy_35-ERC20Essential.sol",
        "targets": 0
    },
    {
        "contract_name": "buggy_35-BitpayerDEX.sol",
        "targets": 1
    },
    {
        "contract_name": "buggy_36-owned.sol",
        "targets": 1
    },
    {
        "contract_name": "buggy_36-tokenRecipient.sol",
        "targets": 1
    },
    {
        "contract_name": "buggy_36-Token.sol",
        "targets": 1
    },
    {
        "contract_name": "buggy_36-SafeMath.sol",
        "targets": 0
    },
    {
        "contract_name": "buggy_36-MindsyncPlatform.sol",
        "targets": 1
    },
    {
        "contract_name": "buggy_7-Ownable.sol",
        "targets": 1
    },
    {
        "contract_name": "buggy_7-AccountWallet.sol",
        "targets": 1
    },
    {
        "contract_name": "buggy_6-Ownable.sol",
        "targets": 1
    },
    {
        "contract_name": "buggy_6-ChannelWallet.sol",
        "targets": 1
    },
    {
        "contract_name": "buggy_11-SafeMath.sol",
        "targets": 0
    },
    {
        "contract_name": "buggy_11-ERC20Interface.sol",
        "targets": 1
    },
    {
        "contract_name": "buggy_11-ApproveAndCallFallBack.sol",
        "targets": 1
    },
    {
        "contract_name": "buggy_11-Owned.sol",
        "targets": 1
    },
    {
        "contract_name": "buggy_11-ForTheBlockchain.sol",
        "targets": 1
    },
    {
        "contract_name": "buggy_16-SafeMath.sol",
        "targets": 0
    },
    {
        "contract_name": "buggy_16-ERC20Interface.sol",
        "targets": 1
    },
    {
        "contract_name": "buggy_16-Owned.sol",
        "targets": 1
    },
    {
        "contract_name": "buggy_16-ExclusivePlatform.sol",
        "targets": 1
    },
    {
        "contract_name": "buggy_33-Owned.sol",
        "targets": 1
    },
    {
        "contract_name": "buggy_33-SafeMath.sol",
        "targets": 0
    },
    {
        "contract_name": "buggy_33-Token.sol",
        "targets": 1
    },
    {
        "contract_name": "buggy_33-Staking.sol",
        "targets": 1
    },
    {
        "contract_name": "buggy_28-IERC20.sol",
        "targets": 0
    },
    {
        "contract_name": "buggy_28-SafeMath.sol",
        "targets": 0
    },
    {
        "contract_name": "buggy_28-ERC20Detailed.sol",
        "targets": 1
    },
    {
        "contract_name": "buggy_28-HYDROGEN.sol",
        "targets": 1
    },
    {
        "contract_name": "buggy_2-CareerOnToken.sol",
        "targets": 1
    },
    {
        "contract_name": "buggy_32-SafeMath.sol",
        "targets": 0
    },
    {
        "contract_name": "buggy_32-ERC20TokenInterface.sol",
        "targets": 1
    },
    {
        "contract_name": "buggy_32-ERC20Token.sol",
        "targets": 1
    },
    {
        "contract_name": "buggy_32-AsseteGram.sol",
        "targets": 1
    },
    {
        "contract_name": "buggy_17-SafeMath.sol",
        "targets": 0
    },
    {
        "contract_name": "buggy_17-owned.sol",
        "targets": 1
    },
    {
        "contract_name": "buggy_17-tokenRecipient.sol",
        "targets": 0
    },
    {
        "contract_name": "buggy_17-TokenERC20.sol",
        "targets": 1
    },
    {
        "contract_name": "buggy_17-AZT.sol",
        "targets": 1
    },
    {
        "contract_name": "buggy_39-TAMCContract.sol",
        "targets": 1
    },
    {
        "contract_name": "buggy_14-SafeMath.sol",
        "targets": 0
    },
    {
        "contract_name": "buggy_14-IERC20.sol",
        "targets": 0
    },
    {
        "contract_name": "buggy_14-ERC20.sol",
        "targets": 1
    },
    {
        "contract_name": "buggy_14-ERC20Detailed.sol",
        "targets": 1
    },
    {
        "contract_name": "buggy_14-SaveWon.sol",
        "targets": 1
    },
    {
        "contract_name": "buggy_42-Owned.sol",
        "targets": 1
    },
    {
        "contract_name": "buggy_42-SafeMath.sol",
        "targets": 0
    },
    {
        "contract_name": "buggy_42-Token.sol",
        "targets": 1
    },
    {
        "contract_name": "buggy_42-Staking.sol",
        "targets": 1
    },
    {
        "contract_name": "buggy_25-WhiteBetting.sol",
        "targets": 1
    },
    {
        "contract_name": "0x24edca5a57fc259427574e0c9cfdf630a3136d34-SafeMath.sol",
        "targets": 0
    },
    {
        "contract_name": "0x24edca5a57fc259427574e0c9cfdf630a3136d34-IERC20.sol",
        "targets": 0
    },
    {
        "contract_name": "0x24edca5a57fc259427574e0c9cfdf630a3136d34-ERC20.sol",
        "targets": 0
    },
    {
        "contract_name": "0x24edca5a57fc259427574e0c9cfdf630a3136d34-Roles.sol",
        "targets": 0
    },
    {
        "contract_name": "0x24edca5a57fc259427574e0c9cfdf630a3136d34-MinterRole.sol",
        "targets": 0
    },
    {
        "contract_name": "0x24edca5a57fc259427574e0c9cfdf630a3136d34-Ownable.sol",
        "targets": 0
    },
    {
        "contract_name": "0x24edca5a57fc259427574e0c9cfdf630a3136d34-ERC20Mintable.sol",
        "targets": 0
    },
    {
        "contract_name": "0x24edca5a57fc259427574e0c9cfdf630a3136d34-ERC20Burnable.sol",
        "targets": 0
    },
    {
        "contract_name": "0x24edca5a57fc259427574e0c9cfdf630a3136d34-HadacoinV18.sol",
        "targets": 0
    },
    {
        "contract_name": "0x37abeac8c47c2e806ff98d9ffef9e945f96699e7-CrowdsaleToken.sol",
        "targets": 0
    },
    {
        "contract_name": "0x37abeac8c47c2e806ff98d9ffef9e945f96699e7-CrowdsaleState.sol",
        "targets": 0
    },
    {
        "contract_name": "0x37abeac8c47c2e806ff98d9ffef9e945f96699e7-HardCap.sol",
        "targets": 0
    },
    {
        "contract_name": "0x37abeac8c47c2e806ff98d9ffef9e945f96699e7-Ownable.sol",
        "targets": 0
    },
    {
        "contract_name": "0x37abeac8c47c2e806ff98d9ffef9e945f96699e7-ERC20Allowance.sol",
        "targets": 0
    },
    {
        "contract_name": "0x37abeac8c47c2e806ff98d9ffef9e945f96699e7-CryptoPoliceProxy.sol",
        "targets": 0
    },
    {
        "contract_name": "0x27a1ad307808acf4a0b70935a082456a3c12ec6d-Token.sol",
        "targets": 0
    },
    {
        "contract_name": "0x27a1ad307808acf4a0b70935a082456a3c12ec6d-SafeMath.sol",
        "targets": 0
    },
    {
        "contract_name": "0x27a1ad307808acf4a0b70935a082456a3c12ec6d-AbstractToken.sol",
        "targets": 0
    },
    {
        "contract_name": "0x27a1ad307808acf4a0b70935a082456a3c12ec6d-CatenaToken.sol",
        "targets": 0
    },
    {
        "contract_name": "0x26a572eeb6036ae1af510d561f59520f626857b9-ERC20Basic.sol",
        "targets": 0
    },
    {
        "contract_name": "0x26a572eeb6036ae1af510d561f59520f626857b9-Ownable.sol",
        "targets": 0
    },
    {
        "contract_name": "0x26a572eeb6036ae1af510d561f59520f626857b9-ERC20.sol",
        "targets": 0
    },
    {
        "contract_name": "0x26a572eeb6036ae1af510d561f59520f626857b9-Relay.sol",
        "targets": 0
    },
    {
        "contract_name": "0x20b1bc618f79d9977b7cce3f0523128178ea6a7b-Ownable.sol",
        "targets": 0
    },
    {
        "contract_name": "0x20b1bc618f79d9977b7cce3f0523128178ea6a7b-SafeMath.sol",
        "targets": 0
    },
    {
        "contract_name": "0x20b1bc618f79d9977b7cce3f0523128178ea6a7b-Roles.sol",
        "targets": 0
    },
    {
        "contract_name": "0x20b1bc618f79d9977b7cce3f0523128178ea6a7b-PauserRole.sol",
        "targets": 0
    },
    {
        "contract_name": "0x20b1bc618f79d9977b7cce3f0523128178ea6a7b-Pausable.sol",
        "targets": 0
    },
    {
        "contract_name": "0x20b1bc618f79d9977b7cce3f0523128178ea6a7b-INiftyTradingCardCreator.sol",
        "targets": 0
    },
    {
        "contract_name": "0x20b1bc618f79d9977b7cce3f0523128178ea6a7b-INiftyFootballTradingCardGenerator.sol",
        "targets": 0
    },
    {
        "contract_name": "0x20b1bc618f79d9977b7cce3f0523128178ea6a7b-NiftyFootballAdmin.sol",
        "targets": 0
    },
    {
        "contract_name": "0x25cdc98b4b04810c9a23cffc4db730f4f3286920-SafeMath.sol",
        "targets": 0
    },
    {
        "contract_name": "0x25cdc98b4b04810c9a23cffc4db730f4f3286920-ERC20Interface.sol",
        "targets": 0
    },
    {
        "contract_name": "0x25cdc98b4b04810c9a23cffc4db730f4f3286920-ApproveAndCallFallBack.sol",
        "targets": 0
    },
    {
        "contract_name": "0x25cdc98b4b04810c9a23cffc4db730f4f3286920-Owned.sol",
        "targets": 0
    },
    {
        "contract_name": "0x25cdc98b4b04810c9a23cffc4db730f4f3286920-Moveo.sol",
        "targets": 0
    },
    {
        "contract_name": "0x37d66ec1271cdc2e247ca580cee751abc4c962b4-SafeMath.sol",
        "targets": 0
    },
    {
        "contract_name": "0x37d66ec1271cdc2e247ca580cee751abc4c962b4-GivingLog.sol",
        "targets": 0
    },
    {
        "contract_name": "0x21d5a14e625d767ce6b7a167491c2d18e0785fda-SafeMath.sol",
        "targets": 0
    },
    {
        "contract_name": "0x21d5a14e625d767ce6b7a167491c2d18e0785fda-ERC20.sol",
        "targets": 0
    },
    {
        "contract_name": "0x21d5a14e625d767ce6b7a167491c2d18e0785fda-Ownable.sol",
        "targets": 0
    },
    {
        "contract_name": "0x21d5a14e625d767ce6b7a167491c2d18e0785fda-MultiToken.sol",
        "targets": 0
    },
    {
        "contract_name": "0x30f886284e51f8148ca799650f9ec6b41e504d63-SafeMath.sol",
        "targets": 0
    },
    {
        "contract_name": "0x30f886284e51f8148ca799650f9ec6b41e504d63-ERC20.sol",
        "targets": 0
    },
    {
        "contract_name": "0x30f886284e51f8148ca799650f9ec6b41e504d63-CentralBankofSeychelles.sol",
        "targets": 0
    },
    {
        "contract_name": "0x27eba2a67b906eb4341dfe54ce78083a611a0222-SafeMath.sol",
        "targets": 0
    },
    {
        "contract_name": "0x27eba2a67b906eb4341dfe54ce78083a611a0222-ERC20Interface.sol",
        "targets": 0
    },
    {
        "contract_name": "0x27eba2a67b906eb4341dfe54ce78083a611a0222-ApproveAndCallFallBack.sol",
        "targets": 0
    },
    {
        "contract_name": "0x27eba2a67b906eb4341dfe54ce78083a611a0222-Owned.sol",
        "targets": 0
    },
    {
        "contract_name": "0x27eba2a67b906eb4341dfe54ce78083a611a0222-PUNISHMENT.sol",
        "targets": 0
    },
    {
        "contract_name": "0x34e78cd7e701df27382961030543df75162c3528-SafeMath.sol",
        "targets": 0
    },
    {
        "contract_name": "0x34e78cd7e701df27382961030543df75162c3528-ETH_v3.sol",
        "targets": 0
    },
    {
        "contract_name": "0x25f337625bcac59ef2a8159de4a132849eea208b-Ownable.sol",
        "targets": 0
    },
    {
        "contract_name": "0x25f337625bcac59ef2a8159de4a132849eea208b-IERC20.sol",
        "targets": 0
    },
    {
        "contract_name": "0x25f337625bcac59ef2a8159de4a132849eea208b-Airdrop.sol",
        "targets": 0
    },
    {
        "contract_name": "0x36aa67777b842a4b5670067634ed5ad9365759ee-SafeMath.sol",
        "targets": 0
    },
    {
        "contract_name": "0x36aa67777b842a4b5670067634ed5ad9365759ee-ERC20Interface.sol",
        "targets": 0
    },
    {
        "contract_name": "0x36aa67777b842a4b5670067634ed5ad9365759ee-ApproveAndCallFallBack.sol",
        "targets": 0
    },
    {
        "contract_name": "0x36aa67777b842a4b5670067634ed5ad9365759ee-Owned.sol",
        "targets": 0
    },
    {
        "contract_name": "0x36aa67777b842a4b5670067634ed5ad9365759ee-FixedSupplyToken.sol",
        "targets": 0
    },
    {
        "contract_name": "0x29fb4cee43155baab885897f0e96b1f0572a1e86-IERC20.sol",
        "targets": 0
    },
    {
        "contract_name": "0x29fb4cee43155baab885897f0e96b1f0572a1e86-SafeMath.sol",
        "targets": 0
    },
    {
        "contract_name": "0x29fb4cee43155baab885897f0e96b1f0572a1e86-ERC20.sol",
        "targets": 0
    },
    {
        "contract_name": "0x29fb4cee43155baab885897f0e96b1f0572a1e86-Roles.sol",
        "targets": 0
    },
    {
        "contract_name": "0x29fb4cee43155baab885897f0e96b1f0572a1e86-Ownable.sol",
        "targets": 0
    },
    {
        "contract_name": "0x29fb4cee43155baab885897f0e96b1f0572a1e86-SafeERC20.sol",
        "targets": 0
    },
    {
        "contract_name": "0x29fb4cee43155baab885897f0e96b1f0572a1e86-FBB_Token.sol",
        "targets": 0
    },
    {
        "contract_name": "0x20f3648677f3aa39875787a349ef76ed1d9140ef-MYCCToken.sol",
        "targets": 0
    },
    {
        "contract_name": "0x26fb7f1ec05f731678f894b1ef4e2c2110dfccb2-IERC20.sol",
        "targets": 0
    },
    {
        "contract_name": "0x26fb7f1ec05f731678f894b1ef4e2c2110dfccb2-SafeMath.sol",
        "targets": 0
    },
    {
        "contract_name": "0x26fb7f1ec05f731678f894b1ef4e2c2110dfccb2-ERC20.sol",
        "targets": 0
    },
    {
        "contract_name": "0x26fb7f1ec05f731678f894b1ef4e2c2110dfccb2-ERC20Detailed.sol",
        "targets": 0
    },
    {
        "contract_name": "0x26fb7f1ec05f731678f894b1ef4e2c2110dfccb2-GRT.sol",
        "targets": 0
    },
    {
        "contract_name": "0x30c1c05b57c9f055f11f99d2d575336abe0a76c7-SafeMath.sol",
        "targets": 0
    },
    {
        "contract_name": "0x30c1c05b57c9f055f11f99d2d575336abe0a76c7-ERC20Interface.sol",
        "targets": 0
    },
    {
        "contract_name": "0x30c1c05b57c9f055f11f99d2d575336abe0a76c7-ApproveAndCallFallBack.sol",
        "targets": 0
    },
    {
        "contract_name": "0x30c1c05b57c9f055f11f99d2d575336abe0a76c7-Owned.sol",
        "targets": 0
    },
    {
        "contract_name": "0x30c1c05b57c9f055f11f99d2d575336abe0a76c7-BlotterAcidTab.sol",
        "targets": 0
    },
    {
        "contract_name": "0x35a5cb585d51d836922b78a9bb1f5c04635c39b6-SafeMath.sol",
        "targets": 0
    },
    {
        "contract_name": "0x35a5cb585d51d836922b78a9bb1f5c04635c39b6-IERC20.sol",
        "targets": 0
    },
    {
        "contract_name": "0x35a5cb585d51d836922b78a9bb1f5c04635c39b6-ERC20.sol",
        "targets": 0
    },
    {
        "contract_name": "0x35a5cb585d51d836922b78a9bb1f5c04635c39b6-ERC20Detailed.sol",
        "targets": 0
    },
    {
        "contract_name": "0x35a5cb585d51d836922b78a9bb1f5c04635c39b6-DecimatedERC20.sol",
        "targets": 0
    },
    {
        "contract_name": "0x30a632c76193c4829a1129c0a80990bdafe4b5eb-Ownable.sol",
        "targets": 0
    },
    {
        "contract_name": "0x30a632c76193c4829a1129c0a80990bdafe4b5eb-Pausable.sol",
        "targets": 0
    },
    {
        "contract_name": "0x30a632c76193c4829a1129c0a80990bdafe4b5eb-SafeMath.sol",
        "targets": 0
    },
    {
        "contract_name": "0x30a632c76193c4829a1129c0a80990bdafe4b5eb-Stoppable.sol",
        "targets": 0
    },
    {
        "contract_name": "0x30a632c76193c4829a1129c0a80990bdafe4b5eb-e2pEscrow.sol",
        "targets": 0
    },
    {
        "contract_name": "0x25a1de1c3ee658fe034b8914a1d8d34110423af8-SafeMath.sol",
        "targets": 0
    },
    {
        "contract_name": "0x25a1de1c3ee658fe034b8914a1d8d34110423af8-Ownable.sol",
        "targets": 0
    },
    {
        "contract_name": "0x25a1de1c3ee658fe034b8914a1d8d34110423af8-CheToken.sol",
        "targets": 0
    },
    {
        "contract_name": "0x29c188b27b6b2134385f1eda2d1d8eff5446e0cf-IERC20.sol",
        "targets": 0
    },
    {
        "contract_name": "0x29c188b27b6b2134385f1eda2d1d8eff5446e0cf-SafeMath.sol",
        "targets": 0
    },
    {
        "contract_name": "0x29c188b27b6b2134385f1eda2d1d8eff5446e0cf-ERC20.sol",
        "targets": 0
    },
    {
        "contract_name": "0x29c188b27b6b2134385f1eda2d1d8eff5446e0cf-ERC20Detailed.sol",
        "targets": 0
    },
    {
        "contract_name": "0x29c188b27b6b2134385f1eda2d1d8eff5446e0cf-PB0.sol",
        "targets": 0
    },
    {
        "contract_name": "0x36a84dd5c8a606f44dc504aa3859b097083d631d-ERC20.sol",
        "targets": 0
    },
    {
        "contract_name": "0x36a84dd5c8a606f44dc504aa3859b097083d631d-SafeMath.sol",
        "targets": 0
    },
    {
        "contract_name": "0x36a84dd5c8a606f44dc504aa3859b097083d631d-Ownable.sol",
        "targets": 0
    },
    {
        "contract_name": "0x36a84dd5c8a606f44dc504aa3859b097083d631d-StandardToken.sol",
        "targets": 0
    },
    {
        "contract_name": "0x36a84dd5c8a606f44dc504aa3859b097083d631d-TravelHelperToken.sol",
        "targets": 0
    },
    {
        "contract_name": "0x31a0d1a199631d244761eeba67e8501296d2e383-Ownable.sol",
        "targets": 0
    },
    {
        "contract_name": "0x31a0d1a199631d244761eeba67e8501296d2e383-ECRecovery.sol",
        "targets": 0
    },
    {
        "contract_name": "0x31a0d1a199631d244761eeba67e8501296d2e383-Utils.sol",
        "targets": 0
    },
    {
        "contract_name": "0x31a0d1a199631d244761eeba67e8501296d2e383-RenExBrokerVerifier.sol",
        "targets": 0
    },
    {
        "contract_name": "0x25aae80249d114087944a903c12010b558772745-ERC20Basic.sol",
        "targets": 0
    },
    {
        "contract_name": "0x25aae80249d114087944a903c12010b558772745-SafeMath.sol",
        "targets": 0
    },
    {
        "contract_name": "0x25aae80249d114087944a903c12010b558772745-BasicToken.sol",
        "targets": 0
    },
    {
        "contract_name": "0x25aae80249d114087944a903c12010b558772745-ERC20.sol",
        "targets": 0
    },
    {
        "contract_name": "0x25aae80249d114087944a903c12010b558772745-StandardToken.sol",
        "targets": 0
    },
    {
        "contract_name": "0x25aae80249d114087944a903c12010b558772745-Ownable.sol",
        "targets": 0
    },
    {
        "contract_name": "0x25aae80249d114087944a903c12010b558772745-MintableToken.sol",
        "targets": 0
    },
    {
        "contract_name": "0x25aae80249d114087944a903c12010b558772745-EventaToken.sol",
        "targets": 0
    },
    {
        "contract_name": "0x38ae374ecf4db50b0ff37125b591a04997106a32-ERC20Basic.sol",
        "targets": 0
    },
    {
        "contract_name": "0x38ae374ecf4db50b0ff37125b591a04997106a32-ERC20.sol",
        "targets": 0
    },
    {
        "contract_name": "0x38ae374ecf4db50b0ff37125b591a04997106a32-ERC20OldBasic.sol",
        "targets": 0
    },
    {
        "contract_name": "0x38ae374ecf4db50b0ff37125b591a04997106a32-ERC20Old.sol",
        "targets": 0
    },
    {
        "contract_name": "0x38ae374ecf4db50b0ff37125b591a04997106a32-SafeMath.sol",
        "targets": 0
    },
    {
        "contract_name": "0x38ae374ecf4db50b0ff37125b591a04997106a32-BasicToken.sol",
        "targets": 0
    },
    {
        "contract_name": "0x38ae374ecf4db50b0ff37125b591a04997106a32-Ownable.sol",
        "targets": 0
    },
    {
        "contract_name": "0x38ae374ecf4db50b0ff37125b591a04997106a32-WrapperLock.sol",
        "targets": 0
    },
    {
        "contract_name": "0x29cf5c78268225d4c2b7cbb85b02dcf697ae920a-SafeMath.sol",
        "targets": 0
    },
    {
        "contract_name": "0x29cf5c78268225d4c2b7cbb85b02dcf697ae920a-Ownable.sol",
        "targets": 0
    },
    {
        "contract_name": "0x29cf5c78268225d4c2b7cbb85b02dcf697ae920a-Pausable.sol",
        "targets": 0
    },
    {
        "contract_name": "0x29cf5c78268225d4c2b7cbb85b02dcf697ae920a-ERC20Basic.sol",
        "targets": 0
    },
    {
        "contract_name": "0x29cf5c78268225d4c2b7cbb85b02dcf697ae920a-BasicToken.sol",
        "targets": 0
    },
    {
        "contract_name": "0x29cf5c78268225d4c2b7cbb85b02dcf697ae920a-ERC20.sol",
        "targets": 0
    },
    {
        "contract_name": "0x29cf5c78268225d4c2b7cbb85b02dcf697ae920a-StandardToken.sol",
        "targets": 0
    },
    {
        "contract_name": "0x29cf5c78268225d4c2b7cbb85b02dcf697ae920a-PausableToken.sol",
        "targets": 0
    },
    {
        "contract_name": "0x29cf5c78268225d4c2b7cbb85b02dcf697ae920a-BurnableToken.sol",
        "targets": 0
    },
    {
        "contract_name": "0x29cf5c78268225d4c2b7cbb85b02dcf697ae920a-MintableToken.sol",
        "targets": 0
    },
    {
        "contract_name": "0x29cf5c78268225d4c2b7cbb85b02dcf697ae920a-VIONcoin.sol",
        "targets": 0
    },
    {
        "contract_name": "0x20d11cb319552871969526f4c58b99c34df9e6ed-SafeMath.sol",
        "targets": 0
    },
    {
        "contract_name": "0x20d11cb319552871969526f4c58b99c34df9e6ed-Ownable.sol",
        "targets": 0
    },
    {
        "contract_name": "0x20d11cb319552871969526f4c58b99c34df9e6ed-Pausable.sol",
        "targets": 0
    },
    {
        "contract_name": "0x20d11cb319552871969526f4c58b99c34df9e6ed-ERC20Basic.sol",
        "targets": 0
    },
    {
        "contract_name": "0x20d11cb319552871969526f4c58b99c34df9e6ed-ERC20.sol",
        "targets": 0
    },
    {
        "contract_name": "0x20d11cb319552871969526f4c58b99c34df9e6ed-BasicToken.sol",
        "targets": 0
    },
    {
        "contract_name": "0x20d11cb319552871969526f4c58b99c34df9e6ed-StandardToken.sol",
        "targets": 0
    },
    {
        "contract_name": "0x20d11cb319552871969526f4c58b99c34df9e6ed-FrankToken.sol",
        "targets": 0
    },
    {
        "contract_name": "0x25e9efe21a5953ec5c494e981caabe040f8e2f7c-Ownable.sol",
        "targets": 0
    },
    {
        "contract_name": "0x25e9efe21a5953ec5c494e981caabe040f8e2f7c-ExchangeRate.sol",
        "targets": 0
    },
    {
        "contract_name": "0x26a96677aa1a4bcb7229f4825dad4835a1268d7c-SafeMath.sol",
        "targets": 0
    },
    {
        "contract_name": "0x26a96677aa1a4bcb7229f4825dad4835a1268d7c-IERC20.sol",
        "targets": 0
    },
    {
        "contract_name": "0x26a96677aa1a4bcb7229f4825dad4835a1268d7c-HubToken.sol",
        "targets": 0
    },
    {
        "contract_name": "0x35b26197ba05fca755e7ff44253bbfa036fee5b4-SafeMath.sol",
        "targets": 0
    },
    {
        "contract_name": "0x35b26197ba05fca755e7ff44253bbfa036fee5b4-Ownable.sol",
        "targets": 0
    },
    {
        "contract_name": "0x35b26197ba05fca755e7ff44253bbfa036fee5b4-IERC20.sol",
        "targets": 0
    },
    {
        "contract_name": "0x35b26197ba05fca755e7ff44253bbfa036fee5b4-ERC20.sol",
        "targets": 0
    },
    {
        "contract_name": "0x35b26197ba05fca755e7ff44253bbfa036fee5b4-ERC20Burnable.sol",
        "targets": 0
    },
    {
        "contract_name": "0x35b26197ba05fca755e7ff44253bbfa036fee5b4-ERC20Mintable.sol",
        "targets": 0
    },
    {
        "contract_name": "0x35b26197ba05fca755e7ff44253bbfa036fee5b4-tokenRecipient.sol",
        "targets": 0
    },
    {
        "contract_name": "0x35b26197ba05fca755e7ff44253bbfa036fee5b4-BFECoin.sol",
        "targets": 0
    },
    {
        "contract_name": "0x023fa9e2a97799b3d87b3fa35674b50b8b5c9f4e-JNS.sol",
        "targets": 0
    },
    {
        "contract_name": "0x22f004a328fdb5091376d8eaf83adc5bc2a33846-SafeMath.sol",
        "targets": 0
    },
    {
        "contract_name": "0x22f004a328fdb5091376d8eaf83adc5bc2a33846-Ownable.sol",
        "targets": 0
    },
    {
        "contract_name": "0x22f004a328fdb5091376d8eaf83adc5bc2a33846-ERC20Basic.sol",
        "targets": 0
    },
    {
        "contract_name": "0x22f004a328fdb5091376d8eaf83adc5bc2a33846-ERC20.sol",
        "targets": 0
    },
    {
        "contract_name": "0x22f004a328fdb5091376d8eaf83adc5bc2a33846-SafeERC20.sol",
        "targets": 0
    },
    {
        "contract_name": "0x22f004a328fdb5091376d8eaf83adc5bc2a33846-Crowdsale.sol",
        "targets": 0
    },
    {
        "contract_name": "0x22f004a328fdb5091376d8eaf83adc5bc2a33846-TimedCrowdsale.sol",
        "targets": 0
    },
    {
        "contract_name": "0x22f004a328fdb5091376d8eaf83adc5bc2a33846-FinalizableCrowdsale.sol",
        "targets": 0
    },
    {
        "contract_name": "0x22f004a328fdb5091376d8eaf83adc5bc2a33846-BasicToken.sol",
        "targets": 0
    },
    {
        "contract_name": "0x22f004a328fdb5091376d8eaf83adc5bc2a33846-StandardToken.sol",
        "targets": 0
    },
    {
        "contract_name": "0x22f004a328fdb5091376d8eaf83adc5bc2a33846-MintableToken.sol",
        "targets": 0
    },
    {
        "contract_name": "0x22f004a328fdb5091376d8eaf83adc5bc2a33846-MintedCrowdsale.sol",
        "targets": 0
    },
    {
        "contract_name": "0x22f004a328fdb5091376d8eaf83adc5bc2a33846-Pausable.sol",
        "targets": 0
    },
    {
        "contract_name": "0x22f004a328fdb5091376d8eaf83adc5bc2a33846-RealtyReturnsTokenInterface.sol",
        "targets": 0
    },
    {
        "contract_name": "0x22f004a328fdb5091376d8eaf83adc5bc2a33846-PausableToken.sol",
        "targets": 0
    },
    {
        "contract_name": "0x22f004a328fdb5091376d8eaf83adc5bc2a33846-RealtyReturnsToken.sol",
        "targets": 0
    },
    {
        "contract_name": "0x22f004a328fdb5091376d8eaf83adc5bc2a33846-LockTokenAllocation.sol",
        "targets": 0
    },
    {
        "contract_name": "0x22f004a328fdb5091376d8eaf83adc5bc2a33846-RealtyReturnsTokenCrowdsale.sol",
        "targets": 0
    },
    {
        "contract_name": "0x36f0d644877b77e1311f851c78637e774c67ae20-SafeMath.sol",
        "targets": 0
    },
    {
        "contract_name": "0x36f0d644877b77e1311f851c78637e774c67ae20-Roles.sol",
        "targets": 0
    },
    {
        "contract_name": "0x36f0d644877b77e1311f851c78637e774c67ae20-PauserRole.sol",
        "targets": 0
    },
    {
        "contract_name": "0x36f0d644877b77e1311f851c78637e774c67ae20-Pausable.sol",
        "targets": 0
    },
    {
        "contract_name": "0x36f0d644877b77e1311f851c78637e774c67ae20-Ownable.sol",
        "targets": 0
    },
    {
        "contract_name": "0x36f0d644877b77e1311f851c78637e774c67ae20-KittyBountiesAdmin.sol",
        "targets": 0
    },
    {
        "contract_name": "0x36f0d644877b77e1311f851c78637e774c67ae20-KittyCore.sol",
        "targets": 0
    },
    {
        "contract_name": "0x36f0d644877b77e1311f851c78637e774c67ae20-KittyBounties.sol",
        "targets": 0
    },
    {
        "contract_name": "0x35d6b399f2effb30a81ca9d204f90e5cc31b228a-SafeMath.sol",
        "targets": 0
    },
    {
        "contract_name": "0x35d6b399f2effb30a81ca9d204f90e5cc31b228a-ERC20.sol",
        "targets": 0
    },
    {
        "contract_name": "0x35d6b399f2effb30a81ca9d204f90e5cc31b228a-TRIPAGO.sol",
        "targets": 0
    },
    {
        "contract_name": "0x30feb5f9b9371146a63965bebbf1e2c90e5fdb0e-SafeMath.sol",
        "targets": 0
    },
    {
        "contract_name": "0x30feb5f9b9371146a63965bebbf1e2c90e5fdb0e-Ownable.sol",
        "targets": 0
    },
    {
        "contract_name": "0x30feb5f9b9371146a63965bebbf1e2c90e5fdb0e-tokenRecipient.sol",
        "targets": 0
    },
    {
        "contract_name": "0x30feb5f9b9371146a63965bebbf1e2c90e5fdb0e-TokenERC20.sol",
        "targets": 0
    },
    {
        "contract_name": "0x32b74fa63490790f6f66bc154793fcd18fc22f4a-SafeMath.sol",
        "targets": 0
    },
    {
        "contract_name": "0x32b74fa63490790f6f66bc154793fcd18fc22f4a-Ownable.sol",
        "targets": 0
    },
    {
        "contract_name": "0x32b74fa63490790f6f66bc154793fcd18fc22f4a-GTXRecord.sol",
        "targets": 0
    },
    {
        "contract_name": "0x22aae864a5b1f8e3d41bba0050e0b0027cd793ce-Token.sol",
        "targets": 0
    },
    {
        "contract_name": "0x22aae864a5b1f8e3d41bba0050e0b0027cd793ce-SafeMath.sol",
        "targets": 0
    },
    {
        "contract_name": "0x22aae864a5b1f8e3d41bba0050e0b0027cd793ce-AbstractToken.sol",
        "targets": 0
    },
    {
        "contract_name": "0x22aae864a5b1f8e3d41bba0050e0b0027cd793ce-CuboToken.sol",
        "targets": 0
    },
    {
        "contract_name": "0x034f8165470b0a26b8daac1c3cd1cc6156e8294d-SafeMath.sol",
        "targets": 0
    },
    {
        "contract_name": "0x034f8165470b0a26b8daac1c3cd1cc6156e8294d-ERC20Interface.sol",
        "targets": 0
    },
    {
        "contract_name": "0x034f8165470b0a26b8daac1c3cd1cc6156e8294d-ApproveAndCallFallBack.sol",
        "targets": 0
    },
    {
        "contract_name": "0x034f8165470b0a26b8daac1c3cd1cc6156e8294d-Owned.sol",
        "targets": 0
    },
    {
        "contract_name": "0x034f8165470b0a26b8daac1c3cd1cc6156e8294d-EracoinToken.sol",
        "targets": 0
    },
    {
        "contract_name": "0x37e5fdcbbfc038d754f84fdc3cb9c0b11535d179-SafeMath.sol",
        "targets": 0
    },
    {
        "contract_name": "0x37e5fdcbbfc038d754f84fdc3cb9c0b11535d179-ContractReceiver.sol",
        "targets": 0
    },
    {
        "contract_name": "0x37e5fdcbbfc038d754f84fdc3cb9c0b11535d179-ERC23BasicToken.sol",
        "targets": 0
    },
    {
        "contract_name": "0x37e5fdcbbfc038d754f84fdc3cb9c0b11535d179-ERC23StandardToken.sol",
        "targets": 0
    },
    {
        "contract_name": "0x37e5fdcbbfc038d754f84fdc3cb9c0b11535d179-Ownable.sol",
        "targets": 0
    },
    {
        "contract_name": "0x37e5fdcbbfc038d754f84fdc3cb9c0b11535d179-MintableToken.sol",
        "targets": 0
    },
    {
        "contract_name": "0x37e5fdcbbfc038d754f84fdc3cb9c0b11535d179-ANSAToken.sol",
        "targets": 0
    },
    {
        "contract_name": "0x31bf557a518aa5610bf89f68c29e4d51985cc370-SafeMath.sol",
        "targets": 0
    },
    {
        "contract_name": "0x31bf557a518aa5610bf89f68c29e4d51985cc370-ERC20.sol",
        "targets": 0
    },
    {
        "contract_name": "0x31bf557a518aa5610bf89f68c29e4d51985cc370-BancodeMexico.sol",
        "targets": 0
    },
    {
        "contract_name": "0x32a4e2125fc9397017e0c04a605256c8fcbd1181-SafeMath.sol",
        "targets": 0
    },
    {
        "contract_name": "0x32a4e2125fc9397017e0c04a605256c8fcbd1181-ERC20Basic.sol",
        "targets": 0
    },
    {
        "contract_name": "0x32a4e2125fc9397017e0c04a605256c8fcbd1181-BasicToken.sol",
        "targets": 0
    },
    {
        "contract_name": "0x32a4e2125fc9397017e0c04a605256c8fcbd1181-ERC20.sol",
        "targets": 0
    },
    {
        "contract_name": "0x32a4e2125fc9397017e0c04a605256c8fcbd1181-StandardToken.sol",
        "targets": 0
    },
    {
        "contract_name": "0x32a4e2125fc9397017e0c04a605256c8fcbd1181-SafeERC20.sol",
        "targets": 0
    },
    {
        "contract_name": "0x32a4e2125fc9397017e0c04a605256c8fcbd1181-Owned.sol",
        "targets": 0
    },
    {
        "contract_name": "0x32a4e2125fc9397017e0c04a605256c8fcbd1181-TokenVesting.sol",
        "targets": 0
    },
    {
        "contract_name": "0x32a4e2125fc9397017e0c04a605256c8fcbd1181-TokenVault.sol",
        "targets": 0
    },
    {
        "contract_name": "0x32a4e2125fc9397017e0c04a605256c8fcbd1181-BurnableToken.sol",
        "targets": 0
    },
    {
        "contract_name": "0x32a4e2125fc9397017e0c04a605256c8fcbd1181-JEC_Token.sol",
        "targets": 0
    },
    {
        "contract_name": "0x29c7ea0f01fc69e3acd3f5a31478a6cb9e901b17-Ownable.sol",
        "targets": 0
    },
    {
        "contract_name": "0x29c7ea0f01fc69e3acd3f5a31478a6cb9e901b17-IEOResolver.sol",
        "targets": 0
    },
    {
        "contract_name": "0x22e53d58d3f230f77dd17f509113d3e5fdf7adb8-tokenRecipient.sol",
        "targets": 0
    },
    {
        "contract_name": "0x22e53d58d3f230f77dd17f509113d3e5fdf7adb8-SIMAT.sol",
        "targets": 0
    },
    {
        "contract_name": "0x21b28d89aa81e4543fb700f8bbee909cd9e9d5db-IAccounting.sol",
        "targets": 0
    },
    {
        "contract_name": "0x21b28d89aa81e4543fb700f8bbee909cd9e9d5db-IAccountingFactory.sol",
        "targets": 0
    },
    {
        "contract_name": "0x21b28d89aa81e4543fb700f8bbee909cd9e9d5db-IERC20.sol",
        "targets": 0
    },
    {
        "contract_name": "0x21b28d89aa81e4543fb700f8bbee909cd9e9d5db-IDisputer.sol",
        "targets": 0
    },
    {
        "contract_name": "0x21b28d89aa81e4543fb700f8bbee909cd9e9d5db-ICrowdsourcerParent.sol",
        "targets": 0
    },
    {
        "contract_name": "0x21b28d89aa81e4543fb700f8bbee909cd9e9d5db-FeeWindow.sol",
        "targets": 0
    },
    {
        "contract_name": "0x21b28d89aa81e4543fb700f8bbee909cd9e9d5db-Universe.sol",
        "targets": 0
    },
    {
        "contract_name": "0x21b28d89aa81e4543fb700f8bbee909cd9e9d5db-ReportingParticipant.sol",
        "targets": 0
    },
    {
        "contract_name": "0x21b28d89aa81e4543fb700f8bbee909cd9e9d5db-Market.sol",
        "targets": 0
    },
    {
        "contract_name": "0x21b28d89aa81e4543fb700f8bbee909cd9e9d5db-ICrowdsourcer.sol",
        "targets": 0
    },
    {
        "contract_name": "0x21b28d89aa81e4543fb700f8bbee909cd9e9d5db-IDisputerFactory.sol",
        "targets": 0
    },
    {
        "contract_name": "0x21b28d89aa81e4543fb700f8bbee909cd9e9d5db-DisputerParams.sol",
        "targets": 0
    },
    {
        "contract_name": "0x21b28d89aa81e4543fb700f8bbee909cd9e9d5db-Crowdsourcer.sol",
        "targets": 0
    }
]