{"1-SafeMath.bin": 0, "1-ERC20Interface.bin": 0, "1-ApproveAndCallFallBack.bin": 0, "1-Owned.bin": 0, "1-Moveo.bin": 0, "2-IERC20.bin": 0, "2-SafeMath.bin": 0, "2-ERC20.bin": 0, "2-ERC20Detailed.bin": 0, "2-PB0.bin": 0, "3-SafeMath.bin": 0, "3-ERC20Interface.bin": 0, "3-ApproveAndCallFallBack.bin": 0, "3-Owned.bin": 0, "3-EracoinToken.bin": 0, "4-Ownable.bin": 0, "4-IEOResolver.bin": 0, "5-SafeMath.bin": 0, "5-ERC20Interface.bin": 1, "5-ApproveAndCallFallBack.bin": 1, "5-Owned.bin": 1, "5-ForTheBlockchain.bin": 1, "6-CareerOnToken.bin": 1, "7-SafeMath.bin": 0, "7-owned.bin": 1, "7-tokenRecipient.bin": 0, "7-TokenERC20.bin": 1, "7-AZT.bin": 1, "8-IERC20.bin": 0, "8-SafeMath.bin": 0, "8-ERC20Detailed.bin": 1, "8-HYDROGEN.bin": 1, "9-owned.bin": 1, "9-tokenRecipient.bin": 1, "9-Token.bin": 1, "9-SafeMath.bin": 0, "9-MindsyncPlatform.bin": 1, "10-Ownable.bin": 0, "10-ECRecovery.bin": 0, "10-Utils.bin": 0, "10-RenExBrokerVerifier.bin": 0, "11-IERC20.bin": 0, "11-PHO.bin": 1, "12-CrowdsaleToken.bin": 0, "12-CrowdsaleState.bin": 0, "12-HardCap.bin": 0, "12-Ownable.bin": 0, "12-ERC20Allowance.bin": 0, "12-CryptoPoliceProxy.bin": 0, "13-tokenRecipient.bin": 0, "13-SIMAT.bin": 0, "14-SafeMath.bin": 0, "14-ERC20TokenInterface.bin": 1, "14-ERC20Token.bin": 1, "14-AsseteGram.bin": 1, "15-SafeMath.bin": 0, "15-ETH_v3.bin": 0, "16-Owned.bin": 1, "16-SafeMath.bin": 0, "16-Token.bin": 1, "16-Staking.bin": 1, "17-SafeMath.bin": 0, "17-ERC20.bin": 0, "17-BancodeMexico.bin": 0, "18-TAMCContract.bin": 1, "19-SafeMath.bin": 0, "19-Ownable.bin": 0, "19-tokenRecipient.bin": 0, "19-TokenERC20.bin": 0, "20-EthTxOrderDependenceMinimal.bin": 1, "21-SafeMath.bin": 0, "21-ContractReceiver.bin": 0, "21-ERC23BasicToken.bin": 0, "21-ERC23StandardToken.bin": 0, "21-Ownable.bin": 0, "21-MintableToken.bin": 0, "21-ANSAToken.bin": 0, "22-SafeMath.bin": 0, "22-IERC20.bin": 0, "22-HubToken.bin": 0, "23-SafeMath.bin": 0, "23-Ownable.bin": 0, "23-CheToken.bin": 0, "24-Token.bin": 0, "24-SafeMath.bin": 0, "24-AbstractToken.bin": 0, "24-CatenaToken.bin": 0, "25-SafeMath.bin": 0, "25-owned.bin": 1, "25-ERC20Essential.bin": 0, "25-BitpayerDEX.bin": 1, "26-OddsAndEvens.bin": 1, "27-Ownable.bin": 1, "27-AccountWallet.bin": 1, "28-SafeMath.bin": 0, "28-Ownable.bin": 0, "28-ERC20Basic.bin": 0, "28-ERC20.bin": 0, "28-SafeERC20.bin": 0, "28-Crowdsale.bin": 0, "28-TimedCrowdsale.bin": 0, "28-FinalizableCrowdsale.bin": 0, "28-BasicToken.bin": 0, "28-StandardToken.bin": 0, "28-MintableToken.bin": 0, "28-MintedCrowdsale.bin": 0, "28-Pausable.bin": 0, "28-RealtyReturnsTokenInterface.bin": 0, "28-PausableToken.bin": 0, "28-RealtyReturnsToken.bin": 0, "28-LockTokenAllocation.bin": 0, "28-RealtyReturnsTokenCrowdsale.bin": 0, "29-SafeMath.bin": 0, "29-GivingLog.bin": 0, "30-SafeMath.bin": 0, "30-IERC20.bin": 0, "30-ERC20.bin": 1, "30-ERC20Detailed.bin": 1, "30-SaveWon.bin": 1, "31-SafeMath.bin": 0, "31-ERC20Interface.bin": 0, "31-ApproveAndCallFallBack.bin": 0, "31-Owned.bin": 0, "31-PUNISHMENT.bin": 0, "32-ERC20.bin": 0, "32-SafeMath.bin": 0, "32-Ownable.bin": 0, "32-StandardToken.bin": 0, "32-TravelHelperToken.bin": 0, "33-SafeMath.bin": 0, "33-ERC20Interface.bin": 0, "33-ApproveAndCallFallBack.bin": 0, "33-Owned.bin": 0, "33-FixedSupplyToken.bin": 0, "34-tokenRecipient.bin": 0, "34-MD.bin": 1, "35-SafeMath.bin": 0, "35-owned.bin": 1, "35-ethBank.bin": 1, "36-SafeMath.bin": 0, "36-ERC20Interface.bin": 1, "36-Owned.bin": 1, "36-ExclusivePlatform.bin": 1, "37-IERC20.bin": 0, "37-SafeMath.bin": 0, "37-ERC20Detailed.bin": 1, "37-BIGBOMBv2.bin": 1, "38-WhiteBetting.bin": 1, "39-MYCCToken.bin": 0, "40-SafeMath.bin": 0, "40-ERC20Interface.bin": 0, "40-ApproveAndCallFallBack.bin": 0, "40-Owned.bin": 0, "40-BlotterAcidTab.bin": 0, "41-SafeMath.bin": 0, "41-ExtendedMath.bin": 0, "41-ERC20Interface.bin": 1, "41-ApproveAndCallFallBack.bin": 1, "41-Owned.bin": 1, "41-_Yesbuzz.bin": 1, "42-IERC20.bin": 0, "42-SafeMath.bin": 0, "42-ERC20.bin": 0, "42-Roles.bin": 0, "42-Ownable.bin": 0, "42-SafeERC20.bin": 0, "42-FBB_Token.bin": 0, "43-Token.bin": 1, "43-SafeMath.bin": 0, "43-StableDEX.bin": 1, "44-FindThisHash.bin": 1, "45-Owned.bin": 1, "45-SafeMath.bin": 0, "45-Token.bin": 1, "45-Staking.bin": 1, "46-EventMetadata.bin": 1, "46-Operated.bin": 1, "46-MultiHashWrapper.bin": 1, "46-iFactory.bin": 0, "46-ProofHash.bin": 1, "46-Template.bin": 1, "46-Post.bin": 1, "47-IERC20.bin": 0, "47-SafeMath.bin": 0, "47-ERC20.bin": 1, "47-ERC20Burnable.bin": 1, "47-ERC20Detailed.bin": 1, "47-AGR.bin": 1, "48-SafeMath.bin": 0, "48-Ownable.bin": 0, "48-IERC20.bin": 0, "48-ERC20.bin": 0, "48-ERC20Burnable.bin": 0, "48-ERC20Mintable.bin": 0, "48-tokenRecipient.bin": 0, "48-BFECoin.bin": 0, "49-JNS.bin": 0, "50-IERC777.bin": 0, "50-IERC777Recipient.bin": 0, "50-IERC777Sender.bin": 0, "50-IERC20.bin": 0, "50-SafeMath.bin": 0, "50-Address.bin": 0, "50-IERC1820Registry.bin": 0, "50-ERC777.bin": 1, "50-Roles.bin": 0, "50-MinterRole.bin": 1, "50-PauserRole.bin": 1, "50-Pausable.bin": 1, "50-SKYBITToken.bin": 1, "51-Ownable.bin": 1, "51-ChannelWallet.bin": 1, "52-Ownable.bin": 0, "52-SafeMath.bin": 0, "52-Roles.bin": 0, "52-PauserRole.bin": 0, "52-Pausable.bin": 0, "52-INiftyTradingCardCreator.bin": 0, "52-INiftyFootballTradingCardGenerator.bin": 0, "52-NiftyFootballAdmin.bin": 0, "53-ERC20Basic.bin": 0, "53-Ownable.bin": 0, "53-ERC20.bin": 0, "53-Relay.bin": 0, "54-TAMC.bin": 1, "55-Token.bin": 0, "55-SafeMath.bin": 0, "55-AbstractToken.bin": 0, "55-CuboToken.bin": 0, "56-owned.bin": 1, "56-tokenRecipient.bin": 1, "56-Token.bin": 1, "56-SafeMath.bin": 0, "56-MindsyncPlatform.bin": 1, "57-Ownable.bin": 0, "57-Pausable.bin": 0, "57-SafeMath.bin": 0, "57-Stoppable.bin": 0, "57-e2pEscrow.bin": 0, "58-ERC20Basic.bin": 0, "58-ERC20.bin": 0, "58-ERC20OldBasic.bin": 0, "58-ERC20Old.bin": 0, "58-SafeMath.bin": 0, "58-BasicToken.bin": 0, "58-Ownable.bin": 0, "58-WrapperLock.bin": 0, "59-IERC20.bin": 0, "59-Marmo.bin": 0, "59-ECDSA.bin": 0, "59-Ownable.bin": 1, "59-ReentrancyGuard.bin": 1, "59-FeeTransactionManager.bin": 1, "60-IERC20.bin": 0, "60-SafeMath.bin": 0, "60-Ownable.bin": 1, "60-ERC20Detailed.bin": 1, "60-DanPanCoin.bin": 1, "61-SafeMath.bin": 0, "61-IERC20.bin": 0, "61-ERC20.bin": 0, "61-Roles.bin": 0, "61-MinterRole.bin": 0, "61-Ownable.bin": 0, "61-ERC20Mintable.bin": 0, "61-ERC20Burnable.bin": 0, "61-HadacoinV18.bin": 0, "62-ERC20Interface.bin": 1, "62-AcunarToken.bin": 1, "62-AcunarIEO.bin": 1, "63-SafeMath.bin": 0, "63-Ownable.bin": 0, "63-Pausable.bin": 0, "63-ERC20Basic.bin": 0, "63-ERC20.bin": 0, "63-BasicToken.bin": 0, "63-StandardToken.bin": 0, "63-FrankToken.bin": 0, "64-StockBet.bin": 1, "65-digitalNotary.bin": 1, "66-SafeMath.bin": 0, "66-ERC20Basic.bin": 0, "66-BasicToken.bin": 0, "66-ERC20.bin": 0, "66-StandardToken.bin": 0, "66-SafeERC20.bin": 0, "66-Owned.bin": 0, "66-TokenVesting.bin": 0, "66-TokenVault.bin": 0, "66-BurnableToken.bin": 0, "66-JEC_Token.bin": 0, "67-IERC20.bin": 0, "67-SafeMath.bin": 0, "67-ERC20.bin": 0, "67-ERC20Detailed.bin": 0, "67-GRT.bin": 0, "68-ERC20Interface.bin": 1, "68-IERC20Interface.bin": 1, "68-RaffleToken.bin": 0, "68-SafeMath.bin": 0, "68-RaffleTokenExchange.bin": 1, "69-SafeMath.bin": 0, "69-IERC20.bin": 0, "69-ERC20.bin": 0, "69-ERC20Detailed.bin": 0, "69-DecimatedERC20.bin": 0, "70-SafeMath.bin": 0, "70-Roles.bin": 0, "70-PauserRole.bin": 0, "70-Pausable.bin": 0, "70-Ownable.bin": 0, "70-KittyBountiesAdmin.bin": 0, "70-KittyCore.bin": 0, "70-KittyBounties.bin": 0, "71-SafeMath.bin": 0, "71-FomoFeast.bin": 1, "72-Ownable.bin": 1, "72-SafeMath.bin": 0, "72-LollypopToken.bin": 1, "73-SafeMath.bin": 0, "73-ERC20.bin": 0, "73-CentralBankofSeychelles.bin": 0, "74-Ownable.bin": 0, "74-IERC20.bin": 0, "74-Airdrop.bin": 0, "75-ERC20Basic.bin": 0, "75-SafeMath.bin": 0, "75-BasicToken.bin": 0, "75-ERC20.bin": 0, "75-StandardToken.bin": 0, "75-Ownable.bin": 0, "75-MintableToken.bin": 0, "75-EventaToken.bin": 0, "76-SafeMath.bin": 0, "76-ERC20.bin": 1, "77-SafeMath.bin": 0, "77-Ownable.bin": 0, "77-Pausable.bin": 0, "77-ERC20Basic.bin": 0, "77-BasicToken.bin": 0, "77-ERC20.bin": 0, "77-StandardToken.bin": 0, "77-PausableToken.bin": 0, "77-BurnableToken.bin": 0, "77-MintableToken.bin": 0, "77-VIONcoin.bin": 0, "78-SafeMath.bin": 0, "78-Ownable.bin": 0, "78-GTXRecord.bin": 0, "79-SafeMath.bin": 0, "79-ERC20.bin": 0, "79-Ownable.bin": 0, "79-MultiToken.bin": 0, "80-SafeMath.bin": 0, "80-IERC20.bin": 0, "80-ERC20.bin": 1, "80-ERC20Detailed.bin": 1, "80-SimpleSwapCoin.bin": 1, "81-SafeMath.bin": 0, "81-ERC20Interface.bin": 1, "81-ApproveAndCallFallBack.bin": 1, "81-Owned.bin": 1, "81-QurasToken.bin": 1, "82-Ownable.bin": 1, "82-Stoppable.bin": 1, "82-RampInstantPoolInterface.bin": 0, "82-RampInstantEscrowsPoolInterface.bin": 1, "82-RampInstantPool.bin": 1, "82-RampInstantEthPool.bin": 1, "83-CareerOnToken.bin": 1, "84-Ownable.bin": 0, "84-ExchangeRate.bin": 0, "85-EventMetadata.bin": 1, "85-Operated.bin": 1, "85-ProofHashes.bin": 1, "85-MultiHashWrapper.bin": 1, "85-iFactory.bin": 0, "85-Template.bin": 1, "85-Feed.bin": 1, "86-IAccounting.bin": 0, "86-IAccountingFactory.bin": 0, "86-IERC20.bin": 0, "86-IDisputer.bin": 0, "86-ICrowdsourcerParent.bin": 0, "86-FeeWindow.bin": 0, "86-Universe.bin": 0, "86-ReportingParticipant.bin": 0, "86-Market.bin": 0, "86-ICrowdsourcer.bin": 0, "86-IDisputerFactory.bin": 0, "86-DisputerParams.bin": 0, "86-Crowdsourcer.bin": 0, "87-SafeMath.bin": 0, "87-ERC20.bin": 0, "87-TRIPAGO.bin": 0, "88-SafeMath.bin": 0, "88-IERC20.bin": 0, "88-UBBCToken.bin": 1}