[
    {
        "contract_name": "phishable-Phishable.sol",
        "targets": 1
    },
    {
        "contract_name": "rubixi-Rubixi.sol",
        "targets": 1
    },
    {
        "contract_name": "proxy-Proxy.sol",
        "targets": 1
    },
    {
        "contract_name": "wallet_02_refund_nosub-Wallet.sol",
        "targets": 1
    },
    {
        "contract_name": "simple_suicide-SimpleSuicide.sol",
        "targets": 1
    },
    {
        "contract_name": "unprotected0-Unprotected.sol",
        "targets": 1
    },
    {
        "contract_name": "incorrect_constructor_name1-Missing.sol",
        "targets": 1
    },
    {
        "contract_name": "wallet_03_wrong_constructor-Wallet.sol",
        "targets": 1
    },
    {
        "contract_name": "parity_wallet_bug_2-WalletEvents.sol",
        "targets": 0
    },
    {
        "contract_name": "parity_wallet_bug_2-WalletAbi.sol",
        "targets": 0
    },
    {
        "contract_name": "parity_wallet_bug_2-WalletLibrary.sol",
        "targets": 1
    },
    {
        "contract_name": "incorrect_constructor_name3-Missing.sol",
        "targets": 1
    },
    {
        "contract_name": "FibonacciBalance-FibonacciBalance.sol",
        "targets": 1
    },
    {
        "contract_name": "FibonacciBalance-FibonacciLib.sol",
        "targets": 0
    },
    {
        "contract_name": "mapping_write-Map.sol",
        "targets": 1
    },
    {
        "contract_name": "multiowned_vulnerable-MultiOwnable.sol",
        "targets": 1
    },
    {
        "contract_name": "multiowned_vulnerable-TestContract.sol",
        "targets": 0
    },
    {
        "contract_name": "incorrect_constructor_name2-Missing.sol",
        "targets": 1
    },
    {
        "contract_name": "arbitrary_location_write_simple-Wallet.sol",
        "targets": 1
    },
    {
        "contract_name": "mycontract-MyContract.sol",
        "targets": 1
    },
    {
        "contract_name": "wallet_04_confused_sign-Wallet.sol",
        "targets": 1
    },
    {
        "contract_name": "buggy_50-digitalNotary.sol",
        "targets": 1
    },
    {
        "contract_name": "buggy_18-SafeMath.sol",
        "targets": 0
    },
    {
        "contract_name": "buggy_18-ExtendedMath.sol",
        "targets": 0
    },
    {
        "contract_name": "buggy_18-ERC20Interface.sol",
        "targets": 1
    },
    {
        "contract_name": "buggy_18-ApproveAndCallFallBack.sol",
        "targets": 1
    },
    {
        "contract_name": "buggy_18-Owned.sol",
        "targets": 1
    },
    {
        "contract_name": "buggy_18-_Yesbuzz.sol",
        "targets": 1
    },
    {
        "contract_name": "buggy_29-ERC20Interface.sol",
        "targets": 1
    },
    {
        "contract_name": "buggy_29-IERC20Interface.sol",
        "targets": 1
    },
    {
        "contract_name": "buggy_29-RaffleToken.sol",
        "targets": 0
    },
    {
        "contract_name": "buggy_29-SafeMath.sol",
        "targets": 0
    },
    {
        "contract_name": "buggy_29-RaffleTokenExchange.sol",
        "targets": 1
    },
    {
        "contract_name": "buggy_30-IERC777.sol",
        "targets": 0
    },
    {
        "contract_name": "buggy_30-IERC777Recipient.sol",
        "targets": 0
    },
    {
        "contract_name": "buggy_30-IERC777Sender.sol",
        "targets": 0
    },
    {
        "contract_name": "buggy_30-IERC20.sol",
        "targets": 0
    },
    {
        "contract_name": "buggy_30-SafeMath.sol",
        "targets": 0
    },
    {
        "contract_name": "buggy_30-Address.sol",
        "targets": 0
    },
    {
        "contract_name": "buggy_30-IERC1820Registry.sol",
        "targets": 0
    },
    {
        "contract_name": "buggy_30-ERC777.sol",
        "targets": 1
    },
    {
        "contract_name": "buggy_30-Roles.sol",
        "targets": 0
    },
    {
        "contract_name": "buggy_30-MinterRole.sol",
        "targets": 1
    },
    {
        "contract_name": "buggy_30-PauserRole.sol",
        "targets": 1
    },
    {
        "contract_name": "buggy_30-Pausable.sol",
        "targets": 1
    },
    {
        "contract_name": "buggy_30-SKYBITToken.sol",
        "targets": 1
    },
    {
        "contract_name": "buggy_21-Token.sol",
        "targets": 1
    },
    {
        "contract_name": "buggy_21-SafeMath.sol",
        "targets": 0
    },
    {
        "contract_name": "buggy_21-StableDEX.sol",
        "targets": 1
    },
    {
        "contract_name": "buggy_48-SafeMath.sol",
        "targets": 0
    },
    {
        "contract_name": "buggy_48-ERC20Interface.sol",
        "targets": 1
    },
    {
        "contract_name": "buggy_48-ApproveAndCallFallBack.sol",
        "targets": 1
    },
    {
        "contract_name": "buggy_48-Owned.sol",
        "targets": 1
    },
    {
        "contract_name": "buggy_48-QurasToken.sol",
        "targets": 1
    },
    {
        "contract_name": "buggy_4-IERC20.sol",
        "targets": 0
    },
    {
        "contract_name": "buggy_4-PHO.sol",
        "targets": 1
    },
    {
        "contract_name": "buggy_15-tokenRecipient.sol",
        "targets": 0
    },
    {
        "contract_name": "buggy_15-MD.sol",
        "targets": 1
    },
    {
        "contract_name": "buggy_19-SafeMath.sol",
        "targets": 0
    },
    {
        "contract_name": "buggy_19-owned.sol",
        "targets": 1
    },
    {
        "contract_name": "buggy_19-ethBank.sol",
        "targets": 1
    },
    {
        "contract_name": "buggy_22-owned.sol",
        "targets": 1
    },
    {
        "contract_name": "buggy_22-tokenRecipient.sol",
        "targets": 1
    },
    {
        "contract_name": "buggy_22-Token.sol",
        "targets": 1
    },
    {
        "contract_name": "buggy_22-SafeMath.sol",
        "targets": 0
    },
    {
        "contract_name": "buggy_22-MindsyncPlatform.sol",
        "targets": 1
    },
    {
        "contract_name": "buggy_20-Ownable.sol",
        "targets": 1
    },
    {
        "contract_name": "buggy_20-Stoppable.sol",
        "targets": 1
    },
    {
        "contract_name": "buggy_20-RampInstantPoolInterface.sol",
        "targets": 0
    },
    {
        "contract_name": "buggy_20-RampInstantEscrowsPoolInterface.sol",
        "targets": 1
    },
    {
        "contract_name": "buggy_20-RampInstantPool.sol",
        "targets": 1
    },
    {
        "contract_name": "buggy_20-RampInstantEthPool.sol",
        "targets": 1
    },
    {
        "contract_name": "buggy_45-StockBet.sol",
        "targets": 1
    },
    {
        "contract_name": "buggy_31-IERC20.sol",
        "targets": 0
    },
    {
        "contract_name": "buggy_31-Marmo.sol",
        "targets": 0
    },
    {
        "contract_name": "buggy_31-ECDSA.sol",
        "targets": 0
    },
    {
        "contract_name": "buggy_31-Ownable.sol",
        "targets": 1
    },
    {
        "contract_name": "buggy_31-ReentrancyGuard.sol",
        "targets": 1
    },
    {
        "contract_name": "buggy_31-FeeTransactionManager.sol",
        "targets": 1
    },
    {
        "contract_name": "buggy_26-SafeMath.sol",
        "targets": 0
    },
    {
        "contract_name": "buggy_26-IERC20.sol",
        "targets": 0
    },
    {
        "contract_name": "buggy_26-UBBCToken.sol",
        "targets": 1
    },
    {
        "contract_name": "buggy_44-EventMetadata.sol",
        "targets": 1
    },
    {
        "contract_name": "buggy_44-Operated.sol",
        "targets": 1
    },
    {
        "contract_name": "buggy_44-ProofHashes.sol",
        "targets": 1
    },
    {
        "contract_name": "buggy_44-MultiHashWrapper.sol",
        "targets": 1
    },
    {
        "contract_name": "buggy_44-iFactory.sol",
        "targets": 0
    },
    {
        "contract_name": "buggy_44-Template.sol",
        "targets": 1
    },
    {
        "contract_name": "buggy_44-Feed.sol",
        "targets": 1
    },
    {
        "contract_name": "buggy_27-IERC20.sol",
        "targets": 0
    },
    {
        "contract_name": "buggy_27-SafeMath.sol",
        "targets": 0
    },
    {
        "contract_name": "buggy_27-Ownable.sol",
        "targets": 1
    },
    {
        "contract_name": "buggy_27-ERC20Detailed.sol",
        "targets": 1
    },
    {
        "contract_name": "buggy_27-DanPanCoin.sol",
        "targets": 1
    },
    {
        "contract_name": "buggy_24-SafeMath.sol",
        "targets": 0
    },
    {
        "contract_name": "buggy_24-FomoFeast.sol",
        "targets": 1
    },
    {
        "contract_name": "buggy_43-EventMetadata.sol",
        "targets": 1
    },
    {
        "contract_name": "buggy_43-Operated.sol",
        "targets": 1
    },
    {
        "contract_name": "buggy_43-MultiHashWrapper.sol",
        "targets": 1
    },
    {
        "contract_name": "buggy_43-iFactory.sol",
        "targets": 0
    },
    {
        "contract_name": "buggy_43-ProofHash.sol",
        "targets": 1
    },
    {
        "contract_name": "buggy_43-Template.sol",
        "targets": 1
    },
    {
        "contract_name": "buggy_43-Post.sol",
        "targets": 1
    },
    {
        "contract_name": "buggy_40-SafeMath.sol",
        "targets": 0
    },
    {
        "contract_name": "buggy_40-IERC20.sol",
        "targets": 0
    },
    {
        "contract_name": "buggy_40-ERC20.sol",
        "targets": 1
    },
    {
        "contract_name": "buggy_40-ERC20Detailed.sol",
        "targets": 1
    },
    {
        "contract_name": "buggy_40-SimpleSwapCoin.sol",
        "targets": 1
    },
    {
        "contract_name": "buggy_47-ERC20Interface.sol",
        "targets": 1
    },
    {
        "contract_name": "buggy_47-AcunarToken.sol",
        "targets": 1
    },
    {
        "contract_name": "buggy_47-AcunarIEO.sol",
        "targets": 1
    },
    {
        "contract_name": "buggy_49-TAMC.sol",
        "targets": 1
    },
    {
        "contract_name": "buggy_3-CareerOnToken.sol",
        "targets": 1
    },
    {
        "contract_name": "buggy_23-IERC20.sol",
        "targets": 0
    },
    {
        "contract_name": "buggy_23-SafeMath.sol",
        "targets": 0
    },
    {
        "contract_name": "buggy_23-ERC20.sol",
        "targets": 1
    },
    {
        "contract_name": "buggy_23-ERC20Burnable.sol",
        "targets": 1
    },
    {
        "contract_name": "buggy_23-ERC20Detailed.sol",
        "targets": 1
    },
    {
        "contract_name": "buggy_23-AGR.sol",
        "targets": 1
    },
    {
        "contract_name": "buggy_38-IERC20.sol",
        "targets": 0
    },
    {
        "contract_name": "buggy_38-SafeMath.sol",
        "targets": 0
    },
    {
        "contract_name": "buggy_38-ERC20Detailed.sol",
        "targets": 1
    },
    {
        "contract_name": "buggy_38-BIGBOMBv2.sol",
        "targets": 1
    },
    {
        "contract_name": "buggy_34-Ownable.sol",
        "targets": 1
    },
    {
        "contract_name": "buggy_34-SafeMath.sol",
        "targets": 0
    },
    {
        "contract_name": "buggy_34-LollypopToken.sol",
        "targets": 1
    },
    {
        "contract_name": "buggy_35-SafeMath.sol",
        "targets": 0
    },
    {
        "contract_name": "buggy_35-owned.sol",
        "targets": 1
    },
    {
        "contract_name": "buggy_35-ERC20Essential.sol",
        "targets": 0
    },
    {
        "contract_name": "buggy_35-BitpayerDEX.sol",
        "targets": 1
    },
    {
        "contract_name": "buggy_36-owned.sol",
        "targets": 1
    },
    {
        "contract_name": "buggy_36-tokenRecipient.sol",
        "targets": 1
    },
    {
        "contract_name": "buggy_36-Token.sol",
        "targets": 1
    },
    {
        "contract_name": "buggy_36-SafeMath.sol",
        "targets": 0
    },
    {
        "contract_name": "buggy_36-MindsyncPlatform.sol",
        "targets": 1
    },
    {
        "contract_name": "buggy_7-Ownable.sol",
        "targets": 1
    },
    {
        "contract_name": "buggy_7-AccountWallet.sol",
        "targets": 1
    },
    {
        "contract_name": "buggy_6-Ownable.sol",
        "targets": 1
    },
    {
        "contract_name": "buggy_6-ChannelWallet.sol",
        "targets": 1
    },
    {
        "contract_name": "buggy_11-SafeMath.sol",
        "targets": 0
    },
    {
        "contract_name": "buggy_11-ERC20Interface.sol",
        "targets": 1
    },
    {
        "contract_name": "buggy_11-ApproveAndCallFallBack.sol",
        "targets": 1
    },
    {
        "contract_name": "buggy_11-Owned.sol",
        "targets": 1
    },
    {
        "contract_name": "buggy_11-ForTheBlockchain.sol",
        "targets": 1
    },
    {
        "contract_name": "buggy_16-SafeMath.sol",
        "targets": 0
    },
    {
        "contract_name": "buggy_16-ERC20Interface.sol",
        "targets": 1
    },
    {
        "contract_name": "buggy_16-Owned.sol",
        "targets": 1
    },
    {
        "contract_name": "buggy_16-ExclusivePlatform.sol",
        "targets": 1
    },
    {
        "contract_name": "buggy_33-Owned.sol",
        "targets": 1
    },
    {
        "contract_name": "buggy_33-SafeMath.sol",
        "targets": 0
    },
    {
        "contract_name": "buggy_33-Token.sol",
        "targets": 1
    },
    {
        "contract_name": "buggy_33-Staking.sol",
        "targets": 1
    },
    {
        "contract_name": "buggy_28-IERC20.sol",
        "targets": 0
    },
    {
        "contract_name": "buggy_28-SafeMath.sol",
        "targets": 0
    },
    {
        "contract_name": "buggy_28-ERC20Detailed.sol",
        "targets": 1
    },
    {
        "contract_name": "buggy_28-HYDROGEN.sol",
        "targets": 1
    },
    {
        "contract_name": "buggy_2-CareerOnToken.sol",
        "targets": 1
    },
    {
        "contract_name": "buggy_32-SafeMath.sol",
        "targets": 0
    },
    {
        "contract_name": "buggy_32-ERC20TokenInterface.sol",
        "targets": 1
    },
    {
        "contract_name": "buggy_32-ERC20Token.sol",
        "targets": 1
    },
    {
        "contract_name": "buggy_32-AsseteGram.sol",
        "targets": 1
    },
    {
        "contract_name": "buggy_17-SafeMath.sol",
        "targets": 0
    },
    {
        "contract_name": "buggy_17-owned.sol",
        "targets": 1
    },
    {
        "contract_name": "buggy_17-tokenRecipient.sol",
        "targets": 0
    },
    {
        "contract_name": "buggy_17-TokenERC20.sol",
        "targets": 1
    },
    {
        "contract_name": "buggy_17-AZT.sol",
        "targets": 1
    },
    {
        "contract_name": "buggy_39-TAMCContract.sol",
        "targets": 1
    },
    {
        "contract_name": "buggy_14-SafeMath.sol",
        "targets": 0
    },
    {
        "contract_name": "buggy_14-IERC20.sol",
        "targets": 0
    },
    {
        "contract_name": "buggy_14-ERC20.sol",
        "targets": 1
    },
    {
        "contract_name": "buggy_14-ERC20Detailed.sol",
        "targets": 1
    },
    {
        "contract_name": "buggy_14-SaveWon.sol",
        "targets": 1
    },
    {
        "contract_name": "buggy_42-Owned.sol",
        "targets": 1
    },
    {
        "contract_name": "buggy_42-SafeMath.sol",
        "targets": 0
    },
    {
        "contract_name": "buggy_42-Token.sol",
        "targets": 1
    },
    {
        "contract_name": "buggy_42-Staking.sol",
        "targets": 1
    },
    {
        "contract_name": "buggy_25-WhiteBetting.sol",
        "targets": 1
    },
    {
        "contract_name": "0x0be4a987fd8dcbd2fff64ba4131d3a208307f667-Ownable.sol",
        "targets": 0
    },
    {
        "contract_name": "0x0be4a987fd8dcbd2fff64ba4131d3a208307f667-Roles.sol",
        "targets": 0
    },
    {
        "contract_name": "0x0be4a987fd8dcbd2fff64ba4131d3a208307f667-RBAC.sol",
        "targets": 0
    },
    {
        "contract_name": "0x0be4a987fd8dcbd2fff64ba4131d3a208307f667-SafeMath.sol",
        "targets": 0
    },
    {
        "contract_name": "0x0be4a987fd8dcbd2fff64ba4131d3a208307f667-ERC20Basic.sol",
        "targets": 0
    },
    {
        "contract_name": "0x0be4a987fd8dcbd2fff64ba4131d3a208307f667-ERC20.sol",
        "targets": 0
    },
    {
        "contract_name": "0x0be4a987fd8dcbd2fff64ba4131d3a208307f667-BasicToken.sol",
        "targets": 0
    },
    {
        "contract_name": "0x0be4a987fd8dcbd2fff64ba4131d3a208307f667-StandardToken.sol",
        "targets": 0
    },
    {
        "contract_name": "0x0be4a987fd8dcbd2fff64ba4131d3a208307f667-Pausable.sol",
        "targets": 0
    },
    {
        "contract_name": "0x0be4a987fd8dcbd2fff64ba4131d3a208307f667-PausableToken.sol",
        "targets": 0
    },
    {
        "contract_name": "0x0be4a987fd8dcbd2fff64ba4131d3a208307f667-BlackListToken.sol",
        "targets": 0
    },
    {
        "contract_name": "0x0be4a987fd8dcbd2fff64ba4131d3a208307f667-TwoPhaseToken.sol",
        "targets": 0
    },
    {
        "contract_name": "0x0be4a987fd8dcbd2fff64ba4131d3a208307f667-UpgradedStandardToken.sol",
        "targets": 0
    },
    {
        "contract_name": "0x0be4a987fd8dcbd2fff64ba4131d3a208307f667-WitToken.sol",
        "targets": 0
    },
    {
        "contract_name": "0x000c100050e98c91f9114fa5dd75ce6869bf4f53-IERC20.sol",
        "targets": 0
    },
    {
        "contract_name": "0x000c100050e98c91f9114fa5dd75ce6869bf4f53-ERC20Detailed.sol",
        "targets": 0
    },
    {
        "contract_name": "0x000c100050e98c91f9114fa5dd75ce6869bf4f53-SafeMath.sol",
        "targets": 0
    },
    {
        "contract_name": "0x000c100050e98c91f9114fa5dd75ce6869bf4f53-ERC20.sol",
        "targets": 0
    },
    {
        "contract_name": "0x000c100050e98c91f9114fa5dd75ce6869bf4f53-ERC20Burnable.sol",
        "targets": 0
    },
    {
        "contract_name": "0x000c100050e98c91f9114fa5dd75ce6869bf4f53-Ownable.sol",
        "targets": 0
    },
    {
        "contract_name": "0x000c100050e98c91f9114fa5dd75ce6869bf4f53-Roles.sol",
        "targets": 0
    },
    {
        "contract_name": "0x000c100050e98c91f9114fa5dd75ce6869bf4f53-PauserRole.sol",
        "targets": 0
    },
    {
        "contract_name": "0x000c100050e98c91f9114fa5dd75ce6869bf4f53-Pausable.sol",
        "targets": 0
    },
    {
        "contract_name": "0x000c100050e98c91f9114fa5dd75ce6869bf4f53-MinterRole.sol",
        "targets": 0
    },
    {
        "contract_name": "0x000c100050e98c91f9114fa5dd75ce6869bf4f53-WhitelistAdminRole.sol",
        "targets": 0
    },
    {
        "contract_name": "0x000c100050e98c91f9114fa5dd75ce6869bf4f53-WhitelistedRole.sol",
        "targets": 0
    },
    {
        "contract_name": "0x000c100050e98c91f9114fa5dd75ce6869bf4f53-InvictusWhitelist.sol",
        "targets": 0
    },
    {
        "contract_name": "0x000c100050e98c91f9114fa5dd75ce6869bf4f53-C10Token.sol",
        "targets": 0
    },
    {
        "contract_name": "0x0b54c811cd4fd4d27c2ff0061c3831427d89b73c-SafeMath.sol",
        "targets": 0
    },
    {
        "contract_name": "0x0b54c811cd4fd4d27c2ff0061c3831427d89b73c-Roles.sol",
        "targets": 0
    },
    {
        "contract_name": "0x0b54c811cd4fd4d27c2ff0061c3831427d89b73c-CapperRole.sol",
        "targets": 0
    },
    {
        "contract_name": "0x0b54c811cd4fd4d27c2ff0061c3831427d89b73c-PauserRole.sol",
        "targets": 0
    },
    {
        "contract_name": "0x0b54c811cd4fd4d27c2ff0061c3831427d89b73c-Pausable.sol",
        "targets": 0
    },
    {
        "contract_name": "0x0b54c811cd4fd4d27c2ff0061c3831427d89b73c-MinterRole.sol",
        "targets": 0
    },
    {
        "contract_name": "0x0b54c811cd4fd4d27c2ff0061c3831427d89b73c-IERC20.sol",
        "targets": 0
    },
    {
        "contract_name": "0x0b54c811cd4fd4d27c2ff0061c3831427d89b73c-ERC20.sol",
        "targets": 0
    },
    {
        "contract_name": "0x0b54c811cd4fd4d27c2ff0061c3831427d89b73c-ERC20Mintable.sol",
        "targets": 0
    },
    {
        "contract_name": "0x0b54c811cd4fd4d27c2ff0061c3831427d89b73c-ERC20Burnable.sol",
        "targets": 0
    },
    {
        "contract_name": "0x0b54c811cd4fd4d27c2ff0061c3831427d89b73c-ERC20Capped.sol",
        "targets": 0
    },
    {
        "contract_name": "0x0b54c811cd4fd4d27c2ff0061c3831427d89b73c-ERC20Pausable.sol",
        "targets": 0
    },
    {
        "contract_name": "0x0b54c811cd4fd4d27c2ff0061c3831427d89b73c-Ownable.sol",
        "targets": 0
    },
    {
        "contract_name": "0x0b54c811cd4fd4d27c2ff0061c3831427d89b73c-BlueseedsToken.sol",
        "targets": 0
    },
    {
        "contract_name": "0x0ef23ae0a27130999bf9d886e9598ff355ecf323-Voucher.sol",
        "targets": 0
    },
    {
        "contract_name": "0x0f02e27745e3b6e9e1310d19469e2b5d7b5ec99a-IERC20.sol",
        "targets": 0
    },
    {
        "contract_name": "0x0f02e27745e3b6e9e1310d19469e2b5d7b5ec99a-SafeMath.sol",
        "targets": 0
    },
    {
        "contract_name": "0x0f02e27745e3b6e9e1310d19469e2b5d7b5ec99a-ERC20.sol",
        "targets": 0
    },
    {
        "contract_name": "0x0f02e27745e3b6e9e1310d19469e2b5d7b5ec99a-Peculium.sol",
        "targets": 0
    },
    {
        "contract_name": "0x0df53a6946b21146a817c8c9e4792dc442bbded2-IERC20.sol",
        "targets": 0
    },
    {
        "contract_name": "0x0df53a6946b21146a817c8c9e4792dc442bbded2-SafeMath.sol",
        "targets": 0
    },
    {
        "contract_name": "0x0df53a6946b21146a817c8c9e4792dc442bbded2-ERC20.sol",
        "targets": 0
    },
    {
        "contract_name": "0x0df53a6946b21146a817c8c9e4792dc442bbded2-ERC20Detailed.sol",
        "targets": 0
    },
    {
        "contract_name": "0x0df53a6946b21146a817c8c9e4792dc442bbded2-Roles.sol",
        "targets": 0
    },
    {
        "contract_name": "0x0df53a6946b21146a817c8c9e4792dc442bbded2-MinterRole.sol",
        "targets": 0
    },
    {
        "contract_name": "0x0df53a6946b21146a817c8c9e4792dc442bbded2-ERC20Mintable.sol",
        "targets": 0
    },
    {
        "contract_name": "0x0df53a6946b21146a817c8c9e4792dc442bbded2-ClcgToken.sol",
        "targets": 0
    },
    {
        "contract_name": "0x0f35d82007119dc339af57b29dc8ae794b92926c-Ownable.sol",
        "targets": 0
    },
    {
        "contract_name": "0x0f35d82007119dc339af57b29dc8ae794b92926c-Autonomy.sol",
        "targets": 0
    },
    {
        "contract_name": "0x0f35d82007119dc339af57b29dc8ae794b92926c-Destructible.sol",
        "targets": 0
    },
    {
        "contract_name": "0x0f35d82007119dc339af57b29dc8ae794b92926c-Claimable.sol",
        "targets": 0
    },
    {
        "contract_name": "0x0f35d82007119dc339af57b29dc8ae794b92926c-DRCWalletMgrParams.sol",
        "targets": 0
    },
    {
        "contract_name": "0x01a47f1d07f1fd01b6499a4eef7abdc5e9cd3372-Roles.sol",
        "targets": 0
    },
    {
        "contract_name": "0x01a47f1d07f1fd01b6499a4eef7abdc5e9cd3372-MinterRole.sol",
        "targets": 0
    },
    {
        "contract_name": "0x01a47f1d07f1fd01b6499a4eef7abdc5e9cd3372-SafeMath.sol",
        "targets": 0
    },
    {
        "contract_name": "0x01a47f1d07f1fd01b6499a4eef7abdc5e9cd3372-IERC20.sol",
        "targets": 0
    },
    {
        "contract_name": "0x01a47f1d07f1fd01b6499a4eef7abdc5e9cd3372-ERC20.sol",
        "targets": 0
    },
    {
        "contract_name": "0x01a47f1d07f1fd01b6499a4eef7abdc5e9cd3372-ERC20Burnable.sol",
        "targets": 0
    },
    {
        "contract_name": "0x01a47f1d07f1fd01b6499a4eef7abdc5e9cd3372-ERC20Mintable.sol",
        "targets": 0
    },
    {
        "contract_name": "0x01a47f1d07f1fd01b6499a4eef7abdc5e9cd3372-AzulToken.sol",
        "targets": 0
    },
    {
        "contract_name": "0x0e5d3380806f947b151fc3c9ba8946453fada97a-SafeMath.sol",
        "targets": 0
    },
    {
        "contract_name": "0x0e5d3380806f947b151fc3c9ba8946453fada97a-ERC20Basic.sol",
        "targets": 0
    },
    {
        "contract_name": "0x0e5d3380806f947b151fc3c9ba8946453fada97a-ERC20.sol",
        "targets": 0
    },
    {
        "contract_name": "0x0e5d3380806f947b151fc3c9ba8946453fada97a-BasicToken.sol",
        "targets": 0
    },
    {
        "contract_name": "0x0e5d3380806f947b151fc3c9ba8946453fada97a-StandardToken.sol",
        "targets": 0
    },
    {
        "contract_name": "0x0e5d3380806f947b151fc3c9ba8946453fada97a-Ownable.sol",
        "targets": 0
    },
    {
        "contract_name": "0x0e5d3380806f947b151fc3c9ba8946453fada97a-Gentrion.sol",
        "targets": 0
    },
    {
        "contract_name": "0x000adad69101420129a64715a1a52b7348c5e633-IERC20.sol",
        "targets": 0
    },
    {
        "contract_name": "0x000adad69101420129a64715a1a52b7348c5e633-Ownable.sol",
        "targets": 0
    },
    {
        "contract_name": "0x000adad69101420129a64715a1a52b7348c5e633-DIP_Team_Transfer.sol",
        "targets": 0
    },
    {
        "contract_name": "0x0f1ed66c251bcb52ecf7e67ac64bb72482048adb-ERC20.sol",
        "targets": 0
    },
    {
        "contract_name": "0x0f1ed66c251bcb52ecf7e67ac64bb72482048adb-DSMath.sol",
        "targets": 0
    },
    {
        "contract_name": "0x0f1ed66c251bcb52ecf7e67ac64bb72482048adb-SEER.sol",
        "targets": 0
    },
    {
        "contract_name": "0x0ab38601a798c4ee31401371ff817b78bb19b7b6-ERC20Interface.sol",
        "targets": 0
    },
    {
        "contract_name": "0x0ab38601a798c4ee31401371ff817b78bb19b7b6-UsernameRegistry.sol",
        "targets": 0
    },
    {
        "contract_name": "0x1a09bfbec6487fd11c75a60aa4d39ebf47da6eff-Ownable.sol",
        "targets": 0
    },
    {
        "contract_name": "0x1a09bfbec6487fd11c75a60aa4d39ebf47da6eff-Migrations.sol",
        "targets": 0
    },
    {
        "contract_name": "0x0de059aa5dd17427b58145782143c4e3d2dda6ab-SafeMath.sol",
        "targets": 0
    },
    {
        "contract_name": "0x0de059aa5dd17427b58145782143c4e3d2dda6ab-ERC20Basic.sol",
        "targets": 0
    },
    {
        "contract_name": "0x0de059aa5dd17427b58145782143c4e3d2dda6ab-ERC20.sol",
        "targets": 0
    },
    {
        "contract_name": "0x0de059aa5dd17427b58145782143c4e3d2dda6ab-BasicToken.sol",
        "targets": 0
    },
    {
        "contract_name": "0x0de059aa5dd17427b58145782143c4e3d2dda6ab-StandardToken.sol",
        "targets": 0
    },
    {
        "contract_name": "0x0de059aa5dd17427b58145782143c4e3d2dda6ab-CodeToken.sol",
        "targets": 0
    },
    {
        "contract_name": "0x1a6ea5a886fb8fd61b9cbf83d47e5b07aec897f5-SafeMath.sol",
        "targets": 0
    },
    {
        "contract_name": "0x1a6ea5a886fb8fd61b9cbf83d47e5b07aec897f5-ERC20Interface.sol",
        "targets": 0
    },
    {
        "contract_name": "0x1a6ea5a886fb8fd61b9cbf83d47e5b07aec897f5-ApproveAndCallFallBack.sol",
        "targets": 0
    },
    {
        "contract_name": "0x1a6ea5a886fb8fd61b9cbf83d47e5b07aec897f5-Owned.sol",
        "targets": 0
    },
    {
        "contract_name": "0x1a6ea5a886fb8fd61b9cbf83d47e5b07aec897f5-FixedSupplyToken.sol",
        "targets": 0
    },
    {
        "contract_name": "0x0b5828d786f397c73554c5b091aa9ea108fffc51-Ownable.sol",
        "targets": 0
    },
    {
        "contract_name": "0x0b5828d786f397c73554c5b091aa9ea108fffc51-Manageable.sol",
        "targets": 0
    },
    {
        "contract_name": "0x0b5828d786f397c73554c5b091aa9ea108fffc51-TilcoinStorage.sol",
        "targets": 0
    },
    {
        "contract_name": "0x00c8162c86a977edc10c641636bdff1c59327983-RTCoinInterface.sol",
        "targets": 0
    },
    {
        "contract_name": "0x00c8162c86a977edc10c641636bdff1c59327983-SafeMath.sol",
        "targets": 0
    },
    {
        "contract_name": "0x00c8162c86a977edc10c641636bdff1c59327983-Payments.sol",
        "targets": 0
    },
    {
        "contract_name": "0x1a746a2228ec6ebd432194b03d0c3f38429c8ec7-Ownable.sol",
        "targets": 0
    },
    {
        "contract_name": "0x1a746a2228ec6ebd432194b03d0c3f38429c8ec7-SafeMath.sol",
        "targets": 0
    },
    {
        "contract_name": "0x1a746a2228ec6ebd432194b03d0c3f38429c8ec7-ERC223ReceivingContract.sol",
        "targets": 0
    },
    {
        "contract_name": "0x1a746a2228ec6ebd432194b03d0c3f38429c8ec7-ERC223.sol",
        "targets": 0
    },
    {
        "contract_name": "0x1a746a2228ec6ebd432194b03d0c3f38429c8ec7-ERC20.sol",
        "targets": 0
    },
    {
        "contract_name": "0x1a746a2228ec6ebd432194b03d0c3f38429c8ec7-BasicToken.sol",
        "targets": 0
    },
    {
        "contract_name": "0x1a746a2228ec6ebd432194b03d0c3f38429c8ec7-StandardToken.sol",
        "targets": 0
    },
    {
        "contract_name": "0x1a746a2228ec6ebd432194b03d0c3f38429c8ec7-Nomid.sol",
        "targets": 0
    },
    {
        "contract_name": "0x1b5d56bfe749e492ae226cf9aa23c1426f828b7b-ERC20.sol",
        "targets": 0
    },
    {
        "contract_name": "0x1b5d56bfe749e492ae226cf9aa23c1426f828b7b-SafeMath.sol",
        "targets": 0
    },
    {
        "contract_name": "0x1b5d56bfe749e492ae226cf9aa23c1426f828b7b-StandardToken.sol",
        "targets": 0
    },
    {
        "contract_name": "0x1b5d56bfe749e492ae226cf9aa23c1426f828b7b-UpgradeAgent.sol",
        "targets": 0
    },
    {
        "contract_name": "0x1b5d56bfe749e492ae226cf9aa23c1426f828b7b-UpgradeableToken.sol",
        "targets": 0
    },
    {
        "contract_name": "0x1b5d56bfe749e492ae226cf9aa23c1426f828b7b-Ownable.sol",
        "targets": 0
    },
    {
        "contract_name": "0x1b5d56bfe749e492ae226cf9aa23c1426f828b7b-ReleasableToken.sol",
        "targets": 0
    },
    {
        "contract_name": "0x1b5d56bfe749e492ae226cf9aa23c1426f828b7b-SafeMathLib.sol",
        "targets": 0
    },
    {
        "contract_name": "0x1b5d56bfe749e492ae226cf9aa23c1426f828b7b-MintableToken.sol",
        "targets": 0
    },
    {
        "contract_name": "0x1b5d56bfe749e492ae226cf9aa23c1426f828b7b-CrowdsaleToken.sol",
        "targets": 0
    },
    {
        "contract_name": "0x0cab2d4f3804de20facb7ae095d68b339e32732a-SafeMath.sol",
        "targets": 0
    },
    {
        "contract_name": "0x0cab2d4f3804de20facb7ae095d68b339e32732a-ERC20Interface.sol",
        "targets": 0
    },
    {
        "contract_name": "0x0cab2d4f3804de20facb7ae095d68b339e32732a-ApproveAndCallFallBack.sol",
        "targets": 0
    },
    {
        "contract_name": "0x0cab2d4f3804de20facb7ae095d68b339e32732a-Owned.sol",
        "targets": 0
    },
    {
        "contract_name": "0x0cab2d4f3804de20facb7ae095d68b339e32732a-InGRedientToken.sol",
        "targets": 0
    },
    {
        "contract_name": "0x0a5dc2204dfc6082ef3bbcfc3a468f16318c4168-SafeMath.sol",
        "targets": 0
    },
    {
        "contract_name": "0x0a5dc2204dfc6082ef3bbcfc3a468f16318c4168-ERC20.sol",
        "targets": 0
    },
    {
        "contract_name": "0x0a5dc2204dfc6082ef3bbcfc3a468f16318c4168-Owned.sol",
        "targets": 0
    },
    {
        "contract_name": "0x0a5dc2204dfc6082ef3bbcfc3a468f16318c4168-ERC20Token.sol",
        "targets": 0
    },
    {
        "contract_name": "0x0a5dc2204dfc6082ef3bbcfc3a468f16318c4168-PandaGoldToken.sol",
        "targets": 0
    },
    {
        "contract_name": "0x0e8bc4a71814b91fe77b0a79768b2403422f99f7-SafeMath.sol",
        "targets": 0
    },
    {
        "contract_name": "0x0e8bc4a71814b91fe77b0a79768b2403422f99f7-IERC20.sol",
        "targets": 0
    },
    {
        "contract_name": "0x0e8bc4a71814b91fe77b0a79768b2403422f99f7-ERC20Detailed.sol",
        "targets": 0
    },
    {
        "contract_name": "0x0e8bc4a71814b91fe77b0a79768b2403422f99f7-ERC20.sol",
        "targets": 0
    },
    {
        "contract_name": "0x0e8bc4a71814b91fe77b0a79768b2403422f99f7-EShopToken.sol",
        "targets": 0
    },
    {
        "contract_name": "0x0d689d1d3ef39e379329d9fc88eabceccc1215a0-SafeMath.sol",
        "targets": 0
    },
    {
        "contract_name": "0x0d689d1d3ef39e379329d9fc88eabceccc1215a0-ERC20Interface.sol",
        "targets": 0
    },
    {
        "contract_name": "0x0d689d1d3ef39e379329d9fc88eabceccc1215a0-Owned.sol",
        "targets": 0
    },
    {
        "contract_name": "0x0d689d1d3ef39e379329d9fc88eabceccc1215a0-ZygStop.sol",
        "targets": 0
    },
    {
        "contract_name": "0x0d689d1d3ef39e379329d9fc88eabceccc1215a0-Utils.sol",
        "targets": 0
    },
    {
        "contract_name": "0x0d689d1d3ef39e379329d9fc88eabceccc1215a0-BuyZygoma.sol",
        "targets": 0
    },
    {
        "contract_name": "0x0e97dcbe67df2a0d3fbcd983c04990e6d0cbb566-SafeMath.sol",
        "targets": 0
    },
    {
        "contract_name": "0x0e97dcbe67df2a0d3fbcd983c04990e6d0cbb566-IERC20.sol",
        "targets": 0
    },
    {
        "contract_name": "0x0e97dcbe67df2a0d3fbcd983c04990e6d0cbb566-ERC20.sol",
        "targets": 0
    },
    {
        "contract_name": "0x0e97dcbe67df2a0d3fbcd983c04990e6d0cbb566-ERC20Detailed.sol",
        "targets": 0
    },
    {
        "contract_name": "0x0e97dcbe67df2a0d3fbcd983c04990e6d0cbb566-MBLToken.sol",
        "targets": 0
    },
    {
        "contract_name": "0x0ecf0851b2cb945ddbee413c0e23f0c01cd4df7d-IERC20.sol",
        "targets": 0
    },
    {
        "contract_name": "0x0ecf0851b2cb945ddbee413c0e23f0c01cd4df7d-SafeMath.sol",
        "targets": 0
    },
    {
        "contract_name": "0x0ecf0851b2cb945ddbee413c0e23f0c01cd4df7d-ERC20.sol",
        "targets": 0
    },
    {
        "contract_name": "0x0ecf0851b2cb945ddbee413c0e23f0c01cd4df7d-Ownable.sol",
        "targets": 0
    },
    {
        "contract_name": "0x0ecf0851b2cb945ddbee413c0e23f0c01cd4df7d-ARTIDToken.sol",
        "targets": 0
    },
    {
        "contract_name": "0x0bec4767cd170242895d244d7ff73feaff6c2598-Numa.sol",
        "targets": 0
    },
    {
        "contract_name": "0x1a4e76811d9c319a953eada36f1def25156c8d93-Math.sol",
        "targets": 0
    },
    {
        "contract_name": "0x1a4e76811d9c319a953eada36f1def25156c8d93-SafeMath.sol",
        "targets": 0
    },
    {
        "contract_name": "0x1a4e76811d9c319a953eada36f1def25156c8d93-Ownable.sol",
        "targets": 0
    },
    {
        "contract_name": "0x1a4e76811d9c319a953eada36f1def25156c8d93-CanReclaimToken.sol",
        "targets": 0
    },
    {
        "contract_name": "0x1a4e76811d9c319a953eada36f1def25156c8d93-HasNoContracts.sol",
        "targets": 0
    },
    {
        "contract_name": "0x1a4e76811d9c319a953eada36f1def25156c8d93-HasNoTokens.sol",
        "targets": 0
    },
    {
        "contract_name": "0x1a4e76811d9c319a953eada36f1def25156c8d93-ERC20Basic.sol",
        "targets": 0
    },
    {
        "contract_name": "0x1a4e76811d9c319a953eada36f1def25156c8d93-ERC20.sol",
        "targets": 0
    },
    {
        "contract_name": "0x1a4e76811d9c319a953eada36f1def25156c8d93-BasicToken.sol",
        "targets": 0
    },
    {
        "contract_name": "0x1a4e76811d9c319a953eada36f1def25156c8d93-StandardToken.sol",
        "targets": 0
    },
    {
        "contract_name": "0x1a4e76811d9c319a953eada36f1def25156c8d93-SafeERC20.sol",
        "targets": 0
    },
    {
        "contract_name": "0x1a4e76811d9c319a953eada36f1def25156c8d93-DULACoin.sol",
        "targets": 0
    },
    {
        "contract_name": "0x0a123a23ade571c7a716c596fb8ac4e6bc642e05-Ownable.sol",
        "targets": 0
    },
    {
        "contract_name": "0x0a123a23ade571c7a716c596fb8ac4e6bc642e05-Globalnetworktoken.sol",
        "targets": 0
    },
    {
        "contract_name": "0x0baf42501c5a3dda287db7a822e364ea60c76a62-IERC20.sol",
        "targets": 0
    },
    {
        "contract_name": "0x0baf42501c5a3dda287db7a822e364ea60c76a62-SafeMath.sol",
        "targets": 0
    },
    {
        "contract_name": "0x0baf42501c5a3dda287db7a822e364ea60c76a62-ERC20.sol",
        "targets": 0
    },
    {
        "contract_name": "0x0baf42501c5a3dda287db7a822e364ea60c76a62-Remitano.sol",
        "targets": 0
    },
    {
        "contract_name": "0x1b6f5b9906e287767e8be7b65e843161857a2a07-FakeToken.sol",
        "targets": 0
    },
    {
        "contract_name": "0x0bbb4b90cb9176929e16f307bc1efa63867a8c6d-SafeMath.sol",
        "targets": 0
    },
    {
        "contract_name": "0x0bbb4b90cb9176929e16f307bc1efa63867a8c6d-ERC20Basic.sol",
        "targets": 0
    },
    {
        "contract_name": "0x0bbb4b90cb9176929e16f307bc1efa63867a8c6d-BasicToken.sol",
        "targets": 0
    },
    {
        "contract_name": "0x0bbb4b90cb9176929e16f307bc1efa63867a8c6d-ERC20.sol",
        "targets": 0
    },
    {
        "contract_name": "0x0bbb4b90cb9176929e16f307bc1efa63867a8c6d-StandardToken.sol",
        "targets": 0
    },
    {
        "contract_name": "0x0bbb4b90cb9176929e16f307bc1efa63867a8c6d-SafeERC20.sol",
        "targets": 0
    },
    {
        "contract_name": "0x0bbb4b90cb9176929e16f307bc1efa63867a8c6d-Owned.sol",
        "targets": 0
    },
    {
        "contract_name": "0x0bbb4b90cb9176929e16f307bc1efa63867a8c6d-TokenVesting.sol",
        "targets": 0
    },
    {
        "contract_name": "0x0bbb4b90cb9176929e16f307bc1efa63867a8c6d-TokenVault.sol",
        "targets": 0
    },
    {
        "contract_name": "0x0bbb4b90cb9176929e16f307bc1efa63867a8c6d-BurnableToken.sol",
        "targets": 0
    },
    {
        "contract_name": "0x0bbb4b90cb9176929e16f307bc1efa63867a8c6d-ZTC_Token.sol",
        "targets": 0
    },
    {
        "contract_name": "0x1abaa2aa88eded26223a273c291120e635c47f40-IERC20.sol",
        "targets": 0
    },
    {
        "contract_name": "0x1abaa2aa88eded26223a273c291120e635c47f40-Ownable.sol",
        "targets": 0
    },
    {
        "contract_name": "0x1abaa2aa88eded26223a273c291120e635c47f40-Pausable.sol",
        "targets": 0
    },
    {
        "contract_name": "0x1abaa2aa88eded26223a273c291120e635c47f40-SafeMath.sol",
        "targets": 0
    },
    {
        "contract_name": "0x1abaa2aa88eded26223a273c291120e635c47f40-MAU.sol",
        "targets": 0
    },
    {
        "contract_name": "0x0a43edfe106d295e7c1e591a4b04b5598af9474c-TokenLib.sol",
        "targets": 0
    },
    {
        "contract_name": "0x0a43edfe106d295e7c1e591a4b04b5598af9474c-TokenInterface.sol",
        "targets": 0
    },
    {
        "contract_name": "0x0a43edfe106d295e7c1e591a4b04b5598af9474c-Devcon2Token.sol",
        "targets": 0
    },
    {
        "contract_name": "0x0000000fdf9eb269b38e39e058f45d7d0ddb60f9-Ownable.sol",
        "targets": 0
    },
    {
        "contract_name": "0x0000000fdf9eb269b38e39e058f45d7d0ddb60f9-Roles.sol",
        "targets": 0
    },
    {
        "contract_name": "0x0000000fdf9eb269b38e39e058f45d7d0ddb60f9-WhitelistAdminRole.sol",
        "targets": 0
    },
    {
        "contract_name": "0x0000000fdf9eb269b38e39e058f45d7d0ddb60f9-WhitelistedRole.sol",
        "targets": 0
    },
    {
        "contract_name": "0x0000000fdf9eb269b38e39e058f45d7d0ddb60f9-InvictusWhitelist.sol",
        "targets": 0
    },
    {
        "contract_name": "0x1a1759d929041ec22a826edc71e60b4b4ec856e0-HelloChicken.sol",
        "targets": 0
    },
    {
        "contract_name": "0x1a9ecb05376bf8bb32f7f038a845dbafb22041cd-SafeMath.sol",
        "targets": 0
    },
    {
        "contract_name": "0x1a9ecb05376bf8bb32f7f038a845dbafb22041cd-Mono.sol",
        "targets": 0
    },
    {
        "contract_name": "0x0d416ffd6964fd122ee13d9a229fd3bb08b2deec-Ownable.sol",
        "targets": 0
    },
    {
        "contract_name": "0x0d416ffd6964fd122ee13d9a229fd3bb08b2deec-Registry.sol",
        "targets": 0
    },
    {
        "contract_name": "0x0c6e8a8358cbde54f8e4cd7f07d5ac38aec8c5a4-SafeMath.sol",
        "targets": 0
    },
    {
        "contract_name": "0x0c6e8a8358cbde54f8e4cd7f07d5ac38aec8c5a4-ERC20Interface.sol",
        "targets": 0
    },
    {
        "contract_name": "0x0c6e8a8358cbde54f8e4cd7f07d5ac38aec8c5a4-PLTC.sol",
        "targets": 0
    },
    {
        "contract_name": "0x00fc270c9cc13e878ab5363d00354bebf6f05c15-ERC20Interface.sol",
        "targets": 0
    },
    {
        "contract_name": "0x00fc270c9cc13e878ab5363d00354bebf6f05c15-Owned.sol",
        "targets": 0
    },
    {
        "contract_name": "0x00fc270c9cc13e878ab5363d00354bebf6f05c15-SafeMath.sol",
        "targets": 0
    },
    {
        "contract_name": "0x00fc270c9cc13e878ab5363d00354bebf6f05c15-VNXLU.sol",
        "targets": 0
    },
    {
        "contract_name": "0x0da9326d7da81f8b19a8ec2d3255ab7076768c2d-SafeMath.sol",
        "targets": 0
    },
    {
        "contract_name": "0x0da9326d7da81f8b19a8ec2d3255ab7076768c2d-ERC20.sol",
        "targets": 0
    },
    {
        "contract_name": "0x0da9326d7da81f8b19a8ec2d3255ab7076768c2d-FENIX.sol",
        "targets": 0
    },
    {
        "contract_name": "0x1a75288226ad60431eb7759430cdf764e2bb56ea-Owned.sol",
        "targets": 0
    },
    {
        "contract_name": "0x1a75288226ad60431eb7759430cdf764e2bb56ea-SafeMath.sol",
        "targets": 0
    },
    {
        "contract_name": "0x1a75288226ad60431eb7759430cdf764e2bb56ea-Pausable.sol",
        "targets": 0
    },
    {
        "contract_name": "0x1a75288226ad60431eb7759430cdf764e2bb56ea-EIP20Interface.sol",
        "targets": 0
    },
    {
        "contract_name": "0x1a75288226ad60431eb7759430cdf764e2bb56ea-Qobit.sol",
        "targets": 0
    },
    {
        "contract_name": "0x0ab3177dc2baa3f9b492124d6214537c69bba89e-ERC20Basic.sol",
        "targets": 0
    },
    {
        "contract_name": "0x0ab3177dc2baa3f9b492124d6214537c69bba89e-SafeMath.sol",
        "targets": 0
    },
    {
        "contract_name": "0x0ab3177dc2baa3f9b492124d6214537c69bba89e-BasicToken.sol",
        "targets": 0
    },
    {
        "contract_name": "0x0ab3177dc2baa3f9b492124d6214537c69bba89e-ERC20.sol",
        "targets": 0
    },
    {
        "contract_name": "0x0ab3177dc2baa3f9b492124d6214537c69bba89e-StandardToken.sol",
        "targets": 0
    },
    {
        "contract_name": "0x0ab3177dc2baa3f9b492124d6214537c69bba89e-Ownable.sol",
        "targets": 0
    },
    {
        "contract_name": "0x0ab3177dc2baa3f9b492124d6214537c69bba89e-Pausable.sol",
        "targets": 0
    },
    {
        "contract_name": "0x0ab3177dc2baa3f9b492124d6214537c69bba89e-PausableToken.sol",
        "targets": 0
    },
    {
        "contract_name": "0x0ab3177dc2baa3f9b492124d6214537c69bba89e-DetailedERC20.sol",
        "targets": 0
    },
    {
        "contract_name": "0x0ab3177dc2baa3f9b492124d6214537c69bba89e-Kawanggawa.sol",
        "targets": 0
    },
    {
        "contract_name": "0x0c7b8eedd028f3730e7b0f3dc032e916302f09b4-CafeMaker.sol",
        "targets": 0
    },
    {
        "contract_name": "0x00cab00609e70f14e755524bd07e1c639665e796-tokenRecipient.sol",
        "targets": 0
    },
    {
        "contract_name": "0x00cab00609e70f14e755524bd07e1c639665e796-owned.sol",
        "targets": 0
    },
    {
        "contract_name": "0x00cab00609e70f14e755524bd07e1c639665e796-token.sol",
        "targets": 0
    },
    {
        "contract_name": "0x00cab00609e70f14e755524bd07e1c639665e796-SVC.sol",
        "targets": 0
    },
    {
        "contract_name": "0x0f7feaeeb7872bfeb39da593f60c2a3b65d16e93-SafeMath.sol",
        "targets": 0
    },
    {
        "contract_name": "0x0f7feaeeb7872bfeb39da593f60c2a3b65d16e93-FitToken.sol",
        "targets": 0
    },
    {
        "contract_name": "0x0e5632feb2c2619dba9c7e2dc5a7ed3fd14969da-SafeMath.sol",
        "targets": 0
    },
    {
        "contract_name": "0x0e5632feb2c2619dba9c7e2dc5a7ed3fd14969da-ERC721Interface.sol",
        "targets": 0
    },
    {
        "contract_name": "0x0e5632feb2c2619dba9c7e2dc5a7ed3fd14969da-ERC20.sol",
        "targets": 0
    },
    {
        "contract_name": "0x0e5632feb2c2619dba9c7e2dc5a7ed3fd14969da-Ownable.sol",
        "targets": 0
    },
    {
        "contract_name": "0x0e5632feb2c2619dba9c7e2dc5a7ed3fd14969da-NewAuctionContract.sol",
        "targets": 0
    },
    {
        "contract_name": "0x0e5632feb2c2619dba9c7e2dc5a7ed3fd14969da-ArconaMarketplaceContract.sol",
        "targets": 0
    },
    {
        "contract_name": "0x1a07fd4786d38288d60d10e7181c596a4f5d8f38-MakerCDP.sol",
        "targets": 0
    },
    {
        "contract_name": "0x1a07fd4786d38288d60d10e7181c596a4f5d8f38-UniqueCDP.sol",
        "targets": 0
    },
    {
        "contract_name": "0x0ce80662769f22fd161e5e92cfc82121c835e097-Ownable.sol",
        "targets": 0
    },
    {
        "contract_name": "0x0ce80662769f22fd161e5e92cfc82121c835e097-Pausable.sol",
        "targets": 0
    },
    {
        "contract_name": "0x0ce80662769f22fd161e5e92cfc82121c835e097-SafeMath.sol",
        "targets": 0
    },
    {
        "contract_name": "0x0ce80662769f22fd161e5e92cfc82121c835e097-Stoppable.sol",
        "targets": 0
    },
    {
        "contract_name": "0x0ce80662769f22fd161e5e92cfc82121c835e097-e2pEscrow.sol",
        "targets": 0
    },
    {
        "contract_name": "0x0da2c2f5bb8cef300e894f47532af79811f0e18a-IERC20.sol",
        "targets": 0
    },
    {
        "contract_name": "0x0da2c2f5bb8cef300e894f47532af79811f0e18a-Ownable.sol",
        "targets": 0
    },
    {
        "contract_name": "0x0da2c2f5bb8cef300e894f47532af79811f0e18a-SafeMath.sol",
        "targets": 0
    },
    {
        "contract_name": "0x0da2c2f5bb8cef300e894f47532af79811f0e18a-DaEXCoin.sol",
        "targets": 0
    },
    {
        "contract_name": "0x1b6ab9d402d37e99e453b0eca8254075922e289d-IERC20.sol",
        "targets": 0
    },
    {
        "contract_name": "0x1b6ab9d402d37e99e453b0eca8254075922e289d-SafeMath.sol",
        "targets": 0
    },
    {
        "contract_name": "0x1b6ab9d402d37e99e453b0eca8254075922e289d-ERC20.sol",
        "targets": 0
    },
    {
        "contract_name": "0x1b6ab9d402d37e99e453b0eca8254075922e289d-NCQ.sol",
        "targets": 0
    },
    {
        "contract_name": "0x00f458047c2eae96a7aea42c4f8b768c8e93b383-SafeMath.sol",
        "targets": 0
    },
    {
        "contract_name": "0x00f458047c2eae96a7aea42c4f8b768c8e93b383-ERC20Basic.sol",
        "targets": 0
    },
    {
        "contract_name": "0x00f458047c2eae96a7aea42c4f8b768c8e93b383-ERC20.sol",
        "targets": 0
    },
    {
        "contract_name": "0x00f458047c2eae96a7aea42c4f8b768c8e93b383-BasicToken.sol",
        "targets": 0
    },
    {
        "contract_name": "0x00f458047c2eae96a7aea42c4f8b768c8e93b383-StandardToken.sol",
        "targets": 0
    },
    {
        "contract_name": "0x00f458047c2eae96a7aea42c4f8b768c8e93b383-Ownable.sol",
        "targets": 0
    },
    {
        "contract_name": "0x00f458047c2eae96a7aea42c4f8b768c8e93b383-VIRToken.sol",
        "targets": 0
    },
    {
        "contract_name": "0x0ef987c2be871851176e46b098083b8f0fef4c17-IERC20.sol",
        "targets": 0
    },
    {
        "contract_name": "0x0ef987c2be871851176e46b098083b8f0fef4c17-SafeMath.sol",
        "targets": 0
    },
    {
        "contract_name": "0x0ef987c2be871851176e46b098083b8f0fef4c17-ERC20.sol",
        "targets": 0
    },
    {
        "contract_name": "0x0ef987c2be871851176e46b098083b8f0fef4c17-ERC20Burnable.sol",
        "targets": 0
    },
    {
        "contract_name": "0x0ef987c2be871851176e46b098083b8f0fef4c17-Roles.sol",
        "targets": 0
    },
    {
        "contract_name": "0x0ef987c2be871851176e46b098083b8f0fef4c17-PauserRole.sol",
        "targets": 0
    },
    {
        "contract_name": "0x0ef987c2be871851176e46b098083b8f0fef4c17-Pausable.sol",
        "targets": 0
    },
    {
        "contract_name": "0x0ef987c2be871851176e46b098083b8f0fef4c17-ERC20Pausable.sol",
        "targets": 0
    },
    {
        "contract_name": "0x0ef987c2be871851176e46b098083b8f0fef4c17-MinterRole.sol",
        "targets": 0
    },
    {
        "contract_name": "0x0ef987c2be871851176e46b098083b8f0fef4c17-ERC20Mintable.sol",
        "targets": 0
    },
    {
        "contract_name": "0x0ef987c2be871851176e46b098083b8f0fef4c17-ETHPlay.sol",
        "targets": 0
    },
    {
        "contract_name": "0x0a7073207bac23865e0e3b204615364b5a9d3783-HRKD.sol",
        "targets": 0
    },
    {
        "contract_name": "0x0a7073207bac23865e0e3b204615364b5a9d3783-SafeMath.sol",
        "targets": 0
    },
    {
        "contract_name": "0x0f437f4bf7f41ff57ae5fee81bbec921ba0371b1-ERC20Basic.sol",
        "targets": 0
    },
    {
        "contract_name": "0x0f437f4bf7f41ff57ae5fee81bbec921ba0371b1-SafeMath.sol",
        "targets": 0
    },
    {
        "contract_name": "0x0f437f4bf7f41ff57ae5fee81bbec921ba0371b1-BasicToken.sol",
        "targets": 0
    },
    {
        "contract_name": "0x0f437f4bf7f41ff57ae5fee81bbec921ba0371b1-ERC20.sol",
        "targets": 0
    },
    {
        "contract_name": "0x0f437f4bf7f41ff57ae5fee81bbec921ba0371b1-StandardToken.sol",
        "targets": 0
    },
    {
        "contract_name": "0x0f437f4bf7f41ff57ae5fee81bbec921ba0371b1-Ownable.sol",
        "targets": 0
    },
    {
        "contract_name": "0x0f437f4bf7f41ff57ae5fee81bbec921ba0371b1-Pausable.sol",
        "targets": 0
    },
    {
        "contract_name": "0x0f437f4bf7f41ff57ae5fee81bbec921ba0371b1-PausableToken.sol",
        "targets": 0
    },
    {
        "contract_name": "0x0f437f4bf7f41ff57ae5fee81bbec921ba0371b1-DetailedERC20.sol",
        "targets": 0
    },
    {
        "contract_name": "0x0f437f4bf7f41ff57ae5fee81bbec921ba0371b1-DukunToken.sol",
        "targets": 0
    },
    {
        "contract_name": "0x0b4d94e04e1fe219d8ad6b9bc7cd0176e273dc28-SafeMath.sol",
        "targets": 0
    },
    {
        "contract_name": "0x0b4d94e04e1fe219d8ad6b9bc7cd0176e273dc28-Token.sol",
        "targets": 0
    },
    {
        "contract_name": "0x0b4d94e04e1fe219d8ad6b9bc7cd0176e273dc28-Ownable.sol",
        "targets": 0
    },
    {
        "contract_name": "0x0b4d94e04e1fe219d8ad6b9bc7cd0176e273dc28-Vesting.sol",
        "targets": 0
    },
    {
        "contract_name": "0x0e6b6477009832e20997ba744feb46b65be00742-ECRecovery.sol",
        "targets": 0
    },
    {
        "contract_name": "0x0e6b6477009832e20997ba744feb46b65be00742-Ownable.sol",
        "targets": 0
    },
    {
        "contract_name": "0x0e6b6477009832e20997ba744feb46b65be00742-Claimable.sol",
        "targets": 0
    },
    {
        "contract_name": "0x0e6b6477009832e20997ba744feb46b65be00742-ERC20Basic.sol",
        "targets": 0
    },
    {
        "contract_name": "0x0e6b6477009832e20997ba744feb46b65be00742-ERC20.sol",
        "targets": 0
    },
    {
        "contract_name": "0x0e6b6477009832e20997ba744feb46b65be00742-RedemptionCertificate.sol",
        "targets": 0
    },
    {
        "contract_name": "0x0e24191da2f58dcf792d0bf5e2b14e2b6a205e36-IERC20.sol",
        "targets": 0
    },
    {
        "contract_name": "0x0e24191da2f58dcf792d0bf5e2b14e2b6a205e36-SafeMath.sol",
        "targets": 0
    },
    {
        "contract_name": "0x0e24191da2f58dcf792d0bf5e2b14e2b6a205e36-ERC20.sol",
        "targets": 0
    },
    {
        "contract_name": "0x0e24191da2f58dcf792d0bf5e2b14e2b6a205e36-RemiToken.sol",
        "targets": 0
    }
]