{"1-IERC777.bin": 0, "1-IERC777Recipient.bin": 0, "1-IERC777Sender.bin": 0, "1-IERC20.bin": 0, "1-SafeMath.bin": 0, "1-Address.bin": 0, "1-IERC1820Registry.bin": 0, "1-ERC777.bin": 1, "1-Roles.bin": 0, "1-MinterRole.bin": 1, "1-PauserRole.bin": 1, "1-Pausable.bin": 1, "1-SKYBITToken.bin": 1, "2-SafeMath.bin": 0, "2-IERC20.bin": 0, "2-ERC20Detailed.bin": 0, "2-ERC20.bin": 0, "2-EShopToken.bin": 0, "3-Ownable.bin": 0, "3-Migrations.bin": 0, "4-Phishable.bin": 1, "5-Owned.bin": 0, "5-SafeMath.bin": 0, "5-Pausable.bin": 0, "5-EIP20Interface.bin": 0, "5-Qobit.bin": 0, "6-Voucher.bin": 0, "7-TAMC.bin": 1, "8-ERC20Interface.bin": 0, "8-UsernameRegistry.bin": 0, "9-Missing.bin": 1, "10-IERC20.bin": 0, "10-SafeMath.bin": 0, "10-ERC20.bin": 0, "10-Remitano.bin": 0, "11-Ownable.bin": 1, "11-ChannelWallet.bin": 1, "12-SafeMath.bin": 0, "12-IERC20.bin": 0, "12-ERC20.bin": 0, "12-ERC20Detailed.bin": 0, "12-MBLToken.bin": 0, "13-TokenLib.bin": 0, "13-TokenInterface.bin": 0, "13-Devcon2Token.bin": 0, "14-Ownable.bin": 1, "14-Stoppable.bin": 1, "14-RampInstantPoolInterface.bin": 0, "14-RampInstantEscrowsPoolInterface.bin": 1, "14-RampInstantPool.bin": 1, "14-RampInstantEthPool.bin": 1, "15-IERC20.bin": 0, "15-SafeMath.bin": 0, "15-Ownable.bin": 1, "15-ERC20Detailed.bin": 1, "15-DanPanCoin.bin": 1, "16-SafeMath.bin": 0, "16-FomoFeast.bin": 1, "17-Owned.bin": 1, "17-SafeMath.bin": 0, "17-Token.bin": 1, "17-Staking.bin": 1, "18-Owned.bin": 1, "18-SafeMath.bin": 0, "18-Token.bin": 1, "18-Staking.bin": 1, "19-SafeMath.bin": 0, "19-Mono.bin": 0, "20-Ownable.bin": 0, "20-Manageable.bin": 0, "20-TilcoinStorage.bin": 0, "21-Ownable.bin": 1, "21-AccountWallet.bin": 1, "22-owned.bin": 1, "22-tokenRecipient.bin": 1, "22-Token.bin": 1, "22-SafeMath.bin": 0, "22-MindsyncPlatform.bin": 1, "23-Unprotected.bin": 1, "24-ERC20Basic.bin": 0, "24-SafeMath.bin": 0, "24-BasicToken.bin": 0, "24-ERC20.bin": 0, "24-StandardToken.bin": 0, "24-Ownable.bin": 0, "24-Pausable.bin": 0, "24-PausableToken.bin": 0, "24-DetailedERC20.bin": 0, "24-Kawanggawa.bin": 0, "25-Wallet.bin": 1, "26-Ownable.bin": 0, "26-Roles.bin": 0, "26-WhitelistAdminRole.bin": 0, "26-WhitelistedRole.bin": 0, "26-InvictusWhitelist.bin": 0, "27-Ownable.bin": 0, "27-Globalnetworktoken.bin": 0, "28-Wallet.bin": 1, "29-SafeMath.bin": 0, "29-FitToken.bin": 0, "30-SafeMath.bin": 0, "30-ERC20Basic.bin": 0, "30-ERC20.bin": 0, "30-BasicToken.bin": 0, "30-StandardToken.bin": 0, "30-CodeToken.bin": 0, "31-ERC20Basic.bin": 0, "31-SafeMath.bin": 0, "31-BasicToken.bin": 0, "31-ERC20.bin": 0, "31-StandardToken.bin": 0, "31-Ownable.bin": 0, "31-Pausable.bin": 0, "31-PausableToken.bin": 0, "31-DetailedERC20.bin": 0, "31-DukunToken.bin": 0, "32-Rubixi.bin": 1, "33-IERC20.bin": 0, "33-Marmo.bin": 0, "33-ECDSA.bin": 0, "33-Ownable.bin": 1, "33-ReentrancyGuard.bin": 1, "33-FeeTransactionManager.bin": 1, "34-Wallet.bin": 1, "35-FakeToken.bin": 0, "36-SafeMath.bin": 0, "36-ERC721Interface.bin": 0, "36-ERC20.bin": 0, "36-Ownable.bin": 0, "36-NewAuctionContract.bin": 0, "36-ArconaMarketplaceContract.bin": 0, "37-SafeMath.bin": 0, "37-ERC20Interface.bin": 0, "37-ApproveAndCallFallBack.bin": 0, "37-Owned.bin": 0, "37-FixedSupplyToken.bin": 0, "38-Token.bin": 1, "38-SafeMath.bin": 0, "38-StableDEX.bin": 1, "39-owned.bin": 1, "39-tokenRecipient.bin": 1, "39-Token.bin": 1, "39-SafeMath.bin": 0, "39-MindsyncPlatform.bin": 1, "40-SafeMath.bin": 0, "40-owned.bin": 1, "40-ERC20Essential.bin": 0, "40-BitpayerDEX.bin": 1, "41-SafeMath.bin": 0, "41-ERC20Interface.bin": 1, "41-ApproveAndCallFallBack.bin": 1, "41-Owned.bin": 1, "41-ForTheBlockchain.bin": 1, "42-SafeMath.bin": 0, "42-Token.bin": 0, "42-Ownable.bin": 0, "42-Vesting.bin": 0, "43-SafeMath.bin": 0, "43-ERC20Basic.bin": 0, "43-ERC20.bin": 0, "43-BasicToken.bin": 0, "43-StandardToken.bin": 0, "43-Ownable.bin": 0, "43-VIRToken.bin": 0, "44-SafeMath.bin": 0, "44-ERC20Basic.bin": 0, "44-ERC20.bin": 0, "44-BasicToken.bin": 0, "44-StandardToken.bin": 0, "44-Ownable.bin": 0, "44-Gentrion.bin": 0, "45-SafeMath.bin": 0, "45-ERC20Basic.bin": 0, "45-BasicToken.bin": 0, "45-ERC20.bin": 0, "45-StandardToken.bin": 0, "45-SafeERC20.bin": 0, "45-Owned.bin": 0, "45-TokenVesting.bin": 0, "45-TokenVault.bin": 0, "45-BurnableToken.bin": 0, "45-ZTC_Token.bin": 0, "46-ERC20Interface.bin": 1, "46-AcunarToken.bin": 1, "46-AcunarIEO.bin": 1, "47-IERC20.bin": 0, "47-SafeMath.bin": 0, "47-ERC20Detailed.bin": 1, "47-HYDROGEN.bin": 1, "48-SafeMath.bin": 0, "48-ERC20Interface.bin": 1, "48-ApproveAndCallFallBack.bin": 1, "48-Owned.bin": 1, "48-QurasToken.bin": 1, "49-Ownable.bin": 0, "49-Registry.bin": 0, "50-SafeMath.bin": 0, "50-ERC20Interface.bin": 0, "50-Owned.bin": 0, "50-ZygStop.bin": 0, "50-Utils.bin": 0, "50-BuyZygoma.bin": 0, "51-IERC20.bin": 0, "51-SafeMath.bin": 0, "51-ERC20.bin": 0, "51-NCQ.bin": 0, "52-Ownable.bin": 0, "52-Pausable.bin": 0, "52-SafeMath.bin": 0, "52-Stoppable.bin": 0, "52-e2pEscrow.bin": 0, "53-IERC20.bin": 0, "53-SafeMath.bin": 0, "53-ERC20.bin": 0, "53-ERC20Burnable.bin": 0, "53-Roles.bin": 0, "53-PauserRole.bin": 0, "53-Pausable.bin": 0, "53-ERC20Pausable.bin": 0, "53-MinterRole.bin": 0, "53-ERC20Mintable.bin": 0, "53-ETHPlay.bin": 0, "54-CafeMaker.bin": 0, "55-Map.bin": 1, "56-EventMetadata.bin": 1, "56-Operated.bin": 1, "56-ProofHashes.bin": 1, "56-MultiHashWrapper.bin": 1, "56-iFactory.bin": 0, "56-Template.bin": 1, "56-Feed.bin": 1, "57-MakerCDP.bin": 0, "57-UniqueCDP.bin": 0, "58-SafeMath.bin": 0, "58-owned.bin": 1, "58-ethBank.bin": 1, "59-SafeMath.bin": 0, "59-ERC20TokenInterface.bin": 1, "59-ERC20Token.bin": 1, "59-AsseteGram.bin": 1, "60-SafeMath.bin": 0, "60-IERC20.bin": 0, "60-UBBCToken.bin": 1, "61-Ownable.bin": 0, "61-Roles.bin": 0, "61-RBAC.bin": 0, "61-SafeMath.bin": 0, "61-ERC20Basic.bin": 0, "61-ERC20.bin": 0, "61-BasicToken.bin": 0, "61-StandardToken.bin": 0, "61-Pausable.bin": 0, "61-PausableToken.bin": 0, "61-BlackListToken.bin": 0, "61-TwoPhaseToken.bin": 0, "61-UpgradedStandardToken.bin": 0, "61-WitToken.bin": 0, "62-IERC20.bin": 0, "62-SafeMath.bin": 0, "62-ERC20.bin": 1, "62-ERC20Burnable.bin": 1, "62-ERC20Detailed.bin": 1, "62-AGR.bin": 1, "63-ERC20.bin": 0, "63-DSMath.bin": 0, "63-SEER.bin": 0, "64-SafeMath.bin": 0, "64-ERC20Interface.bin": 1, "64-Owned.bin": 1, "64-ExclusivePlatform.bin": 1, "65-ERC20.bin": 0, "65-SafeMath.bin": 0, "65-StandardToken.bin": 0, "65-UpgradeAgent.bin": 0, "65-UpgradeableToken.bin": 0, "65-Ownable.bin": 0, "65-ReleasableToken.bin": 0, "65-SafeMathLib.bin": 0, "65-MintableToken.bin": 0, "65-CrowdsaleToken.bin": 0, "66-IERC20.bin": 0, "66-SafeMath.bin": 0, "66-ERC20Detailed.bin": 1, "66-BIGBOMBv2.bin": 1, "67-SimpleSuicide.bin": 1, "68-ERC20Interface.bin": 0, "68-Owned.bin": 0, "68-SafeMath.bin": 0, "68-VNXLU.bin": 0, "69-HelloChicken.bin": 0, "70-SafeMath.bin": 0, "70-ExtendedMath.bin": 0, "70-ERC20Interface.bin": 1, "70-ApproveAndCallFallBack.bin": 1, "70-Owned.bin": 1, "70-_Yesbuzz.bin": 1, "71-IERC20.bin": 0, "71-ERC20Detailed.bin": 0, "71-SafeMath.bin": 0, "71-ERC20.bin": 0, "71-ERC20Burnable.bin": 0, "71-Ownable.bin": 0, "71-Roles.bin": 0, "71-PauserRole.bin": 0, "71-Pausable.bin": 0, "71-MinterRole.bin": 0, "71-WhitelistAdminRole.bin": 0, "71-WhitelistedRole.bin": 0, "71-InvictusWhitelist.bin": 0, "71-C10Token.bin": 0, "72-IERC20.bin": 0, "72-Ownable.bin": 0, "72-SafeMath.bin": 0, "72-DaEXCoin.bin": 0, "73-WhiteBetting.bin": 1, "74-CareerOnToken.bin": 1, "75-Ownable.bin": 0, "75-Autonomy.bin": 0, "75-Destructible.bin": 0, "75-Claimable.bin": 0, "75-DRCWalletMgrParams.bin": 0, "76-SafeMath.bin": 0, "76-ERC20.bin": 0, "76-Owned.bin": 0, "76-ERC20Token.bin": 0, "76-PandaGoldToken.bin": 0, "77-SafeMath.bin": 0, "77-ERC20.bin": 0, "77-FENIX.bin": 0, "78-CareerOnToken.bin": 1, "79-SafeMath.bin": 0, "79-IERC20.bin": 0, "79-ERC20.bin": 1, "79-ERC20Detailed.bin": 1, "79-SaveWon.bin": 1, "80-MyContract.bin": 1, "81-Wallet.bin": 1, "82-FibonacciBalance.bin": 1, "82-FibonacciLib.bin": 0, "83-IERC20.bin": 0, "83-SafeMath.bin": 0, "83-ERC20.bin": 0, "83-ERC20Detailed.bin": 0, "83-Roles.bin": 0, "83-MinterRole.bin": 0, "83-ERC20Mintable.bin": 0, "83-ClcgToken.bin": 0, "84-ERC20Interface.bin": 1, "84-IERC20Interface.bin": 1, "84-RaffleToken.bin": 0, "84-SafeMath.bin": 0, "84-RaffleTokenExchange.bin": 1, "85-tokenRecipient.bin": 0, "85-MD.bin": 1, "86-WalletEvents.bin": 0, "86-WalletAbi.bin": 0, "86-WalletLibrary.bin": 1, "87-Missing.bin": 1, "88-IERC20.bin": 0, "88-SafeMath.bin": 0, "88-ERC20.bin": 0, "88-RemiToken.bin": 0, "89-SafeMath.bin": 0, "89-Roles.bin": 0, "89-CapperRole.bin": 0, "89-PauserRole.bin": 0, "89-Pausable.bin": 0, "89-MinterRole.bin": 0, "89-IERC20.bin": 0, "89-ERC20.bin": 0, "89-ERC20Mintable.bin": 0, "89-ERC20Burnable.bin": 0, "89-ERC20Capped.bin": 0, "89-ERC20Pausable.bin": 0, "89-Ownable.bin": 0, "89-BlueseedsToken.bin": 0, "90-digitalNotary.bin": 1, "91-EventMetadata.bin": 1, "91-Operated.bin": 1, "91-MultiHashWrapper.bin": 1, "91-iFactory.bin": 0, "91-ProofHash.bin": 1, "91-Template.bin": 1, "91-Post.bin": 1, "92-Ownable.bin": 1, "92-SafeMath.bin": 0, "92-LollypopToken.bin": 1, "93-IERC20.bin": 0, "93-Ownable.bin": 0, "93-DIP_Team_Transfer.bin": 0, "94-Roles.bin": 0, "94-MinterRole.bin": 0, "94-SafeMath.bin": 0, "94-IERC20.bin": 0, "94-ERC20.bin": 0, "94-ERC20Burnable.bin": 0, "94-ERC20Mintable.bin": 0, "94-AzulToken.bin": 0, "95-MultiOwnable.bin": 1, "95-TestContract.bin": 0, "96-Math.bin": 0, "96-SafeMath.bin": 0, "96-Ownable.bin": 0, "96-CanReclaimToken.bin": 0, "96-HasNoContracts.bin": 0, "96-HasNoTokens.bin": 0, "96-ERC20Basic.bin": 0, "96-ERC20.bin": 0, "96-BasicToken.bin": 0, "96-StandardToken.bin": 0, "96-SafeERC20.bin": 0, "96-DULACoin.bin": 0, "97-IERC20.bin": 0, "97-SafeMath.bin": 0, "97-ERC20.bin": 0, "97-Ownable.bin": 0, "97-ARTIDToken.bin": 0, "98-SafeMath.bin": 0, "98-ERC20Interface.bin": 0, "98-ApproveAndCallFallBack.bin": 0, "98-Owned.bin": 0, "98-InGRedientToken.bin": 0, "99-SafeMath.bin": 0, "99-ERC20Interface.bin": 0, "99-PLTC.bin": 0, "100-tokenRecipient.bin": 0, "100-owned.bin": 0, "100-token.bin": 0, "100-SVC.bin": 0, "101-IERC20.bin": 0, "101-SafeMath.bin": 0, "101-ERC20.bin": 0, "101-Peculium.bin": 0, "102-SafeMath.bin": 0, "102-IERC20.bin": 0, "102-ERC20.bin": 1, "102-ERC20Detailed.bin": 1, "102-SimpleSwapCoin.bin": 1, "103-Missing.bin": 1, "104-SafeMath.bin": 0, "104-owned.bin": 1, "104-tokenRecipient.bin": 0, "104-TokenERC20.bin": 1, "104-AZT.bin": 1, "105-HRKD.bin": 0, "105-SafeMath.bin": 0, "106-IERC20.bin": 0, "106-PHO.bin": 1, "107-IERC20.bin": 0, "107-Ownable.bin": 0, "107-Pausable.bin": 0, "107-SafeMath.bin": 0, "107-MAU.bin": 0, "108-Numa.bin": 0, "109-RTCoinInterface.bin": 0, "109-SafeMath.bin": 0, "109-Payments.bin": 0, "110-StockBet.bin": 1, "111-Proxy.bin": 1, "112-ECRecovery.bin": 0, "112-Ownable.bin": 0, "112-Claimable.bin": 0, "112-ERC20Basic.bin": 0, "112-ERC20.bin": 0, "112-RedemptionCertificate.bin": 0, "113-Ownable.bin": 0, "113-SafeMath.bin": 0, "113-ERC223ReceivingContract.bin": 0, "113-ERC223.bin": 0, "113-ERC20.bin": 0, "113-BasicToken.bin": 0, "113-StandardToken.bin": 0, "113-Nomid.bin": 0, "114-TAMCContract.bin": 1}