{"1-ERC20Basic.rt.hex": 0, "1-SafeMath.rt.hex": 0, "1-BasicToken.rt.hex": 0, "1-ERC20.rt.hex": 0, "1-StandardToken.rt.hex": 0, "1-Ownable.rt.hex": 0, "1-Pausable.rt.hex": 0, "1-PausableToken.rt.hex": 0, "1-IRegistry.rt.hex": 0, "1-IBrickblockToken.rt.hex": 0, "1-AccessToken.rt.hex": 0, "2-Token.rt.hex": 0, "2-SafeMath.rt.hex": 0, "2-StandardToken.rt.hex": 0, "2-GRO.rt.hex": 0, "3-Blacklistable.rt.hex": 0, "3-Ownable.rt.hex": 0, "3-SafeMath.rt.hex": 0, "3-FomoFeast.rt.hex": 1, "4-TokenERC20.rt.hex": 0, "4-CareerOnToken.rt.hex": 1, "5-GigsToken.rt.hex": 0, "5-OddsAndEvens.rt.hex": 1, "6-LibBytes.rt.hex": 0, "6-ReentrancyGuard.rt.hex": 0, "6-SafeMath.rt.hex": 0, "6-LibConstants.rt.hex": 0, "6-LibEIP712.rt.hex": 0, "6-LibFillResults.rt.hex": 0, "6-LibMath.rt.hex": 0, "6-LibOrder.rt.hex": 0, "6-LibAbiEncoder.rt.hex": 0, "6-IOwnable.rt.hex": 0, "6-IAuthorizable.rt.hex": 0, "6-IAssetProxy.rt.hex": 0, "6-IValidator.rt.hex": 0, "6-IWallet.rt.hex": 0, "6-IExchangeCore.rt.hex": 0, "6-IAssetProxyDispatcher.rt.hex": 0, "6-IMatchOrders.rt.hex": 0, "6-ISignatureValidator.rt.hex": 0, "6-ITransactions.rt.hex": 0, "6-IWrapperFunctions.rt.hex": 0, "6-IExchange.rt.hex": 0, "6-MExchangeCore.rt.hex": 0, "6-MAssetProxyDispatcher.rt.hex": 0, "6-MMatchOrders.rt.hex": 0, "6-MSignatureValidator.rt.hex": 0, "6-MTransactions.rt.hex": 0, "6-MWrapperFunctions.rt.hex": 0, "6-Ownable.rt.hex": 0, "6-MixinExchangeCore.rt.hex": 0, "6-MixinSignatureValidator.rt.hex": 0, "6-MixinWrapperFunctions.rt.hex": 0, "6-MixinTransactions.rt.hex": 0, "6-MixinAssetProxyDispatcher.rt.hex": 0, "6-MixinMatchOrders.rt.hex": 0, "6-Exchange.rt.hex": 0, "7-SafeMath.rt.hex": 0, "7-owned.rt.hex": 1, "7-tokenRecipient.rt.hex": 0, "7-TokenERC20.rt.hex": 1, "7-AZT.rt.hex": 1, "8-SafeMath.rt.hex": 0, "8-ERC20Interface.rt.hex": 1, "8-ApproveAndCallFallBack.rt.hex": 1, "8-Owned.rt.hex": 1, "8-ForTheBlockchain.rt.hex": 1, "9-Ownable.rt.hex": 0, "9-ERC20.rt.hex": 0, "9-IERC20.rt.hex": 0, "9-owned.rt.hex": 1, "9-tokenRecipient.rt.hex": 1, "9-Token.rt.hex": 1, "9-SafeMath.rt.hex": 0, "9-MindsyncPlatform.rt.hex": 1, "10-MockOracle.rt.hex": 0, "10-OracleInterface.rt.hex": 0, "10-SafeMath.rt.hex": 0, "10-IERC20.rt.hex": 0, "10-ERC20.rt.hex": 1, "10-ERC20Detailed.rt.hex": 1, "10-SimpleSwapCoin.rt.hex": 1, "11-EthTxOrderDependenceMinimal.rt.hex": 1, "12-SafeMath.rt.hex": 0, "12-Ownable.rt.hex": 0, "12-Helper.rt.hex": 0, "12-LINIX.rt.hex": 0, "13-SafeMath.rt.hex": 0, "13-ItemsInterfaceForEternalStorage.rt.hex": 0, "13-EternalStorage.rt.hex": 0, "14-IERC20.rt.hex": 0, "14-Roles.rt.hex": 0, "14-MinterRole.rt.hex": 0, "14-ERC20.rt.hex": 0, "14-ERC20Mintable.rt.hex": 0, "14-ERC20Capped.rt.hex": 0, "14-SafeMath.rt.hex": 0, "14-PauserRole.rt.hex": 0, "14-Pausable.rt.hex": 0, "14-ERC20Pausable.rt.hex": 0, "14-ERC20Burnable.rt.hex": 0, "14-ERC20Detailed.rt.hex": 0, "14-MTB19.rt.hex": 0, "15-HERC20.rt.hex": 0, "15-SafeMath.rt.hex": 0, "15-ERC20.rt.hex": 0, "15-Ownable.rt.hex": 0, "15-Pausable.rt.hex": 0, "15-Blacklistable.rt.hex": 0, "15-LakesCash.rt.hex": 0, "16-SafeMath.rt.hex": 0, "16-OddsAndEvens.rt.hex": 1, "17-SafeMath.rt.hex": 0, "17-IERC20.rt.hex": 0, "17-ERC20Pistachio.rt.hex": 0, "17-ERC20Burnable.rt.hex": 0, "17-Roles.rt.hex": 0, "17-MinterRole.rt.hex": 0, "17-ERC20Mintable.rt.hex": 0, "17-PauserRole.rt.hex": 0, "17-Pausable.rt.hex": 0, "17-ERC20Chocolate.rt.hex": 0, "18-StockBet.rt.hex": 1, "19-IERC20.rt.hex": 0, "19-SafeMath.rt.hex": 0, "19-ERC20Detailed.rt.hex": 1, "19-BIGBOMBv2.rt.hex": 1, "20-Owned.rt.hex": 1, "20-SafeMath.rt.hex": 0, "20-Token.rt.hex": 1, "20-Staking.rt.hex": 1, "21-SafeMath.rt.hex": 0, "21-ERC20Basic.rt.hex": 0, "21-BasicToken.rt.hex": 0, "21-ERC20.rt.hex": 0, "21-StandardToken.rt.hex": 0, "21-SafeERC20.rt.hex": 0, "21-Owned.rt.hex": 0, "21-TokenVesting.rt.hex": 0, "21-TokenVault.rt.hex": 0, "21-BurnableToken.rt.hex": 0, "21-JEC_Token.rt.hex": 0, "22-Ownable.rt.hex": 1, "22-SafeMath.rt.hex": 0, "22-LollypopToken.rt.hex": 1, "23-Ownable.rt.hex": 0, "23-Claimable.rt.hex": 0, "23-ERC20Basic.rt.hex": 0, "23-ERC20.rt.hex": 0, "23-SafeERC20.rt.hex": 0, "23-CanReclaimToken.rt.hex": 0, "23-OwnableContract.rt.hex": 0, "23-ControllerInterface.rt.hex": 0, "23-Factory.rt.hex": 0, "24-SafeMath.rt.hex": 0, "24-IERC20.rt.hex": 0, "24-UBBCToken.rt.hex": 1, "25-SafeMath.rt.hex": 0, "25-ERC20Basic.rt.hex": 0, "25-BasicToken.rt.hex": 0, "25-ERC20.rt.hex": 0, "25-StandardToken.rt.hex": 0, "25-SafeERC20.rt.hex": 0, "25-Owned.rt.hex": 0, "25-TokenVesting.rt.hex": 0, "25-TokenVault.rt.hex": 0, "25-BurnableToken.rt.hex": 0, "25-BKC_Token.rt.hex": 0, "26-ERC20Interface.rt.hex": 1, "26-AcunarToken.rt.hex": 1, "26-AcunarIEO.rt.hex": 1, "27-tokenRecipient.rt.hex": 0, "27-MD.rt.hex": 1, "28-Owned.rt.hex": 1, "28-SafeMath.rt.hex": 0, "28-Token.rt.hex": 1, "28-Staking.rt.hex": 1, "29-SafeMath.rt.hex": 0, "29-IERC20.rt.hex": 0, "29-ERC20.rt.hex": 1, "29-ERC20Detailed.rt.hex": 1, "29-SimpleSwapCoin.rt.hex": 1, "30-Ownable.rt.hex": 0, "30-IERC20.rt.hex": 0, "30-PHO.rt.hex": 1, "31-SafeMath.rt.hex": 0, "31-IERC20.rt.hex": 0, "31-PHO.rt.hex": 1, "32-Roles.rt.hex": 0, "32-PauserRole.rt.hex": 0, "32-IERC20.rt.hex": 0, "32-ERC20Detailed.rt.hex": 0, "32-SafeMath.rt.hex": 0, "32-ERC20.rt.hex": 0, "32-Pausable.rt.hex": 0, "32-ERC20Pausable.rt.hex": 0, "32-DeepCloud.rt.hex": 0, "33-SafeMath.rt.hex": 0, "33-IERC20.rt.hex": 0, "33-ERC20Detailed.rt.hex": 0, "33-ERC20.rt.hex": 0, "33-Roles.rt.hex": 0, "33-PauserRole.rt.hex": 0, "33-Pausable.rt.hex": 0, "33-ERC20Pausable.rt.hex": 0, "33-MinterRole.rt.hex": 0, "33-ERC20Mintable.rt.hex": 0, "33-Ownable.rt.hex": 0, "33-IWhitelist.rt.hex": 0, "33-BurnerRole.rt.hex": 0, "33-ERC20Burnable.rt.hex": 0, "33-ERC20Whitelistable.rt.hex": 0, "33-CanReclaimEther.rt.hex": 0, "33-SafeERC20.rt.hex": 0, "33-CanReclaimToken.rt.hex": 0, "33-LeveragedToken.rt.hex": 0, "34-SafeMath.rt.hex": 0, "34-ERC20Basic.rt.hex": 0, "34-ERC20.rt.hex": 0, "34-BasicToken.rt.hex": 0, "34-BurnableToken.rt.hex": 0, "34-StandardToken.rt.hex": 0, "34-Ownable.rt.hex": 0, "34-Pausable.rt.hex": 0, "34-PausableToken.rt.hex": 0, "34-DistributableAndPausableToken.rt.hex": 0, "34-TokenUpgrader.rt.hex": 0, "34-UpgradeableToken.rt.hex": 0, "34-Token.rt.hex": 0, "35-Ownable.rt.hex": 0, "35-IERC20.rt.hex": 0, "35-ERC20Detailed.rt.hex": 0, "35-SafeMath.rt.hex": 0, "35-ERC20.rt.hex": 0, "35-Roles.rt.hex": 0, "35-MinterRole.rt.hex": 0, "35-ERC20Mintable.rt.hex": 0, "35-ERC20Burnable.rt.hex": 0, "35-Loche.rt.hex": 0, "36-SafeMath.rt.hex": 0, "36-IERC20.rt.hex": 0, "36-PHO.rt.hex": 1, "37-SafeMath.rt.hex": 0, "37-owned.rt.hex": 0, "37-tokenRecipient.rt.hex": 0, "37-ParsecTokenERC20.rt.hex": 0, "37-ParsecPresale.rt.hex": 0, "38-Owned.rt.hex": 0, "38-IERC20.rt.hex": 0, "38-SafeMath.rt.hex": 0, "38-ERC20Detailed.rt.hex": 1, "38-HYDROGEN.rt.hex": 1, "39-SafeMath.rt.hex": 0, "39-ERC20TokenInterface.rt.hex": 1, "39-ERC20Token.rt.hex": 1, "39-AsseteGram.rt.hex": 1, "40-Ownable.rt.hex": 0, "40-Pausable.rt.hex": 0, "40-SafeMath.rt.hex": 0, "40-ERC20Basic.rt.hex": 0, "40-BasicToken.rt.hex": 0, "40-ERC20.rt.hex": 0, "40-StandardToken.rt.hex": 0, "40-PausableToken.rt.hex": 0, "40-BrickblockToken.rt.hex": 0, "41-ECRecovery.rt.hex": 0, "41-SafeMath.rt.hex": 0, "41-Roles.rt.hex": 0, "41-IERC20.rt.hex": 0, "41-ERC20.rt.hex": 0, "41-Ownable.rt.hex": 0, "41-MinterRole.rt.hex": 0, "41-Mintable.rt.hex": 0, "41-Pausable.rt.hex": 0, "41-Burnable.rt.hex": 0, "41-Lockable.rt.hex": 0, "41-DelegatorRole.rt.hex": 0, "41-Delegatable.rt.hex": 0, "41-TrancheToken.rt.hex": 0, "42-SafeMath.rt.hex": 0, "42-OddsAndEvens.rt.hex": 1, "43-Ownable.rt.hex": 0, "43-SafeMath.rt.hex": 0, "43-CommunityVesting.rt.hex": 0, "43-EcosystemVesting.rt.hex": 0, "43-SeedPrivateAdvisorVesting.rt.hex": 0, "43-TeamVesting.rt.hex": 0, "43-TokenInterface.rt.hex": 0, "43-Vesting.rt.hex": 0, "44-SafeMath.rt.hex": 0, "44-OwnerHelper.rt.hex": 0, "44-ERC20Interface.rt.hex": 0, "44-LINIXToken.rt.hex": 0, "45-SafeMath.rt.hex": 0, "45-IERC20.rt.hex": 0, "45-ERC20.rt.hex": 1, "45-ERC20Burnable.rt.hex": 1, "45-ERC20Detailed.rt.hex": 1, "45-AGR.rt.hex": 1, "46-digitalNotary.rt.hex": 1, "47-SafeMath.rt.hex": 0, "47-IERC20.rt.hex": 0, "47-ERC20Detailed.rt.hex": 1, "47-BIGBOMBv2.rt.hex": 1, "48-SafeMath.rt.hex": 0, "48-Roles.rt.hex": 0, "48-CapperRole.rt.hex": 0, "48-PauserRole.rt.hex": 0, "48-Pausable.rt.hex": 0, "48-MinterRole.rt.hex": 0, "48-IERC20.rt.hex": 0, "48-ERC20.rt.hex": 0, "48-ERC20Mintable.rt.hex": 0, "48-ERC20Burnable.rt.hex": 0, "48-ERC20Capped.rt.hex": 0, "48-ERC20Pausable.rt.hex": 0, "48-Ownable.rt.hex": 0, "48-BlueseedsToken.rt.hex": 0, "49-SafeMath.rt.hex": 0, "49-FomoFeast.rt.hex": 1, "50-SafeMath.rt.hex": 0, "50-ItemsInterfaceForEternalStorage.rt.hex": 0, "50-EternalStorage.rt.hex": 0, "51-ERC20.rt.hex": 0, "51-Ownable.rt.hex": 0, "51-SafeMath.rt.hex": 0, "51-FomoFeast.rt.hex": 1, "52-SafeMath.rt.hex": 0, "52-IERC20.rt.hex": 0, "52-PHO.rt.hex": 1, "53-Ownable.rt.hex": 0, "53-Pausable.rt.hex": 0, "53-Destructible.rt.hex": 0, "53-EDCoreInterface.rt.hex": 0, "53-DungeonRunCore.rt.hex": 0, "54-SafeMath.rt.hex": 0, "54-ERC20Basic.rt.hex": 0, "54-ERC20.rt.hex": 0, "54-BasicToken.rt.hex": 0, "54-StandardToken.rt.hex": 0, "54-BBIToken.rt.hex": 0, "55-SafeMath.rt.hex": 0, "55-owned.rt.hex": 1, "55-ERC20Essential.rt.hex": 0, "55-BitpayerDEX.rt.hex": 1, "56-SafeMath.rt.hex": 0, "56-owned.rt.hex": 0, "56-tokenRecipient.rt.hex": 0, "56-ParsecTokenERC20.rt.hex": 0, "56-ParsecCrowdsale.rt.hex": 0, "57-SafeMath.rt.hex": 0, "57-OwnerHelper.rt.hex": 0, "57-ERC20Interface.rt.hex": 0, "57-LINIXToken.rt.hex": 0, "58-Owned.rt.hex": 0, "58-ERC20Interface.rt.hex": 0, "58-ForTheBlockchain.rt.hex": 0, "58-EventMetadata.rt.hex": 1, "58-Operated.rt.hex": 1, "58-MultiHashWrapper.rt.hex": 1, "58-iFactory.rt.hex": 0, "58-ProofHash.rt.hex": 1, "58-Template.rt.hex": 1, "58-Post.rt.hex": 1, "59-IERC20.rt.hex": 0, "59-PHO.rt.hex": 1, "60-Ownable.rt.hex": 0, "60-Pausable.rt.hex": 0, "60-Destructible.rt.hex": 0, "60-EDCoreInterface.rt.hex": 0, "60-DungeonRunBeta.rt.hex": 0, "61-ERC20.rt.hex": 0, "61-IERC20.rt.hex": 0, "61-SafeMath.rt.hex": 0, "61-owned.rt.hex": 1, "61-ethBank.rt.hex": 1, "62-Ownable.rt.hex": 0, "62-ERC20.rt.hex": 0, "62-WithToken.rt.hex": 0, "62-SSPTypeAware.rt.hex": 0, "62-SSPRegistry.rt.hex": 0, "62-PublisherRegistry.rt.hex": 0, "62-DSPTypeAware.rt.hex": 0, "62-DSPRegistry.rt.hex": 0, "62-DepositRegistry.rt.hex": 0, "62-AuditorRegistry.rt.hex": 0, "62-DepositAware.rt.hex": 0, "62-SecurityDepositAware.rt.hex": 0, "62-AuditorRegistrar.rt.hex": 0, "62-DSPRegistrar.rt.hex": 0, "62-PublisherRegistrar.rt.hex": 0, "62-SSPRegistrar.rt.hex": 0, "62-ChannelApi.rt.hex": 0, "62-RegistryProvider.rt.hex": 0, "62-StateChannelListener.rt.hex": 0, "62-PapyrusDAO.rt.hex": 0, "63-SafeMath.rt.hex": 0, "63-ERC20Interface.rt.hex": 1, "63-ApproveAndCallFallBack.rt.hex": 1, "63-Owned.rt.hex": 1, "63-ForTheBlockchain.rt.hex": 1, "64-SafeMath.rt.hex": 0, "64-Ownable.rt.hex": 0, "64-PausableOnce.rt.hex": 0, "64-ERC20Basic.rt.hex": 0, "64-BasicToken.rt.hex": 0, "64-ERC20.rt.hex": 0, "64-StandardToken.rt.hex": 0, "64-InterfaceUpgradeAgent.rt.hex": 0, "64-UpgradableToken.rt.hex": 0, "64-Withdrawable.rt.hex": 0, "64-CtdToken.rt.hex": 0, "65-IERC20.rt.hex": 0, "65-SafeMath.rt.hex": 0, "65-ERC20.rt.hex": 0, "65-GrowToken.rt.hex": 0, "66-Ownable.rt.hex": 0, "66-Roles.rt.hex": 0, "66-PauserRole.rt.hex": 0, "66-Pausable.rt.hex": 0, "66-COORole.rt.hex": 0, "66-ReentrancyGuard.rt.hex": 0, "66-SafeMath.rt.hex": 0, "66-KittyBountiesAdmin.rt.hex": 0, "66-KittyCore.rt.hex": 0, "66-KittyBounties.rt.hex": 0, "67-Ownable.rt.hex": 0, "67-SketchMarket.rt.hex": 0, "68-SafeMath.rt.hex": 0, "68-EthTxOrderDependenceMinimal.rt.hex": 1, "69-Token.rt.hex": 0, "69-SafeMath.rt.hex": 0, "69-StandardToken.rt.hex": 0, "69-GRO.rt.hex": 0, "70-SafeMath.rt.hex": 0, "70-FomoFeast.rt.hex": 1, "71-SafeMath.rt.hex": 0, "71-Ownable.rt.hex": 0, "71-IErc20.rt.hex": 0, "71-Monetary.rt.hex": 0, "71-IPriceOracle.rt.hex": 0, "71-Require.rt.hex": 0, "71-Math.rt.hex": 0, "71-Time.rt.hex": 0, "71-IMakerOracle.rt.hex": 0, "71-IOasisDex.rt.hex": 0, "71-DaiPriceOracle.rt.hex": 0, "72-Owned.rt.hex": 0, "72-IERC20.rt.hex": 0, "72-SafeMath.rt.hex": 0, "72-ERC20Detailed.rt.hex": 1, "72-BIGBOMBv2.rt.hex": 1, "73-MiningRigFarmer.rt.hex": 0, "73-OddsAndEvens.rt.hex": 1, "74-ZOSLibOwnable.rt.hex": 0, "74-SafeMath.rt.hex": 0, "74-FomoFeast.rt.hex": 1, "75-BasicToken.rt.hex": 0, "75-ERC20Basic.rt.hex": 0, "75-owned.rt.hex": 1, "75-tokenRecipient.rt.hex": 1, "75-Token.rt.hex": 1, "75-SafeMath.rt.hex": 0, "75-MindsyncPlatform.rt.hex": 1, "76-SafeMath.rt.hex": 0, "76-ContractReceiver.rt.hex": 0, "76-PetToken.rt.hex": 0, "77-SafeMath.rt.hex": 0, "77-ERC721Interface.rt.hex": 0, "77-ERC20.rt.hex": 0, "77-Ownable.rt.hex": 0, "77-NewAuctionContract.rt.hex": 0, "77-AuctionContract.rt.hex": 0, "78-SafeMath.rt.hex": 0, "78-OddsAndEvens.rt.hex": 1, "79-SafeMath.rt.hex": 0, "79-Ownable.rt.hex": 0, "79-ERC20Basic.rt.hex": 0, "79-ERC20.rt.hex": 0, "79-DetailedERC20.rt.hex": 0, "79-BasicToken.rt.hex": 0, "79-StandardToken.rt.hex": 0, "79-UnlimitedAllowanceToken.rt.hex": 0, "79-BZRxToken.rt.hex": 0, "79-BZRxTransferProxy.rt.hex": 0, "80-SafeMath.rt.hex": 0, "80-FomoFeast.rt.hex": 1, "81-IERC20.rt.hex": 0, "81-ERC20.rt.hex": 0, "81-EventMetadata.rt.hex": 1, "81-Operated.rt.hex": 1, "81-MultiHashWrapper.rt.hex": 1, "81-iFactory.rt.hex": 0, "81-ProofHash.rt.hex": 1, "81-Template.rt.hex": 1, "81-Post.rt.hex": 1, "82-ERC20.rt.hex": 0, "82-IERC20.rt.hex": 0, "82-EventMetadata.rt.hex": 1, "82-Operated.rt.hex": 1, "82-MultiHashWrapper.rt.hex": 1, "82-iFactory.rt.hex": 0, "82-ProofHash.rt.hex": 1, "82-Template.rt.hex": 1, "82-Post.rt.hex": 1, "83-IERC20.rt.hex": 0, "83-PauserRole.rt.hex": 0, "83-Roles.rt.hex": 0, "83-SafeMath.rt.hex": 0, "83-ERC20.rt.hex": 0, "83-MinterRole.rt.hex": 0, "83-ERC20Mintable.rt.hex": 0, "83-ERC20Burnable.rt.hex": 0, "83-Pausable.rt.hex": 0, "83-ERC20Pausable.rt.hex": 0, "83-ERC20Detailed.rt.hex": 0, "83-Ownable.rt.hex": 0, "83-Migrations.rt.hex": 0, "83-ELToken.rt.hex": 0, "84-NokuPricingPlan.rt.hex": 0, "84-Ownable.rt.hex": 0, "84-Pausable.rt.hex": 0, "84-SafeMath.rt.hex": 0, "84-ERC20Basic.rt.hex": 0, "84-ERC20.rt.hex": 0, "84-BurnableERC20.rt.hex": 0, "84-NokuTokenBurner.rt.hex": 0, "84-BasicToken.rt.hex": 0, "84-BurnableToken.rt.hex": 0, "84-DetailedERC20.rt.hex": 0, "84-StandardToken.rt.hex": 0, "84-MintableToken.rt.hex": 0, "84-NokuCustomERC20.rt.hex": 0, "84-NokuCustomERC20Service.rt.hex": 0, "85-IERC20.rt.hex": 0, "85-SafeMath.rt.hex": 0, "85-ERC20.rt.hex": 0, "85-ERC20Detailed.rt.hex": 0, "85-ERC20Burnable.rt.hex": 0, "85-Roles.rt.hex": 0, "85-MinterRole.rt.hex": 0, "85-ERC20Mintable.rt.hex": 0, "85-PauserRole.rt.hex": 0, "85-Pausable.rt.hex": 0, "85-ERC20PartialLock.rt.hex": 0, "85-LXANK.rt.hex": 0, "86-SafeMath.rt.hex": 0, "86-IERC20.rt.hex": 0, "86-ERC20.rt.hex": 1, "86-ERC20Detailed.rt.hex": 1, "86-SimpleSwapCoin.rt.hex": 1, "87-FixedSupplyBurnableToken.rt.hex": 0, "87-ERC20Interface.rt.hex": 0, "87-Owned.rt.hex": 0, "87-EventMetadata.rt.hex": 1, "87-Operated.rt.hex": 1, "87-ProofHashes.rt.hex": 1, "87-MultiHashWrapper.rt.hex": 1, "87-iFactory.rt.hex": 0, "87-Template.rt.hex": 1, "87-Feed.rt.hex": 1, "88-Ownable.rt.hex": 0, "88-LinkedList.rt.hex": 0, "88-ERC20Basic.rt.hex": 0, "88-SafeMath.rt.hex": 0, "88-BasicToken.rt.hex": 0, "88-ERC20.rt.hex": 0, "88-StandardToken.rt.hex": 0, "88-Pausable.rt.hex": 0, "88-PausableToken.rt.hex": 0, "88-BurnableToken.rt.hex": 0, "88-RepublicToken.rt.hex": 0, "88-DarknodeRegistryStore.rt.hex": 0, "89-SafeMath.rt.hex": 0, "89-owned.rt.hex": 1, "89-ethBank.rt.hex": 1, "90-IERC20.rt.hex": 0, "90-ERC20.rt.hex": 0, "90-EventMetadata.rt.hex": 1, "90-Operated.rt.hex": 1, "90-MultiHashWrapper.rt.hex": 1, "90-iFactory.rt.hex": 0, "90-ProofHash.rt.hex": 1, "90-Template.rt.hex": 1, "90-Post.rt.hex": 1, "91-SafeMath.rt.hex": 0, "91-Ownable.rt.hex": 0, "91-Roles.rt.hex": 0, "91-MinterRole.rt.hex": 0, "91-ReentrancyGuard.rt.hex": 0, "91-CertificateControllerMock.rt.hex": 0, "91-CertificateController.rt.hex": 0, "91-IERC777TokensRecipient.rt.hex": 0, "91-IERC777TokensSender.rt.hex": 0, "91-IERC1410.rt.hex": 0, "91-IERC777.rt.hex": 0, "91-IERC1400.rt.hex": 0, "91-ERC820Registry.rt.hex": 0, "91-ERC820Client.rt.hex": 0, "91-ERC777.rt.hex": 0, "91-ERC1410.rt.hex": 0, "91-ERC1400.rt.hex": 0, "92-Ownable.rt.hex": 0, "92-SafeMath.rt.hex": 0, "92-IERC20.rt.hex": 0, "92-ERC20.rt.hex": 1, "92-ERC20Detailed.rt.hex": 1, "92-SimpleSwapCoin.rt.hex": 1, "93-SafeMath.rt.hex": 0, "93-FomoFeast.rt.hex": 1, "94-SafeMath.rt.hex": 0, "94-Ownable.rt.hex": 0, "94-Pausable.rt.hex": 0, "94-ERC20Basic.rt.hex": 0, "94-BasicToken.rt.hex": 0, "94-ERC20.rt.hex": 0, "94-StandardToken.rt.hex": 0, "94-PausableToken.rt.hex": 0, "94-CostumeToken.rt.hex": 0, "94-Crowdsale.rt.hex": 0, "95-EventMetadata.rt.hex": 1, "95-Operated.rt.hex": 1, "95-ProofHashes.rt.hex": 1, "95-MultiHashWrapper.rt.hex": 1, "95-iFactory.rt.hex": 0, "95-Template.rt.hex": 1, "95-Feed.rt.hex": 1, "96-SafeMath.rt.hex": 0, "96-IERC20.rt.hex": 0, "96-PHO.rt.hex": 1, "97-SafeMath.rt.hex": 0, "97-IERC20.rt.hex": 0, "97-ERC20Detailed.rt.hex": 1, "97-HYDROGEN.rt.hex": 1, "98-Ownable.rt.hex": 0, "98-Roles.rt.hex": 0, "98-RBAC.rt.hex": 0, "98-SafeMath.rt.hex": 0, "98-ERC20Basic.rt.hex": 0, "98-ERC20.rt.hex": 0, "98-BasicToken.rt.hex": 0, "98-StandardToken.rt.hex": 0, "98-Pausable.rt.hex": 0, "98-PausableToken.rt.hex": 0, "98-BlackListToken.rt.hex": 0, "98-TwoPhaseToken.rt.hex": 0, "98-UpgradedStandardToken.rt.hex": 0, "98-WithToken.rt.hex": 0, "99-SafeMath.rt.hex": 0, "99-ERC20Interface.rt.hex": 0, "99-admined.rt.hex": 0, "99-ICO.rt.hex": 0, "100-ERC20.rt.hex": 0, "100-IERC20.rt.hex": 0, "100-SafeMath.rt.hex": 0, "100-FomoFeast.rt.hex": 1, "101-SafeMath.rt.hex": 0, "101-ERC20.rt.hex": 1, "102-AbstractToken.rt.hex": 0, "102-ALTYN.rt.hex": 0, "102-SafeMath.rt.hex": 0, "102-Token.rt.hex": 0, "102-CareerOnToken.rt.hex": 1, "103-Ownable.rt.hex": 0, "103-Pausable.rt.hex": 0, "103-Destructible.rt.hex": 0, "103-EDCoreInterface.rt.hex": 0, "103-DungeonRunAlpha.rt.hex": 0, "104-SafeMath.rt.hex": 0, "104-ERC20.rt.hex": 0, "104-ReserveToken.rt.hex": 0, "104-EtherDelta.rt.hex": 0, "105-SafeMath.rt.hex": 0, "105-Roles.rt.hex": 0, "105-PauserRole.rt.hex": 0, "105-Pausable.rt.hex": 0, "105-Ownable.rt.hex": 0, "105-KittyBountiesAdmin.rt.hex": 0, "105-KittyCore.rt.hex": 0, "105-KittyBounties.rt.hex": 0, "106-IConnections.rt.hex": 0, "106-Connections.rt.hex": 0, "107-SafeMath.rt.hex": 0, "107-FomoFeast.rt.hex": 1, "108-SafeMath.rt.hex": 0, "108-ERC20Basic.rt.hex": 0, "108-BasicToken.rt.hex": 0, "108-ERC20.rt.hex": 0, "108-StandardToken.rt.hex": 0, "108-SafeERC20.rt.hex": 0, "108-Owned.rt.hex": 0, "108-TokenVesting.rt.hex": 0, "108-TokenVault.rt.hex": 0, "108-BurnableToken.rt.hex": 0, "108-BKB_Token.rt.hex": 0, "109-SafeMath.rt.hex": 0, "109-Token.rt.hex": 0, "109-AbstractToken.rt.hex": 0, "109-CareerOnToken.rt.hex": 1, "110-SafeMath.rt.hex": 0, "110-Roles.rt.hex": 0, "110-PauserRole.rt.hex": 0, "110-AdministratorRole.rt.hex": 0, "110-Ownable.rt.hex": 0, "110-Pausable.rt.hex": 0, "110-IERC20.rt.hex": 0, "110-ERC20.rt.hex": 0, "110-ERC20Detailed.rt.hex": 0, "110-ETMToken.rt.hex": 0, "111-SafeMath.rt.hex": 0, "111-ERC20Basic.rt.hex": 0, "111-BasicToken.rt.hex": 0, "111-ERC20.rt.hex": 0, "111-StandardToken.rt.hex": 0, "111-SafeERC20.rt.hex": 0, "111-Owned.rt.hex": 0, "111-TokenVesting.rt.hex": 0, "111-TokenVault.rt.hex": 0, "111-BurnableToken.rt.hex": 0, "111-ZTC_Token.rt.hex": 0, "112-RTCoinInterface.rt.hex": 0, "112-ERC20Interface.rt.hex": 0, "112-SafeMath.rt.hex": 0, "112-Stake.rt.hex": 0, "113-SafeMath.rt.hex": 0, "113-Ownable.rt.hex": 0, "113-ERC20Basic.rt.hex": 0, "113-ERC20.rt.hex": 0, "113-DetailedERC20.rt.hex": 0, "113-BasicToken.rt.hex": 0, "113-StandardToken.rt.hex": 0, "113-UnlimitedAllowanceToken.rt.hex": 0, "113-BZRxToken.rt.hex": 0, "113-BZRxTransferProxy.rt.hex": 0, "114-TokenTimelock.rt.hex": 0, "114-SafeMath.rt.hex": 0, "114-IERC20.rt.hex": 0, "114-ERC20.rt.hex": 1, "114-ERC20Detailed.rt.hex": 1, "114-SaveWon.rt.hex": 1, "115-Regatta.rt.hex": 0, "116-SafeMath.rt.hex": 0, "116-Ownable.rt.hex": 0, "116-Helper.rt.hex": 0, "116-LNX.rt.hex": 0, "117-LibBytes.rt.hex": 0, "117-ReentrancyGuard.rt.hex": 0, "117-SafeMath.rt.hex": 0, "117-LibConstants.rt.hex": 0, "117-LibEIP712.rt.hex": 0, "117-LibFillResults.rt.hex": 0, "117-LibMath.rt.hex": 0, "117-LibOrder.rt.hex": 0, "117-LibAbiEncoder.rt.hex": 0, "117-IOwnable.rt.hex": 0, "117-IAuthorizable.rt.hex": 0, "117-IAssetProxy.rt.hex": 0, "117-IValidator.rt.hex": 0, "117-IWallet.rt.hex": 0, "117-IExchangeCore.rt.hex": 0, "117-IAssetProxyDispatcher.rt.hex": 0, "117-IMatchOrders.rt.hex": 0, "117-ISignatureValidator.rt.hex": 0, "117-ITransactions.rt.hex": 0, "117-IWrapperFunctions.rt.hex": 0, "117-IExchange.rt.hex": 0, "117-MExchangeCore.rt.hex": 0, "117-MAssetProxyDispatcher.rt.hex": 0, "117-MMatchOrders.rt.hex": 0, "117-MSignatureValidator.rt.hex": 0, "117-MTransactions.rt.hex": 0, "117-MWrapperFunctions.rt.hex": 0, "117-Ownable.rt.hex": 0, "117-MixinExchangeCore.rt.hex": 0, "117-MixinSignatureValidator.rt.hex": 0, "117-MixinWrapperFunctions.rt.hex": 0, "117-MixinTransactions.rt.hex": 0, "117-MixinAssetProxyDispatcher.rt.hex": 0, "117-MixinMatchOrders.rt.hex": 0, "117-Exchange.rt.hex": 0, "118-SafeMath.rt.hex": 0, "118-OwnerHelper.rt.hex": 0, "118-ERC20Interface.rt.hex": 0, "118-VantaToken.rt.hex": 0, "119-SafeMath.rt.hex": 0, "119-ERC20TokenInterface.rt.hex": 1, "119-ERC20Token.rt.hex": 1, "119-AsseteGram.rt.hex": 1, "120-SafeMath.rt.hex": 0, "120-Ownable.rt.hex": 0, "120-ERC20Basic.rt.hex": 0, "120-ERC20.rt.hex": 0, "120-SafeERC20.rt.hex": 0, "120-Crowdsale.rt.hex": 0, "120-TimedCrowdsale.rt.hex": 0, "120-FinalizableCrowdsale.rt.hex": 0, "120-BasicToken.rt.hex": 0, "120-StandardToken.rt.hex": 0, "120-MintableToken.rt.hex": 0, "120-MintedCrowdsale.rt.hex": 0, "120-Pausable.rt.hex": 0, "120-RealtyReturnsTokenInterface.rt.hex": 0, "120-PausableToken.rt.hex": 0, "120-RealtyReturnsToken.rt.hex": 0, "120-LockTokenAllocation.rt.hex": 0, "120-RealtyReturnsTokenCrowdsale.rt.hex": 0, "121-SafeMath.rt.hex": 0, "121-EventMetadata.rt.hex": 1, "121-Operated.rt.hex": 1, "121-ProofHashes.rt.hex": 1, "121-MultiHashWrapper.rt.hex": 1, "121-iFactory.rt.hex": 0, "121-Template.rt.hex": 1, "121-Feed.rt.hex": 1, "122-SafeMath.rt.hex": 0, "122-IERC20.rt.hex": 0, "122-ERC20.rt.hex": 1, "122-ERC20Detailed.rt.hex": 1, "122-SaveWon.rt.hex": 1, "123-Ownable.rt.hex": 0, "123-Administratable.rt.hex": 0, "123-IERC20.rt.hex": 0, "123-SafeMath.rt.hex": 0, "123-ERC20.rt.hex": 0, "123-ERC20Burnable.rt.hex": 0, "123-Whitelistable.rt.hex": 0, "123-Freezable.rt.hex": 0, "123-TimeLockable.rt.hex": 0, "123-BLUCON.rt.hex": 0, "123-Migrations.rt.hex": 0, "124-SafeMath.rt.hex": 0, "124-ERC20Basic.rt.hex": 0, "124-BasicToken.rt.hex": 0, "124-ERC20.rt.hex": 0, "124-StandardToken.rt.hex": 0, "124-SafeERC20.rt.hex": 0, "124-Owned.rt.hex": 0, "124-TokenVesting.rt.hex": 0, "124-TokenVault.rt.hex": 0, "124-BurnableToken.rt.hex": 0, "124-WKA_Token.rt.hex": 0, "125-SafeMath.rt.hex": 0, "125-IERC20.rt.hex": 0, "125-ERC20.rt.hex": 1, "125-ERC20Burnable.rt.hex": 1, "125-ERC20Detailed.rt.hex": 1, "125-AGR.rt.hex": 1, "126-SafeMath.rt.hex": 0, "126-ERC20Interface.rt.hex": 1, "126-Owned.rt.hex": 1, "126-ExclusivePlatform.rt.hex": 1, "127-SafeMath.rt.hex": 0, "127-Ownable.rt.hex": 0, "127-Finalizable.rt.hex": 0, "127-IToken.rt.hex": 0, "127-TokenReceivable.rt.hex": 0, "127-EventDefinitions.rt.hex": 0, "127-Token.rt.hex": 0, "127-Controller.rt.hex": 0, "127-PreSale.rt.hex": 0, "127-Ledger.rt.hex": 0, "128-ECRecovery.rt.hex": 0, "128-SigningLogic.rt.hex": 0, "128-ERC20Basic.rt.hex": 0, "128-ERC20.rt.hex": 0, "128-SafeMath.rt.hex": 0, "128-SafeERC20.rt.hex": 0, "128-TokenEscrowMarketplace.rt.hex": 0, "128-Initializable.rt.hex": 0, "128-AttestationLogic.rt.hex": 0, "129-SafeMath.rt.hex": 0, "129-CareerOnToken.rt.hex": 1, "130-Pool.rt.hex": 0, "130-SafeMath.rt.hex": 0, "130-RigoToken.rt.hex": 0, "130-DragoRegistry.rt.hex": 0, "130-Inflation.rt.hex": 0, "130-ReentrancyGuard.rt.hex": 0, "130-ProofOfPerformanceFace.rt.hex": 0, "130-ProofOfPerformance.rt.hex": 0, "131-Ownable.rt.hex": 0, "131-OddsAndEvens.rt.hex": 1, "132-SafeMath.rt.hex": 0, "132-IERC20.rt.hex": 0, "132-ERC20.rt.hex": 0, "132-Roles.rt.hex": 0, "132-MinterRole.rt.hex": 0, "132-ERC20Mintable.rt.hex": 0, "132-ERC20Burnable.rt.hex": 0, "132-TuneTradeToken.rt.hex": 0, "132-WhitelistAdminRole.rt.hex": 0, "132-WhitelistedRole.rt.hex": 0, "132-TeamRole.rt.hex": 0, "132-SafeERC20.rt.hex": 0, "132-SwapContract.rt.hex": 0, "133-SafeMath.rt.hex": 0, "133-ItemsInterfaceForEternalStorage.rt.hex": 0, "133-EternalStorage.rt.hex": 0, "134-ECRecovery.rt.hex": 0, "134-Roles.rt.hex": 0, "134-SafeMath.rt.hex": 0, "134-IERC20.rt.hex": 0, "134-ERC20.rt.hex": 0, "134-Ownable.rt.hex": 0, "134-MinterRole.rt.hex": 0, "134-Mintable.rt.hex": 0, "134-Pausable.rt.hex": 0, "134-Burnable.rt.hex": 0, "134-Lockable.rt.hex": 0, "134-DelegatorRole.rt.hex": 0, "134-Delegatable.rt.hex": 0, "134-TrustShoreToken.rt.hex": 0, "135-SafeMath.rt.hex": 0, "135-Ownable.rt.hex": 0, "135-ERC20.rt.hex": 0, "135-StandardToken.rt.hex": 0, "135-EIForceCoin.rt.hex": 0, "136-SafeMath.rt.hex": 0, "136-Roles.rt.hex": 0, "136-RBAC.rt.hex": 0, "136-RBACWithAdmin.rt.hex": 0, "136-Ownable.rt.hex": 0, "136-ERC20Basic.rt.hex": 0, "136-BasicToken.rt.hex": 0, "136-ERC20.rt.hex": 0, "136-DetailedERC20.rt.hex": 0, "136-StandardToken.rt.hex": 0, "136-ERC865.rt.hex": 0, "136-ERC865Token.rt.hex": 0, "136-BeepToken.rt.hex": 0, "137-SafeMath.rt.hex": 0, "137-IERC20.rt.hex": 0, "137-ERC20Detailed.rt.hex": 1, "137-HYDROGEN.rt.hex": 1, "138-IERC165.rt.hex": 0, "138-ERC165.rt.hex": 0, "138-IERC721.rt.hex": 0, "138-IERC721Receiver.rt.hex": 0, "138-SafeMath.rt.hex": 0, "138-Address.rt.hex": 0, "138-FormSI060719.rt.hex": 0, "139-SafeMath.rt.hex": 0, "139-IERC20.rt.hex": 0, "139-PHO.rt.hex": 1, "140-IERC20.rt.hex": 0, "140-ERC20.rt.hex": 0, "140-CareerOnToken.rt.hex": 1, "141-SafeMath.rt.hex": 0, "141-owned.rt.hex": 1, "141-ethBank.rt.hex": 1, "142-SafeMath.rt.hex": 0, "142-Roles.rt.hex": 0, "142-PauserRole.rt.hex": 0, "142-Pausable.rt.hex": 0, "142-Ownable.rt.hex": 0, "142-KittyBountiesAdmin.rt.hex": 0, "142-KittyCore.rt.hex": 0, "142-KittyBounties.rt.hex": 0, "143-SafeMath.rt.hex": 0, "143-OwnerHelper.rt.hex": 0, "143-ERC20Interface.rt.hex": 0, "143-ITAMToken.rt.hex": 0, "144-SafeMath.rt.hex": 0, "144-Ownable.rt.hex": 0, "144-ERC20Basic.rt.hex": 0, "144-ERC20.rt.hex": 0, "144-DetailedERC20.rt.hex": 0, "144-BasicToken.rt.hex": 0, "144-StandardToken.rt.hex": 0, "144-UnlimitedAllowanceToken.rt.hex": 0, "144-BZRxToken.rt.hex": 0, "144-BZRxTransferProxy.rt.hex": 0, "145-Token.rt.hex": 0, "145-StandardToken.rt.hex": 0, "145-HumanStandardToken.rt.hex": 0, "145-StandardBounties.rt.hex": 0, "146-Ownable.rt.hex": 0, "146-Crowdsale.rt.hex": 0, "146-SafeMath.rt.hex": 0, "146-IERC20.rt.hex": 0, "146-ERC20.rt.hex": 1, "146-ERC20Detailed.rt.hex": 1, "146-SimpleSwapCoin.rt.hex": 1, "147-ERC20Interface.rt.hex": 0, "147-MEADCOIN.rt.hex": 0, "147-SafeMath.rt.hex": 0, "147-Owned.rt.hex": 0, "147-EventMetadata.rt.hex": 1, "147-Operated.rt.hex": 1, "147-MultiHashWrapper.rt.hex": 1, "147-iFactory.rt.hex": 0, "147-ProofHash.rt.hex": 1, "147-Template.rt.hex": 1, "147-Post.rt.hex": 1, "148-AbstractToken.rt.hex": 0, "148-Token.rt.hex": 0, "148-SafeMath.rt.hex": 0, "148-OddsAndEvens.rt.hex": 1, "149-IAccounting.rt.hex": 0, "149-IAccountingFactory.rt.hex": 0, "149-IERC20.rt.hex": 0, "149-IDisputer.rt.hex": 0, "149-FeeWindow.rt.hex": 0, "149-Universe.rt.hex": 0, "149-ReportingParticipant.rt.hex": 0, "149-Market.rt.hex": 0, "149-IDisputerFactory.rt.hex": 0, "149-ICrowdsourcerParent.rt.hex": 0, "149-ICrowdsourcer.rt.hex": 0, "149-DisputerParams.rt.hex": 0, "149-Crowdsourcer.rt.hex": 0, "149-CrowdsourcerFactory.rt.hex": 0, "150-BasicToken.rt.hex": 0, "150-Ownable.rt.hex": 0, "150-ERC20.rt.hex": 0, "150-Pausable.rt.hex": 0, "150-REALT.rt.hex": 0, "150-ERC20Basic.rt.hex": 0, "150-StandardToken.rt.hex": 0, "150-SafeMath.rt.hex": 0, "150-ERC20Interface.rt.hex": 1, "150-ApproveAndCallFallBack.rt.hex": 1, "150-Owned.rt.hex": 1, "150-ForTheBlockchain.rt.hex": 1, "151-SafeMath.rt.hex": 0, "151-Ownable.rt.hex": 0, "151-ERC20Basic.rt.hex": 0, "151-ERC20.rt.hex": 0, "151-SafeERC20.rt.hex": 0, "151-Crowdsale.rt.hex": 0, "151-TimedCrowdsale.rt.hex": 0, "151-FinalizableCrowdsale.rt.hex": 0, "151-BasicToken.rt.hex": 0, "151-StandardToken.rt.hex": 0, "151-MintableToken.rt.hex": 0, "151-MintedCrowdsale.rt.hex": 0, "151-Pausable.rt.hex": 0, "151-RealtyReturnsTokenInterface.rt.hex": 0, "151-PausableToken.rt.hex": 0, "151-RealtyReturnsToken.rt.hex": 0, "151-LockTokenAllocation.rt.hex": 0, "151-RealtyReturnsTokenCrowdsale.rt.hex": 0, "152-SafeMath.rt.hex": 0, "152-FomoFeast.rt.hex": 1, "153-SafeMath.rt.hex": 0, "153-ERC20Interface.rt.hex": 1, "153-ApproveAndCallFallBack.rt.hex": 1, "153-Owned.rt.hex": 1, "153-ForTheBlockchain.rt.hex": 1, "154-ProofOfExistence.rt.hex": 0, "154-EthTxOrderDependenceMinimal.rt.hex": 1, "155-Bitwin.rt.hex": 0, "155-ERC20Interface.rt.hex": 0, "155-Owned.rt.hex": 0, "155-IERC20.rt.hex": 0, "155-SafeMath.rt.hex": 0, "155-ERC20Detailed.rt.hex": 1, "155-HYDROGEN.rt.hex": 1, "156-SafeMath.rt.hex": 0, "156-ItemsInterfaceForEternalStorage.rt.hex": 0, "156-EternalStorage.rt.hex": 0, "157-SafeMath.rt.hex": 0, "157-IERC20.rt.hex": 0, "157-ERC20.rt.hex": 1, "157-ERC20Detailed.rt.hex": 1, "157-SaveWon.rt.hex": 1, "158-Ownable.rt.hex": 0, "158-Pausable.rt.hex": 0, "158-Destructible.rt.hex": 0, "158-EDCoreInterface.rt.hex": 0, "158-DungeonRunAlpha.rt.hex": 0, "159-TAMCContract.rt.hex": 1, "160-SafeMath.rt.hex": 0, "160-Roles.rt.hex": 0, "160-PauserRole.rt.hex": 0, "160-Pausable.rt.hex": 0, "160-Ownable.rt.hex": 0, "160-KittyBountiesAdmin.rt.hex": 0, "160-KittyCore.rt.hex": 0, "160-KittyBounties.rt.hex": 0, "161-BasicToken.rt.hex": 0, "161-ERC20Basic.rt.hex": 0, "161-IERC20.rt.hex": 0, "161-SafeMath.rt.hex": 0, "161-ERC20.rt.hex": 1, "161-ERC20Burnable.rt.hex": 1, "161-ERC20Detailed.rt.hex": 1, "161-AGR.rt.hex": 1, "162-SafeMath.rt.hex": 0, "162-IERC20.rt.hex": 0, "162-UBBCToken.rt.hex": 1, "163-SafeMath.rt.hex": 0, "163-database.rt.hex": 0, "163-topl_database_lib.rt.hex": 0, "163-iconiq_presale.rt.hex": 0, "164-Ownable.rt.hex": 0, "164-SafeMath.rt.hex": 0, "164-ERC20Basic.rt.hex": 0, "164-BasicToken.rt.hex": 0, "164-ERC20.rt.hex": 0, "164-StandardToken.rt.hex": 0, "164-BurnableToken.rt.hex": 0, "164-Pausable.rt.hex": 0, "164-GiftToken.rt.hex": 0, "164-Whitelist.rt.hex": 0, "164-GiftCrowdsale.rt.hex": 0, "165-CPTXToken.rt.hex": 0, "165-ERC20.rt.hex": 0, "165-Pausable.rt.hex": 0, "165-Ownable.rt.hex": 0, "165-EthTxOrderDependenceMinimal.rt.hex": 1, "166-SafeMath.rt.hex": 0, "166-ERC20Interface.rt.hex": 1, "166-ApproveAndCallFallBack.rt.hex": 1, "166-Owned.rt.hex": 1, "166-ForTheBlockchain.rt.hex": 1, "167-SafeMath.rt.hex": 0, "167-owned.rt.hex": 1, "167-tokenRecipient.rt.hex": 0, "167-TokenERC20.rt.hex": 1, "167-AZT.rt.hex": 1, "168-SafeMath.rt.hex": 0, "168-Ownable.rt.hex": 0, "168-Pausable.rt.hex": 0, "168-ERC20Basic.rt.hex": 0, "168-BasicToken.rt.hex": 0, "168-ERC20.rt.hex": 0, "168-StandardToken.rt.hex": 0, "168-PausableToken.rt.hex": 0, "168-RefundVault.rt.hex": 0, "168-PallyCoin.rt.hex": 0, "168-Crowdsale.rt.hex": 0, "169-FormSI060719.rt.hex": 0, "169-ERC165.rt.hex": 0, "169-IERC165.rt.hex": 0, "169-IERC721.rt.hex": 0, "169-IERC20.rt.hex": 0, "169-SafeMath.rt.hex": 0, "169-ERC20Detailed.rt.hex": 1, "169-HYDROGEN.rt.hex": 1, "170-SafeMath.rt.hex": 0, "170-database.rt.hex": 0, "170-topl_database_lib.rt.hex": 0, "170-arbits_presale.rt.hex": 0, "171-ERC20Basic.rt.hex": 0, "171-ERC20.rt.hex": 0, "171-SafeMath.rt.hex": 0, "171-SafeERC20.rt.hex": 0, "171-Crowdsale.rt.hex": 0, "171-TimedCrowdsale.rt.hex": 0, "171-CappedCrowdsale.rt.hex": 0, "171-BasicToken.rt.hex": 0, "171-StandardToken.rt.hex": 0, "171-Ownable.rt.hex": 0, "171-MintableToken.rt.hex": 0, "171-MintedCrowdsale.rt.hex": 0, "171-DetailedERC20.rt.hex": 0, "171-Pausable.rt.hex": 0, "171-PausableToken.rt.hex": 0, "171-LoonieToken.rt.hex": 0, "171-LoonieCrowdsale.rt.hex": 0, "172-SafeMath.rt.hex": 0, "172-ERC20Token.rt.hex": 0, "172-UnlockGmi.rt.hex": 0, "173-SafeMath.rt.hex": 0, "173-ERC20Interface.rt.hex": 1, "173-ApproveAndCallFallBack.rt.hex": 1, "173-Owned.rt.hex": 1, "173-ForTheBlockchain.rt.hex": 1, "174-Ownable.rt.hex": 0, "174-BasicToken.rt.hex": 0, "174-ERC20Basic.rt.hex": 0, "174-EthTxOrderDependenceMinimal.rt.hex": 1, "175-Lockable.rt.hex": 0, "175-IERC20.rt.hex": 0, "175-PHO.rt.hex": 1, "176-Crowdsale.rt.hex": 0, "176-SafeMath.rt.hex": 0, "176-Ownable.rt.hex": 0, "176-ERC20Basic.rt.hex": 0, "176-ERC20.rt.hex": 0, "176-SafeERC20.rt.hex": 0, "176-QuinadsCrowdsale.rt.hex": 0, "177-SafeMath.rt.hex": 0, "177-IERC20.rt.hex": 0, "177-ERC20.rt.hex": 1, "177-ERC20Detailed.rt.hex": 1, "177-SimpleSwapCoin.rt.hex": 1, "178-SafeMath.rt.hex": 0, "178-ERC20Interface.rt.hex": 1, "178-ApproveAndCallFallBack.rt.hex": 1, "178-Owned.rt.hex": 1, "178-QurasToken.rt.hex": 1, "179-IERC20.rt.hex": 0, "179-ERC20.rt.hex": 0, "179-SafeMath.rt.hex": 0, "179-owned.rt.hex": 1, "179-tokenRecipient.rt.hex": 0, "179-TokenERC20.rt.hex": 1, "179-AZT.rt.hex": 1, "180-KittyBountiesAdmin.rt.hex": 0, "180-Ownable.rt.hex": 0, "180-Pausable.rt.hex": 0, "180-PauserRole.rt.hex": 0, "180-KittyBounties.rt.hex": 0, "180-EventMetadata.rt.hex": 1, "180-Operated.rt.hex": 1, "180-ProofHashes.rt.hex": 1, "180-MultiHashWrapper.rt.hex": 1, "180-iFactory.rt.hex": 0, "180-Template.rt.hex": 1, "180-Feed.rt.hex": 1, "181-SafeMath.rt.hex": 0, "181-IERC20.rt.hex": 0, "181-ERC20.rt.hex": 1, "181-ERC20Burnable.rt.hex": 1, "181-ERC20Detailed.rt.hex": 1, "181-AGR.rt.hex": 1, "182-SafeMath.rt.hex": 0, "182-ERC721Interface.rt.hex": 0, "182-ERC20.rt.hex": 0, "182-Ownable.rt.hex": 0, "182-NewAuctionContract.rt.hex": 0, "182-ArconaMarketplaceContract.rt.hex": 0, "183-IAccessPolicy.rt.hex": 0, "183-IAccessControlled.rt.hex": 0, "183-StandardRoles.rt.hex": 0, "183-AccessControlled.rt.hex": 0, "183-IMigrationTarget.rt.hex": 0, "183-MigrationTarget.rt.hex": 0, "183-EuroTokenMigrationTarget.rt.hex": 0, "183-IMigrationSource.rt.hex": 0, "183-MigrationSource.rt.hex": 0, "183-AccessRoles.rt.hex": 0, "183-IBasicToken.rt.hex": 0, "183-Reclaimable.rt.hex": 0, "183-ITokenMetadata.rt.hex": 0, "183-TokenMetadata.rt.hex": 0, "183-IERC20Allowance.rt.hex": 0, "183-IERC20Token.rt.hex": 0, "183-IERC677Callback.rt.hex": 0, "183-IERC677Allowance.rt.hex": 0, "183-IERC677Token.rt.hex": 0, "183-Math.rt.hex": 0, "183-BasicToken.rt.hex": 0, "183-StandardToken.rt.hex": 0, "183-EuroToken.rt.hex": 0, "184-IERC20.rt.hex": 0, "184-SafeMath.rt.hex": 0, "184-ERC20Detailed.rt.hex": 1, "184-HYDROGEN.rt.hex": 1, "185-ERC20Interface.rt.hex": 1, "185-IERC20Interface.rt.hex": 1, "185-RaffleToken.rt.hex": 0, "185-SafeMath.rt.hex": 0, "185-RaffleTokenExchange.rt.hex": 1, "186-Moloch.rt.hex": 0, "186-IERC20.rt.hex": 0, "186-Ownable.rt.hex": 0, "186-GuildBank.rt.hex": 0, "186-SafeMath.rt.hex": 0, "187-SafeMath.rt.hex": 0, "187-ERC20.rt.hex": 0, "187-SATCoin.rt.hex": 0, "188-Token.rt.hex": 0, "188-SafeMath.rt.hex": 0, "188-AbstractToken.rt.hex": 0, "188-CareerOnToken.rt.hex": 1, "189-Ownable.rt.hex": 0, "189-Roles.rt.hex": 0, "189-RBAC.rt.hex": 0, "189-SafeMath.rt.hex": 0, "189-ERC20Basic.rt.hex": 0, "189-ERC20.rt.hex": 0, "189-BasicToken.rt.hex": 0, "189-StandardToken.rt.hex": 0, "189-Pausable.rt.hex": 0, "189-PausableToken.rt.hex": 0, "189-BlackListToken.rt.hex": 0, "189-TwoPhaseToken.rt.hex": 0, "189-UpgradedStandardToken.rt.hex": 0, "189-WitToken.rt.hex": 0, "190-SafeMathLib.rt.hex": 0, "190-Ownable.rt.hex": 0, "190-Haltable.rt.hex": 0, "190-PricingStrategy.rt.hex": 0, "190-FinalizeAgent.rt.hex": 0, "190-ERC20.rt.hex": 0, "190-FractionalERC20.rt.hex": 0, "190-Crowdsale.rt.hex": 0, "190-SafeMath.rt.hex": 0, "190-StandardToken.rt.hex": 0, "190-UpgradeAgent.rt.hex": 0, "190-UpgradeableToken.rt.hex": 0, "190-ReleasableToken.rt.hex": 0, "190-MintableToken.rt.hex": 0, "190-CrowdsaleToken.rt.hex": 0, "190-MysteriumPricing.rt.hex": 0, "190-MysteriumTokenDistribution.rt.hex": 0, "191-ERC20.rt.hex": 0, "191-IERC20.rt.hex": 0, "191-EventMetadata.rt.hex": 1, "191-Operated.rt.hex": 1, "191-ProofHashes.rt.hex": 1, "191-MultiHashWrapper.rt.hex": 1, "191-iFactory.rt.hex": 0, "191-Template.rt.hex": 1, "191-Feed.rt.hex": 1, "192-ERC20.rt.hex": 0, "192-IERC20.rt.hex": 0, "192-owned.rt.hex": 1, "192-tokenRecipient.rt.hex": 1, "192-Token.rt.hex": 1, "192-SafeMath.rt.hex": 0, "192-MindsyncPlatform.rt.hex": 1, "193-SafeMath.rt.hex": 0, "193-ItemsInterfaceForEternalStorage.rt.hex": 0, "193-EternalStorage.rt.hex": 0, "194-Ownable.rt.hex": 0, "194-Pausable.rt.hex": 0, "194-SafeMath.rt.hex": 0, "194-ERC20Basic.rt.hex": 0, "194-BasicToken.rt.hex": 0, "194-ERC20.rt.hex": 0, "194-StandardToken.rt.hex": 0, "194-MintableToken.rt.hex": 0, "194-StarCoin.rt.hex": 0, "194-InvestorWhiteList.rt.hex": 0, "194-StarCoinPreSale.rt.hex": 0, "195-Token.rt.hex": 1, "195-SafeMath.rt.hex": 0, "195-StableDEX.rt.hex": 1, "196-Ownable.rt.hex": 0, "196-KittyBountiesAdmin.rt.hex": 0, "196-PauserRole.rt.hex": 0, "196-Pausable.rt.hex": 0, "196-EventMetadata.rt.hex": 1, "196-Operated.rt.hex": 1, "196-ProofHashes.rt.hex": 1, "196-MultiHashWrapper.rt.hex": 1, "196-iFactory.rt.hex": 0, "196-Template.rt.hex": 1, "196-Feed.rt.hex": 1, "197-SafeMath.rt.hex": 0, "197-IERC20.rt.hex": 0, "197-ERC20.rt.hex": 1, "197-ERC20Detailed.rt.hex": 1, "197-SimpleSwapCoin.rt.hex": 1, "198-Prize.rt.hex": 0, "198-IERC20.rt.hex": 0, "198-SafeMath.rt.hex": 0, "198-Ownable.rt.hex": 1, "198-ERC20Detailed.rt.hex": 1, "198-DanPanCoin.rt.hex": 1, "199-Pausable.rt.hex": 0, "199-Ownable.rt.hex": 0, "199-IERC20.rt.hex": 0, "199-PHO.rt.hex": 1, "200-SafeMath_Connor.rt.hex": 0, "200-SafeMath.rt.hex": 0, "200-ERC20Interface.rt.hex": 1, "200-ApproveAndCallFallBack.rt.hex": 1, "200-Owned.rt.hex": 1, "200-ForTheBlockchain.rt.hex": 1, "201-IERC20.rt.hex": 0, "201-ERC20Detailed.rt.hex": 0, "201-SafeMath.rt.hex": 0, "201-ERC20.rt.hex": 0, "201-ERC20Burnable.rt.hex": 0, "201-Ownable.rt.hex": 0, "201-Roles.rt.hex": 0, "201-PauserRole.rt.hex": 0, "201-Pausable.rt.hex": 0, "201-MinterRole.rt.hex": 0, "201-WhitelistAdminRole.rt.hex": 0, "201-WhitelistedRole.rt.hex": 0, "201-InvictusWhitelist.rt.hex": 0, "201-C10Token.rt.hex": 0, "202-Ownable.rt.hex": 0, "202-SafeMath.rt.hex": 0, "202-ERC20Basic.rt.hex": 0, "202-ERC20.rt.hex": 0, "202-BasicToken.rt.hex": 0, "202-StandardToken.rt.hex": 0, "202-TeuToken.rt.hex": 0, "202-Pausable.rt.hex": 0, "202-TeuBookingDeposit.rt.hex": 0, "203-Ownable.rt.hex": 0, "203-Pausable.rt.hex": 0, "203-Destructible.rt.hex": 0, "203-EDCoreInterface.rt.hex": 0, "203-DungeonRunCore.rt.hex": 0, "204-SafeMath.rt.hex": 0, "204-RequestUid.rt.hex": 0, "204-AdminUpgradeable.rt.hex": 0, "204-BICALogicUpgradeable.rt.hex": 0, "204-BICALogic.rt.hex": 0, "204-BICALedger.rt.hex": 0, "204-ERC20Interface.rt.hex": 0, "204-BICAProxy.rt.hex": 0, "205-Owned.rt.hex": 1, "205-SafeMath.rt.hex": 0, "205-ERC20Interface.rt.hex": 1, "205-ApproveAndCallFallBack.rt.hex": 1, "205-ForTheBlockchain.rt.hex": 1, "206-IERC165.rt.hex": 0, "206-IERC721.rt.hex": 0, "206-IERC721Receiver.rt.hex": 0, "206-SafeMath.rt.hex": 0, "206-Address.rt.hex": 0, "206-ERC165.rt.hex": 0, "206-ERC721.rt.hex": 0, "206-IERC721Metadata.rt.hex": 0, "206-ERC721Metadata.rt.hex": 0, "206-Roles.rt.hex": 0, "206-MinterRole.rt.hex": 0, "206-ERC721MetadataMintable.rt.hex": 0, "206-Ownable.rt.hex": 0, "206-RadxCollectible.rt.hex": 0, "207-NokuPricingPlan.rt.hex": 0, "207-Ownable.rt.hex": 0, "207-Pausable.rt.hex": 0, "207-SafeMath.rt.hex": 0, "207-ERC20Basic.rt.hex": 0, "207-ERC20.rt.hex": 0, "207-BurnableERC20.rt.hex": 0, "207-NokuTokenBurner.rt.hex": 0, "207-BasicToken.rt.hex": 0, "207-BurnableToken.rt.hex": 0, "207-DetailedERC20.rt.hex": 0, "207-StandardToken.rt.hex": 0, "207-MintableToken.rt.hex": 0, "207-NokuCustomERC20.rt.hex": 0, "208-SafeMath.rt.hex": 0, "208-ExtendedMath.rt.hex": 0, "208-ERC20Interface.rt.hex": 1, "208-ApproveAndCallFallBack.rt.hex": 1, "208-Owned.rt.hex": 1, "208-_Yesbuzz.rt.hex": 1, "209-SafeMath.rt.hex": 0, "209-ERC20Basic.rt.hex": 0, "209-ERC20.rt.hex": 0, "209-Escrow.rt.hex": 0, "210-IERC20.rt.hex": 0, "210-SafeMath.rt.hex": 0, "210-ERC20.rt.hex": 1, "210-ERC20Burnable.rt.hex": 1, "210-ERC20Detailed.rt.hex": 1, "210-AGR.rt.hex": 1, "211-SafeMath.rt.hex": 0, "211-ERC20.rt.hex": 0, "211-ReserveToken.rt.hex": 0, "211-EtherDelta.rt.hex": 0, "212-SafeMath.rt.hex": 0, "212-IERC20.rt.hex": 0, "212-ERC20Detailed.rt.hex": 1, "212-HYDROGEN.rt.hex": 1, "213-Pausable.rt.hex": 0, "213-PauserRole.rt.hex": 0, "213-EthTxOrderDependenceMinimal.rt.hex": 1, "214-SafeMath.rt.hex": 0, "214-IERC20.rt.hex": 0, "214-ERC20Detailed.rt.hex": 1, "214-BIGBOMBv2.rt.hex": 1, "215-Ownable.rt.hex": 1, "215-Stoppable.rt.hex": 1, "215-RampInstantPoolInterface.rt.hex": 0, "215-RampInstantEscrowsPoolInterface.rt.hex": 1, "215-RampInstantPool.rt.hex": 1, "215-RampInstantEthPool.rt.hex": 1, "216-Ownable.rt.hex": 0, "216-Claimable.rt.hex": 0, "216-ERC20Basic.rt.hex": 0, "216-ERC20.rt.hex": 0, "216-SafeERC20.rt.hex": 0, "216-CanReclaimToken.rt.hex": 0, "216-OwnableContract.rt.hex": 0, "216-OwnableContractOwner.rt.hex": 0, "216-ControllerInterface.rt.hex": 0, "216-SafeMath.rt.hex": 0, "216-BasicToken.rt.hex": 0, "216-StandardToken.rt.hex": 0, "216-DetailedERC20.rt.hex": 0, "216-MintableToken.rt.hex": 0, "216-BurnableToken.rt.hex": 0, "216-Pausable.rt.hex": 0, "216-PausableToken.rt.hex": 0, "216-WBTC.rt.hex": 0, "216-MembersInterface.rt.hex": 0, "216-Controller.rt.hex": 0, "217-SafeMathLib.rt.hex": 0, "217-Ownable.rt.hex": 0, "217-Haltable.rt.hex": 0, "217-PricingStrategy.rt.hex": 0, "217-FinalizeAgent.rt.hex": 0, "217-ERC20.rt.hex": 0, "217-FractionalERC20.rt.hex": 0, "217-Crowdsale.rt.hex": 0, "217-MysteriumPricing.rt.hex": 0, "217-SafeMath.rt.hex": 0, "217-StandardToken.rt.hex": 0, "217-MintableToken.rt.hex": 0, "217-MysteriumCrowdsale.rt.hex": 0, "218-SafeMath.rt.hex": 0, "218-ERC20Basic.rt.hex": 0, "218-BasicToken.rt.hex": 0, "218-ERC20.rt.hex": 0, "218-StandardToken.rt.hex": 0, "218-SafeERC20.rt.hex": 0, "218-Owned.rt.hex": 0, "218-TokenVesting.rt.hex": 0, "218-TokenVault.rt.hex": 0, "218-BurnableToken.rt.hex": 0, "218-LCGC_Token.rt.hex": 0, "219-CareerOnToken.rt.hex": 1, "220-StandardERC20Factory.rt.hex": 0, "220-SafeMath.rt.hex": 0, "220-Roles.rt.hex": 0, "220-MinterRole.rt.hex": 0, "220-PauserRole.rt.hex": 0, "220-Pausable.rt.hex": 0, "220-IERC20.rt.hex": 0, "220-ERC20.rt.hex": 0, "220-ERC20Burnable.rt.hex": 0, "220-ERC20Pausable.rt.hex": 0, "220-StandardERC20.rt.hex": 0, "221-Token.rt.hex": 0, "221-SafeMath.rt.hex": 0, "221-StandardToken.rt.hex": 0, "221-GRO.rt.hex": 0, "222-DSAuthority.rt.hex": 0, "222-DSAuthEvents.rt.hex": 0, "222-DSAuth.rt.hex": 0, "222-AssetPriceOracle.rt.hex": 0, "222-SafeMath.rt.hex": 0, "222-ContractForDifference.rt.hex": 0, "223-CLPT.rt.hex": 0, "223-AbstractToken.rt.hex": 0, "223-Token.rt.hex": 0, "223-SafeMath.rt.hex": 0, "223-EventMetadata.rt.hex": 1, "223-Operated.rt.hex": 1, "223-ProofHashes.rt.hex": 1, "223-MultiHashWrapper.rt.hex": 1, "223-iFactory.rt.hex": 0, "223-Template.rt.hex": 1, "223-Feed.rt.hex": 1, "224-SafeMath.rt.hex": 0, "224-IERC20.rt.hex": 0, "224-ERC20Detailed.rt.hex": 1, "224-BIGBOMBv2.rt.hex": 1, "225-owned.rt.hex": 1, "225-tokenRecipient.rt.hex": 1, "225-Token.rt.hex": 1, "225-SafeMath.rt.hex": 0, "225-MindsyncPlatform.rt.hex": 1, "226-SafeMath.rt.hex": 0, "226-IERC20.rt.hex": 0, "226-ERC20Detailed.rt.hex": 0, "226-ERC20.rt.hex": 0, "226-Roles.rt.hex": 0, "226-PauserRole.rt.hex": 0, "226-Pausable.rt.hex": 0, "226-ERC20Pausable.rt.hex": 0, "226-MinterRole.rt.hex": 0, "226-ERC20Mintable.rt.hex": 0, "226-Ownable.rt.hex": 0, "226-IWhitelist.rt.hex": 0, "226-ERC20Whitelistable.rt.hex": 0, "226-BurnerRole.rt.hex": 0, "226-ERC20Burnable.rt.hex": 0, "226-CanReclaimEther.rt.hex": 0, "226-SafeERC20.rt.hex": 0, "226-CanReclaimToken.rt.hex": 0, "226-LeveragedToken.rt.hex": 0, "227-SafeMath.rt.hex": 0, "227-IERC20.rt.hex": 0, "227-ERC20.rt.hex": 1, "227-ERC20Detailed.rt.hex": 1, "227-SaveWon.rt.hex": 1, "228-SafeMath.rt.hex": 0, "228-EventMetadata.rt.hex": 1, "228-Operated.rt.hex": 1, "228-MultiHashWrapper.rt.hex": 1, "228-iFactory.rt.hex": 0, "228-ProofHash.rt.hex": 1, "228-Template.rt.hex": 1, "228-Post.rt.hex": 1, "229-SafeMath.rt.hex": 0, "229-Ownable.rt.hex": 0, "229-Helper.rt.hex": 0, "229-LNXtest.rt.hex": 0, "230-Ownable.rt.hex": 1, "230-ChannelWallet.rt.hex": 1, "231-SafeMath.rt.hex": 0, "231-ERC20Basic.rt.hex": 0, "231-ERC20.rt.hex": 0, "231-BasicToken.rt.hex": 0, "231-StandardToken.rt.hex": 0, "231-Role.rt.hex": 0, "231-Pausable.rt.hex": 0, "231-SamToken.rt.hex": 0, "232-SafeMath.rt.hex": 0, "232-IERC20.rt.hex": 0, "232-SafeERC20.rt.hex": 0, "232-Ownable.rt.hex": 0, "232-ERC20Detailed.rt.hex": 0, "232-ERC20.rt.hex": 0, "232-Roles.rt.hex": 0, "232-PauserRole.rt.hex": 0, "232-Pausable.rt.hex": 0, "232-ERC20Pausable.rt.hex": 0, "232-ERC20Burnable.rt.hex": 0, "232-MinterRole.rt.hex": 0, "232-ERC20Mintable.rt.hex": 0, "232-ERC20Capped.rt.hex": 0, "232-SgmToken.rt.hex": 0, "232-OperationsVesting.rt.hex": 0, "233-SafeMath.rt.hex": 0, "233-IERC20.rt.hex": 0, "233-Ownable.rt.hex": 1, "233-ERC20Detailed.rt.hex": 1, "233-DanPanCoin.rt.hex": 1, "234-BasicToken.rt.hex": 0, "234-StandardToken.rt.hex": 0, "234-ERC20.rt.hex": 0, "234-ERC20Basic.rt.hex": 0, "234-SafeMath.rt.hex": 0, "234-owned.rt.hex": 1, "234-ethBank.rt.hex": 1, "235-SafeMath.rt.hex": 0, "235-ERC20Interface.rt.hex": 1, "235-ApproveAndCallFallBack.rt.hex": 1, "235-Owned.rt.hex": 1, "235-ForTheBlockchain.rt.hex": 1, "236-Divs4D.rt.hex": 0, "236-OddsAndEvens.rt.hex": 1, "237-SafeMathLib.rt.hex": 0, "237-Ownable.rt.hex": 0, "237-Haltable.rt.hex": 0, "237-PricingStrategy.rt.hex": 0, "237-FinalizeAgent.rt.hex": 0, "237-ERC20.rt.hex": 0, "237-FractionalERC20.rt.hex": 0, "237-Crowdsale.rt.hex": 0, "237-SafeMath.rt.hex": 0, "237-StandardToken.rt.hex": 0, "237-UpgradeAgent.rt.hex": 0, "237-UpgradeableToken.rt.hex": 0, "237-ReleasableToken.rt.hex": 0, "237-MintableToken.rt.hex": 0, "237-CrowdsaleToken.rt.hex": 0, "237-MysteriumPricing.rt.hex": 0, "237-MysteriumTokenDistribution.rt.hex": 0, "238-SafeMath.rt.hex": 0, "238-ERC20Basic.rt.hex": 0, "238-BasicToken.rt.hex": 0, "238-ERC20.rt.hex": 0, "238-StandardToken.rt.hex": 0, "238-SafeERC20.rt.hex": 0, "238-Owned.rt.hex": 0, "238-TokenVesting.rt.hex": 0, "238-TokenVault.rt.hex": 0, "238-BurnableToken.rt.hex": 0, "238-NIC_Token.rt.hex": 0, "239-BLAccess.rt.hex": 0, "239-DataStorageInterface.rt.hex": 0, "239-BLStorage.rt.hex": 0, "239-BLBalances.rt.hex": 0, "239-BLBlocks.rt.hex": 0, "239-BLMain.rt.hex": 0, "240-IERC20.rt.hex": 0, "240-SafeMath.rt.hex": 0, "240-ERC20.rt.hex": 0, "240-ERC20Detailed.rt.hex": 0, "240-Ownable.rt.hex": 0, "240-Pausable.rt.hex": 0, "240-ERC20Pausable.rt.hex": 0, "240-WalletPausable.rt.hex": 0, "240-ERC20WalletPausable.rt.hex": 0, "240-TransferAndPause.rt.hex": 0, "240-Ortp.rt.hex": 0, "241-SafeMath.rt.hex": 0, "241-IERC20.rt.hex": 0, "241-ERC20Detailed.rt.hex": 1, "241-BIGBOMBv2.rt.hex": 1, "242-SafeMath.rt.hex": 0, "242-IERC20.rt.hex": 0, "242-Ownable.rt.hex": 1, "242-ERC20Detailed.rt.hex": 1, "242-DanPanCoin.rt.hex": 1, "243-SafeMath.rt.hex": 0, "243-IERC20.rt.hex": 0, "243-Ownable.rt.hex": 1, "243-ERC20Detailed.rt.hex": 1, "243-DanPanCoin.rt.hex": 1, "244-IERC20.rt.hex": 0, "244-SafeMath.rt.hex": 0, "244-ERC20.rt.hex": 0, "244-ERC20Detailed.rt.hex": 0, "244-Roles.rt.hex": 0, "244-MinterRole.rt.hex": 0, "244-ERC20Mintable.rt.hex": 0, "244-ERC20Burnable.rt.hex": 0, "244-PauserRole.rt.hex": 0, "244-Pausable.rt.hex": 0, "244-ERC20Pausable.rt.hex": 0, "244-INRD.rt.hex": 0, "245-SafeMath.rt.hex": 0, "245-ERC20Basic.rt.hex": 0, "245-BasicToken.rt.hex": 0, "245-ERC20.rt.hex": 0, "245-StandardToken.rt.hex": 0, "245-Ownable.rt.hex": 0, "245-MintableToken.rt.hex": 0, "245-RocketToken.rt.hex": 0, "245-Crowdsale.rt.hex": 0, "245-RocketTokenCrowdsale.rt.hex": 0, "246-Ownable.rt.hex": 1, "246-AccountWallet.rt.hex": 1, "247-ECRecovery.rt.hex": 0, "247-SigningLogic.rt.hex": 0, "247-Initializable.rt.hex": 0, "247-AccountRegistryLogic.rt.hex": 0, "248-SafeMath.rt.hex": 0, "248-Ownable.rt.hex": 1, "248-ChannelWallet.rt.hex": 1, "249-SafeMath.rt.hex": 0, "249-ERC20Basic.rt.hex": 0, "249-BasicToken.rt.hex": 0, "249-ERC20.rt.hex": 0, "249-StandardToken.rt.hex": 0, "249-SafeERC20.rt.hex": 0, "249-Owned.rt.hex": 0, "249-TokenVesting.rt.hex": 0, "249-TokenVault.rt.hex": 0, "249-BurnableToken.rt.hex": 0, "249-LCP_Token.rt.hex": 0, "250-IERC20.rt.hex": 0, "250-Marmo.rt.hex": 0, "250-ECDSA.rt.hex": 0, "250-Ownable.rt.hex": 1, "250-ReentrancyGuard.rt.hex": 1, "250-FeeTransactionManager.rt.hex": 1, "251-SafeMath.rt.hex": 0, "251-Ownable.rt.hex": 0, "251-PausableOnce.rt.hex": 0, "251-ERC20Basic.rt.hex": 0, "251-BasicToken.rt.hex": 0, "251-ERC20.rt.hex": 0, "251-StandardToken.rt.hex": 0, "251-InterfaceUpgradeAgent.rt.hex": 0, "251-UpgradableToken.rt.hex": 0, "251-Withdrawable.rt.hex": 0, "251-SaviorToken.rt.hex": 0, "252-SafeMath.rt.hex": 0, "252-Ownable.rt.hex": 0, "252-Pausable.rt.hex": 0, "252-ERC20.rt.hex": 0, "252-StandardToken.rt.hex": 0, "252-PausableERC20Token.rt.hex": 0, "252-BurnablePausableERC20Token.rt.hex": 0, "252-FreezableBurnablePausableERC20Token.rt.hex": 0, "252-WDT.rt.hex": 0, "253-IAccounting.rt.hex": 0, "253-IAccountingFactory.rt.hex": 0, "253-IERC20.rt.hex": 0, "253-IDisputer.rt.hex": 0, "253-ICrowdsourcerParent.rt.hex": 0, "253-FeeWindow.rt.hex": 0, "253-Universe.rt.hex": 0, "253-ReportingParticipant.rt.hex": 0, "253-Market.rt.hex": 0, "253-ICrowdsourcer.rt.hex": 0, "253-IDisputerFactory.rt.hex": 0, "253-DisputerParams.rt.hex": 0, "253-Crowdsourcer.rt.hex": 0, "254-IERC20.rt.hex": 0, "254-SafeMath.rt.hex": 0, "254-Ownable.rt.hex": 1, "254-ERC20Detailed.rt.hex": 1, "254-DanPanCoin.rt.hex": 1, "255-ERC20.rt.hex": 0, "255-SafeMath.rt.hex": 0, "255-StandardToken.rt.hex": 0, "255-BurnableToken.rt.hex": 0, "255-SafeERC20.rt.hex": 0, "255-Crowdsale.rt.hex": 0, "255-Ownable.rt.hex": 0, "255-EvedoToken.rt.hex": 0, "255-EvedoCrowdSale.rt.hex": 0, "255-EvedoExclusiveSale.rt.hex": 0, "256-BLAccess.rt.hex": 0, "256-DataStorageInterface.rt.hex": 0, "256-BLStorage.rt.hex": 0, "256-BLBalances.rt.hex": 0, "256-BLBlocks.rt.hex": 0, "256-BLMain.rt.hex": 0, "257-SafeMath.rt.hex": 0, "257-IERC20.rt.hex": 0, "257-ERC20Detailed.rt.hex": 1, "257-BIGBOMBv2.rt.hex": 1, "258-Roles.rt.hex": 0, "258-RBAC.rt.hex": 0, "258-SafeMath.rt.hex": 0, "258-ERC20Basic.rt.hex": 0, "258-BasicToken.rt.hex": 0, "258-BurnableToken.rt.hex": 0, "258-ERC20.rt.hex": 0, "258-StandardToken.rt.hex": 0, "258-DUBI.rt.hex": 0, "258-Purpose.rt.hex": 0, "258-Ownable.rt.hex": 0, "258-SafeERC20.rt.hex": 0, "258-Hodler.rt.hex": 0, "258-HodlFor.rt.hex": 0, "259-OddsAndEvens.rt.hex": 1, "260-Ownable.rt.hex": 0, "260-SafeMath.rt.hex": 0, "260-IERC20.rt.hex": 0, "260-SafeERC20.rt.hex": 0, "260-MaticTokenVesting.rt.hex": 0, "261-IERC20.rt.hex": 0, "261-SafeMath.rt.hex": 0, "261-ReverseRegistrar.rt.hex": 0, "261-Etherclear.rt.hex": 0, "262-Token.rt.hex": 0, "262-FLX.rt.hex": 0, "262-SafeMath.rt.hex": 0, "262-AbstractToken.rt.hex": 0, "262-EventMetadata.rt.hex": 1, "262-Operated.rt.hex": 1, "262-ProofHashes.rt.hex": 1, "262-MultiHashWrapper.rt.hex": 1, "262-iFactory.rt.hex": 0, "262-Template.rt.hex": 1, "262-Feed.rt.hex": 1, "263-Roles.rt.hex": 0, "263-RBAC.rt.hex": 0, "263-SafeMath.rt.hex": 0, "263-ERC20Basic.rt.hex": 0, "263-BasicToken.rt.hex": 0, "263-BurnableToken.rt.hex": 0, "263-ERC20.rt.hex": 0, "263-StandardToken.rt.hex": 0, "263-DUBI.rt.hex": 0, "263-Purpose.rt.hex": 0, "263-Ownable.rt.hex": 0, "263-SafeERC20.rt.hex": 0, "263-Hodler.rt.hex": 0, "264-IERC20.rt.hex": 0, "264-ERC20.rt.hex": 0, "264-OddsAndEvens.rt.hex": 1, "265-SafeMath.rt.hex": 0, "265-IERC20.rt.hex": 0, "265-PHO.rt.hex": 1, "266-CareerOnToken.rt.hex": 1, "267-IERC20.rt.hex": 0, "267-SafeMath.rt.hex": 0, "267-ERC20.rt.hex": 0, "267-ERC20Detailed.rt.hex": 0, "267-Ownable.rt.hex": 0, "267-Remote.rt.hex": 0, "267-ProofOfTrident.rt.hex": 0, "267-ERC20Burnable.rt.hex": 0, "267-Vault.rt.hex": 0, "268-SafeMath.rt.hex": 0, "268-IERC20.rt.hex": 0, "268-ERC20Detailed.rt.hex": 1, "268-HYDROGEN.rt.hex": 1, "269-IERC20.rt.hex": 0, "269-ERC20.rt.hex": 0, "269-CareerOnToken.rt.hex": 1, "270-SafeMath.rt.hex": 0, "270-ERC20Basic.rt.hex": 0, "270-BasicToken.rt.hex": 0, "270-ERC20.rt.hex": 0, "270-StandardToken.rt.hex": 0, "270-SafeERC20.rt.hex": 0, "270-Owned.rt.hex": 0, "270-TokenVesting.rt.hex": 0, "270-TokenVault.rt.hex": 0, "270-BurnableToken.rt.hex": 0, "270-BAG_Token.rt.hex": 0, "271-ERC20Basic.rt.hex": 0, "271-BasicToken.rt.hex": 0, "271-EthTxOrderDependenceMinimal.rt.hex": 1, "272-IAccessPolicy.rt.hex": 0, "272-IAccessControlled.rt.hex": 0, "272-StandardRoles.rt.hex": 0, "272-AccessControlled.rt.hex": 0, "272-IsContract.rt.hex": 0, "272-AccessRoles.rt.hex": 0, "272-IBasicToken.rt.hex": 0, "272-Reclaimable.rt.hex": 0, "272-ITokenMetadata.rt.hex": 0, "272-TokenMetadata.rt.hex": 0, "272-IERC223Callback.rt.hex": 0, "272-IERC223Token.rt.hex": 0, "272-IERC20Allowance.rt.hex": 0, "272-IERC20Token.rt.hex": 0, "272-IERC677Callback.rt.hex": 0, "272-IERC677Allowance.rt.hex": 0, "272-IERC677Token.rt.hex": 0, "272-Math.rt.hex": 0, "272-BasicToken.rt.hex": 0, "272-StandardToken.rt.hex": 0, "272-EtherToken.rt.hex": 0, "273-SafeMath.rt.hex": 0, "273-Roles.rt.hex": 0, "273-PauserRole.rt.hex": 0, "273-Pausable.rt.hex": 0, "273-Ownable.rt.hex": 0, "273-KittyBountiesAdmin.rt.hex": 0, "273-KittyCore.rt.hex": 0, "273-KittyBounties.rt.hex": 0, "274-SafeMath.rt.hex": 0, "274-IERC20.rt.hex": 0, "274-ERC20Detailed.rt.hex": 1, "274-HYDROGEN.rt.hex": 1, "275-SafeMath.rt.hex": 0, "275-IERC20.rt.hex": 0, "275-ERC20.rt.hex": 1, "275-ERC20Detailed.rt.hex": 1, "275-SimpleSwapCoin.rt.hex": 1, "276-Owned.rt.hex": 0, "276-FixedSupplyToken.rt.hex": 0, "276-ERC20Interface.rt.hex": 0, "276-IERC20.rt.hex": 0, "276-SafeMath.rt.hex": 0, "276-Ownable.rt.hex": 1, "276-ERC20Detailed.rt.hex": 1, "276-DanPanCoin.rt.hex": 1, "277-SafeMath.rt.hex": 0, "277-ERC20Basic.rt.hex": 0, "277-ERC20.rt.hex": 0, "277-Escrow.rt.hex": 0, "278-SafeMath.rt.hex": 0, "278-owned.rt.hex": 1, "278-ethBank.rt.hex": 1, "279-WhiteBetting.rt.hex": 1, "280-ERC20.rt.hex": 0, "280-StandardToken.rt.hex": 0, "280-EthTxOrderDependenceMinimal.rt.hex": 1, "281-SafeMath.rt.hex": 0, "281-Ownable.rt.hex": 0, "281-SKYFToken.rt.hex": 0, "282-SafeMath.rt.hex": 0, "282-Token.rt.hex": 0, "282-AbstractToken.rt.hex": 0, "282-ETM.rt.hex": 0, "282-CareerOnToken.rt.hex": 1, "283-TAMC.rt.hex": 1, "284-SafeMath.rt.hex": 0, "284-Ownable.rt.hex": 0, "284-PausableOnce.rt.hex": 0, "284-ERC20Basic.rt.hex": 0, "284-BasicToken.rt.hex": 0, "284-ERC20.rt.hex": 0, "284-StandardToken.rt.hex": 0, "284-InterfaceUpgradeAgent.rt.hex": 0, "284-UpgradableToken.rt.hex": 0, "284-Withdrawable.rt.hex": 0, "284-CtdToken.rt.hex": 0, "285-ComptrollerInterface.rt.hex": 0, "285-ComptrollerErrorReporter.rt.hex": 0, "285-TokenErrorReporter.rt.hex": 0, "285-CarefulMath.rt.hex": 0, "285-Exponential.rt.hex": 0, "285-EIP20Interface.rt.hex": 0, "285-EIP20NonStandardInterface.rt.hex": 0, "285-ReentrancyGuard.rt.hex": 0, "285-InterestRateModel.rt.hex": 0, "285-CToken.rt.hex": 0, "285-CErc20.rt.hex": 0, "286-ERC20.rt.hex": 0, "286-SafeMath.rt.hex": 0, "286-Ownable.rt.hex": 0, "286-StandardToken.rt.hex": 0, "286-TravelHelperToken.rt.hex": 0, "287-Ownable.rt.hex": 0, "287-SafeMath.rt.hex": 0, "287-CommunityVesting.rt.hex": 0, "287-EcosystemVesting.rt.hex": 0, "287-SeedPrivateAdvisorVesting.rt.hex": 0, "287-TeamVesting.rt.hex": 0, "287-TokenInterface.rt.hex": 0, "287-Vesting.rt.hex": 0, "288-SafeMath.rt.hex": 0, "288-ERC20Basic.rt.hex": 0, "288-BasicToken.rt.hex": 0, "288-ERC20.rt.hex": 0, "288-StandardToken.rt.hex": 0, "288-SafeERC20.rt.hex": 0, "288-Owned.rt.hex": 0, "288-TokenVesting.rt.hex": 0, "288-TokenVault.rt.hex": 0, "288-BurnableToken.rt.hex": 0, "288-CWI_Token.rt.hex": 0, "289-IERC20.rt.hex": 0, "289-SafeMath.rt.hex": 0, "289-ERC20.rt.hex": 0, "289-Roles.rt.hex": 0, "289-MinterRole.rt.hex": 0, "289-ERC20Mintable.rt.hex": 0, "289-PauserRole.rt.hex": 0, "289-Pausable.rt.hex": 0, "289-ReentrancyGuard.rt.hex": 0, "289-Ownable.rt.hex": 0, "289-Administrable.rt.hex": 0, "289-WhiteList.rt.hex": 0, "289-C50.rt.hex": 0, "290-SafeMath.rt.hex": 0, "290-IERC20.rt.hex": 0, "290-ERC20Detailed.rt.hex": 1, "290-HYDROGEN.rt.hex": 1, "291-IERC20.rt.hex": 0, "291-ERC20Detailed.rt.hex": 0, "291-SafeMath.rt.hex": 0, "291-ERC20.rt.hex": 0, "291-Roles.rt.hex": 0, "291-MinterRole.rt.hex": 0, "291-ERC20Mintable.rt.hex": 0, "291-Ownable.rt.hex": 0, "291-ComplianceService.rt.hex": 0, "291-DividendService.rt.hex": 0, "291-ServiceRegistry.rt.hex": 0, "291-BlueshareToken.rt.hex": 0, "292-IERC20.rt.hex": 0, "292-SafeMath.rt.hex": 0, "292-ERC20.rt.hex": 0, "292-MintableToken.rt.hex": 0, "292-Roles.rt.hex": 0, "292-PauserRole.rt.hex": 0, "292-Pausable.rt.hex": 0, "292-Ownable.rt.hex": 0, "292-FLINT.rt.hex": 0, "293-SafeMath.rt.hex": 0, "293-Ownable.rt.hex": 0, "293-IERC20.rt.hex": 0, "293-ERC20.rt.hex": 0, "293-ERC20Detailed.rt.hex": 0, "293-SafeERC20.rt.hex": 0, "293-MoneyMarketInterface.rt.hex": 0, "293-LoanEscrow.rt.hex": 0, "293-DividendDistributingToken.rt.hex": 0, "293-LandRegistryInterface.rt.hex": 0, "293-LandRegistryProxyInterface.rt.hex": 0, "293-WhitelistInterface.rt.hex": 0, "293-WhitelistProxyInterface.rt.hex": 0, "293-TokenizedProperty.rt.hex": 0, "294-BasicToken.rt.hex": 0, "294-ERC20Basic.rt.hex": 0, "294-EthTxOrderDependenceMinimal.rt.hex": 1, "295-FixedSupplyToken.rt.hex": 0, "295-ERC20Interface.rt.hex": 0, "295-Owned.rt.hex": 0, "295-IERC20.rt.hex": 0, "295-SafeMath.rt.hex": 0, "295-ERC20Detailed.rt.hex": 1, "295-BIGBOMBv2.rt.hex": 1, "296-SafeMath.rt.hex": 0, "296-EventMetadata.rt.hex": 1, "296-Operated.rt.hex": 1, "296-ProofHashes.rt.hex": 1, "296-MultiHashWrapper.rt.hex": 1, "296-iFactory.rt.hex": 0, "296-Template.rt.hex": 1, "296-Feed.rt.hex": 1, "297-SafeMath.rt.hex": 0, "297-Ownable.rt.hex": 0, "297-IERC20.rt.hex": 0, "297-ERC20.rt.hex": 0, "297-ERC20Detailed.rt.hex": 0, "297-ERC20Burnable.rt.hex": 0, "297-Roles.rt.hex": 0, "297-MinterRole.rt.hex": 0, "297-ERC20Mintable.rt.hex": 0, "297-PauserRole.rt.hex": 0, "297-Pausable.rt.hex": 0, "297-ERC20Pausable.rt.hex": 0, "297-AMICUS.rt.hex": 0, "298-SafeMath.rt.hex": 0, "298-ERC20Basic.rt.hex": 0, "298-BasicToken.rt.hex": 0, "298-ERC20.rt.hex": 0, "298-StandardToken.rt.hex": 0, "298-SafeERC20.rt.hex": 0, "298-Owned.rt.hex": 0, "298-TokenVesting.rt.hex": 0, "298-TokenVault.rt.hex": 0, "298-BurnableToken.rt.hex": 0, "298-CES_Token.rt.hex": 0, "299-Burnable.rt.hex": 0, "299-Mintable.rt.hex": 0, "299-ERC20Basic.rt.hex": 0, "299-ERC20.rt.hex": 0, "299-SafeERC20.rt.hex": 0, "299-TokenTimelock.rt.hex": 0, "299-SafeMath.rt.hex": 0, "299-Ownable.rt.hex": 0, "299-TokenVesting.rt.hex": 0, "299-Pausable.rt.hex": 0, "299-BasicToken.rt.hex": 0, "299-StandardToken.rt.hex": 0, "299-PausableToken.rt.hex": 0, "299-AdaptableToken.rt.hex": 0, "299-NokuMasterToken.rt.hex": 0, "300-SafeMath.rt.hex": 0, "300-Ownable.rt.hex": 0, "300-ERC20Basic.rt.hex": 0, "300-ERC20.rt.hex": 0, "300-BasicToken.rt.hex": 0, "300-StandardToken.rt.hex": 0, "300-MintableToken.rt.hex": 0, "300-OPUCoin.rt.hex": 0, "300-ColdStorage.rt.hex": 0, "300-Vesting.rt.hex": 0, "300-Allocation.rt.hex": 0, "301-SafeMath.rt.hex": 0, "301-IERC20.rt.hex": 0, "301-ERC20.rt.hex": 0, "301-Roles.rt.hex": 0, "301-MinterRole.rt.hex": 0, "301-ERC20Mintable.rt.hex": 0, "301-ERC20Burnable.rt.hex": 0, "301-TuneTradeToken.rt.hex": 0, "301-WhitelistAdminRole.rt.hex": 0, "301-WhitelistedRole.rt.hex": 0, "301-TeamRole.rt.hex": 0, "301-SafeERC20.rt.hex": 0, "301-SwapContract.rt.hex": 0, "302-AbstractToken.rt.hex": 0, "302-SafeMath.rt.hex": 0, "302-MCCIT.rt.hex": 0, "302-Token.rt.hex": 0, "302-EventMetadata.rt.hex": 1, "302-Operated.rt.hex": 1, "302-MultiHashWrapper.rt.hex": 1, "302-iFactory.rt.hex": 0, "302-ProofHash.rt.hex": 1, "302-Template.rt.hex": 1, "302-Post.rt.hex": 1, "303-Roles.rt.hex": 0, "303-IERC20.rt.hex": 0, "303-PauserRole.rt.hex": 0, "303-SafeMath.rt.hex": 0, "303-TaxLib.rt.hex": 0, "303-ERC20.rt.hex": 0, "303-Pausable.rt.hex": 0, "303-ERC20Pausable.rt.hex": 0, "303-ERC20Detailed.rt.hex": 0, "303-ERC20Burnable.rt.hex": 0, "303-Ownable.rt.hex": 0, "303-Taxable.rt.hex": 0, "303-BCHHandled.rt.hex": 0, "303-WibxToken.rt.hex": 0, "304-IERC20.rt.hex": 0, "304-ERC20.rt.hex": 0, "304-SafeMath.rt.hex": 0, "304-ERC20Interface.rt.hex": 1, "304-ApproveAndCallFallBack.rt.hex": 1, "304-Owned.rt.hex": 1, "304-ForTheBlockchain.rt.hex": 1, "305-SafeMath.rt.hex": 0, "305-IERC20.rt.hex": 0, "305-Ownable.rt.hex": 1, "305-ERC20Detailed.rt.hex": 1, "305-DanPanCoin.rt.hex": 1, "306-IERC20.rt.hex": 0, "306-SafeMath.rt.hex": 0, "306-ERC20.rt.hex": 0, "306-Roles.rt.hex": 0, "306-MinterRole.rt.hex": 0, "306-ERC20Mintable.rt.hex": 0, "306-ERC20Burnable.rt.hex": 0, "306-ERC20Detailed.rt.hex": 0, "306-PauserRole.rt.hex": 0, "306-Pausable.rt.hex": 0, "306-BlacklistAdminRole.rt.hex": 0, "306-BlacklistedRole.rt.hex": 0, "306-RingTokenPausable.rt.hex": 0, "306-RingCasinoCoin.rt.hex": 0, "307-SafeMath.rt.hex": 0, "307-Ownable.rt.hex": 0, "307-TokenInterface.rt.hex": 0, "307-KRCPreSaleContract.rt.hex": 0, "308-SafeMath.rt.hex": 0, "308-IERC20.rt.hex": 0, "308-PHO.rt.hex": 1, "309-BasicToken.rt.hex": 0, "309-ERC20Basic.rt.hex": 0, "309-OddsAndEvens.rt.hex": 1, "310-ERC20Detailed.rt.hex": 0, "310-IERC20.rt.hex": 0, "310-owned.rt.hex": 1, "310-tokenRecipient.rt.hex": 1, "310-Token.rt.hex": 1, "310-SafeMath.rt.hex": 0, "310-MindsyncPlatform.rt.hex": 1, "311-SafeMath.rt.hex": 0, "311-IERC20.rt.hex": 0, "311-Ownable.rt.hex": 1, "311-ERC20Detailed.rt.hex": 1, "311-DanPanCoin.rt.hex": 1, "312-FindThisHash.rt.hex": 1, "313-Math.rt.hex": 0, "313-Ownable.rt.hex": 0, "313-SafeMath.rt.hex": 0, "313-Orderbook.rt.hex": 0, "313-RenExTokens.rt.hex": 0, "313-RenExBalances.rt.hex": 0, "313-SettlementUtils.rt.hex": 0, "313-RenExSettlement.rt.hex": 0, "314-VNXLU.rt.hex": 0, "314-ERC20Interface.rt.hex": 0, "314-Owned.rt.hex": 0, "314-CareerOnToken.rt.hex": 1, "315-Ownable.rt.hex": 0, "315-Pausable.rt.hex": 0, "315-Destructible.rt.hex": 0, "315-EDCoreInterface.rt.hex": 0, "315-DungeonRunBeta.rt.hex": 0, "316-Ownable.rt.hex": 0, "316-Administratable.rt.hex": 0, "316-IERC20.rt.hex": 0, "316-SafeMath.rt.hex": 0, "316-ERC20.rt.hex": 0, "316-ERC20Burnable.rt.hex": 0, "316-Roles.rt.hex": 0, "316-MinterRole.rt.hex": 0, "316-ERC20Mintable.rt.hex": 0, "316-Freezable.rt.hex": 0, "316-Cryptonium.rt.hex": 0, "316-Migrations.rt.hex": 0, "317-SafeMath.rt.hex": 0, "317-Roles.rt.hex": 0, "317-Ownable.rt.hex": 0, "317-ERC223ReceivingContract.rt.hex": 0, "317-IERC20.rt.hex": 0, "317-ERC20.rt.hex": 0, "317-PauserRole.rt.hex": 0, "317-Pausable.rt.hex": 0, "317-MinterRole.rt.hex": 0, "317-ERC20Mintable.rt.hex": 0, "317-ERC20Burnable.rt.hex": 0, "317-ERC20Pausable.rt.hex": 0, "317-SafeERC20.rt.hex": 0, "317-ERC20Frozen.rt.hex": 0, "317-OneKiloGifttoken.rt.hex": 0, "318-AbcdEfg.rt.hex": 0, "318-EthTxOrderDependenceMinimal.rt.hex": 1, "319-Ownable.rt.hex": 0, "319-BNDESRegistry.rt.hex": 0, "320-BasicToken.rt.hex": 0, "320-ERC20Basic.rt.hex": 0, "320-SafeMath.rt.hex": 0, "320-IERC20.rt.hex": 0, "320-ERC20.rt.hex": 1, "320-ERC20Detailed.rt.hex": 1, "320-SimpleSwapCoin.rt.hex": 1, "321-IERC20.rt.hex": 0, "321-SafeMath.rt.hex": 0, "321-SafeERC20.rt.hex": 0, "321-ERC20Detailed.rt.hex": 0, "321-ERC20.rt.hex": 0, "321-Roles.rt.hex": 0, "321-PauserRole.rt.hex": 0, "321-Pausable.rt.hex": 0, "321-ERC20Pausable.rt.hex": 0, "321-ERC20Burnable.rt.hex": 0, "321-MinterRole.rt.hex": 0, "321-ERC20Mintable.rt.hex": 0, "321-ERC20Capped.rt.hex": 0, "321-Ownable.rt.hex": 0, "321-SgmToken.rt.hex": 0, "322-Token.rt.hex": 0, "322-SafeMath.rt.hex": 0, "322-StandardToken.rt.hex": 0, "322-GRO.rt.hex": 0, "323-SafeMath.rt.hex": 0, "323-Ownable.rt.hex": 0, "323-TokenInterface.rt.hex": 0, "323-KRCICOContract.rt.hex": 0, "324-Dictionary.rt.hex": 0, "324-IERC20.rt.hex": 0, "324-SafeMath.rt.hex": 0, "324-ReverseRegistrar.rt.hex": 0, "324-Etherclear.rt.hex": 0, "325-SafeMath.rt.hex": 0, "325-Ownable.rt.hex": 0, "325-Pausable.rt.hex": 0, "325-ERC20Basic.rt.hex": 0, "325-BasicToken.rt.hex": 0, "325-ERC20.rt.hex": 0, "325-StandardToken.rt.hex": 0, "325-PausableToken.rt.hex": 0, "325-RefundVault.rt.hex": 0, "325-PallyCoin.rt.hex": 0, "325-Crowdsale.rt.hex": 0, "326-SafeMath.rt.hex": 0, "326-OwnerHelper.rt.hex": 0, "326-ERC20Interface.rt.hex": 0, "326-VantaToken.rt.hex": 0, "327-Ownable.rt.hex": 0, "327-Roles.rt.hex": 0, "327-RBAC.rt.hex": 0, "327-SafeMath.rt.hex": 0, "327-ERC20Basic.rt.hex": 0, "327-ERC20.rt.hex": 0, "327-BasicToken.rt.hex": 0, "327-StandardToken.rt.hex": 0, "327-Pausable.rt.hex": 0, "327-PausableToken.rt.hex": 0, "327-BlackListToken.rt.hex": 0, "327-TwoPhaseToken.rt.hex": 0, "327-UpgradedStandardToken.rt.hex": 0, "327-WitToken.rt.hex": 0, "328-Ownable.rt.hex": 0, "328-Pausable.rt.hex": 0, "328-Destructible.rt.hex": 0, "328-EDCoreInterface.rt.hex": 0, "328-DungeonRunBeta.rt.hex": 0, "329-CrowdsaleParameters.rt.hex": 0, "329-Owned.rt.hex": 0, "329-TKLNToken.rt.hex": 0, "330-IERC20.rt.hex": 0, "330-SafeMath.rt.hex": 0, "330-ERC20.rt.hex": 0, "330-ERC20Detailed.rt.hex": 0, "330-ERC20Burnable.rt.hex": 0, "330-Roles.rt.hex": 0, "330-MinterRole.rt.hex": 0, "330-ERC20Mintable.rt.hex": 0, "330-PauserRole.rt.hex": 0, "330-Pausable.rt.hex": 0, "330-Ownable.rt.hex": 0, "330-ERC20PartialLock.rt.hex": 0, "330-PUKAO.rt.hex": 0, "331-FixedSupplyToken.rt.hex": 0, "331-Owned.rt.hex": 0, "331-ERC20Interface.rt.hex": 0, "331-SafeMath.rt.hex": 0, "331-IERC20.rt.hex": 0, "331-ERC20.rt.hex": 1, "331-ERC20Detailed.rt.hex": 1, "331-SimpleSwapCoin.rt.hex": 1, "332-Owned.rt.hex": 0, "332-IERC20.rt.hex": 0, "332-SafeMath.rt.hex": 0, "332-Ownable.rt.hex": 1, "332-ERC20Detailed.rt.hex": 1, "332-DanPanCoin.rt.hex": 1, "333-SafeMath.rt.hex": 0, "333-IERC20.rt.hex": 0, "333-UBBCToken.rt.hex": 1, "334-SafeMath.rt.hex": 0, "334-IERC20.rt.hex": 0, "334-ERC20Detailed.rt.hex": 1, "334-BIGBOMBv2.rt.hex": 1, "335-SafeMath.rt.hex": 0, "335-Ownable.rt.hex": 0, "335-Helper.rt.hex": 0, "335-LNXtest.rt.hex": 0, "336-SafeMath.rt.hex": 0, "336-ERC20TokenInterface.rt.hex": 1, "336-ERC20Token.rt.hex": 1, "336-AsseteGram.rt.hex": 1, "337-SafeMath.rt.hex": 0, "337-Ownable.rt.hex": 0, "337-Roles.rt.hex": 0, "337-MinterRole.rt.hex": 0, "337-ReentrancyGuard.rt.hex": 0, "337-CertificateControllerMock.rt.hex": 0, "337-CertificateController.rt.hex": 0, "337-IERC777TokensRecipient.rt.hex": 0, "337-IERC777TokensSender.rt.hex": 0, "337-IERC20.rt.hex": 0, "337-IERC1410.rt.hex": 0, "337-IERC777.rt.hex": 0, "337-IERC1400.rt.hex": 0, "337-ERC820Registry.rt.hex": 0, "337-ERC820Client.rt.hex": 0, "337-ERC777.rt.hex": 0, "337-ERC1410.rt.hex": 0, "337-ERC1400.rt.hex": 0, "337-ERC1400ERC20.rt.hex": 0, "338-SafeMath.rt.hex": 0, "338-database.rt.hex": 0, "338-topl_database_lib.rt.hex": 0, "338-iconiq_data_pipe.rt.hex": 0, "339-IERC777.rt.hex": 0, "339-IERC777Recipient.rt.hex": 0, "339-IERC777Sender.rt.hex": 0, "339-IERC20.rt.hex": 0, "339-SafeMath.rt.hex": 0, "339-Address.rt.hex": 0, "339-IERC1820Registry.rt.hex": 0, "339-ERC777.rt.hex": 1, "339-Roles.rt.hex": 0, "339-MinterRole.rt.hex": 1, "339-PauserRole.rt.hex": 1, "339-Pausable.rt.hex": 1, "339-SKYBITToken.rt.hex": 1, "340-EventMetadata.rt.hex": 1, "340-Operated.rt.hex": 1, "340-MultiHashWrapper.rt.hex": 1, "340-iFactory.rt.hex": 0, "340-ProofHash.rt.hex": 1, "340-Template.rt.hex": 1, "340-Post.rt.hex": 1, "341-Ownable.rt.hex": 1, "341-IERC20.rt.hex": 0, "341-SafeMath.rt.hex": 0, "341-ERC20Detailed.rt.hex": 1, "341-DanPanCoin.rt.hex": 1, "342-SafeMath.rt.hex": 0, "342-ERC721Interface.rt.hex": 0, "342-ERC20.rt.hex": 0, "342-Ownable.rt.hex": 0, "342-NewAuctionContract.rt.hex": 0, "342-ArconaMarketplaceContract.rt.hex": 0}