[
    {
        "contract_name": "timelock-TimeLock.sol",
        "targets": 1
    },
    {
        "contract_name": "tokensalechallenge-TokenSaleChallenge.sol",
        "targets": 1
    },
    {
        "contract_name": "overflow_simple_add-Overflow_Add.sol",
        "targets": 1
    },
    {
        "contract_name": "overflow_single_tx-IntegerOverflowSingleTransaction.sol",
        "targets": 1
    },
    {
        "contract_name": "integer_overflow_multitx_multifunc_feasible-IntegerOverflowMultiTxMultiFuncFeasible.sol",
        "targets": 1
    },
    {
        "contract_name": "insecure_transfer-IntegerOverflowAdd.sol",
        "targets": 1
    },
    {
        "contract_name": "token-Token.sol",
        "targets": 1
    },
    {
        "contract_name": "integer_overflow_add-IntegerOverflowAdd.sol",
        "targets": 1
    },
    {
        "contract_name": "integer_overflow_multitx_onefunc_feasible-IntegerOverflowMultiTxOneFuncFeasible.sol",
        "targets": 1
    },
    {
        "contract_name": "integer_overflow_benign_1-IntegerOverflowBenign1.sol",
        "targets": 1
    },
    {
        "contract_name": "integer_overflow_mapping_sym_1-IntegerOverflowMappingSym1.sol",
        "targets": 1
    },
    {
        "contract_name": "integer_overflow_mul-IntegerOverflowMul.sol",
        "targets": 1
    },
    {
        "contract_name": "integer_overflow_minimal-IntegerOverflowMinimal.sol",
        "targets": 1
    },
    {
        "contract_name": "BECToken-SafeMath.sol",
        "targets": 0
    },
    {
        "contract_name": "BECToken-ERC20Basic.sol",
        "targets": 0
    },
    {
        "contract_name": "BECToken-BasicToken.sol",
        "targets": 0
    },
    {
        "contract_name": "BECToken-ERC20.sol",
        "targets": 0
    },
    {
        "contract_name": "BECToken-StandardToken.sol",
        "targets": 0
    },
    {
        "contract_name": "BECToken-Ownable.sol",
        "targets": 0
    },
    {
        "contract_name": "BECToken-Pausable.sol",
        "targets": 0
    },
    {
        "contract_name": "BECToken-PausableToken.sol",
        "targets": 1
    },
    {
        "contract_name": "BECToken-BecToken.sol",
        "targets": 0
    },
    {
        "contract_name": "integer_overflow_1-Overflow.sol",
        "targets": 1
    },
    {
        "contract_name": "buggy_8-Ownable.sol",
        "targets": 1
    },
    {
        "contract_name": "buggy_8-TokenERC20.sol",
        "targets": 1
    },
    {
        "contract_name": "buggy_8-YFT.sol",
        "targets": 1
    },
    {
        "contract_name": "buggy_50-digitalNotary.sol",
        "targets": 1
    },
    {
        "contract_name": "buggy_18-SafeMath.sol",
        "targets": 0
    },
    {
        "contract_name": "buggy_18-ExtendedMath.sol",
        "targets": 0
    },
    {
        "contract_name": "buggy_18-ERC20Interface.sol",
        "targets": 1
    },
    {
        "contract_name": "buggy_18-ApproveAndCallFallBack.sol",
        "targets": 1
    },
    {
        "contract_name": "buggy_18-Owned.sol",
        "targets": 1
    },
    {
        "contract_name": "buggy_18-_Yesbuzz.sol",
        "targets": 1
    },
    {
        "contract_name": "buggy_29-ERC20Interface.sol",
        "targets": 1
    },
    {
        "contract_name": "buggy_29-IERC20Interface.sol",
        "targets": 1
    },
    {
        "contract_name": "buggy_29-RaffleToken.sol",
        "targets": 0
    },
    {
        "contract_name": "buggy_29-SafeMath.sol",
        "targets": 0
    },
    {
        "contract_name": "buggy_29-RaffleTokenExchange.sol",
        "targets": 1
    },
    {
        "contract_name": "buggy_30-IERC777.sol",
        "targets": 0
    },
    {
        "contract_name": "buggy_30-IERC777Recipient.sol",
        "targets": 0
    },
    {
        "contract_name": "buggy_30-IERC777Sender.sol",
        "targets": 0
    },
    {
        "contract_name": "buggy_30-IERC20.sol",
        "targets": 0
    },
    {
        "contract_name": "buggy_30-SafeMath.sol",
        "targets": 0
    },
    {
        "contract_name": "buggy_30-Address.sol",
        "targets": 0
    },
    {
        "contract_name": "buggy_30-IERC1820Registry.sol",
        "targets": 0
    },
    {
        "contract_name": "buggy_30-ERC777.sol",
        "targets": 1
    },
    {
        "contract_name": "buggy_30-Roles.sol",
        "targets": 0
    },
    {
        "contract_name": "buggy_30-MinterRole.sol",
        "targets": 1
    },
    {
        "contract_name": "buggy_30-PauserRole.sol",
        "targets": 1
    },
    {
        "contract_name": "buggy_30-Pausable.sol",
        "targets": 1
    },
    {
        "contract_name": "buggy_30-SKYBITToken.sol",
        "targets": 1
    },
    {
        "contract_name": "buggy_21-Token.sol",
        "targets": 1
    },
    {
        "contract_name": "buggy_21-SafeMath.sol",
        "targets": 0
    },
    {
        "contract_name": "buggy_21-StableDEX.sol",
        "targets": 1
    },
    {
        "contract_name": "buggy_48-SafeMath.sol",
        "targets": 0
    },
    {
        "contract_name": "buggy_48-ERC20Interface.sol",
        "targets": 1
    },
    {
        "contract_name": "buggy_48-ApproveAndCallFallBack.sol",
        "targets": 1
    },
    {
        "contract_name": "buggy_48-Owned.sol",
        "targets": 1
    },
    {
        "contract_name": "buggy_48-QurasToken.sol",
        "targets": 1
    },
    {
        "contract_name": "buggy_4-IERC20.sol",
        "targets": 0
    },
    {
        "contract_name": "buggy_4-PHO.sol",
        "targets": 1
    },
    {
        "contract_name": "buggy_15-tokenRecipient.sol",
        "targets": 0
    },
    {
        "contract_name": "buggy_15-MD.sol",
        "targets": 1
    },
    {
        "contract_name": "buggy_19-SafeMath.sol",
        "targets": 0
    },
    {
        "contract_name": "buggy_19-owned.sol",
        "targets": 1
    },
    {
        "contract_name": "buggy_19-ethBank.sol",
        "targets": 1
    },
    {
        "contract_name": "buggy_22-owned.sol",
        "targets": 1
    },
    {
        "contract_name": "buggy_22-tokenRecipient.sol",
        "targets": 1
    },
    {
        "contract_name": "buggy_22-Token.sol",
        "targets": 1
    },
    {
        "contract_name": "buggy_22-SafeMath.sol",
        "targets": 0
    },
    {
        "contract_name": "buggy_22-MindsyncPlatform.sol",
        "targets": 1
    },
    {
        "contract_name": "buggy_20-Ownable.sol",
        "targets": 1
    },
    {
        "contract_name": "buggy_20-Stoppable.sol",
        "targets": 1
    },
    {
        "contract_name": "buggy_20-RampInstantPoolInterface.sol",
        "targets": 0
    },
    {
        "contract_name": "buggy_20-RampInstantEscrowsPoolInterface.sol",
        "targets": 1
    },
    {
        "contract_name": "buggy_20-RampInstantPool.sol",
        "targets": 1
    },
    {
        "contract_name": "buggy_20-RampInstantEthPool.sol",
        "targets": 1
    },
    {
        "contract_name": "buggy_45-StockBet.sol",
        "targets": 1
    },
    {
        "contract_name": "buggy_31-IERC20.sol",
        "targets": 0
    },
    {
        "contract_name": "buggy_31-Marmo.sol",
        "targets": 0
    },
    {
        "contract_name": "buggy_31-ECDSA.sol",
        "targets": 0
    },
    {
        "contract_name": "buggy_31-Ownable.sol",
        "targets": 1
    },
    {
        "contract_name": "buggy_31-ReentrancyGuard.sol",
        "targets": 1
    },
    {
        "contract_name": "buggy_31-FeeTransactionManager.sol",
        "targets": 1
    },
    {
        "contract_name": "buggy_26-SafeMath.sol",
        "targets": 0
    },
    {
        "contract_name": "buggy_26-IERC20.sol",
        "targets": 0
    },
    {
        "contract_name": "buggy_26-UBBCToken.sol",
        "targets": 1
    },
    {
        "contract_name": "buggy_44-EventMetadata.sol",
        "targets": 1
    },
    {
        "contract_name": "buggy_44-Operated.sol",
        "targets": 1
    },
    {
        "contract_name": "buggy_44-ProofHashes.sol",
        "targets": 1
    },
    {
        "contract_name": "buggy_44-MultiHashWrapper.sol",
        "targets": 1
    },
    {
        "contract_name": "buggy_44-iFactory.sol",
        "targets": 0
    },
    {
        "contract_name": "buggy_44-Template.sol",
        "targets": 1
    },
    {
        "contract_name": "buggy_44-Feed.sol",
        "targets": 1
    },
    {
        "contract_name": "buggy_27-IERC20.sol",
        "targets": 0
    },
    {
        "contract_name": "buggy_27-SafeMath.sol",
        "targets": 0
    },
    {
        "contract_name": "buggy_27-Ownable.sol",
        "targets": 1
    },
    {
        "contract_name": "buggy_27-ERC20Detailed.sol",
        "targets": 1
    },
    {
        "contract_name": "buggy_27-DanPanCoin.sol",
        "targets": 1
    },
    {
        "contract_name": "buggy_24-SafeMath.sol",
        "targets": 0
    },
    {
        "contract_name": "buggy_24-FomoFeast.sol",
        "targets": 1
    },
    {
        "contract_name": "buggy_43-EventMetadata.sol",
        "targets": 1
    },
    {
        "contract_name": "buggy_43-Operated.sol",
        "targets": 1
    },
    {
        "contract_name": "buggy_43-MultiHashWrapper.sol",
        "targets": 1
    },
    {
        "contract_name": "buggy_43-iFactory.sol",
        "targets": 0
    },
    {
        "contract_name": "buggy_43-ProofHash.sol",
        "targets": 1
    },
    {
        "contract_name": "buggy_43-Template.sol",
        "targets": 1
    },
    {
        "contract_name": "buggy_43-Post.sol",
        "targets": 1
    },
    {
        "contract_name": "buggy_40-SafeMath.sol",
        "targets": 0
    },
    {
        "contract_name": "buggy_40-IERC20.sol",
        "targets": 0
    },
    {
        "contract_name": "buggy_40-ERC20.sol",
        "targets": 1
    },
    {
        "contract_name": "buggy_40-ERC20Detailed.sol",
        "targets": 1
    },
    {
        "contract_name": "buggy_40-SimpleSwapCoin.sol",
        "targets": 1
    },
    {
        "contract_name": "buggy_47-ERC20Interface.sol",
        "targets": 1
    },
    {
        "contract_name": "buggy_47-AcunarToken.sol",
        "targets": 1
    },
    {
        "contract_name": "buggy_47-AcunarIEO.sol",
        "targets": 1
    },
    {
        "contract_name": "buggy_49-TAMC.sol",
        "targets": 1
    },
    {
        "contract_name": "buggy_3-CareerOnToken.sol",
        "targets": 1
    },
    {
        "contract_name": "buggy_23-IERC20.sol",
        "targets": 0
    },
    {
        "contract_name": "buggy_23-SafeMath.sol",
        "targets": 0
    },
    {
        "contract_name": "buggy_23-ERC20.sol",
        "targets": 1
    },
    {
        "contract_name": "buggy_23-ERC20Burnable.sol",
        "targets": 1
    },
    {
        "contract_name": "buggy_23-ERC20Detailed.sol",
        "targets": 1
    },
    {
        "contract_name": "buggy_23-AGR.sol",
        "targets": 1
    },
    {
        "contract_name": "buggy_5-Ownable.sol",
        "targets": 1
    },
    {
        "contract_name": "buggy_5-TokenERC20.sol",
        "targets": 1
    },
    {
        "contract_name": "buggy_5-TTC.sol",
        "targets": 1
    },
    {
        "contract_name": "buggy_38-IERC20.sol",
        "targets": 0
    },
    {
        "contract_name": "buggy_38-SafeMath.sol",
        "targets": 0
    },
    {
        "contract_name": "buggy_38-ERC20Detailed.sol",
        "targets": 1
    },
    {
        "contract_name": "buggy_38-BIGBOMBv2.sol",
        "targets": 1
    },
    {
        "contract_name": "buggy_34-Ownable.sol",
        "targets": 1
    },
    {
        "contract_name": "buggy_34-SafeMath.sol",
        "targets": 0
    },
    {
        "contract_name": "buggy_34-LollypopToken.sol",
        "targets": 1
    },
    {
        "contract_name": "buggy_35-SafeMath.sol",
        "targets": 0
    },
    {
        "contract_name": "buggy_35-owned.sol",
        "targets": 1
    },
    {
        "contract_name": "buggy_35-ERC20Essential.sol",
        "targets": 0
    },
    {
        "contract_name": "buggy_35-BitpayerDEX.sol",
        "targets": 1
    },
    {
        "contract_name": "buggy_36-owned.sol",
        "targets": 1
    },
    {
        "contract_name": "buggy_36-tokenRecipient.sol",
        "targets": 1
    },
    {
        "contract_name": "buggy_36-Token.sol",
        "targets": 1
    },
    {
        "contract_name": "buggy_36-SafeMath.sol",
        "targets": 0
    },
    {
        "contract_name": "buggy_36-MindsyncPlatform.sol",
        "targets": 1
    },
    {
        "contract_name": "buggy_7-Ownable.sol",
        "targets": 1
    },
    {
        "contract_name": "buggy_7-AccountWallet.sol",
        "targets": 1
    },
    {
        "contract_name": "buggy_6-Ownable.sol",
        "targets": 1
    },
    {
        "contract_name": "buggy_6-ChannelWallet.sol",
        "targets": 1
    },
    {
        "contract_name": "buggy_11-SafeMath.sol",
        "targets": 0
    },
    {
        "contract_name": "buggy_11-ERC20Interface.sol",
        "targets": 1
    },
    {
        "contract_name": "buggy_11-ApproveAndCallFallBack.sol",
        "targets": 1
    },
    {
        "contract_name": "buggy_11-Owned.sol",
        "targets": 1
    },
    {
        "contract_name": "buggy_11-ForTheBlockchain.sol",
        "targets": 1
    },
    {
        "contract_name": "buggy_16-SafeMath.sol",
        "targets": 0
    },
    {
        "contract_name": "buggy_16-ERC20Interface.sol",
        "targets": 1
    },
    {
        "contract_name": "buggy_16-Owned.sol",
        "targets": 1
    },
    {
        "contract_name": "buggy_16-ExclusivePlatform.sol",
        "targets": 1
    },
    {
        "contract_name": "buggy_9-SafeMath.sol",
        "targets": 0
    },
    {
        "contract_name": "buggy_9-Ownable.sol",
        "targets": 1
    },
    {
        "contract_name": "buggy_9-TokenERC20.sol",
        "targets": 1
    },
    {
        "contract_name": "buggy_9-XLToken.sol",
        "targets": 1
    },
    {
        "contract_name": "buggy_33-Owned.sol",
        "targets": 1
    },
    {
        "contract_name": "buggy_33-SafeMath.sol",
        "targets": 0
    },
    {
        "contract_name": "buggy_33-Token.sol",
        "targets": 1
    },
    {
        "contract_name": "buggy_33-Staking.sol",
        "targets": 1
    },
    {
        "contract_name": "buggy_28-IERC20.sol",
        "targets": 0
    },
    {
        "contract_name": "buggy_28-SafeMath.sol",
        "targets": 0
    },
    {
        "contract_name": "buggy_28-ERC20Detailed.sol",
        "targets": 1
    },
    {
        "contract_name": "buggy_28-HYDROGEN.sol",
        "targets": 1
    },
    {
        "contract_name": "buggy_2-CareerOnToken.sol",
        "targets": 1
    },
    {
        "contract_name": "buggy_32-SafeMath.sol",
        "targets": 0
    },
    {
        "contract_name": "buggy_32-ERC20TokenInterface.sol",
        "targets": 1
    },
    {
        "contract_name": "buggy_32-ERC20Token.sol",
        "targets": 1
    },
    {
        "contract_name": "buggy_32-AsseteGram.sol",
        "targets": 1
    },
    {
        "contract_name": "buggy_17-SafeMath.sol",
        "targets": 0
    },
    {
        "contract_name": "buggy_17-owned.sol",
        "targets": 1
    },
    {
        "contract_name": "buggy_17-tokenRecipient.sol",
        "targets": 0
    },
    {
        "contract_name": "buggy_17-TokenERC20.sol",
        "targets": 1
    },
    {
        "contract_name": "buggy_17-AZT.sol",
        "targets": 1
    },
    {
        "contract_name": "buggy_39-TAMCContract.sol",
        "targets": 1
    },
    {
        "contract_name": "buggy_14-SafeMath.sol",
        "targets": 0
    },
    {
        "contract_name": "buggy_14-IERC20.sol",
        "targets": 0
    },
    {
        "contract_name": "buggy_14-ERC20.sol",
        "targets": 1
    },
    {
        "contract_name": "buggy_14-ERC20Detailed.sol",
        "targets": 1
    },
    {
        "contract_name": "buggy_14-SaveWon.sol",
        "targets": 1
    },
    {
        "contract_name": "buggy_12-SafeMath.sol",
        "targets": 0
    },
    {
        "contract_name": "buggy_12-ERC20.sol",
        "targets": 1
    },
    {
        "contract_name": "buggy_12-ERC223ReceivingContract.sol",
        "targets": 1
    },
    {
        "contract_name": "buggy_12-ERC223.sol",
        "targets": 1
    },
    {
        "contract_name": "buggy_12-ERC223Token.sol",
        "targets": 1
    },
    {
        "contract_name": "buggy_12-Owned.sol",
        "targets": 1
    },
    {
        "contract_name": "buggy_12-Grand.sol",
        "targets": 1
    },
    {
        "contract_name": "buggy_1-EIP20Interface.sol",
        "targets": 1
    },
    {
        "contract_name": "buggy_1-HotDollarsToken.sol",
        "targets": 1
    },
    {
        "contract_name": "buggy_42-Owned.sol",
        "targets": 1
    },
    {
        "contract_name": "buggy_42-SafeMath.sol",
        "targets": 0
    },
    {
        "contract_name": "buggy_42-Token.sol",
        "targets": 1
    },
    {
        "contract_name": "buggy_42-Staking.sol",
        "targets": 1
    },
    {
        "contract_name": "buggy_25-WhiteBetting.sol",
        "targets": 1
    },
    {
        "contract_name": "0x787f552bdc17332c98aa360748884513e3cb401a-SafeMath.sol",
        "targets": 0
    },
    {
        "contract_name": "0x787f552bdc17332c98aa360748884513e3cb401a-Ownable.sol",
        "targets": 0
    },
    {
        "contract_name": "0x787f552bdc17332c98aa360748884513e3cb401a-IErc20.sol",
        "targets": 0
    },
    {
        "contract_name": "0x787f552bdc17332c98aa360748884513e3cb401a-Monetary.sol",
        "targets": 0
    },
    {
        "contract_name": "0x787f552bdc17332c98aa360748884513e3cb401a-IPriceOracle.sol",
        "targets": 0
    },
    {
        "contract_name": "0x787f552bdc17332c98aa360748884513e3cb401a-Require.sol",
        "targets": 0
    },
    {
        "contract_name": "0x787f552bdc17332c98aa360748884513e3cb401a-Math.sol",
        "targets": 0
    },
    {
        "contract_name": "0x787f552bdc17332c98aa360748884513e3cb401a-Time.sol",
        "targets": 0
    },
    {
        "contract_name": "0x787f552bdc17332c98aa360748884513e3cb401a-IMakerOracle.sol",
        "targets": 0
    },
    {
        "contract_name": "0x787f552bdc17332c98aa360748884513e3cb401a-IOasisDex.sol",
        "targets": 0
    },
    {
        "contract_name": "0x787f552bdc17332c98aa360748884513e3cb401a-DaiPriceOracle.sol",
        "targets": 0
    },
    {
        "contract_name": "0x0597edbd535f2c76780818cd55cae87d7e035f5b-ERC20Basic.sol",
        "targets": 0
    },
    {
        "contract_name": "0x0597edbd535f2c76780818cd55cae87d7e035f5b-SafeMath.sol",
        "targets": 0
    },
    {
        "contract_name": "0x0597edbd535f2c76780818cd55cae87d7e035f5b-ERC20.sol",
        "targets": 0
    },
    {
        "contract_name": "0x0597edbd535f2c76780818cd55cae87d7e035f5b-BasicToken.sol",
        "targets": 0
    },
    {
        "contract_name": "0x0597edbd535f2c76780818cd55cae87d7e035f5b-StandardToken.sol",
        "targets": 0
    },
    {
        "contract_name": "0x0597edbd535f2c76780818cd55cae87d7e035f5b-MOONToken.sol",
        "targets": 0
    },
    {
        "contract_name": "0x888fb65bde90ca5ac865acb7c8904e607475c41c-MyToken.sol",
        "targets": 0
    },
    {
        "contract_name": "0x869b1f57380ae501d387b19262efd3c0eb7501b0-SafeMath.sol",
        "targets": 0
    },
    {
        "contract_name": "0x869b1f57380ae501d387b19262efd3c0eb7501b0-ERC20Interface.sol",
        "targets": 0
    },
    {
        "contract_name": "0x869b1f57380ae501d387b19262efd3c0eb7501b0-Owned.sol",
        "targets": 0
    },
    {
        "contract_name": "0x869b1f57380ae501d387b19262efd3c0eb7501b0-Pausable.sol",
        "targets": 0
    },
    {
        "contract_name": "0x869b1f57380ae501d387b19262efd3c0eb7501b0-OxyCoin.sol",
        "targets": 0
    },
    {
        "contract_name": "0x807b9487aaf00629b674bd6d02e4917453bc5939-ERC20.sol",
        "targets": 0
    },
    {
        "contract_name": "0x807b9487aaf00629b674bd6d02e4917453bc5939-SafeMath.sol",
        "targets": 0
    },
    {
        "contract_name": "0x807b9487aaf00629b674bd6d02e4917453bc5939-StandardToken.sol",
        "targets": 0
    },
    {
        "contract_name": "0x807b9487aaf00629b674bd6d02e4917453bc5939-UpgradeAgent.sol",
        "targets": 0
    },
    {
        "contract_name": "0x807b9487aaf00629b674bd6d02e4917453bc5939-SafeMathLib.sol",
        "targets": 0
    },
    {
        "contract_name": "0x807b9487aaf00629b674bd6d02e4917453bc5939-UpgradeableToken.sol",
        "targets": 0
    },
    {
        "contract_name": "0x807b9487aaf00629b674bd6d02e4917453bc5939-Ownable.sol",
        "targets": 0
    },
    {
        "contract_name": "0x807b9487aaf00629b674bd6d02e4917453bc5939-ReleasableToken.sol",
        "targets": 0
    },
    {
        "contract_name": "0x807b9487aaf00629b674bd6d02e4917453bc5939-MintableToken.sol",
        "targets": 0
    },
    {
        "contract_name": "0x807b9487aaf00629b674bd6d02e4917453bc5939-CrowdsaleToken.sol",
        "targets": 0
    },
    {
        "contract_name": "0x708ba31efde01cc53901248e7c174e0a74a822a0-IERC20.sol",
        "targets": 0
    },
    {
        "contract_name": "0x708ba31efde01cc53901248e7c174e0a74a822a0-Ownable.sol",
        "targets": 0
    },
    {
        "contract_name": "0x708ba31efde01cc53901248e7c174e0a74a822a0-SafeMath.sol",
        "targets": 0
    },
    {
        "contract_name": "0x708ba31efde01cc53901248e7c174e0a74a822a0-BasementOperationRealm.sol",
        "targets": 0
    },
    {
        "contract_name": "0x609d6f40eed97ec8a96cb9bca78d73caa6225b8a-SafeMath.sol",
        "targets": 0
    },
    {
        "contract_name": "0x609d6f40eed97ec8a96cb9bca78d73caa6225b8a-IERC20.sol",
        "targets": 0
    },
    {
        "contract_name": "0x609d6f40eed97ec8a96cb9bca78d73caa6225b8a-Claimable.sol",
        "targets": 0
    },
    {
        "contract_name": "0x609d6f40eed97ec8a96cb9bca78d73caa6225b8a-Keeper.sol",
        "targets": 0
    },
    {
        "contract_name": "0x543a5514c5cd08dd08228f54fbc79ba9b5a47187-SafeMath.sol",
        "targets": 0
    },
    {
        "contract_name": "0x543a5514c5cd08dd08228f54fbc79ba9b5a47187-Ownable.sol",
        "targets": 0
    },
    {
        "contract_name": "0x543a5514c5cd08dd08228f54fbc79ba9b5a47187-ERC20Basic.sol",
        "targets": 0
    },
    {
        "contract_name": "0x543a5514c5cd08dd08228f54fbc79ba9b5a47187-ERC20.sol",
        "targets": 0
    },
    {
        "contract_name": "0x543a5514c5cd08dd08228f54fbc79ba9b5a47187-BasicToken.sol",
        "targets": 0
    },
    {
        "contract_name": "0x543a5514c5cd08dd08228f54fbc79ba9b5a47187-StandardToken.sol",
        "targets": 0
    },
    {
        "contract_name": "0x543a5514c5cd08dd08228f54fbc79ba9b5a47187-Pausable.sol",
        "targets": 0
    },
    {
        "contract_name": "0x543a5514c5cd08dd08228f54fbc79ba9b5a47187-PausableToken.sol",
        "targets": 0
    },
    {
        "contract_name": "0x543a5514c5cd08dd08228f54fbc79ba9b5a47187-MintableToken.sol",
        "targets": 0
    },
    {
        "contract_name": "0x543a5514c5cd08dd08228f54fbc79ba9b5a47187-MyAdvancedToken.sol",
        "targets": 0
    },
    {
        "contract_name": "0x748d84c273334af1349ebee96bb48c2a17b3b416-SafeMath.sol",
        "targets": 0
    },
    {
        "contract_name": "0x748d84c273334af1349ebee96bb48c2a17b3b416-owned.sol",
        "targets": 0
    },
    {
        "contract_name": "0x748d84c273334af1349ebee96bb48c2a17b3b416-Verification.sol",
        "targets": 0
    },
    {
        "contract_name": "0x0695a5d83639c4ec38244768e0e93bde775488dc-SafeMath.sol",
        "targets": 0
    },
    {
        "contract_name": "0x0695a5d83639c4ec38244768e0e93bde775488dc-IERC20.sol",
        "targets": 0
    },
    {
        "contract_name": "0x0695a5d83639c4ec38244768e0e93bde775488dc-ERC20.sol",
        "targets": 0
    },
    {
        "contract_name": "0x0695a5d83639c4ec38244768e0e93bde775488dc-Roles.sol",
        "targets": 0
    },
    {
        "contract_name": "0x0695a5d83639c4ec38244768e0e93bde775488dc-MinterRole.sol",
        "targets": 0
    },
    {
        "contract_name": "0x0695a5d83639c4ec38244768e0e93bde775488dc-ERC20Mintable.sol",
        "targets": 0
    },
    {
        "contract_name": "0x0695a5d83639c4ec38244768e0e93bde775488dc-ERC20Burnable.sol",
        "targets": 0
    },
    {
        "contract_name": "0x0695a5d83639c4ec38244768e0e93bde775488dc-INOMIX.sol",
        "targets": 0
    },
    {
        "contract_name": "0x646b41183bb0d18c01f75f630688d613a5774dc7-SafeMath.sol",
        "targets": 0
    },
    {
        "contract_name": "0x646b41183bb0d18c01f75f630688d613a5774dc7-ERC20Interface.sol",
        "targets": 0
    },
    {
        "contract_name": "0x646b41183bb0d18c01f75f630688d613a5774dc7-ApproveAndCallFallBack.sol",
        "targets": 0
    },
    {
        "contract_name": "0x646b41183bb0d18c01f75f630688d613a5774dc7-Owned.sol",
        "targets": 0
    },
    {
        "contract_name": "0x646b41183bb0d18c01f75f630688d613a5774dc7-BLUEKEY.sol",
        "targets": 0
    },
    {
        "contract_name": "0x882fb4240f9a11e197923d0507de9a983ed69239-ClassicCheck.sol",
        "targets": 0
    },
    {
        "contract_name": "0x735af341f2d9ce3663616cd84ff522dbf62fbc1f-Ownable.sol",
        "targets": 0
    },
    {
        "contract_name": "0x735af341f2d9ce3663616cd84ff522dbf62fbc1f-ERC20Basic.sol",
        "targets": 0
    },
    {
        "contract_name": "0x735af341f2d9ce3663616cd84ff522dbf62fbc1f-SafeMath.sol",
        "targets": 0
    },
    {
        "contract_name": "0x735af341f2d9ce3663616cd84ff522dbf62fbc1f-BasicToken.sol",
        "targets": 0
    },
    {
        "contract_name": "0x735af341f2d9ce3663616cd84ff522dbf62fbc1f-ERC20.sol",
        "targets": 0
    },
    {
        "contract_name": "0x735af341f2d9ce3663616cd84ff522dbf62fbc1f-StandardToken.sol",
        "targets": 0
    },
    {
        "contract_name": "0x735af341f2d9ce3663616cd84ff522dbf62fbc1f-BurnableToken.sol",
        "targets": 0
    },
    {
        "contract_name": "0x735af341f2d9ce3663616cd84ff522dbf62fbc1f-StandardBurnableToken.sol",
        "targets": 0
    },
    {
        "contract_name": "0x735af341f2d9ce3663616cd84ff522dbf62fbc1f-Amplify.sol",
        "targets": 0
    },
    {
        "contract_name": "0x676abde481967851b0c28e81bde8561e756d75e8-Ownable.sol",
        "targets": 0
    },
    {
        "contract_name": "0x676abde481967851b0c28e81bde8561e756d75e8-ModulumInvestorsWhitelist.sol",
        "targets": 0
    },
    {
        "contract_name": "0x755cdba6ae4f479f7164792b318b2a06c759833b-DAO.sol",
        "targets": 0
    },
    {
        "contract_name": "0x755cdba6ae4f479f7164792b318b2a06c759833b-WithdrawDAO.sol",
        "targets": 0
    },
    {
        "contract_name": "0x684ae11a577080ec13877c6d28ac4f45b7c00966-Ownable.sol",
        "targets": 0
    },
    {
        "contract_name": "0x684ae11a577080ec13877c6d28ac4f45b7c00966-Manageable.sol",
        "targets": 0
    },
    {
        "contract_name": "0x684ae11a577080ec13877c6d28ac4f45b7c00966-MytilcoinStorage.sol",
        "targets": 0
    },
    {
        "contract_name": "0x598c9a4f069dc076984868873c01e78a905d50e6-SafeMath.sol",
        "targets": 0
    },
    {
        "contract_name": "0x598c9a4f069dc076984868873c01e78a905d50e6-IERC20.sol",
        "targets": 0
    },
    {
        "contract_name": "0x598c9a4f069dc076984868873c01e78a905d50e6-ERC20.sol",
        "targets": 0
    },
    {
        "contract_name": "0x598c9a4f069dc076984868873c01e78a905d50e6-LedgeriumToken.sol",
        "targets": 0
    },
    {
        "contract_name": "0x664e6db4044f23c95de63ec299aaa9b39c59328d-SafeMath.sol",
        "targets": 0
    },
    {
        "contract_name": "0x664e6db4044f23c95de63ec299aaa9b39c59328d-Ownable.sol",
        "targets": 0
    },
    {
        "contract_name": "0x664e6db4044f23c95de63ec299aaa9b39c59328d-CutdownToken.sol",
        "targets": 0
    },
    {
        "contract_name": "0x664e6db4044f23c95de63ec299aaa9b39c59328d-ApproveAndCallFallback.sol",
        "targets": 0
    },
    {
        "contract_name": "0x664e6db4044f23c95de63ec299aaa9b39c59328d-DigitizeCoin.sol",
        "targets": 0
    },
    {
        "contract_name": "0x0821d33c50d2d2d1381b5dfca34900bacad909a7-Owned.sol",
        "targets": 0
    },
    {
        "contract_name": "0x0821d33c50d2d2d1381b5dfca34900bacad909a7-Callable.sol",
        "targets": 0
    },
    {
        "contract_name": "0x0821d33c50d2d2d1381b5dfca34900bacad909a7-EternalStorage.sol",
        "targets": 0
    },
    {
        "contract_name": "0x744c9c36d1cc3268a4b9b2e28c60b1752c85e97d-SafeMath.sol",
        "targets": 0
    },
    {
        "contract_name": "0x744c9c36d1cc3268a4b9b2e28c60b1752c85e97d-ERC20Interface.sol",
        "targets": 0
    },
    {
        "contract_name": "0x744c9c36d1cc3268a4b9b2e28c60b1752c85e97d-Owned.sol",
        "targets": 0
    },
    {
        "contract_name": "0x744c9c36d1cc3268a4b9b2e28c60b1752c85e97d-AlluvaToken.sol",
        "targets": 0
    },
    {
        "contract_name": "0x560b63bb82ce25c2c9b7a63c96378f6b1f9ea5b0-ERC20TokenInterface.sol",
        "targets": 0
    },
    {
        "contract_name": "0x560b63bb82ce25c2c9b7a63c96378f6b1f9ea5b0-SafeMath.sol",
        "targets": 0
    },
    {
        "contract_name": "0x560b63bb82ce25c2c9b7a63c96378f6b1f9ea5b0-CliffTokenVesting.sol",
        "targets": 0
    },
    {
        "contract_name": "0x697fc9371a33a98078543b777ca7d5c8009d6d0b-SafeMath.sol",
        "targets": 0
    },
    {
        "contract_name": "0x697fc9371a33a98078543b777ca7d5c8009d6d0b-Math.sol",
        "targets": 0
    },
    {
        "contract_name": "0x697fc9371a33a98078543b777ca7d5c8009d6d0b-ERC20Basic.sol",
        "targets": 0
    },
    {
        "contract_name": "0x697fc9371a33a98078543b777ca7d5c8009d6d0b-ERC20.sol",
        "targets": 0
    },
    {
        "contract_name": "0x697fc9371a33a98078543b777ca7d5c8009d6d0b-BasicToken.sol",
        "targets": 0
    },
    {
        "contract_name": "0x697fc9371a33a98078543b777ca7d5c8009d6d0b-BurnableToken.sol",
        "targets": 0
    },
    {
        "contract_name": "0x697fc9371a33a98078543b777ca7d5c8009d6d0b-StandardToken.sol",
        "targets": 0
    },
    {
        "contract_name": "0x697fc9371a33a98078543b777ca7d5c8009d6d0b-Ownable.sol",
        "targets": 0
    },
    {
        "contract_name": "0x697fc9371a33a98078543b777ca7d5c8009d6d0b-MintableToken.sol",
        "targets": 0
    },
    {
        "contract_name": "0x697fc9371a33a98078543b777ca7d5c8009d6d0b-Pausable.sol",
        "targets": 0
    },
    {
        "contract_name": "0x697fc9371a33a98078543b777ca7d5c8009d6d0b-PausableToken.sol",
        "targets": 0
    },
    {
        "contract_name": "0x697fc9371a33a98078543b777ca7d5c8009d6d0b-MoaCOIN.sol",
        "targets": 0
    },
    {
        "contract_name": "0x603a595145dcb1d49782f569ff4780de98f678e6-DependentOnIPFS.sol",
        "targets": 0
    },
    {
        "contract_name": "0x603a595145dcb1d49782f569ff4780de98f678e6-Poll.sol",
        "targets": 0
    },
    {
        "contract_name": "0x603a595145dcb1d49782f569ff4780de98f678e6-AccountRegistryInterface.sol",
        "targets": 0
    },
    {
        "contract_name": "0x603a595145dcb1d49782f569ff4780de98f678e6-SigningLogicInterface.sol",
        "targets": 0
    },
    {
        "contract_name": "0x603a595145dcb1d49782f569ff4780de98f678e6-VotingCenter.sol",
        "targets": 0
    },
    {
        "contract_name": "0x0622d8ec245f14d6ac137989fb842fb68ab6d837-IERC20.sol",
        "targets": 0
    },
    {
        "contract_name": "0x0622d8ec245f14d6ac137989fb842fb68ab6d837-IERC223.sol",
        "targets": 0
    },
    {
        "contract_name": "0x0622d8ec245f14d6ac137989fb842fb68ab6d837-ContractReceiver.sol",
        "targets": 0
    },
    {
        "contract_name": "0x0622d8ec245f14d6ac137989fb842fb68ab6d837-SafeMath.sol",
        "targets": 0
    },
    {
        "contract_name": "0x0622d8ec245f14d6ac137989fb842fb68ab6d837-StandardToken.sol",
        "targets": 0
    },
    {
        "contract_name": "0x0622d8ec245f14d6ac137989fb842fb68ab6d837-ACLYD.sol",
        "targets": 0
    },
    {
        "contract_name": "0x773dcefa15b47e77c7955e5d0383bafecd672734-SafeMath.sol",
        "targets": 0
    },
    {
        "contract_name": "0x773dcefa15b47e77c7955e5d0383bafecd672734-Ownable.sol",
        "targets": 0
    },
    {
        "contract_name": "0x773dcefa15b47e77c7955e5d0383bafecd672734-ERC20Basic.sol",
        "targets": 0
    },
    {
        "contract_name": "0x773dcefa15b47e77c7955e5d0383bafecd672734-ERC20.sol",
        "targets": 0
    },
    {
        "contract_name": "0x773dcefa15b47e77c7955e5d0383bafecd672734-BasicToken.sol",
        "targets": 0
    },
    {
        "contract_name": "0x773dcefa15b47e77c7955e5d0383bafecd672734-StandardToken.sol",
        "targets": 0
    },
    {
        "contract_name": "0x773dcefa15b47e77c7955e5d0383bafecd672734-BurnableToken.sol",
        "targets": 0
    },
    {
        "contract_name": "0x773dcefa15b47e77c7955e5d0383bafecd672734-MintableToken.sol",
        "targets": 0
    },
    {
        "contract_name": "0x773dcefa15b47e77c7955e5d0383bafecd672734-Pausable.sol",
        "targets": 0
    },
    {
        "contract_name": "0x773dcefa15b47e77c7955e5d0383bafecd672734-PausableToken.sol",
        "targets": 0
    },
    {
        "contract_name": "0x773dcefa15b47e77c7955e5d0383bafecd672734-SignalCoin.sol",
        "targets": 0
    },
    {
        "contract_name": "0x746dda2ea243400d5a63e0700f190ab79f06489e-IERC20.sol",
        "targets": 0
    },
    {
        "contract_name": "0x746dda2ea243400d5a63e0700f190ab79f06489e-SafeMath.sol",
        "targets": 0
    },
    {
        "contract_name": "0x746dda2ea243400d5a63e0700f190ab79f06489e-ERC20.sol",
        "targets": 0
    },
    {
        "contract_name": "0x746dda2ea243400d5a63e0700f190ab79f06489e-ERC20Detailed.sol",
        "targets": 0
    },
    {
        "contract_name": "0x746dda2ea243400d5a63e0700f190ab79f06489e-BOSAGORA.sol",
        "targets": 0
    },
    {
        "contract_name": "0x794d1d86685d45f9297c2fe80f295aa7f8285bb4-ERC20Interface.sol",
        "targets": 0
    },
    {
        "contract_name": "0x794d1d86685d45f9297c2fe80f295aa7f8285bb4-SafeMath.sol",
        "targets": 0
    },
    {
        "contract_name": "0x794d1d86685d45f9297c2fe80f295aa7f8285bb4-PALSToken.sol",
        "targets": 0
    },
    {
        "contract_name": "0x673a5fb0639d35ab6e157c1e6377d0096ab74128-SafeMath.sol",
        "targets": 0
    },
    {
        "contract_name": "0x673a5fb0639d35ab6e157c1e6377d0096ab74128-IERC20.sol",
        "targets": 0
    },
    {
        "contract_name": "0x673a5fb0639d35ab6e157c1e6377d0096ab74128-ERC20Detailed.sol",
        "targets": 0
    },
    {
        "contract_name": "0x673a5fb0639d35ab6e157c1e6377d0096ab74128-ERC20.sol",
        "targets": 0
    },
    {
        "contract_name": "0x673a5fb0639d35ab6e157c1e6377d0096ab74128-ERC20Burnable.sol",
        "targets": 0
    },
    {
        "contract_name": "0x673a5fb0639d35ab6e157c1e6377d0096ab74128-ERC20Mintable.sol",
        "targets": 0
    },
    {
        "contract_name": "0x673a5fb0639d35ab6e157c1e6377d0096ab74128-ERC20Capped.sol",
        "targets": 0
    },
    {
        "contract_name": "0x673a5fb0639d35ab6e157c1e6377d0096ab74128-IERC20Freezable.sol",
        "targets": 0
    },
    {
        "contract_name": "0x673a5fb0639d35ab6e157c1e6377d0096ab74128-ERC20Freezable.sol",
        "targets": 0
    },
    {
        "contract_name": "0x673a5fb0639d35ab6e157c1e6377d0096ab74128-L2T.sol",
        "targets": 0
    },
    {
        "contract_name": "0x831b1cf1387c388ed8eae955e895d90b2adb2244-IERC20.sol",
        "targets": 0
    },
    {
        "contract_name": "0x831b1cf1387c388ed8eae955e895d90b2adb2244-SafeMath.sol",
        "targets": 0
    },
    {
        "contract_name": "0x831b1cf1387c388ed8eae955e895d90b2adb2244-ERC20.sol",
        "targets": 0
    },
    {
        "contract_name": "0x831b1cf1387c388ed8eae955e895d90b2adb2244-ERC20Burnable.sol",
        "targets": 0
    },
    {
        "contract_name": "0x831b1cf1387c388ed8eae955e895d90b2adb2244-Roles.sol",
        "targets": 0
    },
    {
        "contract_name": "0x831b1cf1387c388ed8eae955e895d90b2adb2244-PauserRole.sol",
        "targets": 0
    },
    {
        "contract_name": "0x831b1cf1387c388ed8eae955e895d90b2adb2244-Pausable.sol",
        "targets": 0
    },
    {
        "contract_name": "0x831b1cf1387c388ed8eae955e895d90b2adb2244-ERC20Pausable.sol",
        "targets": 0
    },
    {
        "contract_name": "0x831b1cf1387c388ed8eae955e895d90b2adb2244-MinterRole.sol",
        "targets": 0
    },
    {
        "contract_name": "0x831b1cf1387c388ed8eae955e895d90b2adb2244-ERC20Mintable.sol",
        "targets": 0
    },
    {
        "contract_name": "0x831b1cf1387c388ed8eae955e895d90b2adb2244-OliveGardensResort.sol",
        "targets": 0
    },
    {
        "contract_name": "0x580f18c090914eb9edbb3d6a810c9789a91c7ba4-Emitter.sol",
        "targets": 0
    },
    {
        "contract_name": "0x580f18c090914eb9edbb3d6a810c9789a91c7ba4-Caller.sol",
        "targets": 0
    },
    {
        "contract_name": "0x603c096b5d19d631c58202931de0d11eb9accafa-Uint256HashTable.sol",
        "targets": 0
    },
    {
        "contract_name": "0x0785d6edc7c7a19cbcc5fb56a406b1351fc907dc-SafeMath.sol",
        "targets": 0
    },
    {
        "contract_name": "0x0785d6edc7c7a19cbcc5fb56a406b1351fc907dc-Ownable.sol",
        "targets": 0
    },
    {
        "contract_name": "0x0785d6edc7c7a19cbcc5fb56a406b1351fc907dc-ERC20Basic.sol",
        "targets": 0
    },
    {
        "contract_name": "0x0785d6edc7c7a19cbcc5fb56a406b1351fc907dc-BasicToken.sol",
        "targets": 0
    },
    {
        "contract_name": "0x0785d6edc7c7a19cbcc5fb56a406b1351fc907dc-BurnableToken.sol",
        "targets": 0
    },
    {
        "contract_name": "0x0785d6edc7c7a19cbcc5fb56a406b1351fc907dc-ERC20.sol",
        "targets": 0
    },
    {
        "contract_name": "0x0785d6edc7c7a19cbcc5fb56a406b1351fc907dc-StandardToken.sol",
        "targets": 0
    },
    {
        "contract_name": "0x0785d6edc7c7a19cbcc5fb56a406b1351fc907dc-Pausable.sol",
        "targets": 0
    },
    {
        "contract_name": "0x0785d6edc7c7a19cbcc5fb56a406b1351fc907dc-PausableToken.sol",
        "targets": 0
    },
    {
        "contract_name": "0x0785d6edc7c7a19cbcc5fb56a406b1351fc907dc-FreezableToken.sol",
        "targets": 0
    },
    {
        "contract_name": "0x0785d6edc7c7a19cbcc5fb56a406b1351fc907dc-TimeLockToken.sol",
        "targets": 0
    },
    {
        "contract_name": "0x0785d6edc7c7a19cbcc5fb56a406b1351fc907dc-GoldToken.sol",
        "targets": 0
    },
    {
        "contract_name": "0x656caef69787f1a55c1c4d4faba287163d6c109e-ImplementationProvider.sol",
        "targets": 0
    },
    {
        "contract_name": "0x656caef69787f1a55c1c4d4faba287163d6c109e-ZOSLibOwnable.sol",
        "targets": 0
    },
    {
        "contract_name": "0x656caef69787f1a55c1c4d4faba287163d6c109e-ZOSLibAddress.sol",
        "targets": 0
    },
    {
        "contract_name": "0x656caef69787f1a55c1c4d4faba287163d6c109e-ImplementationDirectory.sol",
        "targets": 0
    },
    {
        "contract_name": "0x616a74e4895bfe762da00b95877f25bef0d0d3c8-SafeMath.sol",
        "targets": 0
    },
    {
        "contract_name": "0x616a74e4895bfe762da00b95877f25bef0d0d3c8-Ownable.sol",
        "targets": 0
    },
    {
        "contract_name": "0x616a74e4895bfe762da00b95877f25bef0d0d3c8-ERC20Basic.sol",
        "targets": 0
    },
    {
        "contract_name": "0x616a74e4895bfe762da00b95877f25bef0d0d3c8-BasicToken.sol",
        "targets": 0
    },
    {
        "contract_name": "0x616a74e4895bfe762da00b95877f25bef0d0d3c8-BurnableToken.sol",
        "targets": 0
    },
    {
        "contract_name": "0x616a74e4895bfe762da00b95877f25bef0d0d3c8-ERC20.sol",
        "targets": 0
    },
    {
        "contract_name": "0x616a74e4895bfe762da00b95877f25bef0d0d3c8-StandardToken.sol",
        "targets": 0
    },
    {
        "contract_name": "0x616a74e4895bfe762da00b95877f25bef0d0d3c8-Pausable.sol",
        "targets": 0
    },
    {
        "contract_name": "0x616a74e4895bfe762da00b95877f25bef0d0d3c8-PausableToken.sol",
        "targets": 0
    },
    {
        "contract_name": "0x616a74e4895bfe762da00b95877f25bef0d0d3c8-FreezableToken.sol",
        "targets": 0
    },
    {
        "contract_name": "0x616a74e4895bfe762da00b95877f25bef0d0d3c8-TimeLockToken.sol",
        "targets": 0
    },
    {
        "contract_name": "0x616a74e4895bfe762da00b95877f25bef0d0d3c8-GINICON.sol",
        "targets": 0
    },
    {
        "contract_name": "0x822ac26c84eb99f5238746fd3adf8f7697c01341-SafeMath.sol",
        "targets": 0
    },
    {
        "contract_name": "0x822ac26c84eb99f5238746fd3adf8f7697c01341-Ownable.sol",
        "targets": 0
    },
    {
        "contract_name": "0x822ac26c84eb99f5238746fd3adf8f7697c01341-Operable.sol",
        "targets": 0
    },
    {
        "contract_name": "0x822ac26c84eb99f5238746fd3adf8f7697c01341-DUSDStorage.sol",
        "targets": 0
    },
    {
        "contract_name": "0x736f7961adfc0f303eb65f889f3670aef81d85ef-SafeMath.sol",
        "targets": 0
    },
    {
        "contract_name": "0x736f7961adfc0f303eb65f889f3670aef81d85ef-ERC20.sol",
        "targets": 0
    },
    {
        "contract_name": "0x736f7961adfc0f303eb65f889f3670aef81d85ef-CentralBankofMalaysia.sol",
        "targets": 0
    },
    {
        "contract_name": "0x755e52bea0f7ea8c7dad02b11cdf48f1a9cdaa72-SafeMath.sol",
        "targets": 0
    },
    {
        "contract_name": "0x755e52bea0f7ea8c7dad02b11cdf48f1a9cdaa72-ERC20Interface.sol",
        "targets": 0
    },
    {
        "contract_name": "0x755e52bea0f7ea8c7dad02b11cdf48f1a9cdaa72-ApproveAndCallFallBack.sol",
        "targets": 0
    },
    {
        "contract_name": "0x755e52bea0f7ea8c7dad02b11cdf48f1a9cdaa72-Owned.sol",
        "targets": 0
    },
    {
        "contract_name": "0x755e52bea0f7ea8c7dad02b11cdf48f1a9cdaa72-EPSBets.sol",
        "targets": 0
    },
    {
        "contract_name": "0x549fbdff350c728e71280482721e805cc0916ff9-SafeMath.sol",
        "targets": 0
    },
    {
        "contract_name": "0x549fbdff350c728e71280482721e805cc0916ff9-EIP20Interface.sol",
        "targets": 0
    },
    {
        "contract_name": "0x549fbdff350c728e71280482721e805cc0916ff9-BasicToken.sol",
        "targets": 0
    },
    {
        "contract_name": "0x549fbdff350c728e71280482721e805cc0916ff9-AICoinToken.sol",
        "targets": 0
    },
    {
        "contract_name": "0x657f73cb1877eb98ddd3381d825613336d8b8dbe-EthJackpot.sol",
        "targets": 0
    },
    {
        "contract_name": "0x657f73cb1877eb98ddd3381d825613336d8b8dbe-SafeMath.sol",
        "targets": 0
    },
    {
        "contract_name": "0x850a0e200ba62474908801a8e25e6935c14a2c83-Ownable.sol",
        "targets": 0
    },
    {
        "contract_name": "0x850a0e200ba62474908801a8e25e6935c14a2c83-SafeMath.sol",
        "targets": 0
    },
    {
        "contract_name": "0x850a0e200ba62474908801a8e25e6935c14a2c83-ERC20Basic.sol",
        "targets": 0
    },
    {
        "contract_name": "0x850a0e200ba62474908801a8e25e6935c14a2c83-BasicToken.sol",
        "targets": 0
    },
    {
        "contract_name": "0x850a0e200ba62474908801a8e25e6935c14a2c83-BurnableToken.sol",
        "targets": 0
    },
    {
        "contract_name": "0x850a0e200ba62474908801a8e25e6935c14a2c83-ERC20.sol",
        "targets": 0
    },
    {
        "contract_name": "0x850a0e200ba62474908801a8e25e6935c14a2c83-StandardToken.sol",
        "targets": 0
    },
    {
        "contract_name": "0x850a0e200ba62474908801a8e25e6935c14a2c83-MintableToken.sol",
        "targets": 0
    },
    {
        "contract_name": "0x850a0e200ba62474908801a8e25e6935c14a2c83-Pausable.sol",
        "targets": 0
    },
    {
        "contract_name": "0x850a0e200ba62474908801a8e25e6935c14a2c83-PausableToken.sol",
        "targets": 0
    },
    {
        "contract_name": "0x850a0e200ba62474908801a8e25e6935c14a2c83-IndexToken.sol",
        "targets": 0
    },
    {
        "contract_name": "0x762d141b8d9600bde64138762e6fb38efc56dcba-IERC20.sol",
        "targets": 0
    },
    {
        "contract_name": "0x762d141b8d9600bde64138762e6fb38efc56dcba-SafeMath.sol",
        "targets": 0
    },
    {
        "contract_name": "0x762d141b8d9600bde64138762e6fb38efc56dcba-IHumanity.sol",
        "targets": 0
    },
    {
        "contract_name": "0x762d141b8d9600bde64138762e6fb38efc56dcba-HumanityRegistry.sol",
        "targets": 0
    },
    {
        "contract_name": "0x762d141b8d9600bde64138762e6fb38efc56dcba-UniversalBasicIncome.sol",
        "targets": 0
    },
    {
        "contract_name": "0x763a67be94e2494dbffdcc62cee4ed8f761f6770-IERC20.sol",
        "targets": 0
    },
    {
        "contract_name": "0x763a67be94e2494dbffdcc62cee4ed8f761f6770-SafeMath.sol",
        "targets": 0
    },
    {
        "contract_name": "0x763a67be94e2494dbffdcc62cee4ed8f761f6770-ERC20.sol",
        "targets": 0
    },
    {
        "contract_name": "0x763a67be94e2494dbffdcc62cee4ed8f761f6770-Ownable.sol",
        "targets": 0
    },
    {
        "contract_name": "0x763a67be94e2494dbffdcc62cee4ed8f761f6770-BTNY.sol",
        "targets": 0
    },
    {
        "contract_name": "0x862ba4ae01bdb9dd69877976eefccc267b5b7b82-Owned.sol",
        "targets": 0
    },
    {
        "contract_name": "0x862ba4ae01bdb9dd69877976eefccc267b5b7b82-SafeMath.sol",
        "targets": 0
    },
    {
        "contract_name": "0x862ba4ae01bdb9dd69877976eefccc267b5b7b82-Pausable.sol",
        "targets": 0
    },
    {
        "contract_name": "0x862ba4ae01bdb9dd69877976eefccc267b5b7b82-EIP20Interface.sol",
        "targets": 0
    },
    {
        "contract_name": "0x862ba4ae01bdb9dd69877976eefccc267b5b7b82-IPC16.sol",
        "targets": 0
    },
    {
        "contract_name": "0x846a10e1b949a23fdda4501f37c260769d0df6b8-SafeMath.sol",
        "targets": 0
    },
    {
        "contract_name": "0x846a10e1b949a23fdda4501f37c260769d0df6b8-Ownable.sol",
        "targets": 0
    },
    {
        "contract_name": "0x846a10e1b949a23fdda4501f37c260769d0df6b8-ERC20.sol",
        "targets": 0
    },
    {
        "contract_name": "0x846a10e1b949a23fdda4501f37c260769d0df6b8-BIAT.sol",
        "targets": 0
    },
    {
        "contract_name": "0x874d4c9b980f1a13dd44cbcdb912e24ef0671ed0-SafeMath.sol",
        "targets": 0
    },
    {
        "contract_name": "0x874d4c9b980f1a13dd44cbcdb912e24ef0671ed0-Ownable.sol",
        "targets": 0
    },
    {
        "contract_name": "0x874d4c9b980f1a13dd44cbcdb912e24ef0671ed0-IERC20.sol",
        "targets": 0
    },
    {
        "contract_name": "0x874d4c9b980f1a13dd44cbcdb912e24ef0671ed0-ReentrancyGuard.sol",
        "targets": 0
    },
    {
        "contract_name": "0x874d4c9b980f1a13dd44cbcdb912e24ef0671ed0-Pausable.sol",
        "targets": 0
    },
    {
        "contract_name": "0x874d4c9b980f1a13dd44cbcdb912e24ef0671ed0-GuiderToken.sol",
        "targets": 0
    },
    {
        "contract_name": "0x835a44027ee4e92bbd8874e5ede9e5148b069e96-Token.sol",
        "targets": 0
    },
    {
        "contract_name": "0x835a44027ee4e92bbd8874e5ede9e5148b069e96-SafeMath.sol",
        "targets": 0
    },
    {
        "contract_name": "0x835a44027ee4e92bbd8874e5ede9e5148b069e96-AbstractToken.sol",
        "targets": 0
    },
    {
        "contract_name": "0x835a44027ee4e92bbd8874e5ede9e5148b069e96-ProtosToken.sol",
        "targets": 0
    },
    {
        "contract_name": "0x719ca90842a9f4d4fb52251db88703e4bc4a07ca-ERC20Interface.sol",
        "targets": 0
    },
    {
        "contract_name": "0x719ca90842a9f4d4fb52251db88703e4bc4a07ca-SafeMath.sol",
        "targets": 0
    },
    {
        "contract_name": "0x719ca90842a9f4d4fb52251db88703e4bc4a07ca-DAIX.sol",
        "targets": 0
    },
    {
        "contract_name": "0x634ca6a844a172c053b3fdee8827c449f849fb16-Ownable.sol",
        "targets": 0
    },
    {
        "contract_name": "0x634ca6a844a172c053b3fdee8827c449f849fb16-Pausable.sol",
        "targets": 0
    },
    {
        "contract_name": "0x634ca6a844a172c053b3fdee8827c449f849fb16-IERC20.sol",
        "targets": 0
    },
    {
        "contract_name": "0x634ca6a844a172c053b3fdee8827c449f849fb16-ERC20.sol",
        "targets": 0
    },
    {
        "contract_name": "0x634ca6a844a172c053b3fdee8827c449f849fb16-ERC20Pausable.sol",
        "targets": 0
    },
    {
        "contract_name": "0x634ca6a844a172c053b3fdee8827c449f849fb16-MBTCcontract.sol",
        "targets": 0
    },
    {
        "contract_name": "0x634ca6a844a172c053b3fdee8827c449f849fb16-MBTCToken.sol",
        "targets": 0
    },
    {
        "contract_name": "0x634ca6a844a172c053b3fdee8827c449f849fb16-SafeMath.sol",
        "targets": 0
    },
    {
        "contract_name": "0x546aa2eae2514494eeadb7bbb35243348983c59d-AbstractENS.sol",
        "targets": 0
    },
    {
        "contract_name": "0x546aa2eae2514494eeadb7bbb35243348983c59d-IPublicResolver.sol",
        "targets": 0
    },
    {
        "contract_name": "0x546aa2eae2514494eeadb7bbb35243348983c59d-IFIFSResolvingRegistrar.sol",
        "targets": 0
    },
    {
        "contract_name": "0x546aa2eae2514494eeadb7bbb35243348983c59d-FIFSResolvingRegistrar.sol",
        "targets": 0
    },
    {
        "contract_name": "0x662b67d00a13faf93254714dd601f5ed49ef2f51-owned.sol",
        "targets": 0
    },
    {
        "contract_name": "0x662b67d00a13faf93254714dd601f5ed49ef2f51-ORCToken.sol",
        "targets": 0
    },
    {
        "contract_name": "0x797d67bab1cad1a9ce0f0afe955fb77a95c22f6e-ERC20Basic.sol",
        "targets": 0
    },
    {
        "contract_name": "0x797d67bab1cad1a9ce0f0afe955fb77a95c22f6e-SafeMath.sol",
        "targets": 0
    },
    {
        "contract_name": "0x797d67bab1cad1a9ce0f0afe955fb77a95c22f6e-BasicToken.sol",
        "targets": 0
    },
    {
        "contract_name": "0x797d67bab1cad1a9ce0f0afe955fb77a95c22f6e-ERC20.sol",
        "targets": 0
    },
    {
        "contract_name": "0x797d67bab1cad1a9ce0f0afe955fb77a95c22f6e-StandardToken.sol",
        "targets": 0
    },
    {
        "contract_name": "0x797d67bab1cad1a9ce0f0afe955fb77a95c22f6e-Ownable.sol",
        "targets": 0
    },
    {
        "contract_name": "0x797d67bab1cad1a9ce0f0afe955fb77a95c22f6e-MintableToken.sol",
        "targets": 0
    },
    {
        "contract_name": "0x797d67bab1cad1a9ce0f0afe955fb77a95c22f6e-Pausable.sol",
        "targets": 0
    },
    {
        "contract_name": "0x797d67bab1cad1a9ce0f0afe955fb77a95c22f6e-PausableToken.sol",
        "targets": 0
    },
    {
        "contract_name": "0x797d67bab1cad1a9ce0f0afe955fb77a95c22f6e-CompanyToken.sol",
        "targets": 0
    },
    {
        "contract_name": "0x818ebd30145c9d7c697978bf24c905d9e8a194ec-PasswordEscrow.sol",
        "targets": 0
    },
    {
        "contract_name": "0x682e075d92a0d5859abba7f3f73104725f1b3b05-SafeMath.sol",
        "targets": 0
    },
    {
        "contract_name": "0x682e075d92a0d5859abba7f3f73104725f1b3b05-ERC20Interface.sol",
        "targets": 0
    },
    {
        "contract_name": "0x682e075d92a0d5859abba7f3f73104725f1b3b05-ApproveAndCallFallBack.sol",
        "targets": 0
    },
    {
        "contract_name": "0x682e075d92a0d5859abba7f3f73104725f1b3b05-Owned.sol",
        "targets": 0
    },
    {
        "contract_name": "0x682e075d92a0d5859abba7f3f73104725f1b3b05-FixedSupplyToken.sol",
        "targets": 0
    },
    {
        "contract_name": "0x680ac5ee6db009cb7f10d745ff8c45723463edcd-ELFToken.sol",
        "targets": 0
    },
    {
        "contract_name": "0x680ac5ee6db009cb7f10d745ff8c45723463edcd-ELFBurner.sol",
        "targets": 0
    },
    {
        "contract_name": "0x675f070e80f89ddcc3f2457d9fe571814741e904-DinosaurFarmer2.sol",
        "targets": 0
    },
    {
        "contract_name": "0x675f070e80f89ddcc3f2457d9fe571814741e904-SafeMath.sol",
        "targets": 0
    },
    {
        "contract_name": "0x727f95ac680ccf9b5cce14bd92aed8c5c1f01040-SafeMath.sol",
        "targets": 0
    },
    {
        "contract_name": "0x727f95ac680ccf9b5cce14bd92aed8c5c1f01040-ERC20Interface.sol",
        "targets": 0
    },
    {
        "contract_name": "0x727f95ac680ccf9b5cce14bd92aed8c5c1f01040-ApproveAndCallFallBack.sol",
        "targets": 0
    },
    {
        "contract_name": "0x727f95ac680ccf9b5cce14bd92aed8c5c1f01040-Owned.sol",
        "targets": 0
    },
    {
        "contract_name": "0x727f95ac680ccf9b5cce14bd92aed8c5c1f01040-STONetwork.sol",
        "targets": 0
    },
    {
        "contract_name": "0x603fc3246ef974a840ba1d7ab43d99130e8aa774-IERC20.sol",
        "targets": 0
    },
    {
        "contract_name": "0x603fc3246ef974a840ba1d7ab43d99130e8aa774-KNCLock.sol",
        "targets": 0
    },
    {
        "contract_name": "0x603fc3246ef974a840ba1d7ab43d99130e8aa774-TriggerKNCLock.sol",
        "targets": 0
    },
    {
        "contract_name": "0x685bd934b371f2ee4894225064d937a57fb03974-SafeMath.sol",
        "targets": 0
    },
    {
        "contract_name": "0x685bd934b371f2ee4894225064d937a57fb03974-Token.sol",
        "targets": 0
    },
    {
        "contract_name": "0x685bd934b371f2ee4894225064d937a57fb03974-AbstractToken.sol",
        "targets": 0
    },
    {
        "contract_name": "0x685bd934b371f2ee4894225064d937a57fb03974-BOCO.sol",
        "targets": 0
    },
    {
        "contract_name": "0x688dde13bd594a9030feefe6fa39cb353b7351c7-SafeMath.sol",
        "targets": 0
    },
    {
        "contract_name": "0x688dde13bd594a9030feefe6fa39cb353b7351c7-ERC20.sol",
        "targets": 0
    },
    {
        "contract_name": "0x688dde13bd594a9030feefe6fa39cb353b7351c7-UpgradeAgent.sol",
        "targets": 0
    },
    {
        "contract_name": "0x688dde13bd594a9030feefe6fa39cb353b7351c7-CVEN.sol",
        "targets": 0
    },
    {
        "contract_name": "0x664fb2cba871e42a7e86dba388c2e6dff68264b1-Maths.sol",
        "targets": 0
    },
    {
        "contract_name": "0x664fb2cba871e42a7e86dba388c2e6dff68264b1-Manageable.sol",
        "targets": 0
    },
    {
        "contract_name": "0x664fb2cba871e42a7e86dba388c2e6dff68264b1-ERC20Basic.sol",
        "targets": 0
    },
    {
        "contract_name": "0x664fb2cba871e42a7e86dba388c2e6dff68264b1-ERC20.sol",
        "targets": 0
    },
    {
        "contract_name": "0x664fb2cba871e42a7e86dba388c2e6dff68264b1-BasicToken.sol",
        "targets": 0
    },
    {
        "contract_name": "0x664fb2cba871e42a7e86dba388c2e6dff68264b1-StandardToken.sol",
        "targets": 0
    },
    {
        "contract_name": "0x664fb2cba871e42a7e86dba388c2e6dff68264b1-MintableToken.sol",
        "targets": 0
    },
    {
        "contract_name": "0x664fb2cba871e42a7e86dba388c2e6dff68264b1-XPToken.sol",
        "targets": 0
    }
]