{"1-SafeMath.rt.hex": 0, "1-Token.rt.hex": 0, "1-AbstractToken.rt.hex": 0, "1-BOCO.rt.hex": 0, "2-IntegerOverflowMultiTxMultiFuncFeasible.rt.hex": 1, "3-Owned.rt.hex": 0, "3-SafeMath.rt.hex": 0, "3-Pausable.rt.hex": 0, "3-EIP20Interface.rt.hex": 0, "3-IPC16.rt.hex": 0, "4-SafeMath.rt.hex": 0, "4-Ownable.rt.hex": 0, "4-IERC20.rt.hex": 0, "4-ReentrancyGuard.rt.hex": 0, "4-Pausable.rt.hex": 0, "4-GuiderToken.rt.hex": 0, "5-ERC20Basic.rt.hex": 0, "5-SafeMath.rt.hex": 0, "5-ERC20.rt.hex": 0, "5-BasicToken.rt.hex": 0, "5-StandardToken.rt.hex": 0, "5-MOONToken.rt.hex": 0, "6-IntegerOverflowAdd.rt.hex": 1, "7-DependentOnIPFS.rt.hex": 0, "7-Poll.rt.hex": 0, "7-AccountRegistryInterface.rt.hex": 0, "7-SigningLogicInterface.rt.hex": 0, "7-VotingCenter.rt.hex": 0, "8-IERC20.rt.hex": 0, "8-IERC223.rt.hex": 0, "8-ContractReceiver.rt.hex": 0, "8-SafeMath.rt.hex": 0, "8-StandardToken.rt.hex": 0, "8-ACLYD.rt.hex": 0, "9-SafeMath.rt.hex": 0, "9-ERC20Interface.rt.hex": 1, "9-ApproveAndCallFallBack.rt.hex": 1, "9-Owned.rt.hex": 1, "9-ForTheBlockchain.rt.hex": 1, "10-SafeMath.rt.hex": 0, "10-ERC20Interface.rt.hex": 0, "10-ApproveAndCallFallBack.rt.hex": 0, "10-Owned.rt.hex": 0, "10-FixedSupplyToken.rt.hex": 0, "11-SafeMath.rt.hex": 0, "11-ERC20Interface.rt.hex": 0, "11-ApproveAndCallFallBack.rt.hex": 0, "11-Owned.rt.hex": 0, "11-BLUEKEY.rt.hex": 0, "12-DinosaurFarmer2.rt.hex": 0, "12-SafeMath.rt.hex": 0, "13-CareerOnToken.rt.hex": 1, "14-SafeMath.rt.hex": 0, "14-IERC20.rt.hex": 0, "14-Claimable.rt.hex": 0, "14-Keeper.rt.hex": 0, "15-Emitter.rt.hex": 0, "15-Caller.rt.hex": 0, "16-SafeMath.rt.hex": 0, "16-owned.rt.hex": 1, "16-tokenRecipient.rt.hex": 0, "16-TokenERC20.rt.hex": 1, "16-AZT.rt.hex": 1, "17-IERC20.rt.hex": 0, "17-SafeMath.rt.hex": 0, "17-ERC20Detailed.rt.hex": 1, "17-HYDROGEN.rt.hex": 1, "18-ERC20Basic.rt.hex": 0, "18-SafeMath.rt.hex": 0, "18-BasicToken.rt.hex": 0, "18-ERC20.rt.hex": 0, "18-StandardToken.rt.hex": 0, "18-Ownable.rt.hex": 0, "18-MintableToken.rt.hex": 0, "18-Pausable.rt.hex": 0, "18-PausableToken.rt.hex": 0, "18-CompanyToken.rt.hex": 0, "19-owned.rt.hex": 1, "19-tokenRecipient.rt.hex": 1, "19-Token.rt.hex": 1, "19-SafeMath.rt.hex": 0, "19-MindsyncPlatform.rt.hex": 1, "20-Overflow.rt.hex": 1, "21-Overflow_Add.rt.hex": 1, "22-SafeMath.rt.hex": 0, "22-Ownable.rt.hex": 0, "22-ERC20.rt.hex": 0, "22-BIAT.rt.hex": 0, "23-SafeMath.rt.hex": 0, "23-ERC20Interface.rt.hex": 0, "23-ApproveAndCallFallBack.rt.hex": 0, "23-Owned.rt.hex": 0, "23-STONetwork.rt.hex": 0, "24-IERC20.rt.hex": 0, "24-PHO.rt.hex": 1, "25-Token.rt.hex": 1, "26-SafeMath.rt.hex": 0, "26-Ownable.rt.hex": 0, "26-ERC20Basic.rt.hex": 0, "26-BasicToken.rt.hex": 0, "26-BurnableToken.rt.hex": 0, "26-ERC20.rt.hex": 0, "26-StandardToken.rt.hex": 0, "26-Pausable.rt.hex": 0, "26-PausableToken.rt.hex": 0, "26-FreezableToken.rt.hex": 0, "26-TimeLockToken.rt.hex": 0, "26-GINICON.rt.hex": 0, "27-Ownable.rt.hex": 0, "27-Pausable.rt.hex": 0, "27-IERC20.rt.hex": 0, "27-ERC20.rt.hex": 0, "27-ERC20Pausable.rt.hex": 0, "27-MBTCcontract.rt.hex": 0, "27-MBTCToken.rt.hex": 0, "27-SafeMath.rt.hex": 0, "28-TimeLock.rt.hex": 1, "29-SafeMath.rt.hex": 0, "29-ERC20TokenInterface.rt.hex": 1, "29-ERC20Token.rt.hex": 1, "29-AsseteGram.rt.hex": 1, "30-IERC20.rt.hex": 0, "30-SafeMath.rt.hex": 0, "30-ERC20.rt.hex": 0, "30-ERC20Burnable.rt.hex": 0, "30-Roles.rt.hex": 0, "30-PauserRole.rt.hex": 0, "30-Pausable.rt.hex": 0, "30-ERC20Pausable.rt.hex": 0, "30-MinterRole.rt.hex": 0, "30-ERC20Mintable.rt.hex": 0, "30-OliveGardensResort.rt.hex": 0, "31-Owned.rt.hex": 1, "31-SafeMath.rt.hex": 0, "31-Token.rt.hex": 1, "31-Staking.rt.hex": 1, "32-IntegerOverflowBenign1.rt.hex": 1, "33-IntegerOverflowMultiTxOneFuncFeasible.rt.hex": 1, "34-IERC20.rt.hex": 0, "34-SafeMath.rt.hex": 0, "34-IHumanity.rt.hex": 0, "34-HumanityRegistry.rt.hex": 0, "34-UniversalBasicIncome.rt.hex": 0, "35-TAMCContract.rt.hex": 1, "36-IntegerOverflowMappingSym1.rt.hex": 1, "37-SafeMath.rt.hex": 0, "37-Ownable.rt.hex": 0, "37-Operable.rt.hex": 0, "37-DUSDStorage.rt.hex": 0, "38-Uint256HashTable.rt.hex": 0, "39-IERC20.rt.hex": 0, "39-SafeMath.rt.hex": 0, "39-ERC20.rt.hex": 0, "39-Ownable.rt.hex": 0, "39-BTNY.rt.hex": 0, "40-SafeMath.rt.hex": 0, "40-ERC20Interface.rt.hex": 0, "40-ApproveAndCallFallBack.rt.hex": 0, "40-Owned.rt.hex": 0, "40-EPSBets.rt.hex": 0, "41-SafeMath.rt.hex": 0, "41-IERC20.rt.hex": 0, "41-ERC20Detailed.rt.hex": 0, "41-ERC20.rt.hex": 0, "41-ERC20Burnable.rt.hex": 0, "41-ERC20Mintable.rt.hex": 0, "41-ERC20Capped.rt.hex": 0, "41-IERC20Freezable.rt.hex": 0, "41-ERC20Freezable.rt.hex": 0, "41-L2T.rt.hex": 0, "42-SafeMath.rt.hex": 0, "42-owned.rt.hex": 1, "42-ERC20Essential.rt.hex": 0, "42-BitpayerDEX.rt.hex": 1, "43-ERC20Interface.rt.hex": 0, "43-SafeMath.rt.hex": 0, "43-DAIX.rt.hex": 0, "44-SafeMath.rt.hex": 0, "44-ERC20.rt.hex": 1, "44-ERC223ReceivingContract.rt.hex": 1, "44-ERC223.rt.hex": 1, "44-ERC223Token.rt.hex": 1, "44-Owned.rt.hex": 1, "44-Grand.rt.hex": 1, "45-SafeMath.rt.hex": 0, "45-ERC20Basic.rt.hex": 0, "45-BasicToken.rt.hex": 0, "45-ERC20.rt.hex": 0, "45-StandardToken.rt.hex": 0, "45-Ownable.rt.hex": 0, "45-Pausable.rt.hex": 0, "45-PausableToken.rt.hex": 1, "45-BecToken.rt.hex": 0, "46-Ownable.rt.hex": 1, "46-AccountWallet.rt.hex": 1, "47-Ownable.rt.hex": 0, "47-SafeMath.rt.hex": 0, "47-ERC20Basic.rt.hex": 0, "47-BasicToken.rt.hex": 0, "47-BurnableToken.rt.hex": 0, "47-ERC20.rt.hex": 0, "47-StandardToken.rt.hex": 0, "47-MintableToken.rt.hex": 0, "47-Pausable.rt.hex": 0, "47-PausableToken.rt.hex": 0, "47-IndexToken.rt.hex": 0, "48-Ownable.rt.hex": 0, "48-Manageable.rt.hex": 0, "48-MytilcoinStorage.rt.hex": 0, "49-IERC20.rt.hex": 0, "49-Ownable.rt.hex": 0, "49-SafeMath.rt.hex": 0, "49-BasementOperationRealm.rt.hex": 0, "50-ClassicCheck.rt.hex": 0, "51-PasswordEscrow.rt.hex": 0, "52-SafeMath.rt.hex": 0, "52-IERC20.rt.hex": 0, "52-ERC20.rt.hex": 1, "52-ERC20Detailed.rt.hex": 1, "52-SaveWon.rt.hex": 1, "53-SafeMath.rt.hex": 0, "53-ERC20.rt.hex": 0, "53-CentralBankofMalaysia.rt.hex": 0, "54-DAO.rt.hex": 0, "54-WithdrawDAO.rt.hex": 0, "55-Ownable.rt.hex": 1, "55-TokenERC20.rt.hex": 1, "55-TTC.rt.hex": 1, "56-tokenRecipient.rt.hex": 0, "56-MD.rt.hex": 1, "57-SafeMath.rt.hex": 0, "57-owned.rt.hex": 1, "57-ethBank.rt.hex": 1, "58-SafeMath.rt.hex": 0, "58-ERC20Interface.rt.hex": 1, "58-Owned.rt.hex": 1, "58-ExclusivePlatform.rt.hex": 1, "59-ImplementationProvider.rt.hex": 0, "59-ZOSLibOwnable.rt.hex": 0, "59-ZOSLibAddress.rt.hex": 0, "59-ImplementationDirectory.rt.hex": 0, "60-IERC20.rt.hex": 0, "60-SafeMath.rt.hex": 0, "60-ERC20Detailed.rt.hex": 1, "60-BIGBOMBv2.rt.hex": 1, "61-WhiteBetting.rt.hex": 1, "62-SafeMath.rt.hex": 0, "62-IERC20.rt.hex": 0, "62-ERC20.rt.hex": 0, "62-LedgeriumToken.rt.hex": 0, "63-SafeMath.rt.hex": 0, "63-ExtendedMath.rt.hex": 0, "63-ERC20Interface.rt.hex": 1, "63-ApproveAndCallFallBack.rt.hex": 1, "63-Owned.rt.hex": 1, "63-_Yesbuzz.rt.hex": 1, "64-Token.rt.hex": 1, "64-SafeMath.rt.hex": 0, "64-StableDEX.rt.hex": 1, "65-Owned.rt.hex": 1, "65-SafeMath.rt.hex": 0, "65-Token.rt.hex": 1, "65-Staking.rt.hex": 1, "66-AbstractENS.rt.hex": 0, "66-IPublicResolver.rt.hex": 0, "66-IFIFSResolvingRegistrar.rt.hex": 0, "66-FIFSResolvingRegistrar.rt.hex": 0, "67-ELFToken.rt.hex": 0, "67-ELFBurner.rt.hex": 0, "68-SafeMath.rt.hex": 0, "68-Math.rt.hex": 0, "68-ERC20Basic.rt.hex": 0, "68-ERC20.rt.hex": 0, "68-BasicToken.rt.hex": 0, "68-BurnableToken.rt.hex": 0, "68-StandardToken.rt.hex": 0, "68-Ownable.rt.hex": 0, "68-MintableToken.rt.hex": 0, "68-Pausable.rt.hex": 0, "68-PausableToken.rt.hex": 0, "68-MoaCOIN.rt.hex": 0, "69-EventMetadata.rt.hex": 1, "69-Operated.rt.hex": 1, "69-MultiHashWrapper.rt.hex": 1, "69-iFactory.rt.hex": 0, "69-ProofHash.rt.hex": 1, "69-Template.rt.hex": 1, "69-Post.rt.hex": 1, "70-SafeMath.rt.hex": 0, "70-ERC20Interface.rt.hex": 0, "70-Owned.rt.hex": 0, "70-AlluvaToken.rt.hex": 0, "71-IERC20.rt.hex": 0, "71-SafeMath.rt.hex": 0, "71-ERC20.rt.hex": 1, "71-ERC20Burnable.rt.hex": 1, "71-ERC20Detailed.rt.hex": 1, "71-AGR.rt.hex": 1, "72-IERC777.rt.hex": 0, "72-IERC777Recipient.rt.hex": 0, "72-IERC777Sender.rt.hex": 0, "72-IERC20.rt.hex": 0, "72-SafeMath.rt.hex": 0, "72-Address.rt.hex": 0, "72-IERC1820Registry.rt.hex": 0, "72-ERC777.rt.hex": 1, "72-Roles.rt.hex": 0, "72-MinterRole.rt.hex": 1, "72-PauserRole.rt.hex": 1, "72-Pausable.rt.hex": 1, "72-SKYBITToken.rt.hex": 1, "73-Ownable.rt.hex": 1, "73-ChannelWallet.rt.hex": 1, "74-IntegerOverflowMul.rt.hex": 1, "75-TAMC.rt.hex": 1, "76-owned.rt.hex": 1, "76-tokenRecipient.rt.hex": 1, "76-Token.rt.hex": 1, "76-SafeMath.rt.hex": 0, "76-MindsyncPlatform.rt.hex": 1, "77-IntegerOverflowMinimal.rt.hex": 1, "78-IERC20.rt.hex": 0, "78-Marmo.rt.hex": 0, "78-ECDSA.rt.hex": 0, "78-Ownable.rt.hex": 1, "78-ReentrancyGuard.rt.hex": 1, "78-FeeTransactionManager.rt.hex": 1, "79-IERC20.rt.hex": 0, "79-SafeMath.rt.hex": 0, "79-Ownable.rt.hex": 1, "79-ERC20Detailed.rt.hex": 1, "79-DanPanCoin.rt.hex": 1, "80-Owned.rt.hex": 0, "80-Callable.rt.hex": 0, "80-EternalStorage.rt.hex": 0, "81-ERC20Interface.rt.hex": 1, "81-AcunarToken.rt.hex": 1, "81-AcunarIEO.rt.hex": 1, "82-ERC20Interface.rt.hex": 0, "82-SafeMath.rt.hex": 0, "82-PALSToken.rt.hex": 0, "83-IERC20.rt.hex": 0, "83-KNCLock.rt.hex": 0, "83-TriggerKNCLock.rt.hex": 0, "84-Ownable.rt.hex": 0, "84-ERC20Basic.rt.hex": 0, "84-SafeMath.rt.hex": 0, "84-BasicToken.rt.hex": 0, "84-ERC20.rt.hex": 0, "84-StandardToken.rt.hex": 0, "84-BurnableToken.rt.hex": 0, "84-StandardBurnableToken.rt.hex": 0, "84-Amplify.rt.hex": 0, "85-MyToken.rt.hex": 0, "86-Maths.rt.hex": 0, "86-Manageable.rt.hex": 0, "86-ERC20Basic.rt.hex": 0, "86-ERC20.rt.hex": 0, "86-BasicToken.rt.hex": 0, "86-StandardToken.rt.hex": 0, "86-MintableToken.rt.hex": 0, "86-XPToken.rt.hex": 0, "87-SafeMath.rt.hex": 0, "87-Ownable.rt.hex": 0, "87-CutdownToken.rt.hex": 0, "87-ApproveAndCallFallback.rt.hex": 0, "87-DigitizeCoin.rt.hex": 0, "88-StockBet.rt.hex": 1, "89-IntegerOverflowAdd.rt.hex": 1, "90-digitalNotary.rt.hex": 1, "91-IERC20.rt.hex": 0, "91-SafeMath.rt.hex": 0, "91-ERC20.rt.hex": 0, "91-ERC20Detailed.rt.hex": 0, "91-BOSAGORA.rt.hex": 0, "92-SafeMath.rt.hex": 0, "92-IERC20.rt.hex": 0, "92-ERC20.rt.hex": 0, "92-Roles.rt.hex": 0, "92-MinterRole.rt.hex": 0, "92-ERC20Mintable.rt.hex": 0, "92-ERC20Burnable.rt.hex": 0, "92-INOMIX.rt.hex": 0, "93-ERC20Interface.rt.hex": 1, "93-IERC20Interface.rt.hex": 1, "93-RaffleToken.rt.hex": 0, "93-SafeMath.rt.hex": 0, "93-RaffleTokenExchange.rt.hex": 1, "94-ERC20.rt.hex": 0, "94-SafeMath.rt.hex": 0, "94-StandardToken.rt.hex": 0, "94-UpgradeAgent.rt.hex": 0, "94-SafeMathLib.rt.hex": 0, "94-UpgradeableToken.rt.hex": 0, "94-Ownable.rt.hex": 0, "94-ReleasableToken.rt.hex": 0, "94-MintableToken.rt.hex": 0, "94-CrowdsaleToken.rt.hex": 0, "95-SafeMath.rt.hex": 0, "95-FomoFeast.rt.hex": 1, "96-SafeMath.rt.hex": 0, "96-Ownable.rt.hex": 0, "96-IErc20.rt.hex": 0, "96-Monetary.rt.hex": 0, "96-IPriceOracle.rt.hex": 0, "96-Require.rt.hex": 0, "96-Math.rt.hex": 0, "96-Time.rt.hex": 0, "96-IMakerOracle.rt.hex": 0, "96-IOasisDex.rt.hex": 0, "96-DaiPriceOracle.rt.hex": 0, "97-TokenSaleChallenge.rt.hex": 1, "98-Ownable.rt.hex": 1, "98-SafeMath.rt.hex": 0, "98-LollypopToken.rt.hex": 1, "99-SafeMath.rt.hex": 0, "99-Ownable.rt.hex": 1, "99-TokenERC20.rt.hex": 1, "99-XLToken.rt.hex": 1, "100-IntegerOverflowSingleTransaction.rt.hex": 1, "101-EthJackpot.rt.hex": 0, "101-SafeMath.rt.hex": 0, "102-Token.rt.hex": 0, "102-SafeMath.rt.hex": 0, "102-AbstractToken.rt.hex": 0, "102-ProtosToken.rt.hex": 0, "103-Ownable.rt.hex": 0, "103-ModulumInvestorsWhitelist.rt.hex": 0, "104-SafeMath.rt.hex": 0, "104-Ownable.rt.hex": 0, "104-ERC20Basic.rt.hex": 0, "104-ERC20.rt.hex": 0, "104-BasicToken.rt.hex": 0, "104-StandardToken.rt.hex": 0, "104-Pausable.rt.hex": 0, "104-PausableToken.rt.hex": 0, "104-MintableToken.rt.hex": 0, "104-MyAdvancedToken.rt.hex": 0, "105-SafeMath.rt.hex": 0, "105-ERC20Interface.rt.hex": 0, "105-Owned.rt.hex": 0, "105-Pausable.rt.hex": 0, "105-OxyCoin.rt.hex": 0, "106-owned.rt.hex": 0, "106-ORCToken.rt.hex": 0, "107-ERC20TokenInterface.rt.hex": 0, "107-SafeMath.rt.hex": 0, "107-CliffTokenVesting.rt.hex": 0, "108-SafeMath.rt.hex": 0, "108-IERC20.rt.hex": 0, "108-ERC20.rt.hex": 1, "108-ERC20Detailed.rt.hex": 1, "108-SimpleSwapCoin.rt.hex": 1, "109-SafeMath.rt.hex": 0, "109-EIP20Interface.rt.hex": 0, "109-BasicToken.rt.hex": 0, "109-AICoinToken.rt.hex": 0, "110-SafeMath.rt.hex": 0, "110-Ownable.rt.hex": 0, "110-ERC20Basic.rt.hex": 0, "110-ERC20.rt.hex": 0, "110-BasicToken.rt.hex": 0, "110-StandardToken.rt.hex": 0, "110-BurnableToken.rt.hex": 0, "110-MintableToken.rt.hex": 0, "110-Pausable.rt.hex": 0, "110-PausableToken.rt.hex": 0, "110-SignalCoin.rt.hex": 0, "111-SafeMath.rt.hex": 0, "111-Ownable.rt.hex": 0, "111-ERC20Basic.rt.hex": 0, "111-BasicToken.rt.hex": 0, "111-BurnableToken.rt.hex": 0, "111-ERC20.rt.hex": 0, "111-StandardToken.rt.hex": 0, "111-Pausable.rt.hex": 0, "111-PausableToken.rt.hex": 0, "111-FreezableToken.rt.hex": 0, "111-TimeLockToken.rt.hex": 0, "111-GoldToken.rt.hex": 0, "112-SafeMath.rt.hex": 0, "112-owned.rt.hex": 0, "112-Verification.rt.hex": 0, "113-EIP20Interface.rt.hex": 1, "113-HotDollarsToken.rt.hex": 1, "114-SafeMath.rt.hex": 0, "114-ERC20Interface.rt.hex": 1, "114-ApproveAndCallFallBack.rt.hex": 1, "114-Owned.rt.hex": 1, "114-QurasToken.rt.hex": 1, "115-SafeMath.rt.hex": 0, "115-ERC20.rt.hex": 0, "115-UpgradeAgent.rt.hex": 0, "115-CVEN.rt.hex": 0, "116-Ownable.rt.hex": 1, "116-Stoppable.rt.hex": 1, "116-RampInstantPoolInterface.rt.hex": 0, "116-RampInstantEscrowsPoolInterface.rt.hex": 1, "116-RampInstantPool.rt.hex": 1, "116-RampInstantEthPool.rt.hex": 1, "117-Ownable.rt.hex": 1, "117-TokenERC20.rt.hex": 1, "117-YFT.rt.hex": 1, "118-CareerOnToken.rt.hex": 1, "119-EventMetadata.rt.hex": 1, "119-Operated.rt.hex": 1, "119-ProofHashes.rt.hex": 1, "119-MultiHashWrapper.rt.hex": 1, "119-iFactory.rt.hex": 0, "119-Template.rt.hex": 1, "119-Feed.rt.hex": 1, "120-SafeMath.rt.hex": 0, "120-IERC20.rt.hex": 0, "120-UBBCToken.rt.hex": 1}